切换EXO解码,1
小米YU7,http://www.iesdouyin.com/aweme/v1/playwm/?video_id=v0200fg10000d0nrolvog65uva9acetg∶=720p&line=0
小米SU7 ultra,https://www.iesdouyin.com/aweme/v1/playwm/?video_id=v0300fg10000cv4jntnog65skq4ct860∶=720p&line=0
朴彩英-APT,https://www.iesdouyin.com/aweme/v1/playwm/?video_id=v02f52g10003css23uiljht5d6b6mnq0∶=720p&line=0
wonder girls-Nobody,https://www.iesdouyin.com/aweme/v1/playwm/?video_id=v0d00fg10000c6loblbc77u7hd3mel20∶=720p&line=0
街道办GDC/欧阳耀莹-春娇与志明,https://www.iesdouyin.com/aweme/v1/playwm/?video_id=v0200f890000bt2sn535j22kbcal83p0∶=720p&line=0
handsome lau/HYPEEZY/冯泳-梦醒,https://www.iesdouyin.com/aweme/v1/playwm/?video_id=v0200fg10000cd2h8erc77u41qn32org∶=720p&line=0
欧阳耀莹-戒不掉,https://www.iesdouyin.com/aweme/v1/playwm/?video_id=v0300fg10000cpa5fhvog65hgvocq0vg∶=720p&line=0
陈芯怡-不需要挽留,https://www.iesdouyin.com/aweme/v1/playwm/?video_id=v0200fg10000cmj9767og65mocrpq5fg∶=720p&line=0
王心凌-第一次爱的人,https://www.iesdouyin.com/aweme/v1/playwm/?video_id=v0d00fg10000c8kod7rc77u382vs27jg∶=720p&line=0
王心凌-当你,https://www.iesdouyin.com/aweme/v1/playwm/?video_id=v0d00fg10000ciro1jbc77u72t4qmdpg∶=720p&line=0
陈冠希-战争,https://www.iesdouyin.com/aweme/v1/playwm/?video_id=v0300fg10000ch5hv2jc77udla7jom10∶=720p&line=0
蔡依林-日不落,https://www.iesdouyin.com/aweme/v1/playwm/?video_id=v0d00fg10000ch00eijc77u0akslavig∶=720p&line=0
蔡依林/陶喆-今天你要嫁给我,https://www.iesdouyin.com/aweme/v1/playwm/?video_id=v0300fg10000cj0h9mrc77ubbgnamamg∶=720p&line=0
钟嘉欣-我结婚了,https://www.iesdouyin.com/aweme/v1/playwm/?video_id=v0300fg10000c2utibbc77u7pgisaep0∶=720p&line=0
韩安旭-多幸运,https://www.iesdouyin.com/aweme/v1/playwm/?line=0&logo_name=aweme_diversion_search∶=720p&video_id=v0300fg10000d0m9etvog65nglhodq2g
卫兰/24味-Wonderlanad,https://www.iesdouyin.com/aweme/v1/playwm/?video_id=v0d00fg10000ce1gm2jc77u9vqku0lk0∶=720p&line=0
卫兰-大哥,https://www.iesdouyin.com/aweme/v1/playwm/?video_id=v0300fg10000cc50gabc77ue2vb9akd0∶=720p&line=0
卫兰-残酷游戏,https://www.iesdouyin.com/aweme/v1/playwm/?video_id=v0200fg10000cfhlbnrc77u33819un70∶=720p&line=0
卫兰-my cokie can,https://www.iesdouyin.com/aweme/v1/playwm/?video_id=v0300fg10000ckpa68bc77u0e09rgs6g∶=720p&line=0
卫兰-离家出走,https://www.iesdouyin.com/aweme/v1/playwm/?video_id=v0d00fg10000cj9nctrc77u9f26arls0∶=720p&line=0
卫兰-心有不甘,https://www.iesdouyin.com/aweme/v1/playwm/?video_id=v0300fg10000ch5k663c77u3qu84l3t0∶=720p&line=0
卫兰-就算世界无童话,https://www.iesdouyin.com/aweme/v1/playwm/?video_id=v0300fg10000chnenb3c77u2moocu08g∶=720p&line=0
卫诗-宁愿你永不知道,https://www.iesdouyin.com/aweme/v1/playwm/?video_id=v0300fg10000c8ehvsbc77ue6b6p56hg∶=720p&line=0
謝安琪-喜帖街,https://www.iesdouyin.com/aweme/v1/playwm/?video_id=v0200f580000bqulipikgg1hr4eidvvg∶=720p&line=0
謝安琪-钟无艳,https://www.iesdouyin.com/aweme/v1/playwm/?video_id=v0d00fg10000chq2bsjc77uc3k8tcp5g∶=720p&line=0
郑欣宜-上心,https://www.iesdouyin.com/aweme/v1/playwm/?video_id=v0200fg10000cmvk5cnog65judt62tcg∶=720p&line=0
阿细-细界,https://www.iesdouyin.com/aweme/v1/playwm/?video_id=v0d00fg10000ck02v0rc77u87sj16lcg∶=720p&line=0
林奕匡-高山低谷,https://www.iesdouyin.com/aweme/v1/playwm/?video_id=v0200fg10000cms7f7nog65tv408a84g∶=720p&line=0
周柏豪-我的宣言,https://www.iesdouyin.com/aweme/v1/playwm/?video_id=v0200fg10000c7sm6u3c77uace3houd0∶=720p&line=0
周柏豪-够钟,https://www.iesdouyin.com/aweme/v1/playwm/?video_id=v0300fg10000cmbebvbc77u6p4blmqtg∶=720p&line=0
周柏豪-传闻,https://www.iesdouyin.com/aweme/v1/playwm/?video_id=v0200fg10000c9d38o3c77u1jf2r3r6g∶=720p&line=0
周柏豪-小白,https://www.iesdouyin.com/aweme/v1/playwm/?video_id=v0d00fg10000c9go7bjc77u3qv0480gg∶=720p&line=0
周柏豪/郑融-一事无成,https://www.iesdouyin.com/aweme/v1/playwm/?video_id=v0d00fg10000cbcbg2jc77u4rikmlblg∶=720p&line=0
周柏豪-还记得,https://www.iesdouyin.com/aweme/v1/playwm/?video_id=v0200fg10000ca9qcubc77u3d3jrsp9g∶=720p&line=0
CAllStar-天梯,https://www.iesdouyin.com/aweme/v1/playwm/?video_id=v0200fg10000cisenvvog65r87k65dr0∶=720p&line=0
黄凯芹-雨中的恋人们,https://www.iesdouyin.com/aweme/v1/playwm/?video_id=v0300fg10000cjli7rfog65o4vh2p4ug∶=720p&line=0
谢霆锋-活着viva,https://www.iesdouyin.com/aweme/v1/playwm/?video_id=v0d00fg10000ccdmdsbc77u0hvhjiuc0∶=720p&line=0
潘玮柏/弦子-不得不爱,https://www.iesdouyin.com/aweme/v1/playwm/?video_id=v0d00fg10000ct4mq2vog65i8p1hflg0∶=720p&line=0
葛东琪-悬溺,https://www.iesdouyin.com/aweme/v1/playwm/?video_id=v0200fg10000cg7gf7rc77ufgvikae50∶=720p&line=0
周杰伦-七里香,https://www.iesdouyin.com/aweme/v1/playwm/?line=0&logo_name=aweme_diversion_search_app∶=720p&video_id=v0200fg10000cpbvhp7og65tm36f7f9g
周杰伦-说好的幸福呢,https://www.iesdouyin.com/aweme/v1/playwm/?video_id=v0200fg10000cssvfd7og65s05l6fb30∶=720p&line=0
周杰伦-珊瑚海,https://www.iesdouyin.com/aweme/v1/playwm/?video_id=v0200fg10000cu53j17og65mdmh6uuvg∶=720p&line=0
周杰伦-退后,https://www.iesdouyin.com/aweme/v1/playwm/?video_id=v0200fg10000cu4gqmvog65ugg1to2qg∶=720p&line=0
周杰伦-说好不哭,https://www.iesdouyin.com/aweme/v1/playwm/?video_id=v0200fg10000cu1rh9vog65imnpbre70∶=720p&line=0
周杰伦-等你下课,https://www.iesdouyin.com/aweme/v1/playwm/?video_id=v0200fg10000cu1nfonog65trp6p79ug∶=720p&line=0
周杰伦-蒲公英的约定,https://www.iesdouyin.com/aweme/v1/playwm/?video_id=v0200fg10000cu16plvog65nf0t5gj8g∶=720p&line=0
周杰伦-我落泪情绪零碎,https://www.iesdouyin.com/aweme/v1/playwm/?video_id=v0200fg10000ctt2hmvog65usvfqcpf0∶=720p&line=0
周杰伦-晴天,https://www.iesdouyin.com/aweme/v1/playwm/?video_id=v0200fg10000ctrtl67og65qlnn3p6q0∶=720p&line=0
周杰伦-一路向北,https://www.iesdouyin.com/aweme/v1/playwm/?video_id=v0200fg10000ctdf26vog65kmvqmvk1g∶=720p&line=0
周杰伦-我不配,https://www.iesdouyin.com/aweme/v1/playwm/?video_id=v0200fg10000ctckvvnog65m6b34rft0∶=720p&line=0
周杰伦-花海,https://www.iesdouyin.com/aweme/v1/playwm/?video_id=v0200fg10000ct25167og65te5cdbhj0∶=720p&line=0
周杰伦-青花瓷,https://www.iesdouyin.com/aweme/v1/playwm/?video_id=v0200fg10000cslnpcnog65tu8njd7pg∶=720p&line=0
周杰伦-稻香,https://www.iesdouyin.com/aweme/v1/playwm/?video_id=v0200fg10000ctlmcvvog65o5ds0167g∶=720p&line=0
周杰伦-龙卷风,https://www.iesdouyin.com/aweme/v1/playwm/?video_id=v0200fg10000crd9uj7og65v04u0dc7g∶=720p&line=0
周杰伦-简单爱,https://www.iesdouyin.com/aweme/v1/playwm/?video_id=v0d00fg10000csnbkmqljht17n76quv0∶=720p&line=0
周杰伦-告白气球,https://www.iesdouyin.com/aweme/v1/playwm/?video_id=v0d00fg10000ci86emrc77ualbim8bv0∶=720p&line=0
周杰伦-不能说的秘密,https://www.iesdouyin.com/aweme/v1/playwm/?video_id=v0200fg10000cum99unog65osqdmttig∶=720p&line=0
周杰伦-搁浅,https://www.iesdouyin.com/aweme/v1/playwm/?video_id=v0200fg10000cuflqnvog65rdj8jqpc0∶=720p&line=0
光良-童话,https://www.iesdouyin.com/aweme/v1/playwm/?video_id=v0200fg10000cmhcjp3c77u6lekc7am0∶=720p&line=0
江语晨-最后一页,https://www.iesdouyin.com/aweme/v1/playwm/?video_id=v0300fg10000cn5q3rbc77ubqm4m4jsg∶=720p&line=0
江语晨-浪漫爱,https://www.iesdouyin.com/aweme/v1/playwm/?video_id=v0300fd80000bqt2lkroe0ndof6sf6d0∶=720p&line=0
陶喆-就是爱你,https://www.iesdouyin.com/aweme/v1/playwm/?video_id=v0300fg10000c2j1oprc77u04674qfu0∶=720p&line=0
郭静-心墙,https://www.iesdouyin.com/aweme/v1/playwm/?video_id=v0d00fg10000cjb9s3bc77u14r09k960∶=720p&line=0
SHE-67首合集,https://www.iesdouyin.com/aweme/v1/playwm/?video_id=v0200fg10000cp7v5hvog65pib9gvgr0∶=720p&line=0
林俊杰-当你,https://www.iesdouyin.com/aweme/v1/playwm/?video_id=v0200fg10000c7kn3mjc77u760cntbs0∶=720p&line=0
林俊杰-可惜没如果,https://www.iesdouyin.com/aweme/v1/playwm/?video_id=v0200fg10000cc04j43c77ucueo1ls5g∶=720p&line=0
林俊杰-不为谁而做的歌,https://www.iesdouyin.com/aweme/v1/playwm/?video_id=v0300fg10000cfrkaljc77ue6grom5qg∶=720p&line=0
林俊杰-她说,https://www.iesdouyin.com/aweme/v1/playwm/?video_id=v0200fg10000c7kn4r3c77u8dq4r1vo0∶=720p&line=0
林俊杰-背对背拥抱,https://www.iesdouyin.com/aweme/v1/playwm/?video_id=v0300fg10000c5a6qjbc77u4nhrr8s0g∶=720p&line=0
林俊杰-修炼爱情,https://www.iesdouyin.com/aweme/v1/playwm/?video_id=v0200fg10000chdi71rc77u1eim5a4t0∶=720p&line=0
林俊杰-手心的蔷薇,https://www.iesdouyin.com/aweme/v1/playwm/?video_id=v0d00fg10000c4p3rrbc77u5vns816r0∶=720p&line=0
林俊杰-江南,https://www.iesdouyin.com/aweme/v1/playwm/?video_id=v0300fg10000c8t5ac3c77u822ppftmg∶=720p&line=0
林俊杰-小酒窝,https://www.iesdouyin.com/aweme/v1/playwm/?video_id=v0200fg10000cg5ghijc77ud4ehka23g∶=720p&line=0
林俊杰-Always Online,https://www.iesdouyin.com/aweme/v1/playwm/?video_id=v0300fg10000ck65c1rc77ucdedd9tpg∶=720p&line=0
林俊杰-不潮不用花钱,https://www.iesdouyin.com/aweme/v1/playwm/?video_id=v0200fg10000c7kn32bc77u538kgoopg∶=720p&line=0
by2-爱丫爱丫,https://www.iesdouyin.com/aweme/v1/playwm/?video_id=v0d00fg10000croe187og65pl22ksg00∶=720p&line=0
by2-我知道,https://www.iesdouyin.com/aweme/v1/playwm/?video_id=v0200fg10000citn8ivog65usodfhif0∶=720p&line=0
by2-我知道,https://www.iesdouyin.com/aweme/v1/playwm/?video_id=v0d00fg10000ct0ushnog65rec0oavug∶=720p&line=0
by2-你并不懂我,https://www.iesdouyin.com/aweme/v1/playwm/?video_id=v0200fg10000crhpin7og65vnbko3vm0∶=720p&line=0
by2-你并不懂我,https://www.iesdouyin.com/aweme/v1/playwm/?video_id=v0200fg10000c8bids3c77ufr1d2duag∶=720p&line=0
by2/汪苏泷-有点甜,https://www.iesdouyin.com/aweme/v1/playwm/?video_id=v0300fg10000cb5bsu3c77ucgqht5pj0∶=720p&line=0
关淑怡-难得有情人,https://www.iesdouyin.com/aweme/v1/playwm/?video_id=v0200fg10000cockvfrc77uecmqmqq40∶=720p&line=0
刘小慧-初恋情人,https://www.iesdouyin.com/aweme/v1/playwm/?video_id=v0d00fg10000cc9cli3c77u4vdavpd70∶=720p&line=0
李克勤-红日,https://www.iesdouyin.com/aweme/v1/playwm/?video_id=v0d00fg10000co87rbjc77ueeb2bpbbg∶=720p&line=0
李克勤-护花使者,https://www.iesdouyin.com/aweme/v1/playwm/?video_id=v0300fg10000cit40pbc77uae67r96cg∶=720p&line=0
徐小凤-风的季节,https://www.iesdouyin.com/aweme/v1/playwm/?video_id=v0d00fg10000c9v0f3bc77u2pia8a8vg∶=720p&line=0
罗文-几许风雨,https://www.iesdouyin.com/aweme/v1/playwm/?video_id=v0300fg10000co6fijvog65rloj3i5n0∶=720p&line=0
周慧敏-最爱,https://www.iesdouyin.com/aweme/v1/playwm/?video_id=v0d00fg10000cihdb9rc77uaaibdjvl0∶=720p&line=0
陈百强-偏偏喜欢你,https://www.iesdouyin.com/aweme/v1/playwm/?video_id=v0300fg10000c4sd0hjc77uadn62vdpg∶=720p&line=0
陈百强-一生何求,https://www.iesdouyin.com/aweme/v1/playwm/?video_id=v0d00fg10000c62hppbc77u6phu370hg∶=720p&line=0
陈慧娴-千千阙歌,https://www.iesdouyin.com/aweme/v1/playwm/?video_id=v0200fg10000cobq6e3c77udq71olmb0∶=720p&line=0
陈慧娴-夜半小夜曲,https://www.iesdouyin.com/aweme/v1/playwm/?video_id=v0300fc30000bu3s66l91uupo5jllq40∶=720p&line=0
陈慧娴-人生何处不相逢,https://www.iesdouyin.com/aweme/v1/playwm/?video_id=v0d00fg10000chrn8sjc77u9t0ofndkg∶=720p&line=0
陈慧娴-情意结,https://www.iesdouyin.com/aweme/v1/playwm/?video_id=v0200fg10000c7mte0bc77u646crfqj0∶=720p&line=0
陈慧娴-傻女,https://www.iesdouyin.com/aweme/v1/playwm/?video_id=v0300fg10000ccg7jsrc77u3n0hmrrn0∶=720p&line=0
林忆莲-假如让你吻下去,https://www.iesdouyin.com/aweme/v1/playwm/?video_id=v0300fg10000cm13h63c77u825g1pq90∶=720p&line=0
张国荣-沉默是金,https://www.iesdouyin.com/aweme/v1/playwm/?video_id=v0d00fg10000cgjuqvbc77uc1cnf47ag∶=720p&line=0
钟镇涛-让一切随风,https://www.iesdouyin.com/aweme/v1/playwm/?video_id=v0200fg10000clvs8cjc77u7555h0er0∶=720p&line=0
刘德华-暗里着迷,https://www.iesdouyin.com/aweme/v1/playwm/?video_id=v0300fg10000c8rv9cjc77u58p5sd07g∶=720p&line=0
刘德华-一起走过的日子,https://www.iesdouyin.com/aweme/v1/playwm/?video_id=v0200fg10000cl9255rc77uagabjkqkg∶=720p&line=0
谭咏麟-讲不出再见,https://www.iesdouyin.com/aweme/v1/playwm/?video_id=v0200fg10000co5ch8rc77u2dtata9sg∶=720p&line=0
谭咏麟-一生中最爱,https://www.iesdouyin.com/aweme/v1/playwm/?video_id=v0d00fg10000cni9357og65hefir2gf0∶=720p&line=0
王杰-谁明浪子心,https://www.iesdouyin.com/aweme/v1/playwm/?video_id=v0300fg10000c5knm9rc77uboe0h3rgg∶=720p&line=0
王杰-不浪漫罪名,https://www.iesdouyin.com/aweme/v1/playwm/?video_id=v0200fg10000c9bvck3c77ucqkhpnfd0∶=720p&line=0
吕方-你的浅笑,https://www.iesdouyin.com/aweme/v1/playwm/?video_id=v0200fg10000cmp585fog65v3t4i0v80∶=720p&line=0
张学友-饿狼传说,https://www.iesdouyin.com/aweme/v1/playwm/?video_id=v0300fg10000cfapr43c77u621266pjg∶=720p&line=0
张学友-只想一生跟你走,https://www.iesdouyin.com/aweme/v1/playwm/?video_id=v0200fg10000ci8ljnbc77u7qp8pt7cg∶=720p&line=0
邓丽君-漫步人生路,https://www.iesdouyin.com/aweme/v1/playwm/?video_id=v0300fg10000cgg6rljc77ub1k9u4dug∶=720p&line=0
邓丽欣-电灯胆,https://www.iesdouyin.com/aweme/v1/playwm/?video_id=v0d00fg10000cmhsnt3c77u2ra2n3e2g∶=720p&line=0
邓丽欣/傅颖-亲朋勿友,https://www.iesdouyin.com/aweme/v1/playwm/?video_id=v0300fg10000ccs4uirc77u12f0g60vg∶=720p&line=0
Beyond-光辉岁月,https://www.iesdouyin.com/aweme/v1/playwm/?video_id=v0300fg10000ccu4ldjc77u4nmf3f54g∶=720p&line=0
Beyond-真的爱你,https://www.iesdouyin.com/aweme/v1/playwm/?video_id=v0300fg10000ceksa4bc77u77da91tfg∶=720p&line=0
Beyond-大地,https://www.iesdouyin.com/aweme/v1/playwm/?video_id=v0200fg10000cojstabc77uerhn878qg∶=720p&line=0
Beyond-冷雨夜,https://www.iesdouyin.com/aweme/v1/playwm/?video_id=v0200fg10000cdqcbe3c77ucgubud6i0∶=720p&line=0
Beyond-海阔天空,https://www.iesdouyin.com/aweme/v1/playwm/?video_id=v0d00fg10000chfntjrc77uf4o64t5qg∶=720p&line=0
Beyond-岁月无声,https://www.iesdouyin.com/aweme/v1/playwm/?video_id=v0d00fg10000cfhoeq3c77u4flt6fni0∶=720p&line=0
叶蒨文-情人知己,https://www.iesdouyin.com/aweme/v1/playwm/?video_id=v0300fg10000cmcmv33c77uer3e2mdag∶=720p&line=0
叶蒨文-祝福,https://www.iesdouyin.com/aweme/v1/playwm/?video_id=v0d00fg10000c8rfd1bc77u0gvo4f8b0∶=720p&line=0
叶丽仪-上海滩,https://www.iesdouyin.com/aweme/v1/playwm/?video_id=v0300fg10000c56uiubc77uc6dubb3q0∶=720p&line=0
甄妮-友谊太阳,https://m.douyin.com/aweme/v1/playwm/?video_id=v0d00fg10000c7dm1ojc77udvrshcceg∶=720p&line=0
甄妮-我曾用心爱着你,https://www.iesdouyin.com/aweme/v1/playwm/?video_id=v0200fg10000c61mgpjc77u30e9dfqa0∶=720p&line=0
王菲-容易受伤的女人,https://www.iesdouyin.com/aweme/v1/playwm/?video_id=v0200fg10000coul6kjc77u020n5vnvg∶=720p&line=0
郑中基-无赖,https://www.iesdouyin.com/aweme/v1/playwm/?video_id=v0300fg10000cmaj7d7og65vg4bdm0h0∶=720p&line=0
孙耀威-爱的故上集,https://www.iesdouyin.com/aweme/v1/playwm/?video_id=v0200fg10000c60cbq3c77u4kbdnbc3g∶=720p&line=0
林子祥-男儿当自强,https://www.iesdouyin.com/aweme/v1/playwm/?video_id=v0300f4a0000bt4chkq5lp9jpvrs4u0g∶=720p&line=0
梁咏琪-灰姑娘,https://www.iesdouyin.com/aweme/v1/playwm/?video_id=v0300fg10000c3r9krjc77u4v5e0hcig∶=720p&line=0
梁咏琪/李荣浩-紫荆花盛开,https://www.iesdouyin.com/aweme/v1/playwm/?video_id=v0d00fg10000cs9se97og65n0tue68vg∶=720p&line=0
容祖儿-心淡,https://www.iesdouyin.com/aweme/v1/playwm/?video_id=v0200fg10000cep4bprc77u0o4umqlt0∶=720p&line=0
容祖儿-习惯失恋,https://www.iesdouyin.com/aweme/v1/playwm/?video_id=v0d00fg10000cdhtuo3c77u4qg4mdmq0∶=720p&line=0
容祖儿-续集,https://www.iesdouyin.com/aweme/v1/playwm/?video_id=v0d00fg10000cdaap5bc77u0ioga7ah0∶=720p&line=0
容祖儿-怯,https://www.iesdouyin.com/aweme/v1/playwm/?video_id=v0300fg10000c383g33c77u99amrpkl0∶=720p&line=0
容祖儿-16号爱人,https://www.iesdouyin.com/aweme/v1/playwm/?video_id=v0d00fg10000ckl4ehrc77u5t25hkci0∶=720p&line=0
容祖儿-连续剧,https://www.iesdouyin.com/aweme/v1/playwm/?video_id=v0200fg10000cm5avjbc77u543s8e3b0∶=720p&line=0
陈奕迅-落花流水,https://www.iesdouyin.com/aweme/v1/playwm/?video_id=v0d00fg10000cngumojc77ubsn73764g∶=720p&line=0
陈奕迅-富士山下,https://www.iesdouyin.com/aweme/v1/playwm/?video_id=v0200fg10000cnu3p4jc77u9i1pe18qg∶=720p&line=0
陈奕迅-明年今日,https://www.iesdouyin.com/aweme/v1/playwm/?video_id=v0200fg10000ccqqbarc77u3c0tjm46g∶=720p&line=0
陈奕迅-单车,https://www.iesdouyin.com/aweme/v1/playwm/?video_id=v0300fg10000ctpv5tvog65qksofvds0∶=720p&line=0
陈奕迅-十面埋伏,https://www.iesdouyin.com/aweme/v1/playwm/?video_id=v0300fg10000csjohunog65ideqnh670∶=720p&line=0
杨千嬅-少年的祈祷,https://www.iesdouyin.com/aweme/v1/playwm/?video_id=v0200fg10000c5ju2krc77u41p3mgv50∶=720p&line=0
杨千嬅-处处吻,https://www.iesdouyin.com/aweme/v1/playwm/?video_id=v0300fg10000crdghifog65nm151qkh0∶=720p&line=0
杨千嬅-野孩子,https://www.iesdouyin.com/aweme/v1/playwm/?video_id=v0200fg10000co0lujbc77ub5fefi6p0∶=720p&line=0
杨千嬅-可惜我是水瓶座,https://www.iesdouyin.com/aweme/v1/playwm/?video_id=v0300fg10000ce88qmbc77uem4d0e4bg∶=720p&line=0
Twins-下一站天后,https://www.iesdouyin.com/aweme/v1/playwm/?video_id=v0200fg10000c9hsmhrc77u8bcep14rg∶=720p&line=0
Twins-恋爱大过天,https://www.iesdouyin.com/aweme/v1/playwm/?video_id=v0300fg10000cfvdrjrc77ud5nlujjag∶=720p&line=0
Twins/boyz-死性不改,https://www.iesdouyin.com/aweme/v1/playwm/?video_id=v0300fg10000cfvjrkbc77u74v6btr50∶=720p&line=0
Twins-风筝与风,https://www.iesdouyin.com/aweme/v1/playwm/?video_id=v0200fda0000bshv5b74vs5fah61kna0∶=720p&line=0
Twins-朋友仔,https://www.iesdouyin.com/aweme/v1/playwm/?video_id=v0200fg10000cdsbamrc77u2p0aq3a00∶=720p&line=0
侧田-命硬,https://www.iesdouyin.com/aweme/v1/playwm/?video_id=v0200fg10000clpvvpbc77udpkv629d0∶=720p&line=0
侧田-kong,https://www.iesdouyin.com/aweme/v1/playwm/?video_id=v0200fg10000clc94u3c77uf0uv06v80∶=720p&line=0
连诗雅-好好过,https://www.iesdouyin.com/aweme/v1/playwm/?video_id=v0200fg10000chjmaarc77u1lp7ig8c0∶=720p&line=0
连诗雅-到此为止,https://www.iesdouyin.com/aweme/v1/playwm/?video_id=v0200fg10000cf3vrrjc77uc2imn4ad0∶=720p&line=0
陈柏宇-你瞒我瞒,https://www.iesdouyin.com/aweme/v1/playwm/?video_id=v0300fg10000ccrgjdrc77ua76fkf6sg∶=720p&line=0
AGA-孤雏,https://www.iesdouyin.com/aweme/v1/playwm/?video_id=v0d00fg10000cp22lt3c77u3sp4g96u0∶=720p&line=0
吴雨霏-吴哥窿,https://www.iesdouyin.com/aweme/v1/playwm/?video_id=v0d00fg10000cp8v8l7og65vel2a1ls0∶=720p&line=0
吴雨霏-明知做戏,https://www.iesdouyin.com/aweme/v1/playwm/?video_id=v0200fg10000ce0r8hjc77u3c0th1spg∶=720p&line=0
吴雨霏-留不低,https://www.iesdouyin.com/aweme/v1/playwm/?video_id=v0d00fg10000cae08n3c77u2lghi4a9g∶=720p&line=0
吴雨霏-我本人,https://www.iesdouyin.com/aweme/v1/playwm/?video_id=v0300fg10000cpk55svog65tsdrf872g∶=720p&line=0
吴雨霏-座右铭,https://www.iesdouyin.com/aweme/v1/playwm/?video_id=v0300fg10000csgeobvog65skv513bv0∶=720p&line=0
梁汉文-缠绵游戏,https://www.iesdouyin.com/aweme/v1/playwm/?video_id=v0300fg10000cjo6odrc77u9f4if7ub0∶=720p&line=0
林峯-爱在记忆中找你,https://www.iesdouyin.com/aweme/v1/playwm/?video_id=v0200fg10000cbidlubc77u4luk3uth0∶=720p&line=0
林峯-爱不疚,https://www.iesdouyin.com/aweme/v1/playwm/?video_id=v0200fg10000cbi9p5rc77u8fordilm0∶=720p&line=0
林峯-幼稚完,https://www.iesdouyin.com/aweme/v1/playwm/?video_id=v0d00fg10000c3c8tolfurq0t8hl20cg∶=720p&line=0
林峯/泳儿-明天以后,https://www.iesdouyin.com/aweme/v1/playwm/?video_id=v0200fg10000clg15bnog65otdhtama0∶=720p&line=0
泳儿-无心恋唱,https://www.iesdouyin.com/aweme/v1/playwm/?video_id=v0200fg10000cd72dobc77u85rlotlp0∶=720p&line=0
泳儿-24首合集,https://www.iesdouyin.com/aweme/v1/playwm/?video_id=v0200fg10000celom73c77u7maj81qo0∶=720p&line=0
海明威/泳儿-我的回忆不是我的,https://www.iesdouyin.com/aweme/v1/playwm/?video_id=v0300fg10000crob83nog65jioid2pv0∶=720p&line=0
许廷铿-面具,https://www.iesdouyin.com/aweme/v1/playwm/?video_id=v0200ffe0000bsma66222nggd3hrnnrg∶=720p&line=0
古巨基-必杀技,https://www.iesdouyin.com/aweme/v1/playwm/?video_id=v0200fg10000cekv06jc77udpp4ltm90∶=720p&line=0
古巨基-爱与诚,https://www.iesdouyin.com/aweme/v1/playwm/?video_id=v0300fg10000cq20gevog65vbni5bjpg∶=720p&line=0
黎瑞恩-一人有一个的梦想,https://www.iesdouyin.com/aweme/v1/playwm/?video_id=v0200fg10000ce4s2g3c77ub64mff9qg∶=720p&line=0
陈文缓-时光中飞舞,https://www.iesdouyin.com/aweme/v1/playwm/?video_id=v0300fg10000cab99tbc77u5slfids90∶=720p&line=0
陈僖仪-忘川,https://www.iesdouyin.com/aweme/v1/playwm/?video_id=v0300fg10000ca6gn83c77ufug96j7cg∶=720p&line=0
张敬轩-酷爱,https://www.iesdouyin.com/aweme/v1/playwm/?video_id=v0200fg10000ck1q5v3c77ucqtq44b4g∶=720p&line=0
蒋小呢-for ya,https://www.iesdouyin.com/aweme/v1/playwm/?video_id=v0200fg10000c4k69ujc77u3f5l37i50∶=720p&line=0
李玖哲-夏天,https://www.iesdouyin.com/aweme/v1/playwm/?video_id=v0200fg10000cjhde3fog65upiashhr0∶=720p&line=0
南征北战-我的天空,https://www.iesdouyin.com/aweme/v1/playwm/?video_id=v0200fbf0000bt8nuaevamb718qchkt0∶=720p&line=0
mr-森林,https://www.iesdouyin.com/aweme/v1/playwm/?video_id=v0300fg10000c2ofpk3c77u6arm34eeg∶=720p&line=0
林韵乔/叶梓晴-机场北,https://www.iesdouyin.com/aweme/v1/playwm/?video_id=v0200fg10000cp32qpjc77uf5eu3igtg∶=720p&line=0
麦浚龙-耿耿于怀,https://www.iesdouyin.com/aweme/v1/playwm/?video_id=v0200fg10000cf2gn93c77uam6kuerdg∶=720p&line=0
菊梓乔-忘掉我自己,https://www.iesdouyin.com/aweme/v1/playwm/?video_id=v0300fg10000cr7ia6vog65n4msgpru0∶=720p&line=0
吴若希-越难越爱,https://www.iesdouyin.com/aweme/v1/playwm/?video_id=v0300fg10000chcdhdfog65g2p9hdi7g∶=720p&line=0
吴若希-爱要撑下去,https://www.iesdouyin.com/aweme/v1/playwm/?video_id=v0200fg10000cdm727rc77u3lnlca32g∶=720p&line=0
吴若希-错过了,https://www.iesdouyin.com/aweme/v1/playwm/?video_id=v0300fg10000cton3mvog65nv5hqgf50∶=720p&line=0
区文诗-不只爱情,https://www.iesdouyin.com/aweme/v1/playwm/?video_id=v0300fg10000csl1fqnog65lrb9gntd0∶=720p&line=0
邓岳章-不做情人,https://www.iesdouyin.com/aweme/v1/playwm/?video_id=v0200fg10000cfrhffjc77ua9ospmb0g∶=720p&line=0
何仟仟-魔鬼邂逅,https://www.iesdouyin.com/aweme/v1/playwm/?video_id=v0300fg10000c9i1th3c77u5pdfcatng∶=720p&line=0
邓紫棋-17首合集,https://www.iesdouyin.com/aweme/v1/playwm/?video_id=v0d00fg10000cucbtmfog65l35tmqu7g∶=720p&line=0
陈婉箐-不负众望,https://www.iesdouyin.com/aweme/v1/playwm/?video_id=v0200fg10000cu95487og65l3i02957g∶=720p&line=0
飞儿乐团-月牙湾,https://www.iesdouyin.com/aweme/v1/playwm/?video_id=v0d00fg10000c4tmklbc77u4upig9730∶=720p&line=0
飞儿乐团-lydia,https://www.iesdouyin.com/aweme/v1/playwm/?video_id=v1e00fgi0000cu0hhh7og65rn9pfdt0g∶=720p&line=0
飞儿乐团-我们的爱,https://www.iesdouyin.com/aweme/v1/playwm/?video_id=v0300fg10000c895oo3c77ud27p9ic50∶=720p&line=0
飞儿乐团-你的微笑,https://www.iesdouyin.com/aweme/v1/playwm/?video_id=v0200fg10000c9t0f8rc77u1ksr5jbj0∶=720p&line=0
飞儿乐团/彭佳慧-心之火,https://www.iesdouyin.com/aweme/v1/playwm/?video_id=v0300fg10000cvhd32vog65lgnkfuh30∶=720p&line=0
任然-飞鸟和蝉,https://www.iesdouyin.com/aweme/v1/playwm/?video_id=v0300fg10000chgciibc77u4m8k4edog∶=720p&line=0
sweety-樱花草,https://www.iesdouyin.com/aweme/v1/playwm/?video_id=v0300fg10000c9rreibc77u0n5mpg0o0∶=720p&line=0
黑girl-123木头人,https://www.iesdouyin.com/aweme/v1/playwm/?video_id=v1e00fgi0000d458thnog65ra7c0c9fg∶=720p&line=0
许绍洋-花香,https://www.iesdouyin.com/aweme/v1/playwm/?video_id=v0200f290000bt10bsspfrfvn0rsvfhg∶=720p&line=0
F4-流星雨,https://www.iesdouyin.com/aweme/v1/playwm/?video_id=v0300fg10000ctps9ffog65q3ledq7i0∶=720p&line=0
F4-决不能失去你,https://www.iesdouyin.com/aweme/v1/playwm/?video_id=v0200fg10000clpfsjbc77u46m77t630∶=720p&line=0
王蓝茵-恶作剧,https://www.iesdouyin.com/aweme/v1/playwm/?video_id=v0300fg10000ciocl7jc77u2jkq998s0∶=720p&line=0
杨丞琳-暧昧,https://www.iesdouyin.com/aweme/v1/playwm/?video_id=v0200fg10000cncatmbc77ufr0d46jsg∶=720p&line=0
杨丞琳-雨爱,https://www.iesdouyin.com/aweme/v1/playwm/?video_id=v0300fg10000c25llp3c77uemntbq6o0∶=720p&line=0
蔡旻佑-我可以,https://www.iesdouyin.com/aweme/v1/playwm/?video_id=v0300fg10000c70vjubc77u9ubc7ofdg∶=720p&line=0
罗志祥-爱转角,https://www.iesdouyin.com/aweme/v1/playwm/?video_id=v0300fg10000cjn0p03c77u6rj0bkt80∶=720p&line=0
罗志祥-爱不单行,https://www.iesdouyin.com/aweme/v1/playwm/?video_id=v0d00fg10000ck0eshjc77uf7o7ivnpg∶=720p&line=0
萧亚轩-爱的主打歌,https://www.iesdouyin.com/aweme/v1/playwm/?video_id=v0200fg10000ca3eb8rc77ub0tj3kl2g∶=720p&line=0
萧亚轩-遗失的心跳,https://www.iesdouyin.com/aweme/v1/playwm/?video_id=v0200fg10000ck491ufog65vq1gb76i0∶=720p&line=0
萧亚轩-突然想起你,https://www.iesdouyin.com/aweme/v1/playwm/?video_id=v0d00fg10000cr2kg7vog65lkksge090∶=720p&line=0
萧亚轩-错的人,https://www.iesdouyin.com/aweme/v1/playwm/?video_id=v0200fd00000br0711gi8qol0f2n3720∶=720p&line=0
蓝又时-孤单心事,https://www.iesdouyin.com/aweme/v1/playwm/?video_id=v0300fg10000cr897onog65sgcniupd0∶=720p&line=0
梁静茹-没有如果,https://www.iesdouyin.com/aweme/v1/playwm/?video_id=v0300fg10000crofuu7og65j64cj0thg∶=720p&line=0
青山黛玛-留在我身边,https://www.iesdouyin.com/aweme/v1/playwm/?video_id=v0d00fg10000caf9b1jc77u3vnrog8mg∶=720p&line=0
卓文萱/曹格-梁山伯与朱丽叶,https://www.iesdouyin.com/aweme/v1/playwm/?video_id=v0200fg10000ckd02j3c77uc41nk2co0∶=720p&line=0
何润东-我记得我爱过,https://www.iesdouyin.com/aweme/v1/playwm/?video_id=v0d00fg10000cm12qa3c77u3pbdnrr00∶=720p&line=0
张芸京-偏爱,https://www.iesdouyin.com/aweme/v1/playwm/?video_id=v1e00fgi0000csmuo9fog65j08392110∶=720p&line=0
张韶涵-无名的人,https://www.iesdouyin.com/aweme/v1/playwm/?video_id=v0200fg10000ctari87og65ksgs0rnpg∶=720p&line=0
张韶涵-12首合集,https://www.iesdouyin.com/aweme/v1/playwm/?video_id=v0d00fg10000ct7cdovog65o09j282vg∶=720p&line=0
切换EXO解码,1
女孩DJ,https://www.iesdouyin.com/aweme/v1/playwm/?video_id=v1e00fgi0000d2aa0qfog65vmvgg5sjg∶=720p&line=0
gamgamDJ,https://www.iesdouyin.com/aweme/v1/playwm/?video_id=v0200fg10000cr8r23nog65mnbf3616g∶=720p&line=0
离开我的依赖DJ,https://www.iesdouyin.com/aweme/v1/playwm/?video_id=v1e00fgi0000d2hio3nog65lre771jt0∶=720p&line=0
游京DJ,https://www.iesdouyin.com/aweme/v1/playwm/?video_id=v0d00fg10000cu2h3qvog65irkuioh50∶=720p&line=0
游京女版DJ,https://www.iesdouyin.com/aweme/v1/playwm/?line=0&logo_name=aweme_diversion_search∶=720p&video_id=v2700fgi0000d4l0kifog65jh64e9670
爱是一场梦DJ,https://www.iesdouyin.com/aweme/v1/playwm/?video_id=v0200fg10000csppmffog65uhi36ibtg∶=720p&line=0
蚂蚁牙嘿,https://www.iesdouyin.com/aweme/v1/playwm/?video_id=v0200fg10000c98qrmbc77ucqknl90ag∶=720p&line=0
上帝是女孩DJ,https://www.iesdouyin.com/aweme/v1/playwm/?video_id=v0200fg10000chhlaijc77u2jkqvf1h0∶=720p&line=0
拉拉爱英文版,https://www.iesdouyin.com/aweme/v1/playwm/?video_id=v1e00fgi0000cvaf6cnog65vestq92k0∶=720p&line=0
sound of my dream,https://www.iesdouyin.com/aweme/v1/playwm/?video_id=v0300fg10000cu8hr8fog65sbnn5265g∶=720p&line=0
by my side DJ,https://www.iesdouyin.com/aweme/v1/playwm/?video_id=v0200fg10000cg6q69jc77u50fea8qog∶=720p&line=0
lonely DJ,https://www.iesdouyin.com/aweme/v1/playwm/?video_id=v0300fg10000c34cmjq90k9n62f21tfg∶=720p&line=0
胜利之舞Dj,https://www.iesdouyin.com/aweme/v1/playwm/?video_id=v0d00fg10000cv9rjm7og65g7nltudt0∶=720p&line=0
经典粤语DJ私人订制,https://www.iesdouyin.com/aweme/v1/playwm/?video_id=v0d00fg10000crdl34vog65v7e9of17g∶=720p&line=0
全粤语8090经典劲爆DJ,https://www.iesdouyin.com/aweme/v1/playwm/?video_id=v0200fg10000cnamtabc77u54nj2kh6g∶=720p&line=0
粤语打碟现场串烧DJ,https://www.iesdouyin.com/aweme/v1/playwm/?video_id=v0d00fg10000crom7dnog65uq525ar4g∶=720p&line=0
Electro风格全粤语女声串烧DJ,https://www.iesdouyin.com/aweme/v1/playwm/?video_id=v1e00fgi0000ct65p5fog65r7qkgveu0∶=720p&line=0
全粤语Club风格汽车慢摇串烧DJ,http://www.iesdouyin.com/aweme/v1/playwm/?video_id=v0200fg10000cpp7b2nog65rhkqq6tpg
粤语伤感情歌嗨曲串烧DJ,https://www.iesdouyin.com/aweme/v1/playwm/?video_id=v0300fg10000cph1etnog65mpr23b990∶=720p&line=0
全粤语女声深情DJ串烧,https://www.iesdouyin.com/aweme/v1/playwm/?video_id=v0d00fg10000ctbb4kvog65q67op5tug∶=720p&line=0
海先生B001Dj串烧,https://www.iesdouyin.com/aweme/v1/playwm/?video_id=v0200fg10000cvg46evog65uaon0vs10∶=720p&line=0
粤语经典重温DJ,https://www.iesdouyin.com/aweme/v1/playwm/?video_id=v0d00fg10000cp06gijc77ue69pt0spg∶=720p&line=0
全粤语港台经典老歌DJ,https://www.iesdouyin.com/aweme/v1/playwm/?video_id=v0200fg10000cs5om8nog65vrmmn2g4g∶=720p&line=0
无言感激DJ,https://www.iesdouyin.com/aweme/v1/playwm/?video_id=v0200fg10000ctqjasfog65pch7akso0∶=720p&line=0
全粤语女声失恋治愈串烧,https://www.iesdouyin.com/aweme/v1/playwm/?video_id=v1e00fgi0000ct7hj5vog65n714a1fd0∶=720p&line=0
全英文洗脑神曲dj串烧,https://www.iesdouyin.com/aweme/v1/playwm/?video_id=v0300fg10000ctpdosvog65ofsrkov0g∶=720p&line=0
抖音流行DJ串烧,https://www.iesdouyin.com/aweme/v1/playwm/?video_id=v0300fg10000cppi1hvog65mc9vujp30∶=720p&line=0
精选粤语dj串烧,https://www.iesdouyin.com/aweme/v1/playwm/?video_id=v0300fg10000cpucv77og65tcsi9n2hg∶=720p&line=0
顺德DJLwei-全英文Electro音乐百听不厌APT经典金曲DJ串烧,https://mp4.djuu.com/c2/17/2025/78486efeb94e7f79.m4a
思南Dj禹豪-全英文Electro精选Right Now经典包房慢摇串烧,https://mp4.djuu.com/c2/17/2024/048c01b9d4f5dc5b.m4a
中山Dj添仔-全粤语Electro风格90后热播远途望出车外串烧,https://mp4.djuu.com/c2/16/2025/b32dcc1dc2767643.m4a
阳山辉仔-全粤语Electro音乐打造粤E173AJ车载,https://mp4.djuu.com/c2/16/2025/0cdb0fe9277a48f4.m4a
Dj柏豪-全粤语Electro音乐我的骄傲16号爱人Dj星仔专属串烧,https://mp4.djuu.com/c2/16/2025/fc06603b2c9c6a24.m4a
Dj钟仔-全粤语Electro风格港台情歌对碰吴雨霏vs关心妍DJ串烧,https://mp4.djuu.com/c2/16/2025/0c30fc654c36ebe2.m4a
仙村Dj健仔-全粤语Electro音乐中文流行热播车载DJ慢摇串烧,https://mp4.djuu.com/c2/16/2025/b0cd93e548b83c5f.m4a
郁南DJ筱何-全粤语Electro音乐精选个人开始恋爱的DJ串烧,https://mp4.djuu.com/c2/16/2025/0b6860ae467410a1.m4a
DJ小超-全粤语Electro音乐精选2025经典宝丽金DJ慢摇串烧,https://mp4.djuu.com/c2/16/2025/a65d68e2c7ca00ac.m4a
Dj维少-全粤语Electro精选苦情人情歌高音质DJ车载串烧,https://mp4.djuu.com/c2/16/2025/38470f92aff3f280.m4a
DJ傑少-全粤语Electro音乐结他恋爱如何天平坐劲爆DJ串烧,https://mp4.djuu.com/c2/16/2025/8ffc09282d550467.m4a
Dj维少-全粤语Electro音乐精选16号爱人高音质车载串烧,https://mp4.djuu.com/c2/16/2025/e013a85c41c6c479.m4a
DjMut-全粤语Electro精选广东小丸子vs广西科目老表串烧,https://mp4.djuu.com/c2/16/2025/df52073c940e645f.m4a
天心Dj炜-全粤语Electro音乐飞花细界经典港风DJ串烧,https://mp4.djuu.com/c2/16/2025/717718324a98d401.m4a
DJ珺宝-全粤语Electro音乐抖音热播全女声专辑车载串烧,https://mp4.djuu.com/c2/16/2025/154b9db16b9c2203.m4a
天心Dj炜-全粤语Electro音乐打造百听不厌包房必备Hi串,https://mp4.djuu.com/c2/16/2025/994ed34bb17d07db.m4a
刘波-全粤语Electro音乐打造百听不厌车载v79串烧,https://mp4.djuu.com/c2/16/2025/54d15d8040f8256f.m4a
DJ傑少-全粤语Electro音乐受够我的骄傲全女声动感DJ串烧,https://mp4.djuu.com/c2/16/2025/72ad9cbcca850695.m4a
DjErwin-全粤语Electro音乐不只爱情粤式情歌劲爆DJ串烧,https://mp4.djuu.com/c2/16/2025/4331430d1d6a6b5e.m4a
切换EXO解码,1
Nevada,https://www.iesdouyin.com/aweme/v1/playwm/?video_id=v0300ff30000but4f2452a13sf6temog∶=720p&line=0
Unstoppable,https://www.iesdouyin.com/aweme/v1/playwm/?video_id=v0200fg10000ce4av3bc77u7mqoje2kg∶=720p&line=0
once upon a time,https://www.iesdouyin.com/aweme/v1/playwm/?video_id=v0200fg10000cumt1mfog65krksdg31g∶=720p&line=0
faded,https://www.iesdouyin.com/aweme/v1/playwm/?video_id=v0d00fg10000ctbhakfog65pugm8msu0∶=720p&line=0
sing me to sleep,https://www.iesdouyin.com/aweme/v1/playwm/?video_id=v0200fg10000clhho2fog65otdj4luag∶=720p&line=0
alone,https://www.iesdouyin.com/aweme/v1/playwm/?video_id=v0300fff0000bugiemqsocvbkm7ilit0∶=720p&line=0
the spectre,https://www.iesdouyin.com/aweme/v1/playwm/?video_id=v0200fg10000ctv3ntnog65htc7dg9k0∶=720p&line=0
oao-wake,https://www.iesdouyin.com/aweme/v1/playwm/?video_id=v0d00fg10000cssap9fog65j9je20u7g∶=720p&line=0
wake,https://www.iesdouyin.com/aweme/v1/playwm/?video_id=v0200fg10000c9pk6hbc77u57r42sd9g∶=720p&line=0
baby,https://www.iesdouyin.com/aweme/v1/playwm/?video_id=v1e00fgi0000ctq63sfog65oesmmlnfg∶=720p&line=0
move up,https://www.iesdouyin.com/aweme/v1/playwm/?video_id=v0300f6d0000c1110e3c60j1d8ttn99g∶=720p&line=0
summer air,https://www.iesdouyin.com/aweme/v1/playwm/?line=0&logo_name=aweme_diversion_search∶=720p&video_id=v0200fg10000cm20flnog65j08qqtmh0
take me hand,https://www.iesdouyin.com/aweme/v1/playwm/?video_id=v0200fg10000clnfk87og65tv4479500∶=720p&line=0
normal no more,https://www.iesdouyin.com/aweme/v1/playwm/?video_id=v0d00fg10000civ51krc77uceq9j09o0∶=720p&line=0
monsters,https://www.iesdouyin.com/aweme/v1/playwm/?video_id=v0300fg10000cl270lfog65hf7m2f3j0∶=720p&line=0
run free,https://www.iesdouyin.com/aweme/v1/playwm/?video_id=v0300fg10000c6bn043c77u9bihknaj0∶=720p&line=0
remember our summer,https://www.iesdouyin.com/aweme/v1/playwm/?line=0&logo_name=aweme_diversion_search∶=720p&video_id=v0200fg10000cocdiqjc77u8mnj0qmgg
lovefool,https://www.iesdouyin.com/aweme/v1/playwm/?video_id=v0200f0c0000c0air5omu7ok6882l380∶=720p&line=0
take me to infinity,https://www.iesdouyin.com/aweme/v1/playwm/?video_id=v0300f2d0000c00mcdk080ke0g3td2eg∶=720p&line=0
call me now,https://www.iesdouyin.com/aweme/v1/playwm/?video_id=v0300fg10000crh7kdvog65s0rf9jp3g∶=720p&line=0
reality,https://www.iesdouyin.com/aweme/v1/playwm/?video_id=v0300f080000c02l8d5f84f3ru33id50∶=720p&line=0
love story,https://www.iesdouyin.com/aweme/v1/playwm/?video_id=v0200f410000buj6ial4q2a6rctrcdv0∶=720p&line=0
Love story,https://www.iesdouyin.com/aweme/v1/playwm/?video_id=v0300fg10000cosdf4bc77uf5rjg3770∶=720p&line=0
窒Suffocating,https://www.iesdouyin.com/aweme/v1/playwm/?video_id=v1e00fgi0000cugku9vog65immg30nmg∶=720p&line=0
时代进行曲,https://www.iesdouyin.com/aweme/v1/playwm/?video_id=v0200fg10000cujiftvog65jokluhvng∶=720p&line=0
that girl,https://www.iesdouyin.com/aweme/v1/playwm/?video_id=v0200fg10000cl1ot2fog65otdmkp0t0∶=720p&line=0
stronger,https://www.iesdouyin.com/aweme/v1/playwm/?video_id=v0200fg10000c63kkorc77u71r5ch5o0∶=720p&line=0
god is a girl,https://www.iesdouyin.com/aweme/v1/playwm/?video_id=v0200fg10000cl4vjifog65htupeja50∶=720p&line=0
because of you,https://www.iesdouyin.com/aweme/v1/playwm/?video_id=v0300fg10000cn5vg13c77u9kllf7rng∶=720p&line=0
hero,https://www.iesdouyin.com/aweme/v1/playwm/?line=0&logo_name=aweme_diversion_search∶=720p&video_id=v0200f040000bvqofe74s1nnb5npm2mg
please dont go,https://www.iesdouyin.com/aweme/v1/playwm/?video_id=v0200f180000bvco837d9i7eq4ai1jmg∶=720p&line=0
sweet but psycho,https://www.iesdouyin.com/aweme/v1/playwm/?video_id=v0300fg10000c7hnn53c77uej28ntkig∶=720p&line=0
way back,https://www.iesdouyin.com/aweme/v1/playwm/?video_id=v0200fg10000c4gdkrbc77u8ohrj50n0∶=720p&line=0
anyone of us,https://www.iesdouyin.com/aweme/v1/playwm/?video_id=v0300faf0000c08j4u35esuptakp4ltg∶=720p&line=0
diamonds,https://www.iesdouyin.com/aweme/v1/playwm/?video_id=v0200fe40000bvm4vsl2kepgd0uu7i50∶=720p&line=0
moves like jagger,https://www.iesdouyin.com/aweme/v1/playwm/?video_id=v0300fb10000bvesniikbj343hhac8eg∶=720p&line=0
wakawaka,https://www.iesdouyin.com/aweme/v1/playwm/?video_id=v0300fbe0000buqeue7bs17qid7thla0∶=720p&line=0
Colbie Caillat-Try,https://www.iesdouyin.com/aweme/v1/playwm/?video_id=v0d00fg10000ckblmvrc77u7sbpm2vjg∶=720p&line=0
pink-try,https://www.iesdouyin.com/aweme/v1/playwm/?video_id=v0d00fg10000ctft5s7og65u0hdbnig0∶=720p&line=0
natural,https://www.iesdouyin.com/aweme/v1/playwm/?video_id=v0300fg10000caj6qnrc77u88k20m8jg∶=720p&line=0
rolling in the deep,https://www.iesdouyin.com/aweme/v1/playwm/?video_id=v1e00fgi0000ct11konog65sgjaem0n0∶=720p&line=0
apologize,https://www.iesdouyin.com/aweme/v1/playwm/?video_id=v0300f2b0000btoqjanm1ok3lil6c8f0∶=720p&line=0
salt,https://www.iesdouyin.com/aweme/v1/playwm/?video_id=v1e00fgi0000cstvnkfog65p72v2jrrg∶=720p&line=0b
hymn  for the weekend,https://www.iesdouyin.com/aweme/v1/playwm/?video_id=v0300f360000bv64mkrphouv4f2o1kpg∶=720p&line=0
see you again,https://www.iesdouyin.com/aweme/v1/playwm/?video_id=v0200f3e0000bt8c30sebj9j64kkop2g∶=720p&line=0
right now,https://www.iesdouyin.com/aweme/v1/playwm/?video_id=v0200f4e0000bs8n4m6fbk5pph8knf2g∶=720p&line=0
something just like this,https://www.iesdouyin.com/aweme/v1/playwm/?video_id=v0d00fg10000cs4hhsvog65kgk2fa28g∶=720p&line=0
umbrella,https://www.iesdouyin.com/aweme/v1/playwm/?video_id=v0300fg10000c75hnj3c77uboleql2vg∶=720p&line=0
legends never die,https://www.iesdouyin.com/aweme/v1/playwm/?video_id=v0300fff0000bujdacisocvbkm7qhtqg∶=720p&line=0
love the way you lie,https://www.iesdouyin.com/aweme/v1/playwm/?video_id=v0300fg10000csk8qsvog65nldrobpag∶=720p&line=0
lone Ranger,https://www.iesdouyin.com/aweme/v1/playwm/?video_id=v0200fg10000c67opt3c77u4kb9gjuu0∶=720p&line=0
insomnia,https://www.iesdouyin.com/aweme/v1/playwm/?video_id=v0200fg10000cmso8mjc77u3n6klkh40∶=720p&line=0
Victory,https://www.iesdouyin.com/aweme/v1/playwm/?video_id=v0200f310000bt8c32klftubd6erb6ig∶=720p&line=0
Star Sky,https://www.iesdouyin.com/aweme/v1/playwm/?video_id=v0300f9c0000bt8c32me4f98gqkmvu00∶=720p&line=0
shape of you,https://www.iesdouyin.com/aweme/v1/playwm/?video_id=v0200f060000bsvqd8hl43bkt6rc4sv0∶=720p&line=0
booty music,https://www.iesdouyin.com/aweme/v1/playwm/?video_id=v0d00fg10000cjm702jc77ue24dr770g∶=720p&line=0
far away from home,https://www.iesdouyin.com/aweme/v1/playwm/?video_id=v0200fg10000ca1ttbrc77u57r2ktc0g∶=720p&line=0
move your body,https://www.iesdouyin.com/aweme/v1/playwm/?video_id=v0200fg10000clkl27bc77u100fn3qo0∶=720p&line=0
shots,https://www.iesdouyin.com/aweme/v1/playwm/?video_id=v1e00fgi0000ctqgk5vog65vl902jf8g∶=720p&line=0
we don't talk anymore,https://www.iesdouyin.com/aweme/v1/playwm/?video_id=v0200fg10000cfb0e4bc77u38s842ah0∶=720p&line=0
call me maybe,https://www.iesdouyin.com/aweme/v1/playwm/?video_id=v0300fg10000csl040fog65p2l58uqdg∶=720p&line=0
the day you went away,https://www.iesdouyin.com/aweme/v1/playwm/?video_id=v0d00fg10000crchtlnog65ud12ifgd0∶=720p&line=0
bad romance,https://www.iesdouyin.com/aweme/v1/playwm/?video_id=v0200fg10000cv55iuvog65uhoogkirg∶=720p&line=0
the cure,https://www.iesdouyin.com/aweme/v1/playwm/?video_id=v0200fg10000ctc4cd7og65hrog41isg∶=720p&line=0
i want you to know,https://www.iesdouyin.com/aweme/v1/playwm/?video_id=v0200fg10000cvn75nnog65u3q261730∶=720p&line=0
Love You like a Love Song,https://www.iesdouyin.com/aweme/v1/playwm/?video_id=v0200fg10000cnbjh5rc77u8no9th78g∶=720p&line=0
wolves,https://www.iesdouyin.com/aweme/v1/playwm/?video_id=v0200f3e0000bt8c32cebj9j64kkp230∶=720p&line=0
Reality,https://www.iesdouyin.com/aweme/v1/playwm/?video_id=v0200fb00000bup46gpu718r2jkqr92g∶=720p&line=0
You Don't Know me,https://www.iesdouyin.com/aweme/v1/playwm/?video_id=v0200ffd0000bughtrht4rmmsdcm6fu0∶=720p&line=0
I do,https://www.iesdouyin.com/aweme/v1/playwm/?video_id=v0200f260000bu416dd6mgceo9a0ume0∶=720p&line=0
Free Loop,https://www.iesdouyin.com/aweme/v1/playwm/?video_id=v0200fd90000bu2n37d2kepoqmgibfng∶=720p&line=0
good time,https://www.iesdouyin.com/aweme/v1/playwm/?video_id=v0300f0e0000btpfugg6de4h3n78ccig∶=720p&line=0
Talking to the moon,https://www.iesdouyin.com/aweme/v1/playwm/?video_id=v0300f0e0000btktaso6de4h3n6m8mug∶=720p&line=0
That's Why You Go Away,https://www.iesdouyin.com/aweme/v1/playwm/?video_id=v0300f2b0000btjbvrnm1ok3likh5big∶=720p&line=0
Nothing's gonna change my love for you,https://www.iesdouyin.com/aweme/v1/playwm/?video_id=v0200f680000btisjnvh3f2dgbhasf6g∶=720p&line=0
Burning,https://www.iesdouyin.com/aweme/v1/playwm/?video_id=v0300f2b0000bti8l4nm1ok3like33ag∶=720p&line=0
My Love,https://www.iesdouyin.com/aweme/v1/playwm/?video_id=v0200f050000bt8c30ibn0fk5akcthh0∶=720p&line=0
Trouble Is a Friend,https://www.iesdouyin.com/aweme/v1/playwm/?video_id=v0300fg10000ce4sahbc77u86e1eone0∶=720p&line=0
fire,https://www.iesdouyin.com/aweme/v1/playwm/?video_id=v0300f7e0000bt9epjpk950m5pm5itog∶=720p&line=0
Cry On My Shoulder,https://www.iesdouyin.com/aweme/v1/playwm/?video_id=v0200f560000bt8c31an6tf9cl2gpmsg∶=720p&line=0
Dance Monkey,https://www.iesdouyin.com/aweme/v1/playwm/?video_id=v0200f310000bt8c334lftubd6erba3g∶=720p&line=0
heartbeats,https://www.iesdouyin.com/aweme/v1/playwm/?video_id=v0300fg10000clm5h5vog65n7m96h5o0∶=720p&line=0
here with me,https://www.iesdouyin.com/aweme/v1/playwm/?video_id=v0300fg10000cl898rnog65i0hbffnv0∶=720p&line=0
moshi moshi,https://www.iesdouyin.com/aweme/v1/playwm/?video_id=v0200fg10000cl4vd2vog65v766s3lag∶=720p&line=0
until you,https://www.iesdouyin.com/aweme/v1/playwm/?video_id=v0200fg10000cl2e71fog65v764v4ibg∶=720p&line=0
as long as you love me,https://www.iesdouyin.com/aweme/v1/playwm/?video_id=v0300fg10000cl271gfog65vcqh4qbq0∶=720p&line=0
dancing with your ghost,https://www.iesdouyin.com/aweme/v1/playwm/?line=0&logo_name=aweme_diversion_search∶=720p&video_id=v1e00fgi0000ctf6s1vog65kfs6o3iq0
Creepin' Up On You,https://www.iesdouyin.com/aweme/v1/playwm/?video_id=v0200fg10000cq5ji0vog65vhisof6m0∶=720p&line=0
Dilemma,https://www.iesdouyin.com/aweme/v1/playwm/?video_id=v0200fg10000cq4uhjvog65ui5mm0pcg∶=720p&line=0
Anyone Of Us,https://m.douyin.com/aweme/v1/playwm/?video_id=v0200fg10000cq49ctvog65h6153dks0∶=720p&line=0
Pretty Boy,https://www.iesdouyin.com/aweme/v1/playwm/?video_id=v0200fg10000cpv0lcnog65imtn4isig∶=720p&line=0
poker face,https://www.iesdouyin.com/aweme/v1/playwm/?line=0&logo_name=aweme_diversion_search∶=720p&video_id=v0200fg10000cpoe5uvog65h83t50rsg
Please Don't Go,https://www.iesdouyin.com/aweme/v1/playwm/?video_id=v0200fg10000cpl46avog65gueg43ogg∶=720p&line=0
this Is what you came for,https://www.iesdouyin.com/aweme/v1/playwm/?video_id=v0200fg10000cpeh6v7og65u1fbjqs9g∶=720p&line=0
I Wanted You,https://www.iesdouyin.com/aweme/v1/playwm/?video_id=v0200fg10000cpchumnog65q36id9o10∶=720p&line=0
Dusk Till Dawn,https://www.iesdouyin.com/aweme/v1/playwm/?video_id=v0200fg10000cp9tgnnog65mqc12febg∶=720p&line=0
outside,https://www.iesdouyin.com/aweme/v1/playwm/?video_id=v0200fg10000cp8jcdnog65ic6gplqf0∶=720p&line=0
Fool for you,https://www.iesdouyin.com/aweme/v1/playwm/?video_id=v0200fg10000cp79alnog65ukeu0tka0∶=720p&line=0
TiK ToK,https://www.iesdouyin.com/aweme/v1/playwm/?video_id=v0200fg10000cp3amqjc77u4t8chnn9g∶=720p&line=0
Alone-marshmello,https://www.iesdouyin.com/aweme/v1/playwm/?video_id=v0200f290000brtup22lsr1a6l8qmgn0∶=720p&line=0
Sold Out,https://www.iesdouyin.com/aweme/v1/playwm/?video_id=v0200fg10000coop9krc77u2ah4aikq0∶=720p&line=0
By Your side,https://www.iesdouyin.com/aweme/v1/playwm/?line=0&logo_name=aweme_diversion_search∶=720p&video_id=v0200fg10000cohhg2bc77u7p44oqrsg
One Last Time,https://www.iesdouyin.com/aweme/v1/playwm/?video_id=v0200fg10000co6atujc77u007hc7bs0∶=720p&line=0
i want you to know,https://www.iesdouyin.com/aweme/v1/playwm/?video_id=v0d00fg10000cl46f1jc77udgi44b3cg∶=720p&line=0
Nothin' on me,https://www.iesdouyin.com/aweme/v1/playwm/?video_id=v0200fg10000cmm6k83c77u8g6f05uf0∶=720p&line=0
Dancer in the dark,https://www.iesdouyin.com/aweme/v1/playwm/?video_id=v0200fg10000c7qaabrc77ucr5apups0∶=720p&line=0
phut hon,https://www.iesdouyin.com/aweme/v1/playwm/?video_id=v0300fg10000coms82jc77u4flecs0bg∶=720p&line=0
Like I Love you,https://www.iesdouyin.com/aweme/v1/playwm/?video_id=v0200fg10000cj9sd4fog65k6lhdmrp0∶=720p&line=0
Play,https://www.iesdouyin.com/aweme/v1/playwm/?video_id=v0300fg10000ca5nc43c77u72ekj6rpg∶=720p&line=0
I'll Do It,https://www.iesdouyin.com/aweme/v1/playwm/?video_id=v0d00fg10000ch9m0jjc77u31dq1i4b0∶=720p&line=0
touch,https://www.iesdouyin.com/aweme/v1/playwm/?video_id=v0200fg10000cmhn50rc77ucfc970np0∶=720p&line=0
closer,https://www.iesdouyin.com/aweme/v1/playwm/?video_id=v0200fg10000c6c60frc77u7j9o2ecs0∶=720p&line=0
盗源狗si全家 全家下地狱
QQ群,1
1085500324,1
扫码进群,http://pan.vma.cc/pan/d/3a4b0a1eb1abbb7e6dd4173b650f3f67?ext=mp4
永久免费,3
谨防被骗,4
如果看不了,6
卡顿切换EXO解码,8
换安卓9盒子,7
东方卫视4K,https://bp-resource-dfl.bestv.cn/148/3/video.m3u8
东方卫视4K,http://go.bkpcp.top/mg/dfws
浙江卫视4K,http://ali-xwl.cztv.com/live/channel4k2160p.m3u8
浙江卫视4K,http://go.bkpcp.top/mg/zjws
苏州4K,https://tylive.kan0512.com/norecord/csztv4k_4k.m3u8
河北4K,https://event.pull.hebtv.com:443/live/live101.m3u8
苏州修复4K,http://106.53.99.30/tv/api.php?id=sztv4k
河北电视4K,http://106.53.99.30/tv/api.php?id=hebtv4k
广州南国都市4K,http://tencentplaygsm.gztv.com/live/nanguodushi.m3u8
TVB plus备,https://vdm6-hw.nbgdsygs.com/live/h6-2.flv
新澳门直播,https://play3636.zdwafis.com/live/mosixmark.flv
老澳门直播,https://vdm6-ali.hrypl168.com/live/a6.flv
2026功夫女足,https://v.lfthirtytwo.com/20260723/8846_f4084a75/index.m3u8
2026功夫 女足,https://v.fengbao11.com/video/gongfunvzu/618845436188/index.m3u8
2026 功夫女足,https://vip.dytt-network.com/20260723/36526_9c21455c/index.m3u8
2026八仙,http://111.229.219.148:808/Cache/lzgg/7a367b98744276dba9ea2844bf13ab1e.m3u8
2019哪吒之魔童降世,http://111.229.219.148:808/Cache/lzgg/67f35a41a439e00540d0d88f62d3d56a.m3u8
2025哪吒之魔童闹海,https://play.modujx11.com/20250802/Cha4M4YU/index.m3u8
2016美人鱼,https://vodcnd12.myqqdd.com/20250622/1wNEi7n7/index.m3u8
2001少林足球,https://vip.lzcdn2.com/20220521/7147_3b73302c/index.m3u8
2004功夫,https://cdn1.ryplay1.com/20240910/7703_9dc7d493/index.m3u8
1997家有喜事,https://cdn7.ryplay7.com/20250208/10599_69233b69/index.m3u8
1996食神,https://play.modujx15.com/20240826/pUDgrWmX/index.m3u8
1994破坏之王,https://cdn7.ryplay7.com/20240915/380_11f89ab4/index.m3u8
1994九品芝麻官,https://vip.dytt-live.com/20250330/2684_7c4bf50b/index.m3u8
1993逃学威龙3之龙过鸡年,https://play.modujx15.com/20240825/VgswEazn/index.m3u8
1992鹿鼎记2神龙教,https://play.modujx16.com/20240830/hhzZN6Th/index.m3u8
1991逃学威龙,https://vip.dytt-film.com/20250311/12297_35fcfa9e/index.m3u8
1990赌侠,https://play.modujx11.com/20241224/mBSx76B4/index.m3u8
澳门体育,https://cdn6.cc.cd/163189/amty
重温经典,https://cdn6.cc.cd/163189/cwjd
CH5,https://cdn6.cc.cd/163189/ch5
CH8,https://cdn6.cc.cd/163189/ch8
CHU,https://cdn6.cc.cd/163189/chu
龙华电影,https://8.fast.hidns.vip/163189/lhdy
龙华经典,https://8.fast.hidns.vip/163189/lhjd
龙华洋片,https://8.fast.hidns.vip/163189/lhyp
Astro QJ,https://cdn3.indevs.in/stream/live/qj/
重温经典,https://168.sryze.cc/163189/cwjd
广州南国都市,https://cdn15.163189.xyz/163189/ngds
公视戏剧,https://cdn12.178.indevs.in/163189/gsxj
靖天戏剧台,https://cdn12.178.indevs.in/163189/jtxj
靖洋戏剧台,https://cdn12.178.indevs.in/163189/jyxj
影迷数位电影台,https://cdn12.178.indevs.in/163189/ymswdyt
My Cinema Europe,https://cdn12.178.indevs.in/163189/mce
经典电影台,https://cdn12.178.indevs.in/163189/jddyt
CMusic,https://cdn12.178.indevs.in/163189/cmusic
精选动漫台,https://cdn12.178.indevs.in/163189/jxdmt
咪咕4K(限移动网络),http://r.jdshipin.com/ln4xk
咪咕4K-2(限移动网络),http://r.jdshipin.com/Lqdwf
盗源狗si全家 全家下地狱
翡翠台,https://luxiang.nbltv.dpdns.org/?id=%E7%BF%A1%E7%BF%A0%E5%8F%B0
SPOTV2,http://iptv.4666888.xyz/iptv2A.php?id=1
astroFootball,http://iptv.4666888.xyz/iptv2A.php?id=4
TntSports1,http://iptv.4666888.xyz/iptv2A.php?id=3
JSPORTS1,http://iptv.4666888.xyz/iptv2A.php?id=6
SkyTennis+,http://iptv.4666888.xyz/iptv2A.php?id=62
TVB黃金華劇,http://iptv.4666888.xyz/iptv2A.php?id=34
TVB翡翠(馬來),http://iptv.4666888.xyz/iptv2A.php?id=28
TVB-獎門人,http://iptv.4666888.xyz/iptv2A.php?id=31
TVB-金曲,http://iptv.4666888.xyz/iptv2A.php?id=57
TVB娛樂新聞,http://iptv.4666888.xyz/iptv2A.php?id=36
MYTV黃金翡翠,http://iptv.4666888.xyz/iptv2A.php?id=32
澳視澳門,http://iptv.4666888.xyz/iptv2A.php?id=41
華藝中文,http://iptv.4666888.xyz/iptv2A.php?id=37
靖洋戲劇,http://iptv.4666888.xyz/iptv2A.php?id=42
龍華洋片,http://iptv.4666888.xyz/iptv2A.php?id=60
風雲恐怖電影,http://iptv.4666888.xyz/iptv2A.php?id=59
ROCK_Action,http://iptv.4666888.xyz/iptv2A.php?id=50
梦工场动漫,http://iptv.4666888.xyz/iptv2A.php?id=40
Duck TV兒童卡通,http://iptv.4666888.xyz/iptv2A.php?id=39
MOMO親子,http://iptv.4666888.xyz/iptv2A.php?id=49
金光布袋戲,http://iptv.4666888.xyz/iptv2A.php?id=38
民視綜藝,http://iptv.4666888.xyz/iptv2A.php?id=46
東森綜合2,http://iptv.4666888.xyz/iptv2A.php?id=58
八度空間,http://iptv.4666888.xyz/iptv2A.php?id=52
韓流美食料理秀,http://iptv.4666888.xyz/iptv2A.php?id=63
娛樂百分百,http://iptv.4666888.xyz/iptv2A.php?id=64
綜藝大贏家,http://iptv.4666888.xyz/iptv2A.php?id=65
香港C+,http://ottproxy2.ist.ooo/livehls/MOB-U1-NO/index.m3u8
香港32台,https://rthktv32-live.akamaized.net/hls/live/2036819/RTHKTV32/stream2/streamPlaylist.m3u8
香港33台,https://rthktv33-live.akamaized.net/hls/live/2101641/RTHKTV33/stream03/streamPlaylist.m3u8
香港34台,https://rthktv34-live.akamaized.net/hls/live/2101642/RTHKTV34/stream02/streamPlaylist.m3u8
香港35台,https://rthktv35-live.akamaized.net/hls/live/2101643/RTHKTV35/stream02/streamPlaylist.m3u8
TVB星河3,http://php.jdshipin.com/TVOD/iptv.php?id=xinghe
咪咕频道,https://live.666666.zip/migu/1.m3u8
澳门体育,https://cdn6.cc.cd/163189/amty
ELTA体育1,https://live.666666.zip/stream/16697898.m3u8
ELTA体育1,https://live.666666.zip/elta/index.m3u8
ELTA体育2,https://live.666666.zip/stream/28361755.m3u8
小红书1,https://live.666666.zip/xiaohongshu/1.m3u8
小红书2,https://live.666666.zip/xiaohongshu/2.m3u8
NOW618,https://live.666666.zip/yueyu/index.m3u8
咪咕1,https://www.rtmpcdn.com/live/migu1.m3u8
咪咕2,https://www.rtmpcdn.com/live/migu2.m3u8
NOW616粤语4K,http://iptv.4666888.xyz/fifa/FYTV_FIFA.php?id=1
NOW616英语4K,http://iptv.4666888.xyz/fifa/FYTV_FIFA.php?id=2
NOW Sports 616 4Kᵁᴴᴰ,http://10k.lucastv.pro/2c99755ae255/gJnMAT2/465865
NOW Sports 617 4Kᵁᴴᴰ,http://10k.lucastv.pro/2c99755ae255/gJnMAT2/465864
NOW Sports 618,http://10k.lucastv.pro/2c99755ae255/gJnMAT2/465863
NOW Sports 619,http://10k.lucastv.pro/2c99755ae255/gJnMAT2/465861
凤凰咨询,http://feilong123.vip/409990236/hktv.php?id=1
NOW体育1,http://main.light-ott.net:80/play/live.php?mac=00:1A:79:3A:93:FD&stream=382843&extension=ts&play_token=KANAeecxcz
NOW体育2,http://main.light-ott.net:80/play/live.php?mac=00:1A:79:3A:93:FD&stream=382842&extension=ts&play_token=MCoDoR8s9G
NOW体育3,http://main.light-ott.net:80/play/live.php?mac=00:1A:79:3A:93:FD&stream=382841&extension=ts&play_token=5uiKCGTNCF
NOW体育4,http://main.light-ott.net:80/play/live.php?mac=00:1A:79:3A:93:FD&stream=382840&extension=ts&play_token=eoeYdjrkUg
NOW体育5,http://main.light-ott.net:80/play/live.php?mac=00:1A:79:3A:93:FD&stream=382839&extension=ts&play_token=lu0NOftGgg
NOW体育6,http://main.light-ott.net:80/play/live.php?mac=00:1A:79:3A:93:FD&stream=382838&extension=ts&play_token=WQ4pi5DTy3
NOW体育7,http://main.light-ott.net:80/play/live.php?mac=00:1A:79:3A:93:FD&stream=382837&extension=ts&play_token=rRmhe1TsX7
NOW体育4K1,http://main.light-ott.net:80/play/live.php?mac=00:1A:79:3A:93:FD&stream=382836&extension=ts&play_token=jSAYXQsMoY
NOW体育,http://main.light-ott.net:80/play/live.php?mac=00:1A:79:3A:93:FD&stream=382834&extension=ts&play_token=JBOlpsgTKU
HUB SPORTS,http://mypanel-4k.com:80/me52pjdqa6/dt2t9r16ja/1451817
NOW SPORTS,http://mypanel-4k.com:80/me52pjdqa6/dt2t9r16ja/1451767
SKY SPORTS NEWS,http://mypanel-4k.com:80/me52pjdqa6/dt2t9r16ja/1236217
SKY SPORTS ACTION,http://mypanel-4k.com:80/me52pjdqa6/dt2t9r16ja/1236226
SKY SPORTS CRICKET,http://mypanel-4k.com:80/me52pjdqa6/dt2t9r16ja/1236223
SKY SPORTS F1,http://mypanel-4k.com:80/me52pjdqa6/dt2t9r16ja/1236225
SKY SPORTS FOOTBALL,http://mypanel-4k.com:80/me52pjdqa6/dt2t9r16ja/1236220
SKY SPORTS GOLF,http://mypanel-4k.com:80/me52pjdqa6/dt2t9r16ja/1236224
SKY SPORTS MAIN EVENT,http://mypanel-4k.com:80/me52pjdqa6/dt2t9r16ja/1236218
SKY SPORTS MIX,http://mypanel-4k.com:80/me52pjdqa6/dt2t9r16ja/1236228
SKY SPORTS PREMIER LEAGUE,http://mypanel-4k.com:80/me52pjdqa6/dt2t9r16ja/1236219
SKY SPORTS RACING,http://mypanel-4k.com:80/me52pjdqa6/dt2t9r16ja/1236227
德甲1,http://seatv.xyz/live/AJ1JASYJMX68G3Z/DxPObqOcKG/1138922.m3u8
德甲1,http://seatv.xyz/live/3Z4SFBM0NJX0N9H/yVVlYoaT60/1138922.m3u8
德甲2,http://seatv.xyz/live/AJ1JASYJMX68G3Z/DxPObqOcKG/1030380.m3u8
德甲2,http://seatv.xyz/live/3Z4SFBM0NJX0N9H/yVVlYoaT60/1030380.m3u8
德甲3,http://seatv.xyz/live/AJ1JASYJMX68G3Z/DxPObqOcKG/606323.m3u8
德甲3,http://seatv.xyz/live/3Z4SFBM0NJX0N9H/yVVlYoaT60/606323.m3u8
德甲4,http://seatv.xyz/live/AJ1JASYJMX68G3Z/DxPObqOcKG/1138926.m3u8
德甲4,http://seatv.xyz/live/3Z4SFBM0NJX0N9H/yVVlYoaT60/1138926.m3u8
德甲5,http://seatv.xyz/live/AJ1JASYJMX68G3Z/DxPObqOcKG/1138927.m3u8
德甲5,http://seatv.xyz/live/3Z4SFBM0NJX0N9H/yVVlYoaT60/1138927.m3u8
欧洲体育1,https://cdn-1.ttvb.eu.org/api/Eurosport-1/index.m3u8
欧洲体育2,https://cdn-1.ttvb.eu.org/api/Eurosport-2/index.m3u8
英国TNT体育1,http://89.187.179.148:826/anto.j/c9yJDcXyPe/110708
英国TNT体育2,http://89.187.179.148:826/anto.j/c9yJDcXyPe/89213
英国TNT体育3,http://89.187.179.148:826/anto.j/c9yJDcXyPe/89212
英国TNT体育4,http://89.187.179.148:826/anto.j/c9yJDcXyPe/89211
英国TNT体育4K,http://89.187.179.148:826/anto.j/c9yJDcXyPe/119906
英国TNT体育4K,http://206.212.246.239/live/Cori/123456/224931.m3u8
英国PREMIER SPORTS 1,http://best-8k.org/live/jjyw70ss4w/ek5ui8ithc/303258.m3u8
英国PREMIER SPORTS 1,http://89.187.179.148:826/anto.j/c9yJDcXyPe/98771
英国PREMIER SPORTS 2,http://best-8k.org/live/jjyw70ss4w/ek5ui8ithc/303257.m3u8
英国PREMIER SPORTS 2,http://89.187.179.148:826/anto.j/c9yJDcXyPe/98770
美国ESPN,http://89.187.179.148:826/anto.j/c9yJDcXyPe/119665
美国ESPN2,http://89.187.179.148:826/anto.j/c9yJDcXyPe/119666
美国ESPN NEWS,http://89.187.179.148:826/anto.j/c9yJDcXyPe/1275
美国ESPN U,http://89.187.179.148:826/anto.j/c9yJDcXyPe/1274
美国ESPN SEC NETWORK,http://89.187.179.148:826/anto.j/c9yJDcXyPe/1419
美国ESPN ACC NETWORK,http://89.187.179.148:826/anto.j/c9yJDcXyPe/98754
美国ESPN8 THE OCHO,https://d3b6q2ou5kp8ke.cloudfront.net/ESPNTheOcho.m3u8
美国NBA,http://103.148.44.38:8000/play/a03m/index.m3u8
美国NBA,http://23.237.104.106:8080/USA_NBA/tracks-v1a1/mono.m3u8
美国beIN体育,http://23.237.104.106:8080/USA_BEIN/tracks-v1a1/mono.m3u8
原視,https://hc9lby9bzw8zcar.wcetv.com/hls/titv.m3u8
公視,http://211.72.174.95:8116/0.ts
中視經典,http://220.135.241.47:8321/0.ts
中視菁采,http://220.135.241.47:8322/0.ts
客家电视,http://220.135.241.47:8303/0.ts
公視,http://220.135.241.47:8305/0.ts
PTSxs,http://220.135.241.47:8312/0.ts
公視台語台,http://220.135.241.47:8306/0.ts
台視財經,http://220.135.241.47:8315/0.ts
華視新聞資訊,http://220.135.241.47:8319/0.ts
華視教育體育文化,http://220.135.241.47:8318/0.ts
中天新聞,https://d2jc41c1shgcol.cloudfront.net/live/CtiNEWS1/playlist.m3u8
LIVE三立,https://d2jc41c1shgcol.cloudfront.net/live/setnewsrtmp/playlist.m3u8
纬来育乐,rtmp://f13h.mine.nu/sat/tv701
纬来日本,rtmp://f13h.mine.nu/sat/tv771
DAZN-体育,rtmp://f13h.mine.nu/sat/tv731
DAZN-体育,rtmp://f13h.mine.nu/sat/tv741
momo'tv,rtmp://f13h.mine.nu/sat/tv761
大愛電視,http://4gtv.cnlive.club/channel/n7d3037d2/index.m3u8?q=1782639885837
客家電視台,http://4gtv.cnlive.club/channel/n855e5fe/index.m3u8?q=1782639885837
靖天綜合台,http://4gtv.cnlive.club/channel/3f6ecb92/index.m3u8?q=1782639885837
靖天日本台,http://4gtv.cnlive.club/channel/3f1816f7/index.m3u8?q=1782639885837
原住民族電視台,http://4gtv.cnlive.club/channel/4f20dc68/index.m3u8?q=1782639885837
LiveABC互動英語頻道,http://4gtv.cnlive.club/channel/2a571abf/index.m3u8?q=1782639885837
達文西頻道,http://4gtv.cnlive.club/channel/n1d7d9ddb/index.m3u8?q=1782639885837
靖天卡通台,http://4gtv.cnlive.club/channel/3ed78a45/index.m3u8?q=1782639885837
靖洋卡通Nice Bingo,http://4gtv.cnlive.club/channel/n15c65427/index.m3u8?q=1782639885837
中天新聞台,http://4gtv.cnlive.club/channel/3824d067/index.m3u8?q=1782639885837
豬哥亮歌廳秀,http://4gtv.cnlive.club/channel/n4271efdd/index.m3u8?q=1782639885837
靖天育樂台,http://4gtv.cnlive.club/channel/3f7d0a6e/index.m3u8?q=1782639885837
Nice TV 靖天歡樂台,http://4gtv.cnlive.club/channel/n122ce57e/index.m3u8?q=1782639885837
靖天資訊台,http://4gtv.cnlive.club/channel/3fae463b/index.m3u8?q=1782639885837
公視戲劇,http://4gtv.cnlive.club/channel/7fdd881e/index.m3u8?q=1782639885837
靖天戲劇台,http://4gtv.cnlive.club/channel/3f07b409/index.m3u8?q=1782639885837
靖洋戲劇台,http://4gtv.cnlive.club/channel/48117ce7/index.m3u8?q=1782639885837
金光布袋戲,http://4gtv.cnlive.club/channel/n125d8ecd/index.m3u8?q=1782639885837
采昌影劇台,http://4gtv.cnlive.club/channel/n97ba44a/index.m3u8?q=1782639885837
大愛二台,http://4gtv.cnlive.club/channel/n7d3932e9/index.m3u8?q=1782639885837
人間衛視,http://4gtv.cnlive.club/channel/7ed5b6d3/index.m3u8?q=1782639885837
經典電影台,http://4gtv.cnlive.club/channel/n2eb7240a/index.m3u8?q=1782639885837
經典卡通台,http://4gtv.cnlive.club/channel/n2faf04ad/index.m3u8?q=1782639885837
精選動漫台,http://4gtv.cnlive.club/channel/n1ecb3c7f/index.m3u8?q=1782639885837
客家好劇-FastTV飛速看,http://4gtv.cnlive.club/channel/n1f7f47/index.m3u8?q=1782639885837
懷舊經典電影-FastTV飛速看,http://4gtv.cnlive.club/channel/n424d08b7/index.m3u8?q=1782639885837
精選華語電影-FastTV飛速看,http://4gtv.cnlive.club/channel/750a2ada/index.m3u8?q=1782639885837
國外電影精選-FastTV飛速看,http://4gtv.cnlive.club/channel/32bc6076/index.m3u8?q=1782639885837
日韓電影大賞-FastTV飛速看,http://4gtv.cnlive.club/channel/n5541a0ca/index.m3u8?q=1782639885837
台灣傳奇-FastTV飛速看,http://4gtv.cnlive.club/channel/n496c6dde/index.m3u8?q=1782639885837
精彩陸劇1台-FastTV飛速看,http://4gtv.cnlive.club/channel/n7179beac/index.m3u8?q=1782639885837
精彩陸劇2台-FastTV飛速看,http://4gtv.cnlive.club/channel/n69c8194d/index.m3u8?q=1782639885837
金光布袋戲-FastTV飛速看,http://4gtv.cnlive.club/channel/n3000a7f1/index.m3u8?q=1782639885837
哆啦A夢-FastTV飛速看,http://4gtv.cnlive.club/channel/9fc6b5c/index.m3u8?q=1782639885837
經典卡通-FastTV飛速看,http://4gtv.cnlive.club/channel/53488299/index.m3u8?q=1782639885837
經典迪士尼-FastTV飛速看,http://4gtv.cnlive.club/channel/n4ae53aed/index.m3u8?q=1782639885837
東離劍遊紀-FastTV飛速看,http://4gtv.cnlive.club/channel/nb3eed91/index.m3u8?q=1782639885837
TVB星河频道,http://www.kaniptv.cn/uadl.php?etoken=SdiFf8NJyjWwAw8CdYrPsd3DLBw46p0DNMJjUa%2FNo68OYOUcLfo1cG%2Bqqyhl4LqGJiP%2BL8vuHnSSkmLVb7Nu1szhk5tvVPYfLzLAA%2F5W%2BHD2hVQif%2BzrSiQDpDnq57Yj5X2HuE%2FgjCOOpWFPqGHQ4xTbPfjZNxKRGAd3HHlE%2FTKdzaImoE1JOZ627beSdHA9VdjJv%2BpSNdnK5SiuWrVd7uxe3W4RLKFKxPYEf2j9AC99qirqM8or24gTtPSxIPKJL19WG9ahJLSWyXuwb5R5lGeZgD1%2FYtzAaG4xFiJvaNdIpBIEb%2B5CGV%2FsEcIuSvhMlVSQvvOpwIPkAWyo4LsmWiH%2FgGrJgzj%2BwUlmgoiAgyGS6EPgzRDtQHJTvj54%2BLN88jBRhURrrLHL5xSdStozpw%3D%3D
Now劇集台,http://www.kaniptv.cn/uadl.php?etoken=iO2VVbamw25XoOrqbIIH2GcOjfn%2F2msdDN2ZBGVR50ZXWHpfs5%2FdqN6pDxZwPZVDyI%2BLKPTFTKcGqg9%2BdeZJCrmwGP7CqHllxxWia7COZcg43l37pbTSav0%2FhGTDf27KHs2QnxcruH%2FyGERKWOZSYUXwzcOpUwzteiyE8EdVXuv99nsNi2dchquHAc01Xs3D7J9b%2F4vwHugh3iGApQiu70ekhwqUbB004YCyvml7SEr26wCcDIXFIkezrw2LGqf1%2Fvi3QFYZTS9cc5hxJ%2B%2B9GqPJQII76WdvcKwYM%2BTTtl04%2B7Ey%2BzudntpBHZmz9lFg1VySfxqlpxU1aP6jiagExBVRXk8BDXwkQvFIZOeb44r%2FK8fknPaXtB62fRZ9VFBTuMN1hVPC%2BEEe3RidQhpCug%3D%3D
Now直播台,http://www.kaniptv.cn/uadl.php?etoken=4IEW%2FSAYpeQnN4KyoICKulxrROIKxxXuXStaToWK5y4qAWcHU8m8mS%2BeIYh9TL%2FQTMfPzrwHeYmzx2s8yi0Ey5LK2dXnLGWa5Gg4m98p9TjJgTO0xud05U%2B%2BgRwyERs6TBz7ebIk7EqE58VdcolcbfAVo2LoleDEUZH8fM7xGKQn4G202Nj%2F%2B3Wh4S7qB6YNJrdLnYEe5ZgI9vCJZYLzKHRDlOlb9MSiNR8%2BRt9JCw%2FyOSEk5pQGynbGOFmftqfP%2BFGP96JiWYLPYwINSYmFX8L%2BcWK0VQGhUvA30KDFZ87FR7eeN5MVuGA8%2BJC9ReOkp63tBHVC%2BQ72NoXi3UdOIZ0r5tjMrjAxAMd9i5M6xLtc1ByJkCnCka5qagVWMfFpKR3zYOpWuVjbItYcGuC7Zg%3D%3D
TVB功夫台,http://www.kaniptv.cn/uadl.php?etoken=hvt7QVFPDIXORzKM%2F31%2F74lD%2B3hsbP5mQ5NoQuL3uVl2hILyhvDBiOFqrTtb%2FCUg0teO5QIqNKbEAvI8tcvYIZq4V6qJlh9bQQU1TGuqHSPlVAB%2BgmbkHTcQIn5q9LCG5iLl7fwyKySXaVpKCnCENAs33%2BlkwAY7kHDQNS1Yf036382PonaFwb6DwZSgdrmb9YHD9wlZM4RhbXDQdiixt4XKbwXfE8bsGasN0OFTcpurNuKkmEC28S4LUKKfxmBJNcI8NFfQ1YUnmPZ8OCp8Rqq6%2FbCcwnZbgTvteTFZplpQdFRu6ScanAL%2BLW2YJaPuNFW2qppGZV9eJaxq0g4YnMZtIMFz%2FpRVE2PuvIWVpbLbdzo03G7pv2dB2hHqBJDrfxsfms9PfFxmJc2pElLZGw%3D%3D
香港卫视HKS,http://www.kaniptv.cn/uadl.php?etoken=2WFEc7vdXd6ZgSl71gsx0bOEMzwoLTbVqLHlifPZCNUyoV0BFND20EyvhquYwZ2cbbYzOXCZy4d%2FLvCs5J%2FcYHTZ8y3cOmD%2FMMW4ShZN0I1kSVAy9%2F2JsVNuxBPjbqsPqi%2FSS3rxC4c0sxUMY9sXAAZ0Jk9YUFo8O8ebFy19xh2%2Fp0wzrHePk37Fy%2B746tt8U0K20WIHg4rkC2IFpV76dMn2C5ccXICqZ5NIXkxjwD%2F9gOxuBtZxY4khElWBCUq1Cl5QUJhqmQ3g9b2IjxNrZxov3THpYVRb1NVtUGbdzjQYTO3bGM%2B83CA74OIY06Gplp1Qbnay4g9mSZOlq50LvhJ4ZHJ2t2o17%2FV2cy28gOoP2FtvyuDJi5gcEWQoLQH62A3OL5e%2FYASYEKEr6KDl8w%3D%3D
HKC18台,http://www.kaniptv.cn/uadl.php?etoken=hFiH3glneY3H1OrmngJ%2FO7IsYOFjV8HL95OAioUBBr27kpX985V0KtwTOF%2BJhyNF4C0hxClXDhTI6zMeGaYNG8QI%2FI5OEQ%2FojL76xtaFRFWL%2FhB393mYeoIGB9onL4mv%2BqMkRq4tjFCHju1M%2FvqUiRVLondJqSm%2BRMQrKQCLOcqS3FvKOLCMPrtTOesiazCUxxujooP3H4jdQSFQ7bJ6dNICigXZekzabcZIk12ApXUbkvqs%2B2hU36IvbGB8nfHEBF6fwvvyV9J5WdUNncGIqZrkhdSGwcqp88bDf%2B7yfJ6sRvtArKQpE1AmOF6dUE64C4chyzmnei6BV21qf%2FCMj6InhtpJFq6U0W5544whBjYokEmpKcccftGvJgIpOyrU04wF0mQl0pCp5Q2PXj5Xyg%3D%3D
C18跑马,http://www.kaniptv.cn/uadl.php?etoken=FmACaOwfuEXhX3zuRhIRFiergE2OxWllBDhXipqk064owxdrS6HepNquokhVJQmvEhFBjYgaliDpAYIY%2FEBfLzxGFVQbadGCBM%2FGqNbm9kDZ8p3ft6R8ZMSjzCjXDQk8OQFcvFwcHPysxISEzu0XymOOXzhsiSujwGRDD%2Fi6yFiLMPhRdlxV63H92rSi9lOH0fsuQEU58DZzgohNL%2BQsGPZxt9Z9MGLvrYa3tMd3WQEb3BvD66nELmBPq8BvMHFDbta%2FEb1R7jM470H6OjL1fXEHvFRI77bTQiMUfk7s9SslrebD2pj%2FySmGVKnHpyVBiJr2AZhuKmnw9hcpMUSSxL%2FKN1oldaTHs5fIv8Qn9EtsxnD3%2FgyS8xsy%2FOyIyZdcQzva1yquzjiclRVBrbWY8w%3D%3D
88跑马台,http://www.kaniptv.cn/uadl.php?etoken=KWBIx%2BisWPvUFRovGoWrOFkRDtc2aS%2B32jjgBQWQBjOjQSTXEDdvaHYdpm2W9KYl6OsCEmIcZ2n2uEWj5YzZlyY8ICzkNuDuBFPyzzkkaJmr%2FTcWqTiVzYw31o58gz%2Bzu%2Fvuh6iDNmG0ny%2BYjS88rbtNOZFrzvzGRZX0lM8gMcDceB0SOQJ476HlQ0Gf98wCk2vQMOh0sQrCYqfXj4khK78nNemiVpohmy2hFpeNi9gdrBAeSS0IR41y90BUu52KGocFFtl84MfyhFxQzLpDlGrzHLG9LBpmSTd0zOSUrfU5j2m35UMLEE%2Fct3%2BmZ136Vj%2FILX0tXxy63dcaGyFkV5ty5IoZ2DKbvQDAUTsbevQJHb9n%2FPtUYu2yXumf%2FZGFLN4d40%2BBVfeLt%2FzznT3svA%3D%3D
MovieMovie,http://www.kaniptv.cn/uadl.php?etoken=SvjXozKkkxPD9HYMvG6%2FfAIvWFwFATV4dvGV61NvhkxT1TqyOTsQYNetd8h%2Fz5RPkr3IpqW37KH1%2FcgzD1N8Najhd4UOhIOTRtAEfkY3q5fc39n63wU%2FQLKCxxYXyGIHfuDjRmAtVfDAw0kEN9uEr8A9o1CCqoEMmxxlhcE7x9D9nw7e9yCZHFaG2Ps42YRPs5RCtWWp9N14qlQLyXVvexyoL9G1VzwLqKEQGqLPB%2FGwPu5a2fNZ17Ra47BZyfeIckswvC36%2F%2Fq%2FFTVl2oIJ87hL9dCdtcx1T4PkbeT3K88xocx%2FkYeoGyKnD6VfmXcqIJDDVE8id8hvwLgxwdFA2U7A2ReLoXwZ%2Fb6feyOB878oG1YsIfelMdhW1MWxrgEVbQnTlS96chRmKLQLl6IHtA%3D%3D
mySUPER Sports,http://www.kaniptv.cn/uadl.php?etoken=7b2PTOMbrX050TDBuYyAyXYjdYCtOqECysS%2BQqCBvI5wV0CzOI9qvX%2FaU9wE%2BUjgXCdxZNhihWYyX2Kkwa2RqCy89TonldUxK29CQRKchabhxH%2BSSQ91zMuAoLFQfFkTAaaVNgjCd7BN%2Boq8ZAWqoFqA33yeISEbgIS2zbwpe7UySHz9D1kArJyndvHNJxZCmovMIDAGCTgsZPBx8OW4mAM30GG7HQJjyjnuhlRsZm4m%2F%2FM71lc3lujwFRbmqu0GrZMtOlQ4GnzrwFPFHPlfX%2BebtBSDup2MvLleUjtPGO%2Bz2I59FjT6luS%2Fr6Mx0%2FdCCPAvWdh276aByymTpCKsfiu%2FbjXWU4XUWiBzYY2NDXxjB4HjBakvLUMgVF9sae53DR3JO%2BQbDODQmsJZOSBVkw%3D%3D
NowJelli紫金国际,http://www.kaniptv.cn/uadl.php?etoken=vEG5ZJu7tdFN8nFTXwNsl1UDegDBbRxvTaCMoV3QWkfNLQOxwHHM1ilg%2BretkPBaKkAz9sf7l%2F5H1VhY0jYei5TIhcc7u%2FS%2FWZuOa%2Fpzy4ry8Y6mV3cUonowc4aqNUTn9N15kRnxmum5zglfDn%2BciYJ4VIZgYysDUPNyowh7jZTC09ZeF73ufVazqDS5h6hcTacYhixn%2FmF0B7dgnv%2Bwwpbz0FLE2hzPA004nRqIPWZp0osqCPN1IiP4acHoTMbl3tUZ2q28CLdplw5ylBFe6zVTqL7WL1hWmGf3E1R%2BJpPoWxoAOt%2FOiq7tqrKtQFzsyXajZxoEfNs18zj15A6nO%2BY5VAzlwuZgZKkEhm8cFLMhL5w%2F%2BnD4aW1pN2ZCulMZdCjOw9uNZUvFccfIP8l45sAIvO9JnV%2Fydl7hsjlvs9lIDcD7tZ4Ju3bxuQldK4Le
无线卫星亚洲台,http://www.kaniptv.cn/uadl.php?etoken=YS8VvK6iAZLM1FYRhr9Vj8uk43ELjPeLLsRUVlGiFumVoShtTJ%2BqVIl3HToGEI58Y4LmknUo4lFCCMh1EFb0%2BTuYMIae3Vn2e1BVj4a3nZQBt1QPatqteSYgHLGbzbFJyshfMiulPKzA9cVSu6RKEjty12qfCy3Mx9mkwrwlynUMSm81gyfADeRku%2BG1B%2BlkI7PbDitfTUu1EhqvkNPNJmiIjDSf2xg3Pw6GugQ1g4gs6J8qbTags%2BfFWwH%2FLcSF2kYOlhsjEco5JQ7Jc0PTXu3yvCWQ5QzptR%2BPHjMJcKgAr0vSL3zbXm5SrSJdJZmUE08lOQqwPRPS8D9rkdaj6h0vRnt2%2FjfjpPJJIsBlIfJg5VqBAI%2F%2FoRVbatBsMYfHn76dpp4mEZt8O0OT9rHDi4b16hEM9IYomAhjCU1hox5AeKoDkQKYMhmUk%2FWLydAB
mySUPER EYT,http://www.kaniptv.cn/uadl.php?etoken=UV03k4YKcB9u5LrCFzuN4gNUMXsME9RBAf06KZcdn%2FpfSGUBgQCK6ulB2SQjJLMJLrc8U5p11tkzxODRjj9jEWp%2FJEZKhTsUu0LQr%2Bk%2FNsCl6OLVw3QY7zpio%2Fv%2FiC%2BfVMI9XSejgbo4xdhAyTW4Yz64TBsCG%2FE3gdsTBckxvbMJQV6euofTsrf%2BqQVGV3jUjqm%2BWv9e7TsfCSlj8GSkS5rKgjWNwZlhlWHDO%2F5GRWfJ792h9t6nYLPcmRy7T7ALgLSav3XSO11cHjbEjHRAO8I9jPKLqD%2BtFSPfj0hnAj8CwuFAOLOob%2FKqvROBfTlNOsJkuCo8FpGKS3WxUgbCEKOincKN7ao%2BX6jYXnY%2BtmzvcY2SP6%2FOr5f8iWrePsqdo3QLI8h%2B0NgEJBvHslXKgQ%3D%3D
mySUPER识食,http://www.kaniptv.cn/uadl.php?etoken=A39rxDjAGO%2Fz0TNl44nwZ2rINJ0qKM%2FcvtlaVCciTkH0rg1XyeRRZZIfUAPPlNT968up3%2B5bYxGQYcOKwFBhrzAYCjzBONwxDbar5OEwYLHAcAJNMYq%2BU7mmA5b3FrAtJJJtzQZMoBkjOrmilNh0T5RHzAsW3vE25%2B7MsZXENkEVXtgGXWQNsO2SrPpCn8xJS4mcS5W2iZcuFs9VdPNgXcr%2Bv6Epksc%2FxeeGvSn4DKRG9JzuDEOFZ3pOeKMY%2BTmOS8dNwbRidTczmH%2FogepScO1JbssJOTSYo3JXEQT3Kw4pq97qF9Z4zYpq3e3IWWnCKfs3vbcEPk94WJN%2BxwFAJ%2BsBe%2BggTaqsNIodiU%2FWCuGdCWO2PyKxFK5%2FX9%2Bd%2BnfeM0qrS%2FNYHMtogKU3MK6RWw%3D%3D
mySUPER识嘆,http://www.kaniptv.cn/uadl.php?etoken=Qnv%2FaBK44AJIeXvG1DnhlCupKQPy8%2F4I6403zHCUhXTpRYrfFXNIK%2BupYIKb%2BROTJUIYzyPdm79IPFCxuy8Solsq%2BPR553Mn8hVz%2BjIyq41oBWnrAjui4pdsNA4eIJwMjCM1%2BzWkPllMq0vXFi0E6q8hSwy2BkYKZMQODZbZkDLkHf8qSy7Es%2Boyj6f1ytqkaFpCT8oJlcGZvQadZNznTwI2U20oE8F2WK6Nb5MmLLRjaAi%2BWS6Rsu38Zacm%2Foo4VIzxsGyaPlSYiD8YB%2BFSudprjrXxm3HwJfulYoGCKvwe1UbuK35oHrGY3%2BNW3DEbOZ9RhlV1kn8tiq5ENnWUR0D9kht72v6ezXm4rF7OcOasB8d%2B1N%2FsEwpfci1X1urFrpjal3Q3e4Ts7jNDPRzS8Q%3D%3D
mySUPER Music,http://www.kaniptv.cn/uadl.php?etoken=z2OOZDdIpXDdih8TKHNyFoo22T497vurU13c9nuOxESiJ9RkIofOVOP8%2FGdhaoNJm2iEqnQ0idujmBDTHrGogYxDqiwOQjGe8rvYpY%2BJysVi2AgKzgjT0FFKReoWhJ3HVJb63z6djrqxnnZ58JV0mXuIJqZxwFg%2FcvVfeXzIYi6oCOOamLBceQyWiLGJaSr71Po8UhUCsG%2FkJnL%2FVHDFzVYsa%2FEm%2FUHctihPnYqH%2BkCYc8AeVILJ5%2BzKEJR4qF2smvhAV92%2FTRYvs9sh8AWuo766v1Xd9wDnz0dvhW8EtZLtoFwUNl8wIQqmd5DQmFCJoSm00T60zndnmITKcz2rnCy4P1Sg9POvrKtlvOXTZSetKujqjehZ6MtartmI6G%2FhYhjSiX4p%2FZXpEjVpyS79Hg%3D%3D
mySUPER金曲,http://www.kaniptv.cn/uadl.php?etoken=BL%2B1quO3kjEKPLUYXXqpJXswvOnC27rmliQpjwFuOsS1O3981219IbmdHbIiA%2Fn2j4mmp7DJOqAbE7wx6Qj25oX0NTvYveLEhOHWLKmc0m8%2BpbP8qMujWJyPZ6Id51JYNsvt4rOjkXCNNEjTdgVN8q73FgQy%2BSfDUDDX3fnzpjnS4oSVTcOgAvZEqQ7Z69w3bS%2BIjZg%2BNJ5Xp%2Fmhr08PWUQc8JEMdw3lNPBlflw2FUcDHtIDL4TjScRRjAU1JHVtMlrml3eI0kmae1DAYBIMQcoyaGdymFM3rG7Uf0mZJpYN2ra%2BfaNEVVxvFvrxQTRzGH%2BywPBKVkHxz5opVGPifTIcA4DyTVX%2F%2FYEXZ%2F6TNllB5htiYDdOitmz5iQ6pLMK1ubxUz669LOiykrGaJ0S6A%3D%3D
mySUPER煲剧,http://www.kaniptv.cn/uadl.php?etoken=4XuRc0ycl7kqLGrL65ZzoiJoeCA5eyxAjJ%2BJk4R88eSCqUlcLugtfBJWJEfzjSs%2FnwjJjnuhlPF940P5dxFEKcAdbtr9fHn6zAB%2BUAtZjoWDmEmFl%2BNCass0zt21hSojOonYPlvU%2FBSm5GyJjpD67bsynFxb%2BrFXJQ0JxUJ8F3N3P%2BJifmz8Sb%2FKgOssQg9hfcQK3wBztVVN9FGKio5nAjQ%2BNXY5OVi7%2FEkA%2BpthEjVQAsuOQcKos0L49bQBLY5GPM3Gdt%2FW6n%2BkcS5SKbdeB0hDHJQJBpO0cgSCrbLhHG5Wfzj%2B5C7LBr809WUyebL3%2FyCvvMji6geO0BZMknib0uMtwL5LBrD4%2BqC4r1iUPMpvyLcuwgLA5TjF255cXgTWOAAOUl3xttzcnam8qhZ2RQ%3D%3D
mySUPER剧场,http://www.kaniptv.cn/uadl.php?etoken=g87wYwGQSLDQpThLY%2FWq5%2FKA8%2Fhf2v7NKZS4K2gFq3N35zk9lrTUTZwtlrDACZYMbS3IaOWyS0R9QdKA81eRfB4ix1geajh2erM8c85ko7Dy9y0XPmAa6A0TL0Xq0d9YJYgReaETe%2B3SeqjcW7PvXgpnsVFV7tLsawhJ3xnteETGO6DcYVVc66O1w91XjwMfDSu9OqYkrHQEO%2FgJYstM0fIo2bWT06DJWa0oWxQUUkGpoDHIF0Dg7t3c2ZcX0yypkmxcMjB3YtLKRKXedQwFe9NNkLPl8YGPhFejuYH1IvAAF0Focl7iM%2FCfcuZOSzsfy4jUc9d%2F0IzhAIdaS%2BVtvsekye03HyRqQY5lhNT57qaanbSaxOF%2BFDRTjwHRYS3KEH3IIOpJ2LW%2B3JUmddF0Iw%3D%3D
mySUPER话当年,http://www.kaniptv.cn/uadl.php?etoken=Y86s43hMYqfrqBHYeFPzN18Mf4OUXFJI0kYH0ppQuKC1nazMco0G9ZI%2BG5w3I%2BPR%2FrkoUSjGB409UGGf%2BM7HphVv5KxOpxznqpsREtMXgU04CSleJmQRbHymjC%2FmJqn%2FGh5dKAgAnhcc3haXXAvlnRI1uuXiHibT%2ByVmY%2FSX5Rd%2FTCJ3RjS6alYsSDiwVlKqHy5ZZg3WGLdeLzcrfyJAGxNAARzHXrMDKhRvqQsW2f7FsNPWrrHT%2Ftm8sqUF1G%2B17zFPKmHbaYYMZpTNMN9Ewc8F6MuiFahObeBLXjaRHpm4jauUM9LcSa%2B%2FbuYm6fj2NYLoyNvFvFVEWLko%2BYflMjEXnNOHmlrGl3wYUALPpvOoCNIHpVYvHVARVqJnl6vlowkpdcdHPgLbANfu%2BXeittMdf1bSThXC7cXUB%2Fqy%2FM6cHtBdlQ28IjTCKnjOunSZ
MyTV千禧经典台,http://www.kaniptv.cn/uadl.php?etoken=nKoJumG6e1v%2BY8WgzKawsSaFPovQCnmUnWlLdYKs6Gmjbw4TYnTAWBY%2FDftahrlU5OV4lmJS7KA1PpZmnShxL1LIMDahnUNoe4Bk0pEmUkRUpMILjQYcRhmn24ajf6IMbdjHJDzGa4Pr4PBYqNYo6L1fZIxFoM1uwCdW0XUA3%2BcJhZkU5kEMHIWGN9QA6XK9PzzBseHuKonR%2FTXLg4rrGR2XmT%2BPzZAE1w0TWlrA%2BdpNZfgXDf15uax8Bm%2Br1%2BMDJwRZDhmC1m8zssyxdpg5gaFr1mRZHh6gR6xJDD984oHEjGO8gOWU2ajPL47eoRO6ql4UAKTmF32FVQVUm5HE6aSCb%2FCDLGh8VnY5xClZRb0At4xCs1onGRguzvzxuqojTCW1fEY5iMDOZ2F48fGVsuGCqa2T%2FwxGLSsrIZ4OwKeaoQb8iC9XH18cM4IOF%2FbE
HBOHits,http://www.kaniptv.cn/uadl.php?etoken=qvuD7EjRyJqVwxNLz3jGOgrnMJcW9grzO9ljEnXgpMiERC3AjUIU3gQ9%2FEBRMUdbNRNdEy17S29i7SOtp4ls7lygmH5e2%2FDRfU89m%2BbuYeKcawozOefCCyeA%2Bv53kmZpb3sR0%2FaMevW8X%2FQIHY%2BTCtdvghIP2rYZkf%2B%2FbvydtdwP%2BCJyJJotOVy5DD9FYQnO7VM5L7LlIl9JCumH7d%2BckymH3utddepmi7fpJuog%2BI82WPSBU5pfSO%2BxUDu5h1ikYFWOK03lxR9DLZ%2FCbmUuK0VXOC3xr0IIxZeo8pULqdu9HHWmF0%2BP1c4%2Fvcgjoettv7zANCQv7cjqTHKxWOTK9gMCJ7kWo%2FU9TQjgtUncdikxyeOhjIOUW99aFG%2Fyyx%2BjWebatiy9XnIzhp%2BzHnyDeA%3D%3D
HBOSignature,http://www.kaniptv.cn/uadl.php?etoken=bZrEG4zP1v2TOKK5F9xssF5thH%2BlJgutlT3WG93zY1pU7IEJjKAAjI%2FgBbySHNrYIJ9a%2FEbyu9rgFPwTqiBNWQf%2FT1ZVLeYBU8DN39GUYQAgOUqgDH4SiegDsnQi%2B2J6cDIVBm8Zw5lXP3vr5SPZyb59k1GeNr90QJEdpCcxgr6Hi6jotv9WMqPMd9Tmzar2i6tZydGQPaoABfeOXdj8fDCBjgs0r7CsoEKU%2BPpEey5aV95IYpGEmV8TNDEZgvPZ2TIRjCHCTabCnJvtVhHNjCGcrxAVIA6mPDlPdLNdlIirkitE%2FqD5QmYl0QqlzzSRMMWHm42G6Y%2FaJ1adZC8hmAxAF2OKeN9thue9ksOhg3kvYH6SxznO27crbbw8lSZVsXmrXr7vvXYxa%2BcHyxX7Aw%3D%3D
Cinemax,http://www.kaniptv.cn/uadl.php?etoken=lgIRD2N6ZdjawXw3FwFAKsthcvB3Ey%2Fd0YY2N3%2BM0xk6eiolQG%2FgujfP%2BXWaSOIIekLpIz6PIGwZ1pelQfS217jU2lgsoR6%2FtpuUyePOCu27k6Y%2FxJ6HUf6Uzh2Orqxw%2B8c6ZcFGJafNFcEIAkrjZ%2FlInLowkvEH%2BiqbhMXdm06ia3IL19zxlvtOf9g5G2Q8u9I99g%2FzQ%2FI9hK460c88be%2BnivKDYWoIFoV8oI4whWDJw0wRWew%2FrljfEN%2FS87O4l99XXuGyuQouJcASUYGOoupHY8SXbGtFn5ArToCkikESzNTS%2Fj%2BPk6du3LOBev5AZbSaNPpe88o3ad0R%2BlOiaA8OYYbR1vAS1rfciiV6E5hv%2FLmLkVeHW7wpCYvBS4qsuq%2Bx1cxX5KHDxxg3GMna5w%3D%3D
mySUPER直播足球2台,http://www.kaniptv.cn/uadl.php?etoken=gyG%2FCtQXLeTOEdIW9j%2F1Y8lbHYxMUyPaULcl1lrqRiOUG9mJchjFRQY7o8OmHUW252XA%2BNETMEkfIwl4DtMQpuXEcOwejFOGAacHqP5Yhf4xgbIJ3DQP%2FtymSaeZMt2J%2BGFYIapmI9oodxnMTWjEVo8GF4%2Bz9tMTuoXkfQJ0%2BteQKz4ALFyR26hp%2BHC2MLxj5rBqAuh1Ip9rrzrTb9fksuy%2F%2BCSN4ZArf%2Fh4hK7FM%2BqN%2B32NoggbNJnbP1rUldRs9iNSpO3YEJIVwBhF7kFsbT9dNLwoaTuB1HPEQDl%2BRirjdNO5h2LBgiC5L9WZTBLVLU8nllFg3XGtpFg53cft14VuQm8wUUxVRPlN%2F30gn1mpZiqpEK8syeYlFtE9nsxQG12bXhybm0hy5mzSquVc7ufqd2Ai0OL35KK3Oa7qtR6vjVtjK%2FHg10WYpxo7BJ%2FR
mySUPER直播足球3台,http://www.kaniptv.cn/uadl.php?etoken=LLcALUGsXCJhtE61umw%2FURxj1WbLgGfmaSf6OOvc%2Fc2Rq1B4c5COrzfKLqLrg9I59T4TBJAO8Zbh%2FT1ucHV49KTtJMFFP69Fv7Mq%2Fqx%2FnHpjupEF2pkQDK0KIlUWfnUF0qUKCgWuZzinFNwEhOlRewZma%2FmlwaqUo1%2BbrruFjf7qH7D%2B3N5sAgI6xWVebH0AH04V8bJujvVIzv2Nj4gGQ9L3Uji8PUhenTIhwzDJ8ctiVuFvtPf2wBYqWcz27bzX31NGxD1%2BKlHzQUWksJ1Cto7JuY0S8zKEKWPN2B3ByF%2FmdImgfopBlcAVqJzgGVEE4Pnjppg1Xff%2FYIrrb7cIsQ4TmH9Zfl%2Bu1rC3KZ69ehKsjk8QeI5bNLbTG50It9kH9MrAzPIs4usKKhZ0BMOekYlgRhcLTW0ch7a7HGs5cFKbFehoGrmieRUXvk3A%2BVy7
mySUPER直播足球4台,http://www.kaniptv.cn/uadl.php?etoken=sWdXRzg4zVnZ2JlnrNrABFBgMd7sfNC3Swc58QwJX%2BaFC5ugy3rjvl3Bk49Fgu9Y09vAdxYVJlTVulNUtUk1h%2BcJUVDP%2Be7NUGnwAEmfurPRrWbr4Gz1DFd9HRmoi0XleheCuUA1EWLmb2rZgSUdskibF34UlRgS6nxhC%2BRdAGtfUeQi2yDEeAZrnN%2FggA4CaGdC3UAOK4a4EA8eQwP8TaWcPViewafjE2l5bS56hNJpjPB3DkNBv8mNwfLFZ7%2Bhu8kZWJGywzjFVcieVUrNTsqrlMuK9GyhLzYBI4NMXR%2BRt%2Bdw7Uh9645mgSu%2F4jV6FsGejQ5GOHhn1NJTKiwA%2FOl04saUueZ0umRsAyzMlputhonYaKp%2F6ymBAqWORxEVvVrX%2B6V6XTM68Lou%2Fjx3G4JZA9cQh7j1%2BYnx4P0DVbKmg4XOwuBYn1t0mY6r7dxq
mySUPER直播足球5台,http://www.kaniptv.cn/uadl.php?etoken=aTXnCj9TtNGU2AGTOPSYbfBGKw1n5R%2FvxyJdqJ1aEdk6%2BA6fFi8Wv3unjzbVu6zNLPLFB8LjwEEN8s9DvtcSshxKu2pZ5NKTsvV5gT%2BR95P%2BVj9BL6uQWOj03bwiKvF%2FD0wIBZEBtmRLdcNIRmlqv5eYUAl3Bft2nw6PrDGRvupLyzwSQU10ki5XuZXgLZlSo3i%2BMFgi5zUwc26fnn2ahFO3L7FYIEYl51yiid%2FwE8sZ4ixgT1aROXPfl4X0yFdw25QBhE8dF66YmBiCvR%2BYxazqZ%2FdbD381iAXsCaDdgLazjbEYG1M6oQW9xJ6AvMlgAznUYg66dxrZPzgn2KrswL7UFl6qrBfWh5NfqZHibM88zjR36GYrYJwESThjFoPENtJtMDCYB5fGNOszLJd%2F6SySY21ylTdQ%2BX6uxpAuoyMnapRjLqxKsImItI46SWCw
mySUPER直播足球6台,http://www.kaniptv.cn/uadl.php?etoken=6Qf6SuLf3UJ%2FIXlZop9vXVQ88gl6qWh6VDUhu7t2lzCq2DU7DC9CXhTND6%2F94Gcz4VyCXFyVJdGz4UTsB8O6IdmqDWlSw12H6pMZZWqJp9A17pieBmZPxqqba0ryFuZriG5r2jLK4uq2h5hcKM1hjGl7%2BIAymadAhpeD%2BM9ipuwZqyIjBQV0BRZLnC3VrHYDAGPPNLr0PWLnOGUeA5PcLLbQDW8u9Lk2MzxCtPHIkVYCvymitsK8WvUhqBfRsrfm5zGtyS%2FnPBagzp6YBFCiCjJwSvzIX%2BH0CXfvOePcMWJz9AABVzZr2%2FZ22YOTWPhhSNblQ3XK2RtByua9M3KKyMF3xy7HehuR0IU%2F%2Fljw3MSlJ%2F6tdBjS3eGmAAkkkIOIvotxTrshx0UkadQ3Nf0t3Q6YvJcbDA6s2oMoIrFo%2Fj6NyeynyrCoF82vJ3g22n%2FC
公视,http://www.kaniptv.cn/uadl.php?etoken=R2FhhnrZBtDk1I3c7b5ma31QeMu7AhRICQBU7F%2FxtAJe6bfGdBLlX6ujqXUeVHLwOVOYK%2FGMh%2BZUG7rWOAdnBzaLgbofJJhhpV%2FfITq6UqNsc%2BqG%2Bn9iRH7XXnIcjwPkF9kr9bAs4xDtMXRLaPKhCBcLwFqPD5WLNuzstRzKYk49%2B0jEtcGMq%2BIoNpt%2FEFDScMiUmcl9zxlvbQYnhetVpnD3OTATuU8ZNIDoAjEd%2FHXJkGCwSWwRr6e6aJMUz0fOT%2F8rkFjChP6mSs9kcnLHYMvBW6UTTXfwZfHzCwX1W9F1NMRn1LPGSAtbfqfDa2TcUy09n%2BMvQMtuwFo7DuE1srAWMx2UOh4Fpw%2B11uCZT4ZWHwQFeMzifpfQsNweNS6fEKyvsJu%2BjH5uJ7FpTEzQGA%3D%3D
小公视,http://www.kaniptv.cn/uadl.php?etoken=oFpViRXP6KGChn3mnWwKMN0KnyXNgLqqNA2w3lhyRZma2uwKiAZNoFWtkP8qYwqtEmf0w8w9sO%2B9q23iNyZSwXyawV6N5HKa8xJyt5q%2BzTx67iJr%2FpIFBSC2txI2eFPxJYDWMDkvMC%2B4vHSZNR%2FmdIq3%2FaMT%2FPjpdj1sztNw%2BP6hiVGNqE8VuYEV87Epthx9%2FIY5tLnJh9mPSq60k0GOV%2B%2BGJJeb%2BH9m74RXhaxD84wXo4iiyZDyf%2F%2BEKJtRLNNqhyOdfRtSeYKtL14StY2GUyDZsRRgpd6%2B%2FVvNuzNpGFZVutdeU3VfvMjGH1rxWvoXYJHscqcUesGnuEcN2Axo8KQ56bzCmgyQ9HWQSpBI1jhJI5Z0H4axWJu9Uio%2BygUz1ZwKiDlEuRzXU9BRVfXChA%3D%3D
台视财经,http://www.kaniptv.cn/uadl.php?etoken=gwbBnkXceebIPk3XXW6v0HaEty3XpNez%2FEyduwQOOD58ZMYfRnigF4TFlB1%2BTBolk6BGD5Q13o%2FWyBGi6SDQFZ%2Bv3MyfiNLQ13204%2FHflVMjU%2BBKQ6ZYQKJmvtIblIRvR4b3CJ6O%2F7H78xITHB1Oo33K%2BJSCeKsNvQEvkhrVvufMxvoHO6iSLUE1ZQhYWNmeg0Ho%2BgU6E7pGh4V4ezygir5MrLwzVb3eq%2FVWqXgEeI6M4Do6FctR72HtocJx%2BRpoM2ladAfn8NgBzogTy%2B2%2BfGtnynmhDjRtj%2Fe8QvltGFM1urydLwc2G5u3IIjkvGxwMM739sA8cVD5KXeFhREKIeqKNF18eap6TghSn%2BwzX2DJ5HybwTc33Jdv6nGD4IDVuiGf9pnZno0zd4YW8g13OQ%3D%3D
台湾戏剧,http://www.kaniptv.cn/uadl.php?etoken=2%2FxutS1KIVyZEiLexuNcRYM%2B1ivxkjQt9r93MN%2FaOFSWuvVAfKNTWlnV3H9f6geOsRGAr3%2Bmrc47p%2FyD58uk4PiTm%2FaS4Ia4xKjsDkeMqu3y6rjQlOqjf3OmW%2FAM%2FxfT%2FO7Mp6owHjIjyexL%2BTJkObJJ2m2lQ7UZUhI7WAhyqFptr77tcWBCXaESk1i8aNBIzqfze5PTFqsBsIdM%2FNFk%2FRkrHSxz9Q6j%2FdVzJ4I5QSM6pLJc1FxTxG7kkObzSodn28E87LfvDfQMLDg33k%2BV78vkUjvmEBjf5ertLxAGo7ZAWgY48%2B9MAMj5KfBzrE3GwN1R%2F4%2BjhNGkwQazxUCLaPWrBfZerE6IQmkheq8UXNHmTsY1uuwBlJunTCLo3gAkQXaX0gnGTJ3t%2F2fwCGPw1A%3D%3D
CTS华视新闻资讯,http://www.kaniptv.cn/uadl.php?etoken=UwgOJDPB%2BMAVyMp6eQYsBuYjc6yIvgQFKOg%2F%2BjHVlm1UXDZ5yZQ%2FR53SaynjESLDoaJtMmQSbwA6rHN3GQqKMHv1rw4vTDTS3IRaILjdjNzOH7Faf6gMffmLLFWlhClffMrUAaTF61Bsy7qlD8JbxF6eFtSKimYBmiDVDTzBHR7l7cEq33ROkvYAg0VibGaZurs%2FrCc1x6H67B11aMY0H9izZua6QkhpBOynLZJBJLzvHGJH0D9ja8JcyG%2Fba8h8tEINwJaFkBXvxQIwiwuSyZw4lG4xWdLk1cYWCWnW8c%2Fhu265cZefXcx9SMvqJakbZSRdtWXpl%2FG7jq0KFQHGGfP0OvYlXkJV3kV4%2BnDruY2pC0hivaydF3ZEI9cUGEbHgdXBZ%2FuXTHWRlSMgc0InPc2OdwR%2BlRNaI2xR3qzPL%2FD8iklELdbnzLHK8vA63j%2BH
壹新闻,http://www.kaniptv.cn/uadl.php?etoken=BU64pcwPRi5K%2B8YBRuv05qoBlrMBV8Rnb%2F%2FS2ESOMyAlnw9vRaLvOgKykkKWsRFhHtbfHlsfVWXwZk9if%2FxJ5JagIfhG8GGtcL8%2FIALEo6sSsOjlH0bdEkACrYhOlPnq4qKJNHYZUF1K6AYseF36gfiMb%2FR4bgf%2FhZKTNo0wJmZfq3t0LW52kRWsGIS%2BJF1G3CAO9n9FqfdMbmSUGkA8kcvjBri%2Bu1fn7BMmQbnVuDYaW6aSXB%2B%2Bzqx6RvYrg3XlnpLUJYJXBRdf4knhCA6caanOCYseCIIqP%2BpOlSyGOkhKmGdmUQJHKOCKcH%2BYZGftxB70Ukx%2FvLgS2w5hrv3QS23bcHOUqEKBuz0%2BUHn3hDolYluk5oE8H9fWPXnp71dD0IuzLcNa1AKyw0AkzNnPZA%3D%3D
壹电影,http://www.kaniptv.cn/uadl.php?etoken=7cy8zmYALtFgPC6tEuMoelO3oS6hYSRxFM0ZmzFKWIP7uwEn6UKGFeyJQQWB8EFIwTDB8uAZxySGEesZA1GWgCBoVYHhLiF7gb1QvAOuwBBC8N6rmA1xOAtkQ2e0xpu9b3cx3PTKUr9yxSnmfMSYOJ%2BxrpEzXB%2Fiqr1H%2B%2Fp64Uduce7euTYH4Sv25BQncfI0iYCUIgaDxqbGwoFxDknnaGAzaf1JWYd1M4BWMtTSRz6suEnfQRj9zODaxP%2BI3OlE6NVjtGhJ%2FlVr%2BILTcItWocfUh9uNA3E9qRHU6c0LLRtmH7RoMQYdIa4n7Tcr3RsyeAlzdu0LUztC0kwr1EHgt%2ByoCEgA06gkr6FkSYuSFacNXXQRrEdlUokIUpH1sp3OsXX0hB5c7KkXouUEYf79bA%3D%3D
JET综合台,http://www.kaniptv.cn/uadl.php?etoken=8h4uTNgQNk8XcWgv9jGF0ikehB63ajlLeq8a33vdghepSxeHsUUml%2FVXUWBZMlVnnTo2pYJKddBN%2BFstlPy%2Bplrwe46UQTct6N4wPKJ%2FA%2BfcN1XseyPC9QRk3yKnB6FCYc8qPqyl5%2BPRIlngc2JO7xbjjjBFTQyf4dmeXb2zzb52SrqjKK8%2BvMCeRejSiQpt5XFGX5Do8QkBZsE9rCfdFKqcFfi3518%2FGwMmvOsy2mklLDeuSgwOBGR3QZFJj9ms57G9di0hKfpkF4Kz6Qz%2BqcfFIW2AednuuIWUZmG9%2FXRNgqtpwJ%2BjZYKdPX3OFaaE7SD9vTNWmiHtJT2BD08vBl6yOYOKDH0CBD%2BHSaHOPLrATCvDJYqZcWonJcxQgBPgrZitK3LbVb%2BHGKR5cR%2FZig%3D%3D
年代Much,http://www.kaniptv.cn/uadl.php?etoken=2fATn65quQIw3nosTWzeWSCrMEeM1QLqB2aGFQCyw%2BBJW%2BVmLoEF4A0zv2Fcsu0tHRVVtySudJJkK1ezLiCumQ3mLt%2BqnwjmnA2Rje1oSIVGxGfT40RrcVcOrnpSuC%2B3k8z0wSjmMYtoU%2FVPiJHJNts%2FM7WLSf9yEFUx%2Bd7be8KhCH2wQ8ptfdzhmbWrB7rViQsolT4l1T9G69mbjkAAvXboonBY9wqzCQJX3sNP%2FT8y17tmGFPFLVkm9%2Fb4uR9I%2BEUF7QihS2l0%2BLFuHrWCbfP1z2cOPk%2BGC7BkrRqoOWPrXJBZE0LRyX7jmL0%2BFo%2FlUlbGqyxbvdfPNL3rBFwDM1Ce2%2FeM1dj304daC1myes5LItqR0MkXZMqqj8OX4NgcA3pVdYJ%2FnS5eXJLeZDzGzA%3D%3D
非凡商业,http://www.kaniptv.cn/uadl.php?etoken=j%2FYagrkf4VpflwY3ug6zIIVLNucIbGc7rGpUcLNts1LGIs70CUjpqp6ppYzMKVDU%2FwyRIaYuZVisb6iopw2a58A%2F4sYQI1tGdn8GvjQHhb4qU8q%2BXm6ilnV2JBPEnTLqrtWyotszFFPuiFyBER3577fytZ%2FAvLC2DE8Zx7hVNY33CNoS0sSAfX%2B921U4zdM3R5kH93QZ%2Fc8mdZ9WrvCjSub74nRiVPvSeM08wB99ZfvXp12Xr4J34q0Fa8dmAkZfjjSv2l37hJOWGhXq8f1Ny1Bzwm7R04665ZkU4m2nToT1nVycP5ENg7k%2BQpvztIPiyDLiOGtRO64lMM%2FLaH0K0NuZ14w%2BPvO9E2bnHcqywbnTyFN%2BSCt7CgS1q%2Bc1b16wytdUN2MsoTq%2FI%2F5gmeDs%2BQ%3D%3D
寰宇财经,http://www.kaniptv.cn/uadl.php?etoken=Nf8XVgz207qTzTYDNSj73YqHt1h7inWm4%2FFITdQq64u%2F37t%2BGvji%2FP1Ncy0gpmsVKbm%2FZ2H9PJkAcSkLCWLRHssZIIFWCP1WVTzZpg7n2njrtGS0dUzJkKICQNkqd%2B0bhS2FIFdU3EjZNyvkAA809d%2Ft77bjABJUSYw3SH%2FLLEIvQ35beWTvag5Nr%2FxvOD%2FQ2WV9cOjXaoG0mYLjpHxMRoxf0D71fqWZpcPQU7aRubpJt2mQc79IB0LWEB%2FvtaYxo4ECgmhq5oUgt8KTpzcbR89DQsjq9BeIGa%2Fcx9l9G0A86343qYI2%2B7HQkZRn9myk1D5Y4fRGQBu61CsWrpN4e44%2FJGbNaQmlJH5DBSfL09Fss%2F26dQ6yqn8fn9Gtp3ldNmwQtrb5uBorE7e02rQDhQ%3D%3D
东森中国台,http://www.kaniptv.cn/uadl.php?etoken=NaxvwqDUx33QSzMzHFScHhefi%2Bevl8dWpGXVsr7Ffud4sf5D4NcT2LjkP8GNK7Qqg%2FtzRcCfUbnzt%2B1GexbgYuL%2B6m5w0tBSr0uMuLMiGgFLh9lQK40FLlpOAKOg1T0rndanaacsk4ScJT16UrHiTyNWkjH%2B66kB%2FkL2GPzbBPM1J3NpH7i1A61LJTSz3Imxp84skNPYKNihNY2Zx74c69Jl%2FCB8r6mYctDl35sdE4zTghxALCf1u1ZW2cqxCpBamY1tCrEszzdu9R%2F%2F7x78CEyWpCDWXoPECLlvwUn63l4SzqAjdC834vZsc5wqFn9TwhgpmI7yIybVWDhv%2FESQ%2FEiP9cZFzVtkojw3fsGqFmo3X9Q0V9YBBY%2B60kl7CssPraELZ78ofOSNea9EwnZqrQ%3D%3D
东森亚洲,http://www.kaniptv.cn/uadl.php?etoken=aSkT1eX%2FL8GF%2B8g7k%2FnzdTV2qFotAKDMib154a8kGSWLVaGdrGdYCDhN6GlRqL0ZHa%2Fp%2BzzDckDC%2FvrxonSVvaGUVlKOOaE5VIDENp3F386QNtdvrUEOBVceHcSO5f%2FsagwYWgTjxXtJ88hbH%2FObGJqRXrnwrlPtBwyt6DdityOMkE6oSJZ9guGXWuLo6AZvQltVSFqKpEo9qFFTu9SFs%2B5XPFUhW%2FeVD35zqVh5xEof5VF0e2aWSZ%2F87DW6gGsaBb1b1SJ1lhXNc1MwLs6MHnvodRU4mIVv3l8iBopJPuMtSlZH4%2FSsZjVkTktIP6q99M4i3o9EUxsvqATBHewo7nN6yi6PzB0z3N35SEMopY8m97lm5kBoJNqYev3rrXlspRJXV2sFDcJGXfuaDDasQw%3D%3D
MOMO综合台,http://www.kaniptv.cn/uadl.php?etoken=RY9O186pYLABm2oC3QyocRBWLzF7TEF%2BN9X6VH8MqDhelgxQ4jcZ9%2BHfxek3zplao2nv2mRxt%2BJKu5e%2BFKT6YNxCDLhL3%2FT82KSwi6aCwRcyoo%2FvNetuCIHkqblheS5GAipOvRhmGcqJkPBRbr8%2BWrh9wcpV3e7Eyic9w5tYpZbhX1Fc%2FM253fwEvQ36Ensoyb9u2gUUaMQ9zOBjPU3jIArs3BnRxOUPeIeAP1kD84yhS6x9wJXKKexBC5aUiDh4qWpKWSn1zoFYvzIJhIn4%2Falhq7WFXlKZbORwhK6KZgTx0bKtB21Hbg9Zk6%2Bfng9Rtd%2FBedvhsJ%2BgKaeYEzsm8B0fd92uDu2FXaPLslhPniRXPniojQx3BffE4f6lVJi4t6EHKA24Dvdq4BNmRG1hCg%3D%3D
MOMO亲子台,http://www.kaniptv.cn/uadl.php?etoken=E5BCdXoVPiBhGS8JnaZLz2Yhnp3yR%2BQaa1kt4mLHdRx72gxMO0ewmLXs8i4L598mtaaghgGRtVuHcUkB1bxvo9ASHz0BXsgS1AD8CvYwoEdh0lgN6bPtKoGLqbPmuGclOtkpqYabjnw3jCd5eFg%2FvKw%2BnkaqeZkxslxNCB41HQw5vAehSm3YiD4Gk%2Bvsk5pVlaYtiJ5wFNKNDoRB4p6e6Zuhg2t5ukfjX5aMkOvb5HpAXSoavbscJmazpsCx4qJ0sA6TZiiwtTdDTy8VedxRsz2DRmxU0lR8YQtGSl%2FbVN2cPe0nYcVle1uC%2BrHVvi36%2B%2B%2FRe%2FC49tUJ3RWOBVthJtE3Zlk69QX8i7cloALIB7g6L3ZYAk2cT3d%2FLS6V8kiIi75AMLLDTaeTOPz0VHCpSQ%3D%3D
MOMO台,http://www.kaniptv.cn/uadl.php?etoken=%2FzRJlhBbZmjAYP4NAjCjab6PfP98iMfGrdRUOsCIolnNEoVQCCMVZLF24ju85uuVEIioLBt5JYGLNCrz5oJFyeJ%2FSgjEtdSKVI94uCoZfBOksGQA2qrbfLNmkxJsSg881JcrYiChBh%2BavznRCAvWQnzWCbIZR0h1L%2B0nHdI0zgBrKp%2FQ%2FcQU%2FlFrd3vPyEcF23rb7jaUk4fBlrR0uUNVFIvQscRU8kH1xGYbVlnCl1qx2C6V5cp6aH7yPAeBnBuXGzSZ2JM4%2FKI5RvNaVRnCDXbVq1zsyjg5vQak1RY%2BSd5J8%2FqlAgUYZpQI6080%2ByEZfxon4mEeqXSkkFuK2vS%2BWOCML1Ptm3NAnY%2B1JC0Rp37WX9vAP%2Bm7xRLonmKGZfczXGyHCBf48BhoxKgh9FSjLA%3D%3D
国兴卫视,http://www.kaniptv.cn/uadl.php?etoken=m6Yd2XGV88XGWLB0VqrdDxs0QKGsMEyg%2F8vQScoRTYLUuiAK7IyRi1FGo2Dxhkh5HvTSL8nuFsHTD1objW4q2RIs4mhBp0TYdFnsDMRxnF3qA5GE%2Bn101usXEENkghyt%2BswZN1mYkY%2BJ1CcJVa%2BEmlqMkufJZGN7UbNmpITCaO9G79qyOajcXAcbzzor%2BYWZT24gNIF0icD3VUuaiHGt8v4wCtz19cjlIi9cbTCfeFcpAFUXYMWlsnTS%2Fp0VT69aXtPJ8XlwevLWZbqZp6w1%2Bb9XYvRjyRyq8307LqGa7FTEi2xf11DEMYL3xj2ki7m1MrL4hyLz8gLhzQDyNLJZX09SsDDP2YwviJWYNDiK0gOVFc89mktsGDmC2tnV02HIfA8LU%2Ba6FH%2BT0Df4Xzj5RA%3D%3D
龙华电视,http://www.kaniptv.cn/uadl.php?etoken=xUSlmVUf%2Fcw0DLektFulr7Q5dVMVAtL2AIWquhpqcf9bOZsGDTHiCiiGw5VMjzi8uGdgS7GzNbaQ5Q6W1eqVcTLA0PUMZZRojiK2lJ6iGC86Cd9eMozJBQB6Vv7lQPvDvpRwjx%2BK9FY6NNuSWQ79xt9gWkogLaHIHtYFNY24BvifXfOSt7baNJRsY3OvVH%2FpvZYehEO5eU5nHNQ2GI2SWeUZmX7pBr%2BI3jh%2BOCWX3Mlnt0XH79IqAboau6xhi%2Frm4n5%2FfF8wStahq5musUVxfoQdVhn1OgcH4Ir%2BJcGeyZb2R1iBV9Czy%2BRnhyDZKW6LO9AxXQgDwRWaIkJdY62iOlCFbop90lWmyRdwPqBo87dA%2Fg79NL7ANrRHPMfsHpPLK25KOTNKzgBZgaq%2FRgYx%2Fg%3D%3D
龙华电影,http://www.kaniptv.cn/uadl.php?etoken=S2qiRhWutr1E%2F4fCGCDW0jxiYWD%2F740HdDVlKc4SyX3SsteJdcu0cwuPp71taiavD1lF7AIBC%2FR6vH%2F51wGwN9JqqX767G4vk9Q69Xgsjw5oPqXmS0S6pBiGksPFMOD6kP5WO289Xd1W0FMS%2F7vCjZcYWfjXCbulVyewRyubxoMQ5F5gZAE8tfLADmd5aWCPOl2YPKPR3lEsLaa%2FHexEYkDVxMIOzBXh7VHNsL34hk49QEVK%2FU%2B%2BUmwZcktP651XPMBrH2FpmUjOa9kp54NmmBNHTyhINmvsz5sWKq41tiAFUrA1oLxtCc0Uf%2BNrZ2ovOW5hLbmJrG7PuALbcVotulIt0832Y1ebqMS5bmUZFLxbRke6LXlFsBLn1nxbe7a7HQXZEdnimm5XuD%2FMa1piCg%3D%3D
龙华影剧,http://www.kaniptv.cn/uadl.php?etoken=CzWLJyLDrlNhJUaN%2BDrMzktOj%2BVcBKpNF4amghNfGMo1CkTKYQnA%2FOmmOhkZcOqaoEMBpOp4Cqz2hc0LNGTIV9e45nmmBIpAhSlYxLx3D1Vi0OYvw%2BunkClWX2mHBwpjRyHaHuX7LbSjcAPXh9PG7SRs7hxq0Xi4gj24iri45OL6VmKeDh2LKDIz9MYHiwGXaBAWcxqTrzB9yBN1Ne7WgrH8Q%2Bv6X6CPuYtd9fQfaQBuctOOQv6GakoKYz8RhS7OHjQzI3f6e7vZT1vViG6IAaRdQcfIWowCMQ3ArBbgB91RGO57jJQwm%2BKIKpGMUtGoSOXxTcRHtIsVGbnbv%2BVPf1YDxA%2BQE%2BTEZxgT33pRhWIDDOVkNiPlR%2B2S122sJ4P7rwkhJNpK%2FeVxObFdXa4jRQ%3D%3D
龙华洋片,http://www.kaniptv.cn/uadl.php?etoken=FhxfgzPhoK194ye4UU4syxSlHtDXQhnjS5k%2BYdgX2NsC%2Bl8SB0S3miQ7%2Bv4r1MOAam19LOrqX3qoXfgvBrqrq9jSIneQORevujCMGRp7OrpzTK5v77g8OJexEaR3idVjdi3ht76mbY%2BpG6QivFPTE6uKDGzRAPdd6rwFZqa%2F0jd0OOSP3JzMMO2Q6XnHIJ95aS82DNQ5dHsNlD75z5ZlUQqSdaVgy0yZdV5T9hR18qQxA8%2Fy1KO2CErZz%2Bl16yBf3%2F%2Bc8%2BLgTE1bPJnBOwVYlWScO66kC%2BU0MU2Mmffv9um9GMJfTD38bsT1ZUDRVRmYmucmXVSSno1wybsYoAg8Ayj0FFdKFy3203Sc3Jpv9Y6KpkF1EPdCYYWkDdi%2Fb06feSl0aKIKHZ73RxXlWPnLmg%3D%3D
龙华经典,http://www.kaniptv.cn/uadl.php?etoken=t%2FhpugHOlpqYPv374zVEyuIdcKs%2B7Zb%2FjX00Tv4RlrDamXFsngpeJrFlcXlkdZsgNuUTAxLn4pkumDAHML8iUSTI1%2FXfcZPqNMq1pgtjodZOcM9pCJYK1EddxOndMrnuPc6DpsX3ahKn2bU0z40bCB3UGSJ1oNkvEPK4sn3KWaOdmZr8QAiQo%2BA3Einnb91gzGItT%2FW3jlQjnqrpmhEe1paQn1aAKEfsr3ivqSxHQcuV8JQmsQTOmW6fFOfAEzJe9eYFGMWXlZX2Y6%2FqehS%2Fx3vjRE%2FmRmyL2V3PbTZe8O2n7xuuhR8QpJf9oHQDI9%2BAil%2BnlvEI9zRd2spXD%2BQb5seGLoaqGLit9O1uUpxfVS%2BN1gBOLbeVrUgCeWJ3dPKL4X8D8rn2jB35oFaoCUzRyQ%3D%3D
三立戏剧台,http://www.kaniptv.cn/uadl.php?etoken=6c4H5AIgtWZ3RSfjaDwuvsGoEIm%2FGSbPYJh%2BUhQ%2BUkvMnm3NMcaAdjy4Hreh6F7XYeGsZSRpBddLtpjhVBtWrCkDuH1GtckP%2Bvtb29l0VDgpo%2FcnE8vRSoa8IOnyqyhiFBumSsalRZB2tTeferVAxMNqOhpfxEJxftrwocxNDIDQOXWJEnU5PPJ1r6vj0Z%2BOF52ETtR8l5zAhecCsQY3ArSpDU41b2u8Olt4Wwt9LgEUJQNM31sXN4dE8x6m6sp8e%2F%2FwpSu9AbJQQCjuikXHmZ3tXToIp9ZFpeQ%2Fv0VAIYtbK4itdTxNXon8IQcnop9sVZUuoXvvLDaynKOXjnUpWEjEKIqjMkIIhXUj8j2Nkx0H3YX4qO004oWEuYBcJVwx%2FZxHFKpW77kvwZAVcxUxZQ%3D%3D
LIVE三立,http://www.kaniptv.cn/uadl.php?etoken=9efFV9zN%2FsJaCfcUCZIhDZNAx04y5xpiRRMzP6u9Yr%2BdRaHR7U5uUnyggUDGmXkHHmxYf8F2prQ1wLUgE3aymcrlxj8S2YlqfWS%2BaSYOe%2BRSQwjz8FxXYOZjFgpF62r%2FdcIemvBW8Wz1KxEjdIOttWl9mPYY0T58TQz1om5i6ofxH5zXuzV0lJ16PBzdMOvPhOi0cxaZ74LpvDT0zwyuzbPKov7iXVAFkz2t7uRBma9J2LjhS9yb6hP4xFlblnKEMM2BxlJ6qiMVtjkwBZG4xUh5E1ZNyP1PSHoJ5gqiXv3spHxTxLj9LfoBoGJqv%2FSoZeKvqzR3otxhlsKgx5dETj8zvHMDR9TBc5rJuWkZbRxIRuAjaLDaK5h8pFXBFmgI%2BaWyVbASH4uP39sDCRf6xg%3D%3D
纬来综合,http://www.kaniptv.cn/uadl.php?etoken=EX93d8WpeN85h4nlV2WhQOH3OSd48WQBAnkiyk4HNVFBsWnn8oIKvy4%2BRcoL5aXQj%2FQymcq7PZ2RVoSJ1dyI1itV%2BzesLjEy8RLHGZfuB6ohAzBiWDzNiG9eIrUMQIBiyeVexDbsRm%2B%2BbwQKS4aDhCLHglthC2xGrH2i2aMLiSZ6OQWzQfp0A9As2jmfe%2BrusVyPqG2Xh8UpnzFHDXDByQ07%2FYQa%2BKhagjKJrQ2b31Wnev9WyPh6PVNc%2BgcJeGqk%2BF2L82Cxxdb7aJK5JqneFMhxVrwsjuNZidDH1ID6v0zn6htrnsI84GjXr6aeiM8msHhsIgJiRzrQGFaB%2FHM9aFT47zMxBt0KSODWYXW5ot2KfjQ58cOepiBYn5XQhG92YczclPK1di1OLGTdCpVINQ%3D%3D
纬来精彩,http://www.kaniptv.cn/uadl.php?etoken=gnYF2EC3AswUq1pSGLWo4k%2BqzR5yXx2p3q6e2k69%2BGGW2%2FWPhAY2jTTL%2FIKABUaoQPqEypS9Ei6SKai7DPUQIPawEoxzjLh3Wd2Q2UFk%2FfyKuZuKpyDn9q3kcN0yC9Y608cmkfSsbNBsHG52tJYW7ZcWbA0xhj58iszxKonT30D5i2GH9VkpGNFLvPikEJRxBJrKXydF2HrjsO61%2FdFFpIv7lj5JXDwBat0t%2F5JER41gGepTMNbupEFV%2FxN0AWr%2FYo%2FQYTTh4t%2BnRRQW3bFv3Hloht%2FDnvT29LdqYmcUq4Rm9rF%2ByzGi%2F34k0POm0Ho5ETi6JnstyQdVYGfzvfxJwiCkEHs39%2Fgmoy1zxo1eHfNwDT97hVsvqy3%2Bqy3AF4HwRPeGbB60f3ld5JBXWnmkgg%3D%3D
纬来日本,http://www.kaniptv.cn/uadl.php?etoken=6RWX0ovZeP9vF6r0gheJWdaxjOTjyEslp7YPgA3xscNguwfMIAjMymHgD4k1wI7xfh5OrfOcz%2FN%2FlpMS7CUVY6GYhvGOrA4iVBxaaL%2F3%2B4aL1qlr77vxTltnYXPQABnxryu64gJTiv%2FlZ4q3rW0IwE4FFigQmIAWksQDvSBUi3eZFl7nGIE3ZSIfz51iVeS%2FMaBbQWed5vjwvX3HmExJKMyWhf1KCxu3uS0P2xAxRSGnaCZ1zFmiwM5bfoUNQguEraVklKQu25vnFJG%2Bo2%2Fwr4LbbZbUILjD1GxFjS0b9znNfsl0CpW9Alre6Bh5BYxaT139ZTFDgVFSZCI9c1WRU656ia75kj5cNwoBr6jpz2TLQe7Co%2FGbLzve6YP62XHI4OslKKGUDaYpqPJUkD01Aw%3D%3D
纬来育乐,http://www.kaniptv.cn/uadl.php?etoken=lMl8H5iTJbyK%2FIL9Pi4lZQHnMdMgIpVLHHZ%2FO5maxtDIRUF%2BXNrDwvA%2BfKwjhElJW8p2pVbt17sMN6Xms5T%2Bje01WyUKwNI8M66wRbaNR9%2BuVR8dov4EaRVh0byPtSSYwt0DozqErfMHsBmTc5EDfFrShadc1z9fZ7tGAM%2FRnmmQEguiE4w3VlSeqx%2FLOzzSzW8eCTflDagJIzbdhYX6IsDw3%2BqAW1IbWn7rbOweD7x%2Bd4PbIxLSukdRW4%2BtjIiB30shg2WBNA3jst813jmN4Jq8Y99z2yJUp4qu%2FbdLQm8JR8HY04q6zOSZdlAROQiNQ5N2A3Z2J4FvvvERDChQW8eVM%2F2HvTY7sGg0kpqX33tM8iVzKAk%2BS%2FluEte0beWoFAhH1UfXTqOTWnAWdfOOkg%3D%3D
TVBS NEWS,http://www.kaniptv.cn/uadl.php?etoken=E1XhwcKBU1QhtCAPeiMT9kwXzTkooq31AHK%2B8nPSq%2FqHcxO26CyvHzfo%2BrRkFihkTvhtGGTPRG1nmXVN8vf05ZVzO4Dg1TK8EfjVtoDSe5kzIcl%2Bg6d0WDD6VI%2BfyapgcnlRH9M7nBQERWZbyL4ozRONnu3VE50VaG2cN4Gwh%2BGGTMygIbz4YmGOZGDZMQ4DHGGl%2B0LHh3T2pE25CE%2B4rkVrmw2AXL%2BQujlUCkPiIOkogWKAmhCdScHZdKdUkYwvvbC8JkS1anAMMg06r%2BCqf6Gsw289%2BckmybTpEwz8J3GlIDDM46K%2FImi203A0PKD1u9yTcIdS2Y6NZJ4zZCC%2F0aISka%2FcuAihiXwvd6iwWHjG5P6BfaKDZWfuVXwUgyQTUHFRNqxmxa7YFwZSY8dsWA%3D%3D
ELTA日韩,http://www.kaniptv.cn/uadl.php?etoken=31HMCrd6TkG0McYool%2FhENOs4ExCNdbpxB%2BjQCJUzFsgDwhK0YL8o4Q6RhaVA52Wm%2F7LXMLh76oJINxr4%2FSKIIx8D5GrJv725Bx0KJDxm4PiZtFoomwWxNNhlPSlH4USmFw5sE8Zt9%2BFakeYY8WjYt0ISyROZV8Za6L9KRfK0SpZ6i0GNPiwqEW%2BMFW6NFPdSSXYicOAESduTbLCv0pnFQfaADCSyqox1t%2BRJG7RQoKw9tKgLmrE8pgBcYe2LcSbQG1a30%2F%2BX%2FPW4yWpmdm0BKwQjf%2BA%2Fkcgo5NTJiVqpkyz3inyPmqSjnFerpILh7WGOlVLniJHphjFNYmM%2F119t3%2FmI%2BbdvYtJYH%2BhozOWmmxbiHLOX0jBwLf2F88aeFnFhJG8a7K3Pf6gzwoHaJjvaA%3D%3D
ELTA影剧,http://www.kaniptv.cn/uadl.php?etoken=xS9O419q9HiF7lvZ8uXEXEjtNG4N8zQ4OLxhcIH%2FAKl%2FTdrMT%2BsOqZm3flh42FgVsNu%2FQjrTbw4J3opOsKhICMkdgDBCW7YEKd2siK%2Bhagqk5xI7P3Jf4VOrx%2FBAB2Q4574ZBobSDYtzmx0R5WMUiIfvGvxCTUwoFNmOZFvxRkXwEmJ2Zn8VUe5oK%2BG%2Bzoy3zIpvbYWNdMWKynLoa%2FYTJg5G8V%2FCZoLrDHZW6UrSSl5tBk4FAQQnvPHZbfyLNATWCtEx92uZuNy9x2Tld32iNjQx2GFNuaK9rqJpKP7NzKMQ5AFtQG%2FgxHmMxilMOwWaOQTSFBA%2F9wjBO6tIbmfY1sRX84dH3Y%2BBd91cLBioRu66Yu%2BS5df7Cv5IfkiXzyUXA%2FCEKUi9fXvsqQxBOBmI7Q%3D%3D
ELTA综合,http://www.kaniptv.cn/uadl.php?etoken=6AE2ZJmwV6USM7T5JVFiiEvecq5T4aaHu2sUybpy6USpiYr6BEXsXJN4E3t5iqzMGVRFhUaLYXfR0hWgcjq2gjX6%2B%2B7G8qVkfaiBH0otC6DDThe5IhLJHVdxygakp4bUPDtoIxQVRVvnBOjwwf0cbmBGUkCUsUN54ci8Ld%2FVLRkXkai8BEFCP9Ll%2BLV99rf8%2BpRs17OcC80Hc1YqxGJYX7x0HLiegweexN5ccbqrE%2FgWPNaHnC2CQx6fDkMtI8J1lL63dIndrpYmE0opiS33bK4KZgctGHh%2Bu37tc5UIWjbp6LlrKthkppIboZo4YFSHdpLKqOiF9wepZmVR1KtWox%2F0279AvT8NuQMsCjkki4%2BOj6vi1tPCcVlu6XfUBVg0XLczDpXF9X7Dm%2FyluHE2KA%3D%3D
ELTA娱乐,http://www.kaniptv.cn/uadl.php?etoken=dYonAtLHxE6n2rwx%2BaRtv426fAw%2Bzusc7PX%2FjdA0iRm%2FNJXLvmD2WVgm1jI%2BT9FUGIvMUo%2F9m%2Fb0VYb4oZD%2FxCpBdmovsVWFx2nUFz8Z1t50WV6xyhS7AtIF1HJC6tqd773wWNlqw9FhKX3WfX3XNNtDyhmOFZWexAhTUgr5q9ux7QnK6IhpTHyavv8YyUDAQRyGYsQ2maFes2zu7ho6nm8D%2FFGc1kdHPDKslnYlW06EZjYg%2B4JJvm%2Bmh2rBYLl8N9uYMdMk9vzIChkb4fD1Gx%2FDVUf9o9DX8AiBLyWpEygPuVHqvNPHSMjdjV3bk65Sdz5CuOtMPweS5iHwvuJ3pqLYzK1%2FSUT7WXRaXj737Oa%2FVbmQIwZq%2FG0He3M6hswdm3RD5tWBf3IGswVwAVIcuA%3D%3D
ELTA生活旅游,http://www.kaniptv.cn/uadl.php?etoken=Prg0JSitxlwpcYai2lrDVQKph1w9z%2Bz11Ysog57uxTz53MEVrwPAoOB7JnPa8uk7l2GD9TzcOeaUjdHHq7Lqz0wlfQ4WKttlWkhKeNAy2i8CXNmxaYjreTCFjQRVEYzPpwVCXzzNpKn9Q0QYfljKA7T7%2FQds5caBrpfmwCvcskZVEfP5pfe3Suw6b0cuz8FzoZGIPpdQ9chxU8SwiliTcFhil6d1IgF3Nl9uBs1n92Bis%2FYbPFBLp7%2BAU%2Fajn3f4WUrKK6ojKXw0VVKICD48XZakJoHF3UpSlsCo2ofZ6R6tk%2BfBWBJ2yin5WRgHrAsLtHj8mYlwe%2BGKMH3K8eWyK3R78ULujGLS5EcrJcOe0BBT7DZynKZsZboBzTsig4Mo5HuUenzsXsEdgk%2BBkGdnKwSuTV311PTvFuqM24nSKKfitmsl9jlh2qN%2BHLZNEOKJ
ELTA体育1,http://www.kaniptv.cn/uadl.php?etoken=1byoZe6DNOiEZdaapVxBcXrCsAlJfpqXBTc5YVi8Ai03BwShGn00d44g7sAQZr1CXAZgs8WBhv4qnvHb2T6dLIZUrgOWcDbfULJlVcXUnKFRIMuwpJg2gf7GtkwAgT5O6ikfgq5FHb4e4fICASNHqC9LiRXtTUv8DyOWq1sN6E54p89YYuhZg84abMuKVxY0icgYKUlyF%2B99xHJ5UN%2FyvQYwJBhRTRh2m7aQTtjD2urZlQCHW0EkqaalhA1RZp5YqCt7DbouAuqg5lG7aGkipjHvNmBI6vdQE0GuyNlw5NdWrhdvvEq2xESMXEqgAU248v5FGriT4IZLWlzRRrdGZwMr9e9Y0Sn7gYd3u8t6pvk%2BYBz4ScUNP%2BRLIhncJVeHW3Ywh%2BjbweRlA3XN%2Fcpekw%3D%3D
ELTA体育2,http://www.kaniptv.cn/uadl.php?etoken=uOZlKY8GDDn19EUoWlLguVOXw0AJLFY3HGNFhRn%2Bpfxj6oOa9wga91W%2F5K2lQNCC8xpRVGGB7%2Fj9Q0lnCw4%2F%2BSLlvoK7wcRJmiyqOc3gPr6fDRPzzz1FsdYcqplkWip%2Ftk9hBDrYqAterozxqBZts5lu1yS3dD9fi4qo1qNImlKDiL6jKvVQy3ChU4SE7wVDJrO2%2BsIeV81mwJ9HBK0yqxP0oJnTOBP7kdDQlJZKUr8%2FHhLMuYx7xDYLWhyxJzdIzmfGhkGVP11Z22y2xN3q9KClooI8zi3fRpNhpeeFVm0zpqp6Fcvi64UKpKZf4fS%2FQzJGWooDnWI6D48I3DfPRTD1Vtxu92qKlcSlUFv0dyxvdHSR%2FW0SeYl%2FCiAXNpS0e70vWT9hQEtU35%2F6Ujv5iw%3D%3D
ELTA体育3,http://www.kaniptv.cn/uadl.php?etoken=xrlxH5WKZqAB4AfJenrI8CJV8jxrktv0sSCzGxkZSO1q4QzMoEKjJZxhPJPsdyx6Oe%2FdCxgdhNG0dQ0xXJAFQ5iI%2FgbVexeSSlZ9aiHb5%2Fn8FHYFAuddd8x1VNIR0IkxOWTRhAkAYM2jZfyrthWfYtc0DvcMc6pbmX6ai3Y%2F2EUr7%2BWYHbR7id2v7zL8HIW8rJYpRUK7SaUh7FPWuqhekOlZqi1ynkoEbGbiV40%2FBQqJUwU5A1AsyemHasadajXS5p7NP3zsyFizc0uHCIl0v1RJ%2F2xIrc4wi7cJnJJXJcC3LkKIpKyDAARorjWkAX9SpjqAaub11E5tyHzrx2eOV5PZFk65sZ3dFwxbVUDTj0M90Jefsdr24%2FshblqHx4Vs3FGk9BJZ4vXm6P3rJ81VWQ%3D%3D
ELTA体育4,http://www.kaniptv.cn/uadl.php?etoken=1q5S1%2FWzm4mrvF2bhXXy6BBQ8h8h1u7fEXEbuI%2Fkgpem2rKpCIZRHUxq%2Fr%2BcHHj5GYwirccoUEnFBbS4b6M%2FplQkYa6P3hOrVAknJ7F%2B1LFTESRW0zDeyK%2BXOXAxsb9g6DzUmm8EjNPyzL2FJDBHHWWMDm%2BKbHnP3Bn9t2J6BG9RKcQsPO%2Fh0Ybr5mi%2F8DQX0BiAlhc15YLZhbA6tXq0kayjd3P1ADmiqu9xtX1v5LZJj0H44mP4zh8VqhT47gJhimb%2B9m4VBewsPTXdFDmPi5%2BYZk5pejOYe0%2FaQPZ1zV3NApn0iHwRJa%2BdkbBIsU4knJ3LeBWk4q8COaH2xrwEeM7LDIX7ODMxhTpho%2B1xxfDqoMpNojMUybnoXT5gi3d2pVFSP0%2BDBQC0Mj%2F6OI8TzA%3D%3D
ELTA体育MAX1,http://www.kaniptv.cn/uadl.php?etoken=M8TrClsK%2FQPkkooT%2Fys90tnLr5S1adB0egcIY517caa%2FoUGpBygo6vYKtd54HcImATqSv3dEx6lVjJMTHDAmDo7Qe4GPietlgBel%2B1HR6s4RuTOOjKkvEY3jFFdmzeCddJuJlE6WDSDZVj%2B276cbbOU%2Fq7pQkCiFQO2SnDcIilSWiHrp%2FXONwQl8Getr4kClSSAgvOxYXFCJYMzh5YrZWjRCPVf6QfegjPzeCMy1uvCys2BRWwfiT0s8Dw8PyOftqQuWdFFRrRvpnfsPzf3HBR0O%2BgV6%2FLKVeRwLsYs8Y9AAGE4e1ap0iDOfzXpTJphYo1Knsk35LDt1zUhOQl3xJLEb4%2FdHEsqD8axymmXx%2F%2BULwCd4UJiFbrMvl0EQjCxQ2h%2BO1%2BXdbgeQAGW8bZWBeg%3D%3D
ELTA体育MAX2,http://www.kaniptv.cn/uadl.php?etoken=h%2FNfbMNvf7H%2FxowggIdp1CSQVEL0ukCuuBhF6YUaVCD8FKjUb7ezUrX3Dyu60A8%2BDvU9pHdWTcrDVI4YErLSaUkS6qqKBRuucTIEXwamcyPFbCM1xb5miUJ30N1UqVObY9rpuOJ3lXPIEpuZbaO07sS2UHJQwD8JeSj76SDeqG4uRKC9lnJhDylcU4FXuV6px%2Bc9LUAT47wkuQFZyILTnlKk4bRXp1FyAj7qCCSoXxaN9O7Si%2F8%2FmVFy9V3lptGZiWbrd2JolQS2Ybemi%2F7%2FnUjTta6%2BG7UGAPauWFiSEdOPQ2DXCHtjA2Bpn28sh4szDrzq5V0hoe0Ui6WSOBGN9lnZBtRK3d4vj0czcluZ9HpVLFx%2BX092mKv7ADuYOQBbt4KO4uGZa0AoAOGqWo%2FxZw%3D%3D
ELTA体育MAX3,http://www.kaniptv.cn/uadl.php?etoken=P1ImMe63TQx9cB1A810i2RbuqaAJ0L2XNnSKwxokGMmdoTDT4urO0p5W9KJOdXZ8PYV76OBBQYC4UvPZwk5aWX9Kk2IRVk0Lr62RZlOEDJ0%2BtmEF4YGdnzReNNOH3KVtqoHikv2MqfSqLDkd%2Fbl89zbd4LlVsV3haxht6YPb7qutRR23BxugC1HiGDOI6Fc00JPKr46lBL8tmMjteKlf%2FuBOorU3ev3HVB83cq6HXHM05fG3m0IxBMjz5OPIeLWbsNzBINSZG9W51m6scFuY%2FE8P4rnyAwRD4Im4ClJ%2FLQr5K%2BjiVc0hMHJa63RuTu3vj7LA%2F1EVVbTr5cwgx4P8GzqyFunPWTxBodIXlVVev%2B1oEuHyPdCdddAZbfJ5pWarciarJc%2FXf0HWlrM2CY3pZw%3D%3D
ELTA体育MAX4,http://www.kaniptv.cn/uadl.php?etoken=uPSHyBNUT5nKM2bUXJlmEd%2Bw6XC6xKF5nEs7k0mqXY%2FhtR%2BM%2FT5K6wSY3BvTVIPeduPs54UmHcz%2FFb3DnkpVEo53I7xFQ3wFL2lxnv%2B7FzJKmjnVI1wYQfDIqqwbtM0fXfLZi0AteTvbGJVl%2FeusJrfMD30OH69125Lhpk2wpzFPg4T9XP5AhgGn0iXX9%2FRiW66yM%2BHohASD6zHxxAwSFVVMM9r7FW3FF3TYTXgrkX06uZ48Qk2gWnDI3g0bodsmG62jkTxwjdoY%2BJoMefBQs5CKEASBuMqHXaxZ%2BSoufVFOyrTrdZnhSbzlkSDIXJPOmzb4vV7ApppJvN4cECRRHegr5j5HvU37erw4OsYGb6g1AyLBHY%2FFQNomXug%2BQRrbYH6CUEUyoerJqQ5Wrpxy%2FQ%3D%3D
GinxTV电竞频道,http://www.kaniptv.cn/uadl.php?etoken=GkLqxyg3hQK%2BWNNz0v7okZ4qLb9T2U4Hote6mMpMKP11jagqxyLrLffRzI6OoeRBDhAmMzuVmpNkVsPV9D1K%2B%2F8gapvlb2GeXX%2FwV4W%2Fev57%2FE78od%2FtRN875kD2z1MHJexi%2FQM0VkWcJvEd%2BlokFLZnRWRI8Wh1jA8pqzsYTnHfkb0fuchxUHHJvsK3A2edILSIVIJxvjEwR8iKa9DC6LuO6gQ0gjEzhLXiHLqnQo7zqJ%2FVASaoyeDwLNQlF4Ryw4NDy8huaM0ogvVuYtAWxoW83nIYtGlFVgar6xhy%2B9APma9ZjXED6%2BL9xzmgmgseKX4rqc0Aahm%2B51ESLYLyOjF3x2u2O8KCFBKSStVvN1epaaJZxP33k7p51EwSag4H4yiex1%2Fg6KJv9OU%2F55Wo2dS2%2F6hTq9wU6Sx7X0pKiSvGY4Ul3xu%2BSp9hs6eWGMfR
博斯运动1,http://www.kaniptv.cn/uadl.php?etoken=gIz3tkigbUtrV1frKlDNH2YAT%2BUwK0ijf6khoE85JWt6ymQH1fRVdMT7wsGhi%2FdEVpwNRFJuhTqbRTz%2BgD%2FNkFzpN%2FQBv51EsUFNubM%2B89n45ROm%2BMeLPvPiSOz9jYK2gqFfGrD6fIPlzuk6nWoZJYZKrfiYv2fzJl0q2YUSr131PqFZL18yyUJ5EBbd1VeZwhqS%2FKStqZj5kshi2CpjmD58etQ9Nj3mZc2ST19SUZ5GS%2F4cvtpVkisQ%2FfPHgS93O6qxxtAQzKcQHXbLkrn9XpsLlPH9I3bT0dHdfB1GS9XVVBc02sP8e6vR%2F6wNMrEe596YDPkbeheqZwq1Qjrrd1I1SJQbN3EKl%2FkG0qGCZ%2FtnASFzdlLD5dMjRzSgiJy8r7f55Du64PtKohLeJnpnzg%3D%3D
博斯运动2,http://www.kaniptv.cn/uadl.php?etoken=N0DwQLzAHI9mMeW%2FUTGh%2BJWsz8at0N%2Fmycb9pF5uriqA4T%2FAbwmu%2FjlbAtOukhhS27FK2DPBLvs0EqAotyeCAztw3ov7Fwb%2B80GGi1HyHh%2B6gqSlvlqVe%2BR9I1DPiJNwZeNtymOgxa3RpqbwFrKWoRtGI1OUH0MHDyAK4wQReymmDWTrJ71C3TnvPyrsivEndEXVhuQWeD72aK9sLOKy1SyLtxFY9qWbdb8TFTC%2F9HA0RMTxtz6y1NNASJRYIeRrLwaRHBlDKiayeJG%2Bmd0scSNcH1axeVS1pE6v39dTYMeLXCQRwFiQzM0ck7kLBst1Kl2MYAgR14BEmFJ1Tn6ZekGYqUF2vO%2FaZXTlw72t6n%2BFD6CdLKifggx95A0mTLI1GwfE5ygqXJIvJZ0SJmFmhA%3D%3D
博斯高球1,http://www.kaniptv.cn/uadl.php?etoken=LhEehZ%2FKjfrxo844tUQ7nFqkFj%2BU1Hwm%2FERgH9iYN2am9ZqyhJOY9Ukm5ncafH9%2BZ1IT7ZYtzZ2uvMgQHneGeCG3LRIXa1epfwnGdlPrKLPEaO3vqTVJWI7dExmBDBxToZ3MgDWwIWqNqJcwnj0x5T9InKzScy9HeC6FqfMR8SWDMZkr9Fi3HSs%2BLpAHpEWj19bspv%2FLPCXqdNdeLlQ7F%2B4lowd00RZ4VqorMHkdZEq6GDAPoY86VoIutaclcIwV1wPvP5LaahxBoQpYX3eZxb3Nrk%2ByH6UapoiaVqBRUlvAO%2BQTuJVc%2B6kzGi0tQybcdGwAQZYcC7b6BMFXpg1V0L8c79X9fLPEbBgoHOGZsaMvChE%2Bhgae8nzUHXxwghLTheoYJfujbbth2mUQ4S%2BB8Q%3D%3D
博斯高球2,http://www.kaniptv.cn/uadl.php?etoken=vk3uTQFZv02KQYYRhGjlOYl5HeLHzWXlheAbjyk0T%2B9tSPcC4WTSSg6rO4HDcterLLJAe0yTV1ZBryWI3vj%2BgMoCz1ovxzFgGsJWrMp5%2B3AvFKExkBNCYCqcwoDurlXLvXMQtqom50BGzOv9lJ8XtwnBlN8HudTI4nrylWg5gk3j8OVWDBklEbacU4wRMJxx0Jp2I2xWM3dAJZrUcmEfDB0bNDCNRHn2yOpy0bGa%2B2%2FwO08nr%2Bd7zJficz5uZ3N9EucXnwqvJLnT4wxdSPZ0eyMwf3%2FQQFU0SciLlhzNanC%2Bbh%2FYanyqLVN1VpnOD1Qq1zJdw%2Bz%2F426evqJgoqJJoBSGSdjlR7GQ9%2Fr1J127%2FaAWSwZRZio61jp3DdRk8eoPAQ1%2BG3M5hB9ywRopuTxvYA%3D%3D
博斯网球,http://www.kaniptv.cn/uadl.php?etoken=sKwGsu4Gxmh4Ei%2B3%2FifW1h84CcvLvWTLW7XOFEvBXCg8Rfc8Eu3B%2B6y08deUoDR3w%2BD40%2BMO%2BP2N2a7afbGJ26FgvfnDjWRx15M68iblpOPAYZyNEgHrd87n%2F%2Fe3VFxNugjB6l%2BAg%2FkPVsXTrbnVifNSX5xtSnPgH7Eosd0XaqFy5injm1qgWk%2BqHtDA4pSKD3Rs3xpkyIqsI5XDN5mqW5Uo%2F9koj%2F4WOncLAgKW%2BeopGqJDbtUa32PtY6BRX9h7nw7RwgaOp18ALjMuh79UkVwf2qRcFZNhEtmlhA5SwQ%2B13tuuK0OASkvA6maaOYL1VLRcZmUeS2AtkY6Nu7fowBOS00HcaeltUoSX4ydFJ8pZJWu4tKOofrYBckccS4sOdjrXpA40kBrYSyTcNv7G1Q%3D%3D
博斯无限,http://www.kaniptv.cn/uadl.php?etoken=rGoOQaJckd8yOXcrmL5tZta0v438EBpEhOy%2BRO7uO6yuW6Moii%2BpIEDRPFTYtDbBRBOGAMUXDVagIUFR3%2FAdn%2BN6o3x5oKqlbSK90r%2FunO5VZ3eEQFxUHuphywEeod5xdy7xvBfPNzVOKrgGMzWl1oqpCT7%2FXuhLwluA%2FVZiUG1%2BYCj2UeC2%2FvkOCT7WweNG6kOPc7IvZ3M505L6NnBNO9MkNOyoGX8aICFXo6kpLY8WW9Jn%2BmOSLcqSfz%2FpIs3kmUf0UjpBNFY3cL26et2LGPyAtjG5eQpXjFdRhNxLlhHg61JZcEa1khLjSGVPljV5aYtd0XcNTynQGf%2F0Or35duh1eQ6y5RKFi9z4I%2FnsEMoNXCxD%2F%2BHMox5QjyonjBV4W3HUcMwLvHnsr35fRrPhlA%3D%3D
博斯无限2,http://www.kaniptv.cn/uadl.php?etoken=qXz9SfdkNjzYGHgo%2FU%2BFqRkSpu6IiMEykfmTuwvMQ1CmFuJRbZid%2BNhB%2FWixUvmVplXmtI2%2BwghQf6qgit0IE2crDYArsSRe49XpNIjTKp8m3ysjrqGTRxcAs2%2BwiOqedzgpxeoIrqKrBDHH4jKsNH8E2mOM%2FHbl1KDGiII%2FI4QTzHrBJKqTcNbLAgZnQWQAYFmGbjkAh95gitEeCPY1UbvZfHhduc%2FckWJSElFy0y3TzU4373zKJDEMDyUP6N3GKxlSzO3SCOEpfV%2BGJl5S%2BltXVV5KGx9rJMojhYzoL5hmXmaMFdLTvxta%2FIeCn8W1q7UOfB9%2BW02JRgBzhzsCx5BheZDU8uMKVZqExCzH9%2BitaJSUU6LA%2BPC1uMh0uFOWpblAVMtjEpdUUJRotejaQg%3D%3D
博斯魅力,http://www.kaniptv.cn/uadl.php?etoken=0BO1X5u7fCHkoy1LTNqoYjauSgDLU3dZUujiXH14xTfzVOtWSMMMiFP0ZdddY01FgZEX4UR3UaxH29GGeMGbCW3Ql28jZuVRz5YstPvoqKfp7vW%2Fwran3utwwlHJcYkmkNiTDXU2nMIVqhJTJ14uOKgPD1m0C3HlBno3raRqcihXJaO7PnVHXv5As5lzyqlw1KjqpS5Ltb9u3XuFpA6vVNg4SppUqk2BqgWkmycCgQd0cGTeI9707ozTLNx8z4UWqKy%2BgWmtLaB0GHl5a8saAe6zU1KiaW6wEJF9DnKKn2U%2Bxme8%2BVDAUs5nvydfnhZ96dlzk2kjeS9lmKpHzP0yrBnrQ9mcMz66qsW0dRS5FmxGQyBR2XQNocIYs0NVB8HcsLT%2FTdYMBZezmpwVxiFhqQ%3D%3D
经典卡通台,http://www.kaniptv.cn/uadl.php?etoken=sw0kpct2ybIZYkxld%2BVDckLuphumT9byZo5MvG%2BVr2kImw7wVVs34ZUFw1LjNDZlnizDxyd%2F0bG7NP7JP3sttW6NSIsk07duQxNvQfmzbTUREtQgtXZ5bITaamDoAO72iiQaia8Yg95aPQ9DUvmd3JKXUtBeT4dv0ChhCfkw5%2B5myBDQe3PeRKYQkC0aV0NmYPZDj6ObkB5GSKPEi0vqm0iL%2BfeqU0JEOvDwieaX%2FB7dRky1iO6IP0Ck8mvECRXaserfooD5daFqsiULjxl%2BTKkT7zcpxdfeTElHBaKmXjIZxpJDZhKFmfPjHS7Lo1lUXn3EKPXYmrjVoK7Q5j1LwehP0NIKblmY2exxueI%2FOY8sqZF0%2BUzFz9yqGeUTUwjgand8Zr1gvxSnRcFEUnTAPw%3D%3D
Thrill惊悚,http://www.kaniptv.cn/uadl.php?etoken=gSG%2BPr2eiwAv3gkvenc0%2F68F280pyA%2BwvKH2iTf%2F%2BjgUuMwuBRaU6VfQLF%2F9YJcVtXHePm5XwbSH4Twu7CAaOemSpAt3HwAxLxlxeEXEkjYN5xTReW824um2cLsXy81Yj5PD6XbY3quQ9V%2BHOpOos5WktASPCpTI5YX1YJHpFhd6bDDNe6ZtmndIh%2BuOlcR6LYnelbYonum9NiMBB%2BFK8A0vhvz13Cme20TeVbMIPGap%2BOCCa4nQ5UMVzDCZuT6JcYcKRRkXSh6S4vVFB28Xx67TxQqCvWVCyzxC%2FG5gb%2BJ8WHvhT%2BM9SbUneeXAsnWF5slN4g7bidVRxA299yiyFcm5OYW0ZfDv%2BzsVnVuaxcgirV22m7Ftno2nvuwczInF2%2BsguQqA7cyXe6ALDhRbQg%3D%3D
华纳电影,http://www.kaniptv.cn/uadl.php?etoken=bkXXsmnrIONZwstJOv%2BcgUeXCTxcT7oSwK4%2BwkibuuXj1T7gT%2FC38k%2FJQj4oZm%2FkHmErHTX5N2eaoZAEdrfAQnWLqYCO5MIT1FBhE8mbgd3o8%2BanWKllMhxdyka4pJj81So3XihyUsZsfT8r1n4X4jywJjmrIuTMR7ytXK5EwtnByutxoL42K%2B1pfplTtzixEUOuILoH4%2B%2FVMWpt%2BQm9OaGDb8yiwEWKKH1oLiLM5hfJonBNf93ICYl5Tqt6TJBKU%2FHc9VUka49j8RGfDOvIexc9NucZZjeTLS0CKqKE%2FTFr3KvtIwyhgA73PWocGtkrysT4LKFn0QN2yD9ov0DDHHGjfSm5U0DRynt3SFp1vFqpKaeelsUwZmAR87e20wmNMgGLZdowPtcSCKekKcMpxQ%3D%3D
HBO原创,http://www.kaniptv.cn/uadl.php?etoken=F%2FLPKerha%2Bz5VdrSBum2S%2Bb8O9RiaTVuAr6ZuoEqg68VzextyBpk0McJu%2BU3lHhl75lUElczIIJCvwEmMyC9J0NUjGV3gHCUYrIiXrVM%2BmsfNo%2BD2WmGjbb87gQn3L4AxYzQGR9ge9F52kv%2BkkfZki%2FsckcShxBAB%2F17ubcSf9jCJeYrddH4JVKQSFyOlI6ZA7qBrO7QyFcSkRNxzEZYwA46jj7EJ3gSRtNA%2B1opW8xu89NsVPzPl3BY%2BVwLTmCeZ7g%2Bdy7T41%2Bwdk9cWyCcicgevstaqbBspjwbAXF3U6y7BYJfuE%2FfSu5qD7Gw5V1zR5vVtGEAhkwV5iJBPOu47BxLVurs2j%2BPPYMtK5npKTBhSiKt0udDZrZBjKLo4qTZD3pQwjMbL5kxZNe9hDtBPg%3D%3D
HBO强档,http://www.kaniptv.cn/uadl.php?etoken=qFzsca3%2BfitwE%2BGPRJPFZDcIEZM5915skU7Z0Un3aa7UAsW6MP95MUL6T3O2qC1ZfNAKuifIpcUaQKchfd4CIzx7Ll5P6rvTLVRjjQp6xWETDl%2FdxVA9xXKKrE6NwwqW5x3F2qXKVsESMAGryD8%2FMQ0ZrqFSCwqd4%2F33DhUoy7Ro8Z%2BZfG3Fz5vZ8IA3r0zcZpW8NC%2B7G2CFMEURSwJVhAlgzKd0egwMdNdPG3DvCBjlF0dJ7bTkWceiinhLAOT5YPaqgd%2FXDeA7ByFo1E4gW6V27u4Z1oCT71OyJ0%2F5EatlKoVZ7%2B%2Brc%2B5N8%2BeyOViWTDcwahL%2BSoSKcLbTSqnQ2W%2FJtFHtnTseDY5SFIoWbL6PuJfR9i8gO%2FFzhqDyKlGPP5fYF3HBjrMuMeIsRre3gQ%3D%3D
HBO家庭,http://www.kaniptv.cn/uadl.php?etoken=t1e6J89f0Fdu8aDMA%2FDhRsLuRT59T5OwlUTN62JowY%2BwEky0oebERH77SFbXJpno%2F6mHmsHbrhuFq7K1k0YIloHTZMY%2F5S6xbMAtIO%2F2l1T1O2VscWOOe0Fw0t4QlLi%2Fy7syoPq24LHFgYoQ%2BBrWIz5I8%2BLzFjseKNN2Whp0c%2BRpjJ4ZXYreF1Q4peeB0b6ODCDat6iWNu71Z77VTfoyZ01%2FZp9X9Wbi%2BxGgym%2FKqkBPlgedo0sAhVAjkh2L2opY72axsTpdFMcbtkFaQN3EsTsgRloFVdA19hnDt2LmowR1KWtYcrTb8gsVgXsT2gAagblX0Y0sqKv5BAnwbK%2BBc2x%2BJBKRWJzK%2BO%2FboohRewBu5FAZYVMKmH9zqeeMTd0q9l4B9Q2SP9pt9hVFTyr%2F0A%3D%3D
好莱坞电影,http://www.kaniptv.cn/uadl.php?etoken=T4eRdP%2BIadK8d%2FSRDjUIauoszVrGBbjxecEHSpcuNQARG87N9tOmoTwQoJaLqCsBPaqraDbE0GqXB4qYSY%2FybCIAKBTOpDljMVOJ255Yzr3Ch8jNLniwmd6Ta2O%2FbhXPEwFJhs7nBMkpPa5cAOqDTh83I6p3QWztVP%2FGm%2FwR3VlzAoehiJ4mu2iY8i%2F6edq0jsF4rCdZUi%2F8l3uKg%2BhTE0IeKtrJgtIjwNsriVUub2FwID4y5ViNsbc5wvoa3nYN4%2BOJCyt9sZmrZrfPrenaG6qH2cdQ4ry1Umjnz2a5EOEK9QARq%2FXuf2BfgYkJFyU95cUx731oBPTgVbsP8INRmb%2BFRSvDptnJlGTLbQM2cxnRptw3rF4SF%2BVathhw0SyPx7QOx1RqjDlnhv%2FMIwEEzQ%3D%3D
amc最爱电影,http://www.kaniptv.cn/uadl.php?etoken=Dmorp2zWcVgLc7tr0wJ7L0R%2Fa8JPcEJblPb8WWlczii5ztNc0r820OqgQj5Q8UrhOAfm0%2B3u6pILqZ1mFohMItf%2FjyPoJfknSfjSn1SBlr1iO7I2F4Q%2F0681OTH0Q6CuJBKrPyQa6g8R2E3ym7%2FI%2BvhfJwFPLkt4ZDIGCdsHfAxOnOCLeTSx1UCi30XfYpBi1pUvBjfGooz5Jo0tcsfO601Yk5k8%2Bb0px4iDTbxki%2BXsZqLlQ3T0WQBiak9Lx75TOoX%2FgVkHEifIQXBEXOlENqMorUBAg5VggleAuf4OBYI5Igt9WV%2F7AO%2B0QeGFIThoKP4%2Fd6fDMk28vm0Ed6IQCTAm5%2FzNabA3s%2F9oA9PRm4GVdPddTge5ompQXzAuEICECuARhkygyxoho%2FrTSEYcmw%3D%3D
经典电影台,http://www.kaniptv.cn/uadl.php?etoken=LOv%2FTE5pcFJIMMRFyuWY4vjur1GwaLWJltIXItzYWaFRaOuMm368PdoW%2BOeMrigEZ9HlpjWjA9ZBwyXJpa1s2eULmzSYoprunauxdx5p1s3UzHhpzU1WytjJil8D5ZBQf3lH6bIWEDsjb7TqDH%2FuQv9fAIBFL4sCTSVwG4sAuiE4XN92iB7Q4yynHw2WafQ4RgviYeIopjcGp%2Fy%2Fl0IUDGvXCDGxrYe%2BWFm6X3dCGLfWzHNiIKOZkTnosKyveqtXANfLOZxYCuG0ystpfR8G8Ql2r4qfuQkqFKQOnc%2Fl0OSF7aTYN%2BQ7Mesq43aTgnz9wtYv78NAiVWHfQoCqQF5XNKWyAA0lIyoBcptT36PhK7FObfoNJOxMDji9fj%2FXjYn%2FMj4SHN9lpNB%2BcQYoSYo3Q%3D%3D
Channel,http://www.kaniptv.cn/uadl.php?etoken=fXvvVV5srwko9%2BFzAxICps7f%2BN9MwiGtcXw7mY6CFQh8c5q8S4My57mvrYnSCW6n7BLJ2glbGfhcj%2BBc1Js6ilaG1oPGIEu%2B9JuHqZOiEroUdrrX2Myob%2FYwqr49VM0K%2F1msyDcs9rynBV%2FwIq1z5bdbCI2TuM%2BUrHiiu4VXCW5HFEXBqMy5FhX5Oc4DmAsjmOi58ZLHs8s1A7IxIAoxP0CaaYuRtBj8BfX9dXl%2F68a1CdekBGYdkk%2F%2Bf3f3%2F10fHSMUzgbXodnhC8czQjHQX9iRufKUxDsvQJFOsnLbDmQ99kYdqkN513rMJs8ZgjRDm5KY2ZER%2B5bzFUqXe756VT6oJqthQrzCdOj9%2FTIV8f8%2BUyomB8p6ADq%2FXfDbGyDQywBUnOjMAUlCVIB%2BqQSDmw%3D%3D
华藏卫视,http://www.kaniptv.cn/uadl.php?etoken=gtET%2FzxTwTLXgVpQRH6tmM8u42s7ZZEqJvU0SoFaibO8V6v1TBRnSNDFvVY1xPTylXJAx3zAWBrgRU0IzCzivdaZ196gdgkdv7iwzak8lXGhGpTC7KU0DITQWZk2tlTcSBBSMn8TPhSmOn67fDhLsk%2FmMBa2rj5ImNxZAfskjLeY3G67JB1jpRHTlY95f4bQXcXykZZLy4IoR1MLGF%2FTd5t810Stcm%2Bhjdod4UQa5%2BdHkDdAtAFm4GZvJ%2BsazABH5QdL5jqzlmLmY89g37iqZX6HQnm%2Fu8%2F2CG6Zg2NIMsxlnHpHpvUWCCexv6gk7dhxZKiRqrNRS8sajMOsFrBHw%2FS4gYnpmHc7u1Kn9g5wEuBfKvQgMWdfmX0kDjQSAvyQ8Y84WGaVBvJZjThc0vgOCA%3D%3D
大爱一台,http://www.kaniptv.cn/uadl.php?etoken=eT6H9Rol2BD8tVmvYQMvjNZ29BnxIynvk9G35voN8pzk5mKCjL1mF87OhiBkq9HOCGZqzUnPInET48ybMDukm44GaQKJD0CpqhT24gf8b2Mf5ZaEv3oxh07iM7WZ5p23dJdNp2B3jqTf%2BhecSSIIa81xd3A%2B7AO4076PphIq0f01sunTbgW2KluO2JcS2do47ukwveO5%2Fxuo1a5Yn%2BBtN6gBo6fT3R%2Fy1dXSKBjw6Av3F9zJ2h2X49q31TPSv7r75I8RFXAbZK3460YvLUwzV6K35R3ZwX7G6SXTg5cys2yqHdTliRZ%2FXFSUxRp4Y4IU9c8%2FbJJERy2fL2EC4yuZ7N7lIK7hF3V0ZRmH6On2dmO00LZDYdKNhs5rp0ryhnkMl6AUUymSkCDaWvJEl6o6%2BQ%3D%3D
大爱二台,http://www.kaniptv.cn/uadl.php?etoken=c3HSTeidv2D1YlGdjR4%2BucXbrKc%2FxasKgIz6E%2BHAJGGoYnBa53OUsa0oL3apTRseH%2BmtfyA8Ntp7v8HDjS%2F%2BsUtk3ijBJt93qtQItqVSMEzxqtzFkG%2FcHGl3J5GhHZ7kEyKeyY4txk5aUfztSPsosoRFlkZdwpsxsFP2zgibMDmLPoHt4JaOWA4oF9N34ZrYe519HhgS%2Fe6KPeJFqUS6WJoCb4fPbmkEb1D%2FprdqtUX6ljxsMHmWsgCj56kjiT89IKhG%2BPyOYu%2BFlnYnql357%2Bt4nYOhAYIWOrjeZtkVX7kKAJUrhHdKO05FFNi9gpMm6owa46HKl4lOhxYy21ws4gcedSCDxwtHreFciuoeKlENJl2dc%2FJMrRogFURK2jqVvVUZwbKy8TMo4gsLg1ooUQ%3D%3D
生命电视台,http://www.kaniptv.cn/uadl.php?etoken=0Kx41Cuq20TUFOKo%2BvXxlyK2ezZY%2B%2BcPoH2LL%2FlTWDNF2nfeIz%2Bn15zfCy9HDcEM3PNIW3Ln9r4o%2F%2FeJMO0Vo2kR5YUsnvLtuKk1OYHRqBM%2F4FqVGtro1WJbAOABbxi1sefMQIlTQjGqKO5UbLGmVejpaSlkE63So9IxKU3FcOP0aCN%2BId1zo%2BMSyqn7P9YNyzS2o4pqWb%2BhtWGGvuz6h%2BfmD8WLsRcn9MA1zmr9TTqT5%2BrNYF5i%2B2DdDXtJC0X358sD1GHtIFfB3V2PIpN7m3LRQY7U94DbuPvrnbAANiOojxwGMlr6UCmr7DQvLNjePGWMsFijJHTOZtUjdwwARKmVfK99ryw9aaKMRZMDfCkdRh33lZNkV0g8izvTQtizqxnFo0VPym71YWR%2BFeBdzQ%3D%3D
唯心电视,http://www.kaniptv.cn/uadl.php?etoken=UxhvwpEyW2dfuUOK5ZWE%2B2HVJPENqTu8VRn6zxk%2BEnmUiuG68%2Fh68GqkZp%2F5YtRJxV2zzufKKM8FnnzUnJNDgpxOhmJ2ztxxEW2z0QB2hxCeoGXopp4Zg%2Br%2FTFvMaGiJPYsaOh4zENiPRVVAmsltKyEB9uLIi4Odarj4MFn3H1KL%2FxYU1AAjbKSaSYEkpWjOTzT9Q0eeKrwM%2BElRLJaPmnbzJ%2FMl7MBnsDJkn3tkxqpOAIE2AqMhuw44ZGquFwHmayVL3r%2Fql0WuLMMpaaiKt9MCk6G%2B%2F5P9x69sWUnL%2BxhZafoDYqGjJbb0XxUcMmGKyZOXl7ppjsNWUWFUHyyfXqZEjQariv5hom2z6JzwHqyK4iI3icHQPZUXSXMZN63Gyne5%2FX90Hk%2BCIYmfZwFGXQ%3D%3D
创世电视,http://www.kaniptv.cn/uadl.php?etoken=PwjFa5MOddRy5%2FKwsR2TVmL9rzR0l6k66BLI4HqxT3SJJCfpSbKyT2CzsjI8I%2FtXwJF%2BuHp5MPdv9qCJeDy%2FN6tF8J4y6WVNWYQq3mjaVDhFHBOGs9CyTuP4Sv94uPHj1Fqfa86k2L1x4vPA3vpAQWaxYOgrLJIqiyhIiBp8RAU0dM4Gj2sVQtq4GTIhWVc52p44nE9KA4diQSN7YwLoBgw7H99JO%2FCF1nePXAO7wUG6iYzuHIZ%2BFYT4SaoJV5lQEvvFsGFq1kA7gvXHrehgbG4cb55JXxyHJO3kkyRwT3ALxI7j%2FfU%2F9Da%2FM8l1mA5zUD7jHATzJwCQg4p4V%2Bh88n%2BhWvrjumjYguBcZRhkHGvrj1egAGZdR6jk8%2Bw6fWpJ8bdkRVBAhDpvJdn6lpnVEA%3D%3D
好消息,http://www.kaniptv.cn/uadl.php?etoken=KYSrCIUta%2Fk4%2Bp872VC%2FcB%2F48pqenQpYWnLlBwIx1CRbfyXZHpooaT8Pa46zAYsLaRCkyTpPRzSO4JlBgihe6SEcD5zskW0IpoIDM9lw5O%2BWja8yEOGJOQcW3plxQiR%2Bq%2B86B8MwhmQ45TKD36Zywto3VjbTZibXBJR5eNW8NRhxMVXNwmpEPx%2F3ZwQBlo0ja%2Fw%2BGPbLIxxEHkIblqGg6LW9ezJ0i%2FOt9jHta68Vsr6xG%2FJZs%2BcifhDxDDTz2m58E%2F3YLBXeVbGLjaY2H7mxGjvm%2BTta9XeaiBDBzWTr1UyXM%2B873NfXSb%2FVhmBYMdyzz0lcDHsZQLNUdUrO0OXeGIPhvt70ZN58VRd%2Fs%2Fplx3fQFrbKnQfkKqLqLN1VIrv3K92K4m3SpcHmQAlek2b1LQ%3D%3D
好消息2,http://www.kaniptv.cn/uadl.php?etoken=ksQIe9NW344H%2FnpaVaTtmoQsA%2B0PRyBuQHIg3HZIlQUW%2F4XTU%2F5mIIZRLh8Lz5WGk4s8jQkISieQwyembz3wUj%2BiRAF3b5soPQ9fw1HCAjvczoYelyHynP2yUfnLt9olE1qZD47cjsYwgA%2FM8ec9g0Kiza81JLfvaEX9FnZL7IslMcVm5YHcyLLUTvhQxHQFnFgg6PmCrVv02F3SlinXoYyvRZd%2FDhToN2FvS1ug6CNMaqyA2DlZPVqHsXg%2BmZG1QrapccQGkCB0daPP09lf2zyc0momWith%2FuyK9V7AxRvw1GrVL26OcNqe0ylFBDP8kyfBW6a%2FaqNgeKsNVEZ4pWd1oAiPn02ZbRfn7wIS8VWV8Jl%2FlsfyXYqGbUzSu626lmvUL8hA7v%2BLHOLigIa14g%3D%3D
国会频道1,http://www.kaniptv.cn/uadl.php?etoken=tTfAZGkTuZHSuDj662OZltbiq4YPzFpSB8pWXleD3eNV1fHE8WvtGfV4xXUlCuDH3pRUgehRRppm6bVGGLFHDWmXVLb3Yp85e7%2BZrbnFMdkjmsFP6gHg40kPx0%2FqqqelCUH%2BoT5Ar0nd0gH7ATcd5Jk%2F1ugMuHQatlEHxlKH4%2BR73mmi0GC9EFE6LeeNPV0C4HIqR7pODVwW5XDWgKaHULubNNjIgbP8GbD1e5z%2B039bfN3N9pDWCHqejuhpIPaL6UO4PiFBndl6lu%2Bpu7Ih2aVMUr%2BsatCl2%2Fdr4ZpGiXrVkPwuN6MuGWJi%2BXYYQ82EhhOk%2F4WPXbyZhHvV3erHO4lrX4u5gdTcQQ6y0JLwLWfmj6c2TLSkDDUMU8GYASgGP2vCk92VQu0laFNBKt%2FkGQ%3D%3D
DHE HD,http://108.181.23.41:80/livehttpplay?channel_id=23504
SEÑAL COLOMBIA HD,http://108.181.23.41:80/livehttpplay?channel_id=23510
CARACOL HD COLOMBIA,http://108.181.23.41:80/livehttpplay?channel_id=23513
RCN HD COLOMBIA,http://108.181.23.41:80/livehttpplay?channel_id=23515
DISNEY CHANELL HD,http://108.181.23.41:80/livehttpplay?channel_id=23517
ESPN PREMIUM HD,http://108.181.23.41:80/livehttpplay?channel_id=23523
TELEANTIOQUIA HD COLOMBIA,http://108.181.23.41:80/livehttpplay?channel_id=23532
WIN SPORTS PREMIUM  COL,http://108.181.23.41:80/livehttpplay?channel_id=23542
ON DIRECTV HD,http://108.181.23.41:80/livehttpplay?channel_id=23544
WinSports HD,http://108.181.23.41:80/livehttpplay?channel_id=23548
UNIVERSAL COMEDY HD,http://108.181.23.41:80/livehttpplay?channel_id=23550
GOLDEN PLUS MX HD,http://108.181.23.41:80/livehttpplay?channel_id=23623
NTN 24 HORAS,http://108.181.23.41:80/livehttpplay?channel_id=23705
UK ULTRA,http://mypanel-4k.com:80/me52pjdqa6/dt2t9r16ja/1451783
SERVICE INFORMATION,http://mypanel-4k.com:80/me52pjdqa6/dt2t9r16ja/1515133
BBC1,http://mypanel-4k.com:80/me52pjdqa6/dt2t9r16ja/693835
BBC2,http://mypanel-4k.com:80/me52pjdqa6/dt2t9r16ja/693836
BBC NEWS,http://mypanel-4k.com:80/me52pjdqa6/dt2t9r16ja/693834
SKY CINEMA FAMILY,http://mypanel-4k.com:80/me52pjdqa6/dt2t9r16ja/138166
SKY CINEMA ACTION,http://mypanel-4k.com:80/me52pjdqa6/dt2t9r16ja/138160
SKY SPORTS ACTION,http://mypanel-4k.com:80/me52pjdqa6/dt2t9r16ja/190954
ALIBI,http://mypanel-4k.com:80/me52pjdqa6/dt2t9r16ja/693833
Bloomberg,http://mypanel-4k.com:80/me52pjdqa6/dt2t9r16ja/693837
Boomerang,http://mypanel-4k.com:80/me52pjdqa6/dt2t9r16ja/693838
Cartoon Network,http://mypanel-4k.com:80/me52pjdqa6/dt2t9r16ja/693839
CHANNEL 4,http://mypanel-4k.com:80/me52pjdqa6/dt2t9r16ja/693840
Colors,http://mypanel-4k.com:80/me52pjdqa6/dt2t9r16ja/693842
Comedy Central,http://mypanel-4k.com:80/me52pjdqa6/dt2t9r16ja/693843
Crime Investigation,http://mypanel-4k.com:80/me52pjdqa6/dt2t9r16ja/693844
Dazn PPV,http://mypanel-4k.com:80/me52pjdqa6/dt2t9r16ja/693897
E4,http://mypanel-4k.com:80/me52pjdqa6/dt2t9r16ja/693846
Eurosports 1,http://mypanel-4k.com:80/me52pjdqa6/dt2t9r16ja/693847
Eurosports 2,http://mypanel-4k.com:80/me52pjdqa6/dt2t9r16ja/693848
FILM 4,http://mypanel-4k.com:80/me52pjdqa6/dt2t9r16ja/693849
GOLD,http://mypanel-4k.com:80/me52pjdqa6/dt2t9r16ja/693851
ITV1,http://mypanel-4k.com:80/me52pjdqa6/dt2t9r16ja/693855
ITV 2,http://mypanel-4k.com:80/me52pjdqa6/dt2t9r16ja/693852
ITV 3,http://mypanel-4k.com:80/me52pjdqa6/dt2t9r16ja/693853
ITV 4,http://mypanel-4k.com:80/me52pjdqa6/dt2t9r16ja/693854
LFC,http://mypanel-4k.com:80/me52pjdqa6/dt2t9r16ja/693856
More4,http://mypanel-4k.com:80/me52pjdqa6/dt2t9r16ja/693857
MTV,http://mypanel-4k.com:80/me52pjdqa6/dt2t9r16ja/693858
Nat Geo WIld,http://mypanel-4k.com:80/me52pjdqa6/dt2t9r16ja/693860
National Geo,http://mypanel-4k.com:80/me52pjdqa6/dt2t9r16ja/693861
NICK,http://mypanel-4k.com:80/me52pjdqa6/dt2t9r16ja/693862
RTE 1,http://mypanel-4k.com:80/me52pjdqa6/dt2t9r16ja/693865
RTE 2,http://mypanel-4k.com:80/me52pjdqa6/dt2t9r16ja/693866
SKY ARTS,http://mypanel-4k.com:80/me52pjdqa6/dt2t9r16ja/693867
SKY ATLANTIC,http://mypanel-4k.com:80/me52pjdqa6/dt2t9r16ja/693868
SKY COMEDY,http://mypanel-4k.com:80/me52pjdqa6/dt2t9r16ja/693869
SKY CRIME,http://mypanel-4k.com:80/me52pjdqa6/dt2t9r16ja/693870
SKY HISTORY 2,http://mypanel-4k.com:80/me52pjdqa6/dt2t9r16ja/693872
SKY KIDS,http://mypanel-4k.com:80/me52pjdqa6/dt2t9r16ja/693873
SKY NEWS,http://mypanel-4k.com:80/me52pjdqa6/dt2t9r16ja/693875
SKY SHOWCASE,http://mypanel-4k.com:80/me52pjdqa6/dt2t9r16ja/693876
SKY SPORTS NEWS,http://mypanel-4k.com:80/me52pjdqa6/dt2t9r16ja/138133
Sky Sports News,http://mypanel-4k.com:80/me52pjdqa6/dt2t9r16ja/693881
Sky Sports Football,http://mypanel-4k.com:80/me52pjdqa6/dt2t9r16ja/693877
Sky Sports Golf,http://mypanel-4k.com:80/me52pjdqa6/dt2t9r16ja/693878
Sky Sports Main Events,http://mypanel-4k.com:80/me52pjdqa6/dt2t9r16ja/693879
Sky Sports Mix,http://mypanel-4k.com:80/me52pjdqa6/dt2t9r16ja/693880
Sky Sports Premier League,http://mypanel-4k.com:80/me52pjdqa6/dt2t9r16ja/693882
Sky Sports Racing,http://mypanel-4k.com:80/me52pjdqa6/dt2t9r16ja/693883
SKY WITNESS,http://mypanel-4k.com:80/me52pjdqa6/dt2t9r16ja/693884
SONY MAX,http://mypanel-4k.com:80/me52pjdqa6/dt2t9r16ja/693885
SONY TV,http://mypanel-4k.com:80/me52pjdqa6/dt2t9r16ja/693886
SYFY,http://mypanel-4k.com:80/me52pjdqa6/dt2t9r16ja/693887
TLC,http://mypanel-4k.com:80/me52pjdqa6/dt2t9r16ja/693888
UTSAV GOLD,http://mypanel-4k.com:80/me52pjdqa6/dt2t9r16ja/693889
UTSAV PLUS,http://mypanel-4k.com:80/me52pjdqa6/dt2t9r16ja/693890
Viaplay 1,http://mypanel-4k.com:80/me52pjdqa6/dt2t9r16ja/693891
Viaplay 2,http://mypanel-4k.com:80/me52pjdqa6/dt2t9r16ja/693892
Virgin 1,http://mypanel-4k.com:80/me52pjdqa6/dt2t9r16ja/693893
VIRGIN 2,http://mypanel-4k.com:80/me52pjdqa6/dt2t9r16ja/693894
Watch,http://mypanel-4k.com:80/me52pjdqa6/dt2t9r16ja/693895
Zee Tv,http://mypanel-4k.com:80/me52pjdqa6/dt2t9r16ja/693896
SKY CINEMA PREMIERE,http://mypanel-4k.com:80/me52pjdqa6/dt2t9r16ja/138157
SKY CINEMA HITS,http://mypanel-4k.com:80/me52pjdqa6/dt2t9r16ja/138161
SKY CINEMA COMEDY,http://mypanel-4k.com:80/me52pjdqa6/dt2t9r16ja/138164
SKY CINEMA DRAMA,http://mypanel-4k.com:80/me52pjdqa6/dt2t9r16ja/138165
SKY CINEMA SCIFI & HORROR,http://mypanel-4k.com:80/me52pjdqa6/dt2t9r16ja/138162
SKY CINEMA THRILLER,http://mypanel-4k.com:80/me52pjdqa6/dt2t9r16ja/138163
SKY CINEMA GREATS,http://mypanel-4k.com:80/me52pjdqa6/dt2t9r16ja/138159
SKY CINEMA SELECT,http://mypanel-4k.com:80/me52pjdqa6/dt2t9r16ja/138158
SKY CINEMA ANIMATION,http://mypanel-4k.com:80/me52pjdqa6/dt2t9r16ja/138167
PREMIER SPORTS 1 IR,http://mypanel-4k.com:80/me52pjdqa6/dt2t9r16ja/138151
PREMIER SPORTS 1 UK,http://mypanel-4k.com:80/me52pjdqa6/dt2t9r16ja/138153
PREMIER SPORTS 2 IR,http://mypanel-4k.com:80/me52pjdqa6/dt2t9r16ja/138152
PREMIER SPORTS 2 UK,http://mypanel-4k.com:80/me52pjdqa6/dt2t9r16ja/138154
SKY SPORTS MAIN EVENT,http://mypanel-4k.com:80/me52pjdqa6/dt2t9r16ja/138134
TNT SPORTS 4,http://mypanel-4k.com:80/me52pjdqa6/dt2t9r16ja/190957
SKY CINEMA PREMIER,http://mypanel-4k.com:80/me52pjdqa6/dt2t9r16ja/190958
SKY SPORTS MIX,http://mypanel-4k.com:80/me52pjdqa6/dt2t9r16ja/190955
SKY SPORTS PREMIER LEAGUE,http://mypanel-4k.com:80/me52pjdqa6/dt2t9r16ja/190956
SKY SPORTS FOOTBALL,http://mypanel-4k.com:80/me52pjdqa6/dt2t9r16ja/138135
SKY SPORTS CRICKET,http://mypanel-4k.com:80/me52pjdqa6/dt2t9r16ja/138140
SKY SPORTS GOLF,http://mypanel-4k.com:80/me52pjdqa6/dt2t9r16ja/138139
SKY SPORTS F1,http://mypanel-4k.com:80/me52pjdqa6/dt2t9r16ja/138141
SKY SPORTS ARENA,http://mypanel-4k.com:80/me52pjdqa6/dt2t9r16ja/138137
SKY SPORTS RACING,http://mypanel-4k.com:80/me52pjdqa6/dt2t9r16ja/138143
BOXNATION,http://mypanel-4k.com:80/me52pjdqa6/dt2t9r16ja/138168
TNT SPORT 1,http://mypanel-4k.com:80/me52pjdqa6/dt2t9r16ja/138145
TNT SPORT 2,http://mypanel-4k.com:80/me52pjdqa6/dt2t9r16ja/138146
TNT SPORT 3,http://mypanel-4k.com:80/me52pjdqa6/dt2t9r16ja/138147
TNT SPORT 4,http://mypanel-4k.com:80/me52pjdqa6/dt2t9r16ja/138148
TNT SPORTS 4,http://mypanel-4k.com:80/me52pjdqa6/dt2t9r16ja/309611
Sky Nature,http://mypanel-4k.com:80/me52pjdqa6/dt2t9r16ja/693874
RACING UK,http://mypanel-4k.com:80/me52pjdqa6/dt2t9r16ja/693864
NEWS,http://mypanel-4k.com:80/me52pjdqa6/dt2t9r16ja/1491133
SKY NEWS ᴴᴰ,http://mypanel-4k.com:80/me52pjdqa6/dt2t9r16ja/10536
SKY  NEWS ᴴᴰ,http://mypanel-4k.com:80/me52pjdqa6/dt2t9r16ja/13639
BLOOMBERG NEWS,http://mypanel-4k.com:80/me52pjdqa6/dt2t9r16ja/13642
BBC NEWS ᴴᴰ,http://mypanel-4k.com:80/me52pjdqa6/dt2t9r16ja/10582
BBC PARLIAMENT,http://mypanel-4k.com:80/me52pjdqa6/dt2t9r16ja/77363
BBC ONE NEWS ᴴᴰ,http://mypanel-4k.com:80/me52pjdqa6/dt2t9r16ja/77360
CNN ᴴᴰ,http://mypanel-4k.com:80/me52pjdqa6/dt2t9r16ja/10576
EURONEWS,http://mypanel-4k.com:80/me52pjdqa6/dt2t9r16ja/246753
EURONEWS,http://mypanel-4k.com:80/me52pjdqa6/dt2t9r16ja/13638
ALJAZEERA NEWS ᴴᴰ,http://mypanel-4k.com:80/me52pjdqa6/dt2t9r16ja/13644
GB NEWS,http://mypanel-4k.com:80/me52pjdqa6/dt2t9r16ja/148668
RTE NEWS,http://mypanel-4k.com:80/me52pjdqa6/dt2t9r16ja/13643
BBC GENERAL,http://mypanel-4k.com:80/me52pjdqa6/dt2t9r16ja/1451779
BBC 1,http://mypanel-4k.com:80/me52pjdqa6/dt2t9r16ja/22246
BBC ᴴᴰ 1,http://mypanel-4k.com:80/me52pjdqa6/dt2t9r16ja/10580
BBC 2,http://mypanel-4k.com:80/me52pjdqa6/dt2t9r16ja/22244
BBC ᴴᴰ 2,http://mypanel-4k.com:80/me52pjdqa6/dt2t9r16ja/10579
BBC ᴴᴰ 3 CBBC ᴴᴰ,http://mypanel-4k.com:80/me52pjdqa6/dt2t9r16ja/10578
BBC 4,http://mypanel-4k.com:80/me52pjdqa6/dt2t9r16ja/22243
BBC CBBC ᴴᴰ,http://mypanel-4k.com:80/me52pjdqa6/dt2t9r16ja/10581
BBC 2 Northern Ireland,http://mypanel-4k.com:80/me52pjdqa6/dt2t9r16ja/690833
BBC ALBA,http://mypanel-4k.com:80/me52pjdqa6/dt2t9r16ja/690824
BBC FOUR,http://mypanel-4k.com:80/me52pjdqa6/dt2t9r16ja/690823
BBC One Channel Islands,http://mypanel-4k.com:80/me52pjdqa6/dt2t9r16ja/690825
BBC One North East & Cumbria,http://mypanel-4k.com:80/me52pjdqa6/dt2t9r16ja/690827
BBC One Northern Ireland,http://mypanel-4k.com:80/me52pjdqa6/dt2t9r16ja/690822
BBC One North West,http://mypanel-4k.com:80/me52pjdqa6/dt2t9r16ja/690828
BBC One South East,http://mypanel-4k.com:80/me52pjdqa6/dt2t9r16ja/690829
BBC One Wales,http://mypanel-4k.com:80/me52pjdqa6/dt2t9r16ja/690821
BBC One West,http://mypanel-4k.com:80/me52pjdqa6/dt2t9r16ja/690830
BBC One Yorkshire & Lincolnshire,http://mypanel-4k.com:80/me52pjdqa6/dt2t9r16ja/690826
BBC One Yorkshire,http://mypanel-4k.com:80/me52pjdqa6/dt2t9r16ja/690831
BBC Red Button 1,http://mypanel-4k.com:80/me52pjdqa6/dt2t9r16ja/690832
BBC SCOTLAND ˢᴰ,http://mypanel-4k.com:80/me52pjdqa6/dt2t9r16ja/690818
BBC SCOTLAND ᴴᴰ,http://mypanel-4k.com:80/me52pjdqa6/dt2t9r16ja/690819
BBC SCOTLAND ᴴᴰ,http://mypanel-4k.com:80/me52pjdqa6/dt2t9r16ja/690820
BBC NEWS,http://mypanel-4k.com:80/me52pjdqa6/dt2t9r16ja/22242
ABN TV (720p),https://vod2.abn.co.kr/IPHONE/abn.m3u8
Arirang Radio (720p),http://amdlive-ch01.ctnd.com.edgesuite.net/arirang_3ch/smil:arirang_3ch.smil/playlist.m3u8
BBS Buddhist Broadcasting (1080p),http://bbstv.clouducs.com:1935/bbstv-live/livestream/playlist.m3u8
CGNTV South Korea (1080p),https://du35ivadp6cxj.cloudfront.net/out/v1/81781d23cbbf490990b2aa9181d4ce19/CGNWebLiveKR.m3u8
CJ OnStyle (540p),https://live-ch1.cjonstyle.net/cjmalllive/stream2/playlist.m3u8
EWTN Africa Asia (720p),https://cdn3.wowza.com/1/ZVBYYXFLLzE0c3NC/Qk1FMURC/hls/live/playlist.m3u8
EWTN Asia-Pacific (720p) [Not 24/7],https://cdn3.wowza.com/1/QmVNUVhTNTZSS3Uz/YWQ0aHpi/hls/live/playlist.m3u8
GCN24 Korean (720p),http://liveko24-manminglobal3.ktcdn.co.kr/liveko24/gcnko_1300k.stream/playlist.m3u8
GoodTV (1080p),http://mobliestream.c3tv.com:1935/live/goodtv.sdp/playlist.m3u8
Gugbang TV (1080p) [Not 24/7],http://mediaworks.dema.mil.kr:1935/live_edge/cudo.sdp/playlist.m3u8
Home & Shopping (720p),https://s28.qtcdn.co.kr/media/liveM3U8/idx/518045142/enc/1860408350/playlist.m3u8
KBS 1TV [Not 24/7],http://mytv.dothome.co.kr/ch/public/1.php
KBS 2TV [Not 24/7],http://mytv.dothome.co.kr/ch/public/3.php
KBS Drama (480p),http://mytv.dothome.co.kr/ch/catv/2.php
KBS Life (480p),http://mytv.dothome.co.kr/ch/catv/5.php
KBS LiveCam DokDo (540p),http://kbs-dokdo.gscdn.com/dokdo_300/dokdo_300.stream/playlist.m3u8
KCTV 광주 CH05 (720p) [Not 24/7],http://119.77.96.184:1935/chn05/chn05/playlist.m3u8
Lotte OneTV (720p),https://onetvhlslive.lotteimall.com/lotteonetvlive/lotteonetvlive.mp4.m3u8
MBC Andong (안동 MBC) (360p) [Not 24/7],http://andong.webcasting.co.kr/live/mbc/playlist.m3u8
MBC Chuncheon (춘천 MBC) (480p) [Not 24/7],https://stream.chmbc.co.kr/TV/myStream/playlist.m3u8
MBC Jeju (제주 MBC) (352p) [Not 24/7],https://wowza.jejumbc.com/live/tv_jejumbc/playlist.m3u8
MBC Mokpo (목포 MBC) (720p) [Not 24/7],http://vod.mpmbc.co.kr:1935/live/encoder-tv/playlist.m3u8
MBC Yeosu (여수 MBC) (1080p) [Not 24/7],https://5c3639aa99149.streamlock.net/live_TV/tv/playlist.m3u8
NHTV (720p),http://nonghyup.flive.skcdn.com/nonghyup/_definst_/nhlive/playlist.m3u8
SBS CJB (540p) [Not 24/7],http://1.222.207.80:1935/live/cjbtv/playlist.m3u8
SBS JTV (406p) [Not 24/7],http://61.85.197.53:1935/jtv_live/myStream/playlist.m3u8
SBS KNN (1080p) [Not 24/7]
Shopping NT (720p),https://live.shoppingntmall.com/live/10011.m3u8
tvchosun2,http://onair2.cdn.tvchosun.com/origin2/_definst_/tvchosun_s3/playlist.m3u8
tvchosun,http://onair.cdn.tvchosun.com/origin1/_definst_/tvchosun_s1/playlist.m3u8
BBS,http://bbstv.clouducs.com:1935/bbstv-live/livestream/chunklist_w1216149699.m3u8
EBS1,http://ebsonairios.ebs.co.kr/groundwavefamilypc/familypc1m/playlist.m3u8
EBS2,http://ebsonairios.ebs.co.kr/ebs2familypc/familypc1m/playlist.m3u8
EBSe,http://ebsonairios.ebs.co.kr/plus3familypc/familypc1m/playlist.m3u8
EBS1,http://ebsonairios.ebs.co.kr/ebsutablet500k/tablet500k/playlist.m3u8
EBS2,http://ebsonairios.ebs.co.kr/ebs2tablet500k/tablet500k/ebs2tablet500k.index.m3u8
EBS1,http://ebsonairios.ebs.co.kr/groundwavetablet500k/tablet500k/playlist.m3u8
EBS1,http://ebsonairios.ebs.co.kr/groundwavetablet500k/tablet500k/groundwavetablet500k.m3u8
EBSi,http://ebsonairios.ebs.co.kr/plus1tablet500k/tablet500k/plus1tablet500k.index.m3u8
EBS+2,http://ebsonairios.ebs.co.kr/plus2tablet500k/tablet500k/plus2tablet500k.index.m3u8
EBSe,http://ebsonairios.ebs.co.kr/plus3tablet500k/tablet500k/plus3tablet500k.index.m3u8
KCTV,http://119.77.96.184:1935/chn05/chn05/chunklist_w1306745753.m3u8
tvN1,https://d2zyqoz1zsj2mq.cloudfront.net/v1/master/3722c60a815c199d9c0ef36c5b73da68a62b09d1/cc-i9yul1lyegl6e-ssai-prd/6d07fe2a_003a_4879_acfc_44e3c3c10f03/hls/playlist.m3u8?
tvN2,https://d21dxaer0ypwk1.cloudfront.net/v1/master/3722c60a815c199d9c0ef36c5b73da68a62b09d1/cc-a6m2cy2rylsvo-ssai-prd/54ac8e25_eb5a_4f10_ba20_ffb254f0a16c/hls/playlist.m3u8?ads.device_did=%7BPSID%7D&ads.device_dnt=%7BTARGETOPT%7D&ads.app_domain=%7BAPP_DOMAIN%7D&ads.app_name=%7BAPP_NAME%7D&ads.service_id=KRBC32000261J
tvN3,https://d25mdvvpht3395.cloudfront.net/v1/master/3722c60a815c199d9c0ef36c5b73da68a62b09d1/cc-p8ea370fl7r4f-ssai-prd/82f296fd_2916_45b7_b799_525a4226957a/hls/playlist.m3u8?
tvN5,https://d2zyqoz1zsj2mq.cloudfront.net/v1/master/3722c60a815c199d9c0ef36c5b73da68a62b09d1/cc-i9yul1lyegl6e-ssai-prd/6d07fe2a_003a_4879_acfc_44e3c3c10f03/hls/playlist.m3u8?tvN Movies
KBS世界,https://wms4-kortv.akamaized.net/a_live/63719963/smil:20ch011.smil/playlist.m3u8
EBS 2,http://ebsonairios.ebs.co.kr/ebs2tablet500k/tablet500k/ebs2tablet500k.index.m3u8?
JTV,http://61.85.197.53:1935/jtv_live/myStream/chunklist_w1542137203.m3u8
KCTV,http://119.77.96.184:1935/chn05/chn05/chunklist_w644291506.m3u8
C,http://112.175.51.214:1935/live/myStream/playlist.m3u8
TV,https://stream.ads.ottera.tv/playlist.m3u8?network_id=595
TV1,https://stream.ads.ottera.tv/playlist.m3u8?network_id=743
TV3,https://stream.ads.ottera.tv/playlist.m3u8?network_id=630
TV4,https://stream.ads.ottera.tv/playlist.m3u8?network_id=644
14,https://stream.ads.ottera.tv/playlist.m3u8?network_id=14
EBS少儿,http://ebsonairios.ebs.co.kr/ebsutablet500k/_definst_/tablet500k/chunklist_w1965791004.m3u8
韩国EBS1,http://ebsonairios.ebs.co.kr/groundwavetablet500k/tablet500k/playlist.m3u8?zshijd
韩国EBS2,http://ebsonairios.ebs.co.kr/ebs2tablet500k/tablet500k/ebs2tablet500k.index.m3u8?zshijd
KCTV,http://119.77.96.184:1935/chn05/chn05/chunklist.m3u
声优广播,http://www.uniqueradio.jp/agplayerf/hls/Active.m3u8
KCTV,http://119.77.96.184:1935/chn05/chn05/chunklist.m3u8
CJB,http://1.222.207.80:1935/live/cjbtv/chunklist_w1357270949.m3u8
BBS佛教广播,http://bbstv.clouducs.com:1935/bbstv-live/livestream/chunklist_w1403706733.m3u8
HBTV,http://hoabinhtvlive.746b3ddb.cdnviet.com/hoabinhtv/chunklist.m3u8
ANTV,http://antvlive.ab5c6921.cdnviet.com/antv/chunklist.m3u8
Arirang Radio,http://amdlive-ch03.ctnd.com.edgesuite.net/arirang_3ch/smil:arirang_3ch.smil/playlist.m3u8
BTN,http://btn.nowcdn.co.kr/btn/btnlive01/playlist.m3u8
CPBC,http://onair1.cpbc.co.kr:1935/tv/smil:live.smil/playlist.m3u8
EBS-KIDS,http://ebsonairios.ebs.co.kr/ebsutablet500k/_definst_/tablet500k/playlist.m3u8
GCN教会,http://liveko24-manminglobal3.ktcdn.co.kr/liveko24/gcnko_high/chunklist.m3u8
MBN,http://mytv.dothome.co.kr/ch/catv/54.php
NewKID2,https://stream.ads.ottera.tv/playlist.m3u8?network_id=878
NewKID4,https://stream.ads.ottera.tv/playlist.m3u8?network_id=888
NewKID4,https://stream.ads.ottera.tv/playlist.m3u8?network_id=872
韩国音乐,http://mgugaklive.nowcdn.co.kr/gugakvideo/gugakvideo.stream/playlist.m3u8
RNA,http://5ddfc48289114.streamlock.net/CHsoom/LIVE/playist.m3u8
水水家猪蹄,https://cdn-3.ttvb.eu.org/douyin/ssjzt777
格格睡醒了,https://cdn-3.ttvb.eu.org/douyin/42347122605
晓晓,https://cdn-3.ttvb.eu.org/douyin/147258247158d
朱朱,https://cdn-3.ttvb.eu.org/douyin/36914825720a
期许,https://cdn-3.ttvb.eu.org/douyin/40332559204
央视网,http://cfss.cc/cdn/dy/cctv.com.flv
小央视频,http://cfss.cc/cdn/dy/cctv_video.flv
央视网快看,http://cfss.cc/cdn/dy/kuaikancctv.flv
CCTV远方的家,http://cfss.cc/cdn/dy/44931143492.flv
央视三农,http://cfss.cc/cdn/dy/letus17.flv
电影频道央影传媒,http://cfss.cc/cdn/dy/cctv6media..flv
粤TV-广东台荔枝网,http://cfss.cc/cdn/dy/ZK8763.flv
DV现场,http://cfss.cc/cdn/dy/gdtvdvxc.flv
央视网新闻,http://cfss.cc/cdn/dy/1606137427.flv
每日经济新闻,http://cfss.cc/cdn/dy/nbdnews.flv
中国交通广播,http://cfss.cc/cdn/dy/CMG_ZGJTGB.flv
极目新闻,http://cfss.cc/cdn/dy/ctdsbdy.flv
延边新闻,http://cfss.cc/cdn/dy/YBnews.flv
育见新闻,http://cfss.cc/cdn/dy/CETVxinwen.flv
维度新闻,http://cfss.cc/cdn/dy/975107749.flv
深圳新闻网,http://cfss.cc/cdn/dy/1057124186.flv
特区新闻广场,http://cfss.cc/cdn/dy/tqxwgc.flv
环球时报,http://cfss.cc/cdn/dy/HuanQiuShiBao.flv
第一财团,http://cfss.cc/cdn/dy/Diyicaituan.flv
央视网财经,http://cfss.cc/cdn/dy/nuanxinnengl.flv
央视财经,http://cfss.cc/cdn/dy/yscjxmt.flv
财联社,http://cfss.cc/cdn/dy/clscccaijing.flv
小强热线浙江教科,http://cfss.cc/cdn/dy/ZTV4.flv
盗源狗si全家 全家下地狱
广东珠江3,http://m.061899.xyz/mg/gdzj
广东民生2,http://m.061899.xyz/mg/gdms
广东体育2,http://m.061899.xyz/mg/gdty
东莞新闻综合,https://stream.sun0769.com/dgrtv1/mp4tv1_1500/index.m3u8
东莞生活资讯,https://stream.sun0769.com/dgrtv1/mp4tv2_1500/index.m3u8
中山综合,http://v.zsbtv.com.cn/lsdream/qTl38me/1000/live.m3u8
肇庆综合,http://zmylivestream.nfnews.com/zmy_slive/27872.m3u8
肇庆生活服务,http://zmylivestream.nfnews.com/zmy_slive/27871.m3u8
清远新闻综合,http://zmylivestream.nfnews.com/zmy_slive/25319.m3u8
清远文旅生活,http://zmylivestream.nfnews.com/zmy_slive/25321.m3u8
云浮文旅,https://livestream.oeeee.com/slive/28284.m3u8
阳江-1,https://live.yjtvw.com:8081/live/yjtv1.m3u8
阳江-2,https://live.yjtvw.com:8081/live/yjtv2.m3u8
湛江新闻综合,http://gbtv-hls-wjq.zjwtv.com/zjtv/zhpd.m3u8
湛江公共,http://gbtv-hls-wjq.zjwtv.com/zjtv/ggpd.m3u8
韶关综合,https://live.sgmsw.cn/hls/lhx1FUeZg/playlist.m3u8
韶关综合,https://www.sgmsw.cn/videos/tv/201805/1308/SB05RIYZOU8JR418AUQOF62CAJQ08D0E/hls/live.m3u8
河源综合1,http://tmpstream.hyrtv.cn/xwzh/sd/live.m3u8
河源公共1,http://tmpstream.hyrtv.cn/hygg/sd/live.m3u8
揭阳综合,http://hls-jyrtv.jyrtv.tv/stjy2020/zhpd.m3u8
揭阳生活,http://hls-jyrtv.jyrtv.tv/stjy2020/ggpd.m3u8
潮州综合1,http://livezhpd.czbtv.com:38880/live/ctvzhpd.m3u8?secret=czbtv20250301
潮州民生1,http://livezhpd.czbtv.com:38880/live/ggpd.m3u8?secret=czbtv20250301
番禺综合,http://video.epaper.pybtv.cn:8080/live/rtmp_live_demo.flv
丰顺综合,https://p2.vzan.com/701678271/024926084736123670/live.m3u8
深圳龙岗,http://zhfw-t.szlg.com:8080/live/television1.m3u8
盗源狗si全家 全家下地狱
广东珠江,http://8.138.7.223/tv/gdzj.m3u8
广东大湾区卫视,http://gx.484947.xyz/PLTV/77777777/224/3221225748/index.m3u8
广东经济,https://jsv-live-play.sfccn.com/live/jsv_3920_fhd.m3u8
广东民生(晚7点),http://tv1288.xyz/douyin.php?type=rid&rid=gdtvdvxc
-汕尾综合,https://iswtv.swrtv.com/live/xwzhpd.m3u8
-汕尾生活,https://iswtv.swrtv.com/live/whshpd.m3u8
广州南国都市,https://tencentplay.gztv.com/live/nanguodushi.m3u8?txSecret=babbcbacdbcf13a3311a264e4dd66b8d&txTime=191b60b41a7
深圳移动电视,http://nn.7x9d.cn/深圳最新.php?id=szyd
深圳国际,http://nn.7x9d.cn/深圳最新.php?id=szgj
番禺电视台,http://video.epaper.pybtv.cn:8080/live/rtmp_live_demo.m3u8
东莞新闻综合,http://stream.sun0769.com/dgrtv1/mp4tv1_1500/index.m3u8
东莞生活资讯,http://stream.sun0769.com/dgrtv1/mp4tv2_1500/index.m3u8
五华综合,http://p2hs.vzan.com/slowlive/621139761151691240/live.m3u8
韶关新闻综合,https://www.sgmsw.cn/videos/tv/201805/1308/SB05RIYZOU8JR418AUQOF62CAJQ08D0E/hls/live.m3u8
清远新闻综合,http://zmylivestream.nfnews.com/zmy_slive/25319.m3u8
清远文旅生活,http://zmylivestream.nfnews.com/zmy_slive/20811.m3u8
揭阳综合,http://hls-jyrtv.jyrtv.tv/stjy2020/ggpd.m3u8
揭阳生活,http://hls-jyrtv.jyrtv.tv/stjy2020/ggpd.m3u8
湛江综合,http://gbtv-hls-wjq.zjwtv.com/zjtv/zhpd.m3u8
湛江公共,http://gbtv-hls-wjq.zjwtv.com/zjtv/ggpd.m3u8
阳江综合,https://live.yjtvw.com:8081/live/yjtv1.m3u8
阳江生活,https://live.yjtvw.com:8081/live/yjtv2.m3u8
云浮文旅,https://livestream.oeeee.com/slive/28284.m3u8
肇庆综合,http://zmylivestream.nfnews.com/zmy_slive/27872.m3u8
肇庆生活,http://zmylivestream.nfnews.com/zmy_slive/27871.m3u8
怀集综合,https://www.zqhjtv.com/hls/hjzhpd.m3u8
中山综合,http://v.zsbtv.com.cn/lsdream/qTl38me/1000/live.m3u8
揭阳综合高清,http://119.29.142.81:4022/udp/239.77.0.229:5146
揭阳生活高清,http://119.29.142.81:4022/udp/239.77.0.251:5146
汕尾综合高清,http://119.29.142.81:4022/udp/239.77.0.25:5146
汕尾生活高清,http://119.29.142.81:4022/udp/239.77.0.187:5146
汕头综合高清,http://119.29.142.81:4022/udp/239.253.43.45:5146
汕头生活高清,http://119.29.142.81:4022/udp/239.253.43.46:5146
潮州综合高清,http://119.29.142.81:4022/udp/239.253.43.70:5146
潮州民生高清,http://119.29.142.81:4022/udp/239.253.43.75:5146
广东卫视高清,http://119.29.142.81:4022/udp/239.77.0.84:5146
广东新闻高清,http://119.29.142.81:4022/udp/239.77.0.173:5146
广东民生高清,http://119.29.142.81:4022/udp/239.77.0.225:5146
广东体育高清,http://119.29.142.81:4022/udp/239.77.0.112:5146
经济科教高清,http://119.29.142.81:4022/udp/239.77.0.85:5146
大湾区卫视高清,http://119.29.142.81:4022/udp/239.77.0.215:5146
广东影视高清,http://119.29.142.81:4022/udp/239.77.0.217:5146
广东少儿高清,http://119.29.142.81:4022/udp/239.77.0.250:5146
揭阳综合高清,http://hongzhijiaoyu.net:8188/udp/239.77.0.229:5146
揭阳生活高清,http://hongzhijiaoyu.net:8188/udp/239.77.0.251:5146
汕尾综合高清,http://hongzhijiaoyu.net:8188/udp/239.77.0.25:5146
汕尾生活高清,http://hongzhijiaoyu.net:8188/udp/239.77.0.187:5146
汕头综合高清,http://hongzhijiaoyu.net:8188/udp/239.253.43.45:5146
汕头生活高清,http://hongzhijiaoyu.net:8188/udp/239.253.43.46:5146
潮州综合高清,http://hongzhijiaoyu.net:8188/udp/239.253.43.70:5146
潮州民生高清,http://hongzhijiaoyu.net:8188/udp/239.253.43.75:5146
广东卫视高清,http://hongzhijiaoyu.net:8188/udp/239.77.0.84:5146
广东新闻高清,http://hongzhijiaoyu.net:8188/udp/239.77.0.173:5146
广东民生高清,http://hongzhijiaoyu.net:8188/udp/239.77.0.225:5146
广东体育高清,http://hongzhijiaoyu.net:8188/udp/239.77.0.112:5146
经济科教高清,http://hongzhijiaoyu.net:8188/udp/239.77.0.85:5146
大湾区卫视高清,http://hongzhijiaoyu.net:8188/udp/239.77.0.215:5146
广东影视高清,http://hongzhijiaoyu.net:8188/udp/239.77.0.217:5146
广东少儿高清,http://hongzhijiaoyu.net:8188/udp/239.77.0.250:5146
揭阳综合高清,http://lsa.familyds.com:8188/udp/239.77.0.229:5146
揭阳生活高清,http://lsa.familyds.com:8188/udp/239.77.0.251:5146
汕尾综合高清,http://lsa.familyds.com:8188/udp/239.77.0.25:5146
汕尾生活高清,http://lsa.familyds.com:8188/udp/239.77.0.187:5146
汕头综合高清,http://lsa.familyds.com:8188/udp/239.253.43.45:5146
汕头生活高清,http://lsa.familyds.com:8188/udp/239.253.43.46:5146
潮州综合高清,http://lsa.familyds.com:8188/udp/239.253.43.70:5146
潮州民生高清,http://lsa.familyds.com:8188/udp/239.253.43.75:5146
广东卫视高清,http://lsa.familyds.com:8188/udp/239.77.0.84:5146
广东新闻高清,http://lsa.familyds.com:8188/udp/239.77.0.173:5146
广东民生高清,http://lsa.familyds.com:8188/udp/239.77.0.225:5146
广东体育高清,http://lsa.familyds.com:8188/udp/239.77.0.112:5146
经济科教高清,http://lsa.familyds.com:8188/udp/239.77.0.85:5146
大湾区卫视高清,http://lsa.familyds.com:8188/udp/239.77.0.215:5146
广东影视高清,http://lsa.familyds.com:8188/udp/239.77.0.217:5146
广东少儿高清,http://lsa.familyds.com:8188/udp/239.77.0.250:5146
揭阳综合高清,http://www.yahao.host:4022/udp/239.77.0.229:5146
揭阳生活高清,http://www.yahao.host:4022/udp/239.77.0.251:5146
汕尾综合高清,http://www.yahao.host:4022/udp/239.77.0.25:5146
汕尾生活高清,http://www.yahao.host:4022/udp/239.77.0.187:5146
汕头综合高清,http://www.yahao.host:4022/udp/239.253.43.45:5146
汕头生活高清,http://www.yahao.host:4022/udp/239.253.43.46:5146
潮州综合高清,http://www.yahao.host:4022/udp/239.253.43.70:5146
潮州民生高清,http://www.yahao.host:4022/udp/239.253.43.75:5146
广东卫视高清,http://www.yahao.host:4022/udp/239.77.0.84:5146
广东新闻高清,http://www.yahao.host:4022/udp/239.77.0.173:5146
广东民生高清,http://www.yahao.host:4022/udp/239.77.0.225:5146
广东体育高清,http://www.yahao.host:4022/udp/239.77.0.112:5146
经济科教高清,http://www.yahao.host:4022/udp/239.77.0.85:5146
大湾区卫视高清,http://www.yahao.host:4022/udp/239.77.0.215:5146
广东影视高清,http://www.yahao.host:4022/udp/239.77.0.217:5146
广东少儿高清,http://www.yahao.host:4022/udp/239.77.0.250:5146
揭阳综合高清,http://gdyd.7259.cc.cd:4111/udp/239.77.0.229:5146
揭阳生活高清,http://gdyd.7259.cc.cd:4111/udp/239.77.0.251:5146
汕尾综合高清,http://gdyd.7259.cc.cd:4111/udp/239.77.0.25:5146
汕尾生活高清,http://gdyd.7259.cc.cd:4111/udp/239.77.0.187:5146
汕头综合高清,http://gdyd.7259.cc.cd:4111/udp/239.253.43.45:5146
汕头生活高清,http://gdyd.7259.cc.cd:4111/udp/239.253.43.46:5146
潮州综合高清,http://gdyd.7259.cc.cd:4111/udp/239.253.43.70:5146
潮州民生高清,http://gdyd.7259.cc.cd:4111/udp/239.253.43.75:5146
广东卫视高清,http://gdyd.7259.cc.cd:4111/udp/239.77.0.84:5146
广东新闻高清,http://gdyd.7259.cc.cd:4111/udp/239.77.0.173:5146
广东民生高清,http://gdyd.7259.cc.cd:4111/udp/239.77.0.225:5146
广东体育高清,http://gdyd.7259.cc.cd:4111/udp/239.77.0.112:5146
经济科教高清,http://gdyd.7259.cc.cd:4111/udp/239.77.0.85:5146
大湾区卫视高清,http://gdyd.7259.cc.cd:4111/udp/239.77.0.215:5146
广东影视高清,http://gdyd.7259.cc.cd:4111/udp/239.77.0.217:5146
广东少儿高清,http://gdyd.7259.cc.cd:4111/udp/239.77.0.250:5146
揭阳综合高清,http://gdyd.7259.cc.cd:4014/udp/239.77.0.229:5146
揭阳生活高清,http://gdyd.7259.cc.cd:4014/udp/239.77.0.251:5146
汕尾综合高清,http://gdyd.7259.cc.cd:4014/udp/239.77.0.25:5146
汕尾生活高清,http://gdyd.7259.cc.cd:4014/udp/239.77.0.187:5146
汕头综合高清,http://gdyd.7259.cc.cd:4014/udp/239.253.43.45:5146
汕头生活高清,http://gdyd.7259.cc.cd:4014/udp/239.253.43.46:5146
潮州综合高清,http://gdyd.7259.cc.cd:4014/udp/239.253.43.70:5146
潮州民生高清,http://gdyd.7259.cc.cd:4014/udp/239.253.43.75:5146
广东卫视高清,http://gdyd.7259.cc.cd:4014/udp/239.77.0.84:5146
广东新闻高清,http://gdyd.7259.cc.cd:4014/udp/239.77.0.173:5146
广东民生高清,http://gdyd.7259.cc.cd:4014/udp/239.77.0.225:5146
广东体育高清,http://gdyd.7259.cc.cd:4014/udp/239.77.0.112:5146
经济科教高清,http://gdyd.7259.cc.cd:4014/udp/239.77.0.85:5146
大湾区卫视高清,http://gdyd.7259.cc.cd:4014/udp/239.77.0.215:5146
广东影视高清,http://gdyd.7259.cc.cd:4014/udp/239.77.0.217:5146
广东少儿高清,http://gdyd.7259.cc.cd:4014/udp/239.77.0.250:5146
揭阳综合高清,http://www.syy3.top:3861/udp/239.77.0.229:5146
揭阳生活高清,http://www.syy3.top:3861/udp/239.77.0.251:5146
汕尾综合高清,http://www.syy3.top:3861/udp/239.77.0.25:5146
汕尾生活高清,http://www.syy3.top:3861/udp/239.77.0.187:5146
汕头综合高清,http://www.syy3.top:3861/udp/239.253.43.45:5146
汕头生活高清,http://www.syy3.top:3861/udp/239.253.43.46:5146
潮州综合高清,http://www.syy3.top:3861/udp/239.253.43.70:5146
潮州民生高清,http://www.syy3.top:3861/udp/239.253.43.75:5146
广东卫视高清,http://www.syy3.top:3861/udp/239.77.0.84:5146
广东新闻高清,http://www.syy3.top:3861/udp/239.77.0.173:5146
广东民生高清,http://www.syy3.top:3861/udp/239.77.0.225:5146
广东体育高清,http://www.syy3.top:3861/udp/239.77.0.112:5146
经济科教高清,http://www.syy3.top:3861/udp/239.77.0.85:5146
大湾区卫视高清,http://www.syy3.top:3861/udp/239.77.0.215:5146
广东影视高清,http://www.syy3.top:3861/udp/239.77.0.217:5146
广东少儿高清,http://www.syy3.top:3861/udp/239.77.0.250:5146
揭阳综合高清,http://lbyjlt.vv5678.cn:8880/udp/239.77.0.229:5146
揭阳生活高清,http://lbyjlt.vv5678.cn:8880/udp/239.77.0.251:5146
汕尾综合高清,http://lbyjlt.vv5678.cn:8880/udp/239.77.0.25:5146
汕尾生活高清,http://lbyjlt.vv5678.cn:8880/udp/239.77.0.187:5146
汕头综合高清,http://lbyjlt.vv5678.cn:8880/udp/239.253.43.45:5146
汕头生活高清,http://lbyjlt.vv5678.cn:8880/udp/239.253.43.46:5146
潮州综合高清,http://lbyjlt.vv5678.cn:8880/udp/239.253.43.70:5146
潮州民生高清,http://lbyjlt.vv5678.cn:8880/udp/239.253.43.75:5146
广东卫视高清,http://lbyjlt.vv5678.cn:8880/udp/239.77.0.84:5146
广东新闻高清,http://lbyjlt.vv5678.cn:8880/udp/239.77.0.173:5146
广东民生高清,http://lbyjlt.vv5678.cn:8880/udp/239.77.0.225:5146
广东体育高清,http://lbyjlt.vv5678.cn:8880/udp/239.77.0.112:5146
经济科教高清,http://lbyjlt.vv5678.cn:8880/udp/239.77.0.85:5146
大湾区卫视高清,http://lbyjlt.vv5678.cn:8880/udp/239.77.0.215:5146
广东影视高清,http://lbyjlt.vv5678.cn:8880/udp/239.77.0.217:5146
广东少儿高清,http://lbyjlt.vv5678.cn:8880/udp/239.77.0.250:5146
揭阳综合高清,http://plex.cyruslee.top:8888/udp/239.77.0.229:5146
揭阳生活高清,http://plex.cyruslee.top:8888/udp/239.77.0.251:5146
汕尾综合高清,http://plex.cyruslee.top:8888/udp/239.77.0.25:5146
汕尾生活高清,http://plex.cyruslee.top:8888/udp/239.77.0.187:5146
汕头综合高清,http://plex.cyruslee.top:8888/udp/239.253.43.45:5146
汕头生活高清,http://plex.cyruslee.top:8888/udp/239.253.43.46:5146
潮州综合高清,http://plex.cyruslee.top:8888/udp/239.253.43.70:5146
潮州民生高清,http://plex.cyruslee.top:8888/udp/239.253.43.75:5146
广东卫视高清,http://plex.cyruslee.top:8888/udp/239.77.0.84:5146
广东新闻高清,http://plex.cyruslee.top:8888/udp/239.77.0.173:5146
广东民生高清,http://plex.cyruslee.top:8888/udp/239.77.0.225:5146
广东体育高清,http://plex.cyruslee.top:8888/udp/239.77.0.112:5146
经济科教高清,http://plex.cyruslee.top:8888/udp/239.77.0.85:5146
大湾区卫视高清,http://plex.cyruslee.top:8888/udp/239.77.0.215:5146
广东影视高清,http://plex.cyruslee.top:8888/udp/239.77.0.217:5146
广东少儿高清,http://plex.cyruslee.top:8888/udp/239.77.0.250:5146
揭阳综合高清,http://jellyfin.cyruslee.top:8888/udp/239.77.0.229:5146
揭阳生活高清,http://jellyfin.cyruslee.top:8888/udp/239.77.0.251:5146
汕尾综合高清,http://jellyfin.cyruslee.top:8888/udp/239.77.0.25:5146
汕尾生活高清,http://jellyfin.cyruslee.top:8888/udp/239.77.0.187:5146
汕头综合高清,http://jellyfin.cyruslee.top:8888/udp/239.253.43.45:5146
汕头生活高清,http://jellyfin.cyruslee.top:8888/udp/239.253.43.46:5146
潮州综合高清,http://jellyfin.cyruslee.top:8888/udp/239.253.43.70:5146
潮州民生高清,http://jellyfin.cyruslee.top:8888/udp/239.253.43.75:5146
广东卫视高清,http://jellyfin.cyruslee.top:8888/udp/239.77.0.84:5146
广东新闻高清,http://jellyfin.cyruslee.top:8888/udp/239.77.0.173:5146
广东民生高清,http://jellyfin.cyruslee.top:8888/udp/239.77.0.225:5146
广东体育高清,http://jellyfin.cyruslee.top:8888/udp/239.77.0.112:5146
经济科教高清,http://jellyfin.cyruslee.top:8888/udp/239.77.0.85:5146
大湾区卫视高清,http://jellyfin.cyruslee.top:8888/udp/239.77.0.215:5146
广东影视高清,http://jellyfin.cyruslee.top:8888/udp/239.77.0.217:5146
广东少儿高清,http://jellyfin.cyruslee.top:8888/udp/239.77.0.250:5146
揭阳综合高清,http://www.3344.uk:8888/udp/239.77.0.229:5146
揭阳生活高清,http://www.3344.uk:8888/udp/239.77.0.251:5146
汕尾综合高清,http://www.3344.uk:8888/udp/239.77.0.25:5146
汕尾生活高清,http://www.3344.uk:8888/udp/239.77.0.187:5146
汕头综合高清,http://www.3344.uk:8888/udp/239.253.43.45:5146
汕头生活高清,http://www.3344.uk:8888/udp/239.253.43.46:5146
潮州综合高清,http://www.3344.uk:8888/udp/239.253.43.70:5146
潮州民生高清,http://www.3344.uk:8888/udp/239.253.43.75:5146
广东卫视高清,http://www.3344.uk:8888/udp/239.77.0.84:5146
广东新闻高清,http://www.3344.uk:8888/udp/239.77.0.173:5146
广东民生高清,http://www.3344.uk:8888/udp/239.77.0.225:5146
广东体育高清,http://www.3344.uk:8888/udp/239.77.0.112:5146
经济科教高清,http://www.3344.uk:8888/udp/239.77.0.85:5146
大湾区卫视高清,http://www.3344.uk:8888/udp/239.77.0.215:5146
广东影视高清,http://www.3344.uk:8888/udp/239.77.0.217:5146
广东少儿高清,http://www.3344.uk:8888/udp/239.77.0.250:5146
揭阳综合高清,http://ikuai.cyruslee.top:8888/udp/239.77.0.229:5146
揭阳生活高清,http://ikuai.cyruslee.top:8888/udp/239.77.0.251:5146
汕尾综合高清,http://ikuai.cyruslee.top:8888/udp/239.77.0.25:5146
汕尾生活高清,http://ikuai.cyruslee.top:8888/udp/239.77.0.187:5146
汕头综合高清,http://ikuai.cyruslee.top:8888/udp/239.253.43.45:5146
汕头生活高清,http://ikuai.cyruslee.top:8888/udp/239.253.43.46:5146
潮州综合高清,http://ikuai.cyruslee.top:8888/udp/239.253.43.70:5146
潮州民生高清,http://ikuai.cyruslee.top:8888/udp/239.253.43.75:5146
广东卫视高清,http://ikuai.cyruslee.top:8888/udp/239.77.0.84:5146
广东新闻高清,http://ikuai.cyruslee.top:8888/udp/239.77.0.173:5146
广东民生高清,http://ikuai.cyruslee.top:8888/udp/239.77.0.225:5146
广东体育高清,http://ikuai.cyruslee.top:8888/udp/239.77.0.112:5146
经济科教高清,http://ikuai.cyruslee.top:8888/udp/239.77.0.85:5146
大湾区卫视高清,http://ikuai.cyruslee.top:8888/udp/239.77.0.215:5146
广东影视高清,http://ikuai.cyruslee.top:8888/udp/239.77.0.217:5146
广东少儿高清,http://ikuai.cyruslee.top:8888/udp/239.77.0.250:5146
揭阳综合高清,http://yanshifen.top:8889/udp/239.77.0.229:5146
揭阳生活高清,http://yanshifen.top:8889/udp/239.77.0.251:5146
汕尾综合高清,http://yanshifen.top:8889/udp/239.77.0.25:5146
汕尾生活高清,http://yanshifen.top:8889/udp/239.77.0.187:5146
汕头综合高清,http://yanshifen.top:8889/udp/239.253.43.45:5146
汕头生活高清,http://yanshifen.top:8889/udp/239.253.43.46:5146
潮州综合高清,http://yanshifen.top:8889/udp/239.253.43.70:5146
潮州民生高清,http://yanshifen.top:8889/udp/239.253.43.75:5146
广东卫视高清,http://yanshifen.top:8889/udp/239.77.0.84:5146
广东新闻高清,http://yanshifen.top:8889/udp/239.77.0.173:5146
广东民生高清,http://yanshifen.top:8889/udp/239.77.0.225:5146
广东体育高清,http://yanshifen.top:8889/udp/239.77.0.112:5146
经济科教高清,http://yanshifen.top:8889/udp/239.77.0.85:5146
大湾区卫视高清,http://yanshifen.top:8889/udp/239.77.0.215:5146
广东影视高清,http://yanshifen.top:8889/udp/239.77.0.217:5146
广东少儿高清,http://yanshifen.top:8889/udp/239.77.0.250:5146
揭阳综合高清,http://www.maomizi.cn:9527/udp/239.77.0.229:5146
揭阳生活高清,http://www.maomizi.cn:9527/udp/239.77.0.251:5146
汕尾综合高清,http://www.maomizi.cn:9527/udp/239.77.0.25:5146
汕尾生活高清,http://www.maomizi.cn:9527/udp/239.77.0.187:5146
汕头综合高清,http://www.maomizi.cn:9527/udp/239.253.43.45:5146
汕头生活高清,http://www.maomizi.cn:9527/udp/239.253.43.46:5146
潮州综合高清,http://www.maomizi.cn:9527/udp/239.253.43.70:5146
潮州民生高清,http://www.maomizi.cn:9527/udp/239.253.43.75:5146
广东卫视高清,http://www.maomizi.cn:9527/udp/239.77.0.84:5146
广东新闻高清,http://www.maomizi.cn:9527/udp/239.77.0.173:5146
广东民生高清,http://www.maomizi.cn:9527/udp/239.77.0.225:5146
广东体育高清,http://www.maomizi.cn:9527/udp/239.77.0.112:5146
经济科教高清,http://www.maomizi.cn:9527/udp/239.77.0.85:5146
大湾区卫视高清,http://www.maomizi.cn:9527/udp/239.77.0.215:5146
广东影视高清,http://www.maomizi.cn:9527/udp/239.77.0.217:5146
广东少儿高清,http://www.maomizi.cn:9527/udp/239.77.0.250:5146
揭阳综合高清,http://61.145.188.90:50055/udp/239.77.0.229:5146
揭阳生活高清,http://61.145.188.90:50055/udp/239.77.0.251:5146
汕尾综合高清,http://61.145.188.90:50055/udp/239.77.0.25:5146
汕尾生活高清,http://61.145.188.90:50055/udp/239.77.0.187:5146
汕头综合高清,http://61.145.188.90:50055/udp/239.253.43.45:5146
汕头生活高清,http://61.145.188.90:50055/udp/239.253.43.46:5146
潮州综合高清,http://61.145.188.90:50055/udp/239.253.43.70:5146
潮州民生高清,http://61.145.188.90:50055/udp/239.253.43.75:5146
广东卫视高清,http://61.145.188.90:50055/udp/239.77.0.84:5146
广东新闻高清,http://61.145.188.90:50055/udp/239.77.0.173:5146
广东民生高清,http://61.145.188.90:50055/udp/239.77.0.225:5146
广东体育高清,http://61.145.188.90:50055/udp/239.77.0.112:5146
经济科教高清,http://61.145.188.90:50055/udp/239.77.0.85:5146
大湾区卫视高清,http://61.145.188.90:50055/udp/239.77.0.215:5146
广东影视高清,http://61.145.188.90:50055/udp/239.77.0.217:5146
广东少儿高清,http://61.145.188.90:50055/udp/239.77.0.250:5146
广东公共,http://111.221.137.234:44330/tsfile/live/0127_1.m3u8?key=txiptv&playlive=0&authid=0
Channel [V],http://111.221.137.234:44330/tsfile/live/0118_1.m3u8?key=txiptv&playlive=0&authid=0
凤凰卫视中文台,http://111.221.137.234:44330/tsfile/live/0141_2.m3u8?key=txiptv&playlive=0&authid=0
CGTN,http://111.221.137.234:44330/tsfile/live/1012_1.m3u8?key=txiptv&playlive=0&authid=0
重温经典,http://111.221.137.234:44330/tsfile/live/0143_1.m3u8?key=txiptv&playlive=0&authid=0
超级电视剧,http://111.29.9.33:6610/000000001000/1000000001000008139/index.m3u8?channel-id=bestzb&Contentid=1000000001000008139&livemode=1&stbId=3
北京纪实科教,http://111.29.9.33:6610/000000001000/1000000001000028380/index.m3u8?channel-id=bestzb&Contentid=1000000001000028380&livemode=1&stbId=3
欢笑剧场4K,http://111.29.9.33:6610/000000001000/5000000002000009455/index.m3u8?channel-id=bestzb&Contentid=5000000002000009455&livemode=1&stbId=3
快乐垂钓,http://111.29.9.33:6610/000000001000/5000000011000031206/index.m3u8?channel-id=bestzb&Contentid=5000000011000031206&livemode=1&stbId=3
游戏风云,http://111.29.9.33:6610/000000001000/5000000011000031114/index.m3u8?channel-id=bestzb&Contentid=5000000011000031114&livemode=1&stbId=3
魅力足球,http://111.29.9.33:6610/000000001000/5000000011000031207/index.m3u8?channel-id=bestzb&Contentid=5000000011000031207&livemode=1&stbId=3
超级电影,http://111.29.9.33:6610/000000001000/1000000001000012884/index.m3u8?channel-id=bestzb&Contentid=1000000001000012884&livemode=1&stbId=3
家庭剧场,http://111.29.9.33:6610/000000001000/1000000004000008284/index.m3u8?channel-id=bestzb&Contentid=1000000004000008284&livemode=1&stbId=3
精品大剧,http://111.29.9.33:6610/000000001000/1000000004000013968/index.m3u8?channel-id=bestzb&Contentid=1000000004000013968&livemode=1&stbId=3
明星大片,http://111.29.9.33:6610/000000001000/1000000004000019008/index.m3u8?channel-id=bestzb&Contentid=1000000004000019008&livemode=1&stbId=3
超级体育,http://111.29.9.33:6610/000000001000/1000000004000007755/index.m3u8?channel-id=bestzb&Contentid=1000000004000007755&livemode=1&stbId=3
超级综艺,http://111.29.9.33:6610/000000001000/1000000004000023658/index.m3u8?channel-id=bestzb&Contentid=1000000004000023658&livemode=1&stbId=3
金牌综艺,http://111.29.9.33:6610/000000001000/1000000004000026167/index.m3u8?channel-id=bestzb&Contentid=1000000004000026167&livemode=1&stbId=3
炫舞未来,http://111.29.9.33:6610/000000001000/1000000001000000515/index.m3u8?channel-id=bestzb&Contentid=1000000001000000515&livemode=1&stbId=3
茶频道,http://111.29.9.33:6610/000000001000/5000000011000031209/index.m3u8?channel-id=bestzb&Contentid=5000000011000031209&livemode=1&stbId=3
纯享4K,http://111.29.9.33:6610/000000001000/1000000004000011651/index.m3u8?channel-id=bestzb&Contentid=1000000004000011651&livemode=1&stbId=3
乐游,http://111.29.9.33:6610/000000001000/5000000011000031112/index.m3u8?channel-id=bestzb&Contentid=5000000011000031112&livemode=1&stbId=3
深圳卫视超清,rtsp://183.59.56.116:554/PLTV/88888905/224/3221227543/10000100000000060000000004462919_0.smil?0&accountinfo=%7E%7EV2.0%7E0konh4hFkquc848UdP9yOw%7EzJeEdQQK6GK7r2Q5jZjxjKYhZiHklGs8wg1XyXUSKdk5d8f2s2AYjzO2-qcyDeaExan3Pra4cuU_Whoju6BKGf666OGX7-GKwJrfpZjwyfM~ExtInfoWNHSPSTb+3AG0FnUkYLPMw=-1%2C0%2C1%2C%2C%2C2%2C%2C%2C%2C2%2CEND&GuardEncType=2
黑龙江卫视超清,rtsp://183.59.56.116:554/PLTV/88888905/224/3221227604/10000100000000060000000004462921_0.smil?0&accountinfo=%7E%7EV2.0%7EQN9_lS2prEZSf6XyQkpjcQ%7EzJeEdQQK6GK7r2Q5jZjxjKYhZiHklGs8wg1XyXUSKdk5d8f2s2AYjzO2-qcyDeaExan3Pra4cuU_Whoju6BKGf666OGX7-GKwJrfpZjwyfM~ExtInfoWNHSPSTb+3AG0FnUkYLPMw=-1%2C0%2C1%2C%2C%2C2%2C%2C%2C%2C2%2CEND&GuardEncType=2
湖北卫视超清,rtsp://183.59.56.116:554/PLTV/88888905/224/3221227584/10000100000000060000000004462929_0.smil?0&accountinfo=%7E%7EV2.0%7EZIj_4E2ewBQbd51BiTNKOA%7EzJeEdQQK6GK7r2Q5jZjxjKYhZiHklGs8wg1XyXUSKdk5d8f2s2AYjzO2-qcyDeaExan3Pra4cuU_Whoju6BKGf666OGX7-GKwJrfpZjwyfM~ExtInfoWNHSPSTb+3AG0FnUkYLPMw=-1%2C0%2C1%2C%2C%2C2%2C%2C%2C%2C2%2CEND&GuardEncType=2
天津卫视超清,rtsp://183.59.56.116:554/PLTV/88888905/224/3221227575/10000100000000060000000004462922_0.smil?0&accountinfo=%7E%7EV2.0%7E-J4B7nijVKr_NAMo7qZTIw%7EzJeEdQQK6GK7r2Q5jZjxjKYhZiHklGs8wg1XyXUSKdk5d8f2s2AYjzO2-qcyDeaExan3Pra4cuU_Whoju6BKGf666OGX7-GKwJrfpZjwyfM~ExtInfoWNHSPSTb+3AG0FnUkYLPMw=-1%2C0%2C1%2C%2C%2C2%2C%2C%2C%2C2%2CEND&GuardEncType=2
浙江卫视高清,rtsp://183.59.56.116:554/PLTV/88888905/224/3221227296/10000100000000060000000001141335_0.smil?0&accountinfo=%7E%7EV2.0%7EBng-uKyYgdUpj01BXpVWug%7EzJeEdQQK6GK7r2Q5jZjxjKYhZiHklGs8wg1XyXUSKdk5d8f2s2AYjzO2-qcyDeaExan3Pra4cuU_Whoju6BKGf666OGX7-GKwJrfpZjwyfM~ExtInfoWNHSPSTb+3AG0FnUkYLPMw=-1%2C0%2C1%2C%2C%2C2%2C%2C%2C%2C2%2CEND&GuardEncType=2
江苏卫视高清,rtsp://183.59.56.116:554/PLTV/88888905/224/3221227027/10000100000000060000000000698853_0.smil?0&accountinfo=%7E%7EV2.0%7EaxGs9GVvEtywWlMV9_8zfw%7EzJeEdQQK6GK7r2Q5jZjxjKYhZiHklGs8wg1XyXUSKdk5d8f2s2AYjzO2-qcyDeaExan3Pra4cuU_Whoju6BKGf666OGX7-GKwJrfpZjwyfM~ExtInfoWNHSPSTb+3AG0FnUkYLPMw=-1%2C0%2C1%2C%2C%2C2%2C%2C%2C%2C2%2CEND&GuardEncType=2
东方卫视高清,rtsp://183.59.56.116:554/PLTV/88888905/224/3221227299/10000100000000060000000001141344_0.smil?0&accountinfo=%7E%7EV2.0%7E6KTDBPHM-03Uw5OdPJsmUg%7EzJeEdQQK6GK7r2Q5jZjxjKYhZiHklGs8wg1XyXUSKdk5d8f2s2AYjzO2-qcyDeaExan3Pra4cuU_Whoju6BKGf666OGX7-GKwJrfpZjwyfM~ExtInfoWNHSPSTb+3AG0FnUkYLPMw=-1%2C0%2C1%2C%2C%2C2%2C%2C%2C%2C2%2CEND&GuardEncType=2
天津卫视高清,rtsp://183.59.56.116:554/PLTV/88888905/224/3221227346/10000100000000060000000003100521_0.smil?0&accountinfo=%7E%7EV2.0%7ErN-BuTVrGNWqfRpgcaeoYA%7EzJeEdQQK6GK7r2Q5jZjxjKYhZiHklGs8wg1XyXUSKdk5d8f2s2AYjzO2-qcyDeaExan3Pra4cuU_Whoju6BKGf666OGX7-GKwJrfpZjwyfM~ExtInfoWNHSPSTb+3AG0FnUkYLPMw=-1%2C0%2C1%2C%2C%2C2%2C%2C%2C%2C2%2CEND&GuardEncType=2
广东卫视超清,rtsp://183.59.56.116:554/PLTV/88888905/224/3221227768/10000100000000060000000005076861_0.smil?0&accountinfo=%7E%7EV2.0%7Efp8S09q4rzSyDL5cSiNmOQ%7EzJeEdQQK6GK7r2Q5jZjxjKYhZiHklGs8wg1XyXUSKdk5d8f2s2AYjzO2-qcyDeaExan3Pra4cuU_Whoju6BKGf666OGX7-GKwJrfpZjwyfM~ExtInfoWNHSPSTb+3AG0FnUkYLPMw=-1%2C0%2C1%2C%2C%2C2%2C%2C%2C%2C2%2CEND&GuardEncType=2
广东卫视高清,rtsp://183.59.56.116:554/PLTV/88888905/224/3221227218/10000100000000060000000000988525_0.smil?0&accountinfo=%7E%7EV2.0%7EsFZ46mFNJb4XrlnNoWuN5w%7EzJeEdQQK6GK7r2Q5jZjxjKYhZiHklGs8wg1XyXUSKdk5d8f2s2AYjzO2-qcyDeaExan3Pra4cuU_Whoju6BKGf666OGX7-GKwJrfpZjwyfM~ExtInfoWNHSPSTb+3AG0FnUkYLPMw=-1%2C0%2C1%2C%2C%2C2%2C%2C%2C%2C2%2CEND&GuardEncType=2
深圳卫视高清,rtsp://183.59.56.116:554/PLTV/88888905/224/3221227267/10000100000000060000000001141334_0.smil?0&accountinfo=%7E%7EV2.0%7E0e6_CpdWVE14AFzBPTzwXw%7EzJeEdQQK6GK7r2Q5jZjxjKYhZiHklGs8wg1XyXUSKdk5d8f2s2AYjzO2-qcyDeaExan3Pra4cuU_Whoju6BKGf666OGX7-GKwJrfpZjwyfM~ExtInfoWNHSPSTb+3AG0FnUkYLPMw=-1%2C0%2C1%2C%2C%2C2%2C%2C%2C%2C2%2CEND&GuardEncType=2
安徽卫视高清,rtsp://183.59.56.116:554/PLTV/88888905/224/3221227928/10000100000000060000000006526299_0.smil?0&accountinfo=%7E%7EV2.0%7EuOrkSwl7X_jL_XI5Lg2NiQ%7EzJeEdQQK6GK7r2Q5jZjxjKYhZiHklGs8wg1XyXUSKdk5d8f2s2AYjzO2-qcyDeaExan3Pra4cuU_Whoju6BKGf666OGX7-GKwJrfpZjwyfM~ExtInfoWNHSPSTb+3AG0FnUkYLPMw=-1%2C0%2C1%2C%2C%2C2%2C%2C%2C%2C2%2CEND&GuardEncType=2
湖北卫视高清,rtsp://183.59.56.116:554/PLTV/88888905/224/3221227322/10000100000000060000000001141333_0.smil?0&accountinfo=%7E%7EV2.0%7EH1tDedGzar6X8PIQ6bdTvg%7EzJeEdQQK6GK7r2Q5jZjxjKYhZiHklGs8wg1XyXUSKdk5d8f2s2AYjzO2-qcyDeaExan3Pra4cuU_Whoju6BKGf666OGX7-GKwJrfpZjwyfM~ExtInfoWNHSPSTb+3AG0FnUkYLPMw=-1%2C0%2C1%2C%2C%2C2%2C%2C%2C%2C2%2CEND&GuardEncType=2
黑龙江卫视高清,rtsp://183.59.56.116:554/PLTV/88888905/224/3221227302/10000100000000060000000001141347_0.smil?0&accountinfo=%7E%7EV2.0%7Emt5PkJ7RdAiZS0qHFtT_Cg%7EzJeEdQQK6GK7r2Q5jZjxjKYhZiHklGs8wg1XyXUSKdk5d8f2s2AYjzO2-qcyDeaExan3Pra4cuU_Whoju6BKGf666OGX7-GKwJrfpZjwyfM~ExtInfoWNHSPSTb+3AG0FnUkYLPMw=-1%2C0%2C1%2C%2C%2C2%2C%2C%2C%2C2%2CEND&GuardEncType=2
山东卫视高清,rtsp://183.59.56.116:554/PLTV/88888905/224/3221227215/10000100000000060000000000988473_0.smil?0&accountinfo=%7E%7EV2.0%7Ea9_wJpZCyFNPMyJVu70lPg%7EzJeEdQQK6GK7r2Q5jZjxjKYhZiHklGs8wg1XyXUSKdk5d8f2s2AYjzO2-qcyDeaExan3Pra4cuU_Whoju6BKGf666OGX7-GKwJrfpZjwyfM~ExtInfoWNHSPSTb+3AG0FnUkYLPMw=-1%2C0%2C1%2C%2C%2C2%2C%2C%2C%2C2%2CEND&GuardEncType=2
辽宁卫视高清,rtsp://183.59.56.116:554/PLTV/88888905/224/3221227608/10000100000000060000000004547240_0.smil?0&accountinfo=%7E%7EV2.0%7Efb2FO4DXRVfclC948uGXUQ%7EzJeEdQQK6GK7r2Q5jZjxjKYhZiHklGs8wg1XyXUSKdk5d8f2s2AYjzO2-qcyDeaExan3Pra4cuU_Whoju6BKGf666OGX7-GKwJrfpZjwyfM~ExtInfoWNHSPSTb+3AG0FnUkYLPMw=-1%2C0%2C1%2C%2C%2C2%2C%2C%2C%2C2%2CEND&GuardEncType=2
重庆卫视高清,rtsp://183.59.56.116:554/PLTV/88888905/224/3221227897/10000100000000060000000006388228_0.smil?0&accountinfo=%7E%7EV2.0%7EtgaHrsUgJAi5sGQ5J3Grjw%7EzJeEdQQK6GK7r2Q5jZjxjKYhZiHklGs8wg1XyXUSKdk5d8f2s2AYjzO2-qcyDeaExan3Pra4cuU_Whoju6BKGf666OGX7-GKwJrfpZjwyfM~ExtInfoWNHSPSTb+3AG0FnUkYLPMw=-1%2C0%2C1%2C%2C%2C2%2C%2C%2C%2C2%2CEND&GuardEncType=2
贵州卫视高清,rtsp://183.59.56.116:554/PLTV/88888905/224/3221228286/10000100000000060000000007781468_0.smil?0&accountinfo=%7E%7EV2.0%7EIKugDj03eot3ijhtEwmBwg%7EzJeEdQQK6GK7r2Q5jZjxjKYhZiHklGs8wg1XyXUSKdk5d8f2s2AYjzO2-qcyDeaExan3Pra4cuU_Whoju6BKGf666OGX7-GKwJrfpZjwyfM~ExtInfoWNHSPSTb+3AG0FnUkYLPMw=-1%2C0%2C1%2C%2C%2C2%2C%2C%2C%2C2%2CEND&GuardEncType=2
东南卫视高清,rtsp://183.59.56.116:554/PLTV/88888905/224/3221229798/10000100000000060000000009574969_0.smil?0&accountinfo=%7E%7EV2.0%7EfJL0ZFSnBct56inJbkqSmw%7EzJeEdQQK6GK7r2Q5jZjxjKYhZiHklGs8wg1XyXUSKdk5d8f2s2AYjzO2-qcyDeaExan3Pra4cuU_Whoju6BKGf666OGX7-GKwJrfpZjwyfM~ExtInfoWNHSPSTb+3AG0FnUkYLPMw=-1%2C0%2C1%2C%2C%2C2%2C%2C%2C%2C2%2CEND&GuardEncType=2
河北卫视高清,rtsp://183.59.56.116:554/PLTV/88888905/224/3221229830/10000100000000060000000009574961_0.smil?0&accountinfo=%7E%7EV2.0%7EDyxoCpP_LG-nsJ5V4zjxbQ%7EzJeEdQQK6GK7r2Q5jZjxjKYhZiHklGs8wg1XyXUSKdk5d8f2s2AYjzO2-qcyDeaExan3Pra4cuU_Whoju6BKGf666OGX7-GKwJrfpZjwyfM~ExtInfoWNHSPSTb+3AG0FnUkYLPMw=-1%2C0%2C1%2C%2C%2C2%2C%2C%2C%2C2%2CEND&GuardEncType=2
江西卫视高清,rtsp://183.59.56.116:554/PLTV/88888905/224/3221229779/10000100000000060000000009575029_0.smil?0&accountinfo=%7E%7EV2.0%7EWZ8ggVo2loF2Lx6AD0nTog%7EzJeEdQQK6GK7r2Q5jZjxjKYhZiHklGs8wg1XyXUSKdk5d8f2s2AYjzO2-qcyDeaExan3Pra4cuU_Whoju6BKGf666OGX7-GKwJrfpZjwyfM~ExtInfoWNHSPSTb+3AG0FnUkYLPMw=-1%2C0%2C1%2C%2C%2C2%2C%2C%2C%2C2%2CEND&GuardEncType=2
吉林卫视高清,rtsp://183.59.56.116:554/PLTV/88888905/224/3221229881/10000100000000060000000009574938_0.smil?0&accountinfo=%7E%7EV2.0%7El9QgdTgvQ7gvk0b1n8Fs3w%7EzJeEdQQK6GK7r2Q5jZjxjKYhZiHklGs8wg1XyXUSKdk5d8f2s2AYjzO2-qcyDeaExan3Pra4cuU_Whoju6BKGf666OGX7-GKwJrfpZjwyfM~ExtInfoWNHSPSTb+3AG0FnUkYLPMw=-1%2C0%2C1%2C%2C%2C2%2C%2C%2C%2C2%2CEND&GuardEncType=2
广西卫视高清,rtsp://183.59.56.116:554/PLTV/88888905/224/3221229990/10000100000000060000000010232875_0.smil?0&accountinfo=%7E%7EV2.0%7E5_WBXEf9DsrAEr08Jx_i0A%7EzJeEdQQK6GK7r2Q5jZjxjKYhZiHklGs8wg1XyXUSKdk5d8f2s2AYjzO2-qcyDeaExan3Pra4cuU_Whoju6BKGf666OGX7-GKwJrfpZjwyfM~ExtInfoWNHSPSTb+3AG0FnUkYLPMw=-1%2C0%2C1%2C%2C%2C2%2C%2C%2C%2C2%2CEND&GuardEncType=2
广东综艺4K,rtsp://183.59.56.116:554/PLTV/88888905/224/3221229717/10000100000000060000000008643415_0.smil?0&accountinfo=%7E%7EV2.0%7E5eD1tRLue3bsAGvSDf20HA%7EzJeEdQQK6GK7r2Q5jZjxjKYhZiHklGs8wg1XyXUSKdk5d8f2s2AYjzO2-qcyDeaExan3Pra4cuU_Whoju6BKGf666OGX7-GKwJrfpZjwyfM~ExtInfoWNHSPSTb+3AG0FnUkYLPMw=-1%2C0%2C1%2C%2C%2C2%2C%2C%2C%2C2%2CEND&GuardEncType=2
广东综艺4K,rtsp://183.59.56.116:554/PLTV/88888905/224/3221229713/10000100000000060000000008646185_0.smil?0&accountinfo=%7E%7EV2.0%7EG5fEQeO2yT2LgijcyazKdg%7EzJeEdQQK6GK7r2Q5jZjxjKYhZiHklGs8wg1XyXUSKdk5d8f2s2AYjzO2-qcyDeaExan3Pra4cuU_Whoju6BKGf666OGX7-GKwJrfpZjwyfM~ExtInfoWNHSPSTb+3AG0FnUkYLPMw=-1%2C0%2C1%2C%2C%2C2%2C%2C%2C%2C2%2CEND&GuardEncType=2
广东新闻高清,rtsp://183.59.56.116:554/PLTV/88888905/224/3221230032/320917528.smil?0&accountinfo=%7E%7EV2.0%7EgDBfCrlNs_X3qljSJ3njZQ%7EzJeEdQQK6GK7r2Q5jZjxjKYhZiHklGs8wg1XyXUSKdk5d8f2s2AYjzO2-qcyDeaExan3Pra4cuU_Whoju6BKGf666OGX7-GKwJrfpZjwyfM~ExtInfoWNHSPSTb+3AG0FnUkYLPMw=-1%2C0%2C1%2C%2C%2C2%2C%2C%2C%2C2%2CEND&GuardEncType=2
经济科教超清,rtsp://183.59.56.116:554/PLTV/88888905/224/3221227811/10000100000000060000000005076860_0.smil?0&accountinfo=%7E%7EV2.0%7E48XOVHB4fc_HwuvjgY3xFw%7EzJeEdQQK6GK7r2Q5jZjxjKYhZiHklGs8wg1XyXUSKdk5d8f2s2AYjzO2-qcyDeaExan3Pra4cuU_Whoju6BKGf666OGX7-GKwJrfpZjwyfM~ExtInfoWNHSPSTb+3AG0FnUkYLPMw=-1%2C0%2C1%2C%2C%2C2%2C%2C%2C%2C2%2CEND&GuardEncType=2
广东体育超清,rtsp://183.59.56.116:554/PLTV/88888905/224/3221227818/10000100000000060000000005076859_0.smil?0&accountinfo=%7E%7EV2.0%7Edgvm8f681JWRBTttSMlhLg%7EzJeEdQQK6GK7r2Q5jZjxjKYhZiHklGs8wg1XyXUSKdk5d8f2s2AYjzO2-qcyDeaExan3Pra4cuU_Whoju6BKGf666OGX7-GKwJrfpZjwyfM~ExtInfoWNHSPSTb+3AG0FnUkYLPMw=-1%2C0%2C1%2C%2C%2C2%2C%2C%2C%2C2%2CEND&GuardEncType=2
经济科教高清,rtsp://183.59.56.116:554/PLTV/88888905/224/3221227238/10000100000000060000000000987130_0.smil?0&accountinfo=%7E%7EV2.0%7EyU3xvT9RGErxisUE0wkmkg%7EzJeEdQQK6GK7r2Q5jZjxjKYhZiHklGs8wg1XyXUSKdk5d8f2s2AYjzO2-qcyDeaExan3Pra4cuU_Whoju6BKGf666OGX7-GKwJrfpZjwyfM~ExtInfoWNHSPSTb+3AG0FnUkYLPMw=-1%2C0%2C1%2C%2C%2C2%2C%2C%2C%2C2%2CEND&GuardEncType=2
广东体育高清,rtsp://183.59.56.116:554/PLTV/88888905/224/3221227484/10000100000000060000000003928833_0.smil?0&accountinfo=%7E%7EV2.0%7Ew7Bz7WWUvefO8y8c0TBseg%7EzJeEdQQK6GK7r2Q5jZjxjKYhZiHklGs8wg1XyXUSKdk5d8f2s2AYjzO2-qcyDeaExan3Pra4cuU_Whoju6BKGf666OGX7-GKwJrfpZjwyfM~ExtInfoWNHSPSTb+3AG0FnUkYLPMw=-1%2C0%2C1%2C%2C%2C2%2C%2C%2C%2C2%2CEND&GuardEncType=2
广东影视高清,rtsp://183.59.56.116:554/PLTV/88888905/224/3221229939/10000100000000060000000011293286_0.smil?0&accountinfo=%7E%7EV2.0%7EF8Djf5I5I3zFotQpnhkjvw%7EzJeEdQQK6GK7r2Q5jZjxjKYhZiHklGs8wg1XyXUSKdk5d8f2s2AYjzO2-qcyDeaExan3Pra4cuU_Whoju6BKGf666OGX7-GKwJrfpZjwyfM~ExtInfoWNHSPSTb+3AG0FnUkYLPMw=-1%2C0%2C1%2C%2C%2C2%2C%2C%2C%2C2%2CEND&GuardEncType=2
广东公共高清,rtsp://183.59.56.116:554/PLTV/88888905/224/3221230072/10000100000000060000000011293287_0.smil?0&accountinfo=%7E%7EV2.0%7EJfOJh8kUHwkvOQkuZOyKkA%7EzJeEdQQK6GK7r2Q5jZjxjKYhZiHklGs8wg1XyXUSKdk5d8f2s2AYjzO2-qcyDeaExan3Pra4cuU_Whoju6BKGf666OGX7-GKwJrfpZjwyfM~ExtInfoWNHSPSTb+3AG0FnUkYLPMw=-1%2C0%2C1%2C%2C%2C2%2C%2C%2C%2C2%2CEND&GuardEncType=2
广东少儿高清,rtsp://183.59.56.116:554/PLTV/88888905/224/3221230010/10000100000000060000000011293288_0.smil?0&accountinfo=%7E%7EV2.0%7EBncdZ3rFEXgsm3o4YCdIFQ%7EzJeEdQQK6GK7r2Q5jZjxjKYhZiHklGs8wg1XyXUSKdk5d8f2s2AYjzO2-qcyDeaExan3Pra4cuU_Whoju6BKGf666OGX7-GKwJrfpZjwyfM~ExtInfoWNHSPSTb+3AG0FnUkYLPMw=-1%2C0%2C1%2C%2C%2C2%2C%2C%2C%2C2%2CEND&GuardEncType=2
大湾区卫视高清,rtsp://183.59.56.116:554/PLTV/88888905/224/3221230001/10000100000000060000000011293289_0.smil?0&accountinfo=%7E%7EV2.0%7EiKe-NYf8wqbfEoP3btv9QA%7EzJeEdQQK6GK7r2Q5jZjxjKYhZiHklGs8wg1XyXUSKdk5d8f2s2AYjzO2-qcyDeaExan3Pra4cuU_Whoju6BKGf666OGX7-GKwJrfpZjwyfM~ExtInfoWNHSPSTb+3AG0FnUkYLPMw=-1%2C0%2C1%2C%2C%2C2%2C%2C%2C%2C2%2CEND&GuardEncType=2
上海纪实高清,rtsp://183.59.56.116:554/PLTV/88888905/224/3221229872/10000100000000060000000009575047_0.smil?0&accountinfo=%7E%7EV2.0%7EK7Z3v0csIIQiA8ZhV0ySEA%7EzJeEdQQK6GK7r2Q5jZjxjKYhZiHklGs8wg1XyXUSKdk5d8f2s2AYjzO2-qcyDeaExan3Pra4cuU_Whoju6BKGf666OGX7-GKwJrfpZjwyfM~ExtInfoWNHSPSTb+3AG0FnUkYLPMw=-1%2C0%2C1%2C%2C%2C2%2C%2C%2C%2C2%2CEND&GuardEncType=2
湖南茶,rtsp://183.59.56.116:554/PLTV/88888905/224/3221229888/10000100000000060000000010323146_0.smil?0&accountinfo=%7E%7EV2.0%7EMhQ6ZyeRjk5mta22OM89Dw%7EzJeEdQQK6GK7r2Q5jZjxjKYhZiHklGs8wg1XyXUSKdk5d8f2s2AYjzO2-qcyDeaExan3Pra4cuU_Whoju6BKGf666OGX7-GKwJrfpZjwyfM~ExtInfoWNHSPSTb+3AG0FnUkYLPMw=-1%2C0%2C1%2C%2C%2C2%2C%2C%2C%2C2%2CEND&GuardEncType=2
快乐垂钓,rtsp://183.59.56.116:554/PLTV/88888905/224/3221229928/10000100000000060000000010323147_0.smil?0&accountinfo=%7E%7EV2.0%7ESPI66mLUhoK6e_bTbSQQCQ%7EzJeEdQQK6GK7r2Q5jZjxjKYhZiHklGs8wg1XyXUSKdk5d8f2s2AYjzO2-qcyDeaExan3Pra4cuU_Whoju6BKGf666OGX7-GKwJrfpZjwyfM~ExtInfoWNHSPSTb+3AG0FnUkYLPMw=-1%2C0%2C1%2C%2C%2C2%2C%2C%2C%2C2%2CEND&GuardEncType=2
电视指南高清,rtsp://183.59.56.116:554/PLTV/88888905/224/3221230003/10000100000000060000000011037421_0.smil?0&accountinfo=%7E%7EV2.0%7EBHePkGqjYN4rI8ecgMjDIg%7EzJeEdQQK6GK7r2Q5jZjxjKYhZiHklGs8wg1XyXUSKdk5d8f2s2AYjzO2-qcyDeaExan3Pra4cuU_Whoju6BKGf666OGX7-GKwJrfpZjwyfM~ExtInfoWNHSPSTb+3AG0FnUkYLPMw=-1%2C0%2C1%2C%2C%2C2%2C%2C%2C%2C2%2CEND&GuardEncType=2
央视精品高清,rtsp://183.59.56.116:554/PLTV/88888905/224/3221230012/10000100000000060000000011037429_0.smil?0&accountinfo=%7E%7EV2.0%7Ebwc4e8DirJRb8Zg3L8Qr4A%7EzJeEdQQK6GK7r2Q5jZjxjKYhZiHklGs8wg1XyXUSKdk5d8f2s2AYjzO2-qcyDeaExan3Pra4cuU_Whoju6BKGf666OGX7-GKwJrfpZjwyfM~ExtInfoWNHSPSTb+3AG0FnUkYLPMw=-1%2C0%2C1%2C%2C%2C2%2C%2C%2C%2C2%2CEND&GuardEncType=2
IPTV谍战剧场,rtsp://183.59.56.116:554/PLTV/88888905/224/3221227158/10000100000000060000000000937867_0.smil?0&accountinfo=%7E%7EV2.0%7EDrPxmKDwQZeAvzANz-MGng%7EzJeEdQQK6GK7r2Q5jZjxjKYhZiHklGs8wg1XyXUSKdk5d8f2s2AYjzO2-qcyDeaExan3Pra4cuU_Whoju6BKGf666OGX7-GKwJrfpZjwyfM~ExtInfoWNHSPSTb+3AG0FnUkYLPMw=-1%2C0%2C1%2C%2C%2C2%2C%2C%2C%2C2%2CEND&GuardEncType=2
极K精选,rtsp://183.59.56.116:554/PLTV/88888905/224/3221228304/10000100000000060000000008188821_0.smil?0&accountinfo=%7E%7EV2.0%7E8-1sixSy3h6EVYxRzBr1rw%7EzJeEdQQK6GK7r2Q5jZjxjKYhZiHklGs8wg1XyXUSKdk5d8f2s2AYjzO2-qcyDeaExan3Pra4cuU_Whoju6BKGf666OGX7-GKwJrfpZjwyfM~ExtInfoWNHSPSTb+3AG0FnUkYLPMw=-1%2C0%2C1%2C%2C%2C2%2C%2C%2C%2C2%2CEND&GuardEncType=2
精选4k频道1,rtsp://183.59.56.116:554/PLTV/88888905/224/3221228307/10000100000000060000000008189136_0.smil?0&accountinfo=%7E%7EV2.0%7EAqd3ciY3-pzJVhUaGjQUaw%7EzJeEdQQK6GK7r2Q5jZjxjKYhZiHklGs8wg1XyXUSKdk5d8f2s2AYjzO2-qcyDeaExan3Pra4cuU_Whoju6BKGf666OGX7-GKwJrfpZjwyfM~ExtInfoWNHSPSTb+3AG0FnUkYLPMw=-1%2C0%2C1%2C%2C%2C2%2C%2C%2C%2C2%2CEND&GuardEncType=2
精选4k频道2,rtsp://183.59.56.116:554/PLTV/88888905/224/3221228179/10000100000000060000000008189131_0.smil?0&accountinfo=%7E%7EV2.0%7El0PMxMTr89VnbogvGkhHKQ%7EzJeEdQQK6GK7r2Q5jZjxjKYhZiHklGs8wg1XyXUSKdk5d8f2s2AYjzO2-qcyDeaExan3Pra4cuU_Whoju6BKGf666OGX7-GKwJrfpZjwyfM~ExtInfoWNHSPSTb+3AG0FnUkYLPMw=-1%2C0%2C1%2C%2C%2C2%2C%2C%2C%2C2%2CEND&GuardEncType=2
精选4k频道3,rtsp://183.59.56.116:554/PLTV/88888905/224/3221229891/10000100000000060000000009714024_0.smil?0&accountinfo=%7E%7EV2.0%7Ewh4GzNmJ9Ru12FmJnUao9A%7EzJeEdQQK6GK7r2Q5jZjxjKYhZiHklGs8wg1XyXUSKdk5d8f2s2AYjzO2-qcyDeaExan3Pra4cuU_Whoju6BKGf666OGX7-GKwJrfpZjwyfM~ExtInfoWNHSPSTb+3AG0FnUkYLPMw=-1%2C0%2C1%2C%2C%2C2%2C%2C%2C%2C2%2CEND&GuardEncType=2
CGTN,http://120.87.19.109:80/PLTV/88888973/224/3221225718/10000100000000060000000000334622_0.smil/01.m3u8?fmt=ts2hls,244,01.m3u8&accountinfo=UoQbCSdhOfs+Fhzpjb+WON1faRQ9pU15SBx6EULzJM/q63EjPL5/UXSVfEKzDq3xXxOwiUWK0jN7fiwrWDIrngWZ1F4+6A1eDkDeh5XZlpvpn23wIF+ldb6dnBPa8zHj,END&tenantId=8601
东方卫视高清,http://120.87.19.109:80/PLTV/88888973/224/3221225707/10000100000000060000000000334659_0.smil/01.m3u8?fmt=ts2hls,244,01.m3u8&accountinfo=UoQbCSdhOfs+Fhzpjb+WON1faRQ9pU15SBx6EULzJM/q63EjPL5/UXSVfEKzDq3xQJ7WqJgfFfHk2jodTVMrwQWZ1F4+6A1eDkDeh5XZlpvpn23wIF+ldb6dnBPa8zHj,END&tenantId=8601
深圳卫视高清,http://120.87.19.109:80/PLTV/88888973/224/3221225708/10000100000000060000000000334657_0.smil/01.m3u8?fmt=ts2hls,244,01.m3u8&accountinfo=UoQbCSdhOfs+Fhzpjb+WON1faRQ9pU15SBx6EULzJM/q63EjPL5/UXSVfEKzDq3xZox2lUBTeY7VmKWJJTAIBAWZ1F4+6A1eDkDeh5XZlpvpn23wIF+ldb6dnBPa8zHj,END&tenantId=8601
江苏卫视高清,http://120.87.19.109:80/PLTV/88888973/224/3221225710/10000100000000060000000000334652_0.smil/01.m3u8?fmt=ts2hls,244,01.m3u8&accountinfo=UoQbCSdhOfs+Fhzpjb+WON1faRQ9pU15SBx6EULzJM/q63EjPL5/UXSVfEKzDq3x/DExMS+T0x2vFDjtB1tUqwWZ1F4+6A1eDkDeh5XZlpvpn23wIF+ldb6dnBPa8zHj,END&tenantId=8601
浙江卫视高清,http://120.87.19.109:80/PLTV/88888973/224/3221225713/10000100000000060000000000334649_0.smil/01.m3u8?fmt=ts2hls,244,01.m3u8&accountinfo=UoQbCSdhOfs+Fhzpjb+WON1faRQ9pU15SBx6EULzJM/q63EjPL5/UXSVfEKzDq3xSfxiAMTTPW0lA7dr5bVLyAWZ1F4+6A1eDkDeh5XZlpvpn23wIF+ldb6dnBPa8zHj,END&tenantId=8601
湖北卫视高清,http://120.87.19.109:80/PLTV/88888973/224/3221225714/10000100000000060000000000334648_0.smil/01.m3u8?fmt=ts2hls,244,01.m3u8&accountinfo=UoQbCSdhOfs+Fhzpjb+WON1faRQ9pU15SBx6EULzJM/q63EjPL5/UXSVfEKzDq3xzoMYcTd1NSYwHJ60F4mN/gWZ1F4+6A1eDkDeh5XZlpvpn23wIF+ldb6dnBPa8zHj,END&tenantId=8601
黑龙江卫视高清,http://120.87.19.109:80/PLTV/88888973/224/3221225711/10000100000000060000000000334653_0.smil/01.m3u8?fmt=ts2hls,244,01.m3u8&accountinfo=UoQbCSdhOfs+Fhzpjb+WON1faRQ9pU15SBx6EULzJM/q63EjPL5/UXSVfEKzDq3xyMbLcpI50fW/ERH0T+pCnQWZ1F4+6A1eDkDeh5XZlpvpn23wIF+ldb6dnBPa8zHj,END&tenantId=8601
辽宁卫视高清,http://120.87.19.109:80/PLTV/88888973/224/3221225709/10000100000000060000000000334654_0.smil/01.m3u8?fmt=ts2hls,244,01.m3u8&accountinfo=UoQbCSdhOfs+Fhzpjb+WON1faRQ9pU15SBx6EULzJM/q63EjPL5/UXSVfEKzDq3xri7iW8TM4FqVhgIlqxiXkAWZ1F4+6A1eDkDeh5XZlpvpn23wIF+ldb6dnBPa8zHj,END&tenantId=8601
吉林卫视高清,http://120.87.19.109:80/PLTV/88888973/224/3221226623/10000100000000060000000001621397_0.smil/01.m3u8?fmt=ts2hls,244,01.m3u8&accountinfo=UoQbCSdhOfs+Fhzpjb+WON1faRQ9pU15SBx6EULzJM/q63EjPL5/UXSVfEKzDq3xmY0JBD7ritgOQDJs8dIlVwWZ1F4+6A1eDkDeh5XZlpvpn23wIF+ldb6dnBPa8zHj,END&tenantId=8601
天津卫视高清,http://120.87.19.109:80/PLTV/88888973/224/3221225715/10000100000000060000000000334647_0.smil/01.m3u8?fmt=ts2hls,244,01.m3u8&accountinfo=UoQbCSdhOfs+Fhzpjb+WON1faRQ9pU15SBx6EULzJM/q63EjPL5/UXSVfEKzDq3xR3MULzW4pupEFSBkcD3zzAWZ1F4+6A1eDkDeh5XZlpvpn23wIF+ldb6dnBPa8zHj,END&tenantId=8601
河北卫视高清,http://120.87.19.109:80/PLTV/88888973/224/3221226622/10000100000000060000000001621395_0.smil/01.m3u8?fmt=ts2hls,244,01.m3u8&accountinfo=UoQbCSdhOfs+Fhzpjb+WON1faRQ9pU15SBx6EULzJM/q63EjPL5/UXSVfEKzDq3xh3aXm/MoQR7jifa79e4rnAWZ1F4+6A1eDkDeh5XZlpvpn23wIF+ldb6dnBPa8zHj,END&tenantId=8601
河南卫视高清,http://120.87.19.109:80/PLTV/88888973/224/3221226672/10000100000000060000000002070295_0.smil/01.m3u8?fmt=ts2hls,244,01.m3u8&accountinfo=UoQbCSdhOfs+Fhzpjb+WON1faRQ9pU15SBx6EULzJM/q63EjPL5/UXSVfEKzDq3xdmQFXYaZYF8xoq5abpqZcAWZ1F4+6A1eDkDeh5XZlpvpn23wIF+ldb6dnBPa8zHj,END&tenantId=8601
安徽卫视高清,http://120.87.19.109:80/PLTV/88888973/224/3221225759/10000100000000060000000000335582_0.smil/01.m3u8?fmt=ts2hls,244,01.m3u8&accountinfo=UoQbCSdhOfs+Fhzpjb+WON1faRQ9pU15SBx6EULzJM/q63EjPL5/UXSVfEKzDq3xYIMzCly3CKwvk2VVjUQWtgWZ1F4+6A1eDkDeh5XZlpvpn23wIF+ldb6dnBPa8zHj,END&tenantId=8601
山东卫视高清,http://120.87.19.109:80/PLTV/88888973/224/3221225758/10000100000000060000000000334623_0.smil/01.m3u8?fmt=ts2hls,244,01.m3u8&accountinfo=UoQbCSdhOfs+Fhzpjb+WON1faRQ9pU15SBx6EULzJM/q63EjPL5/UXSVfEKzDq3xc0g8qb26m/B5LC+MPknpTwWZ1F4+6A1eDkDeh5XZlpvpn23wIF+ldb6dnBPa8zHj,END&tenantId=8601
青海卫视高清,http://120.87.19.109:80/PLTV/88888973/224/3221226646/10000100000000060000000002016680_0.smil/01.m3u8?fmt=ts2hls,244,01.m3u8&accountinfo=UoQbCSdhOfs+Fhzpjb+WON1faRQ9pU15SBx6EULzJM/q63EjPL5/UXSVfEKzDq3xk45W7ZlhhBWZgDlcayXdkQWZ1F4+6A1eDkDeh5XZlpvpn23wIF+ldb6dnBPa8zHj,END&tenantId=8601
重庆卫视高清,http://120.87.19.109:80/PLTV/88888973/224/3221225757/10000100000000060000000000334621_0.smil/01.m3u8?fmt=ts2hls,244,01.m3u8&accountinfo=UoQbCSdhOfs+Fhzpjb+WON1faRQ9pU15SBx6EULzJM/q63EjPL5/UXSVfEKzDq3x1K8cdyBFgkIqO+PYXMTCFgWZ1F4+6A1eDkDeh5XZlpvpn23wIF+ldb6dnBPa8zHj,END&tenantId=8601
贵州卫视高清,http://120.87.19.109:80/PLTV/88888973/224/3221226123/10000100000000060000000001056887_0.smil/01.m3u8?fmt=ts2hls,244,01.m3u8&accountinfo=UoQbCSdhOfs+Fhzpjb+WON1faRQ9pU15SBx6EULzJM/q63EjPL5/UXSVfEKzDq3x4WIasRb1QkepmYXgLRVmUgWZ1F4+6A1eDkDeh5XZlpvpn23wIF+ldb6dnBPa8zHj,END&tenantId=8601
广西卫视高清,http://120.87.19.109:80/PLTV/88888973/224/3221226355/10000100000000060000000001481217_0.smil/01.m3u8?fmt=ts2hls,244,01.m3u8&accountinfo=UoQbCSdhOfs+Fhzpjb+WON1faRQ9pU15SBx6EULzJM/q63EjPL5/UXSVfEKzDq3xEVPi1oYRiQCfdkbphB8r9gWZ1F4+6A1eDkDeh5XZlpvpn23wIF+ldb6dnBPa8zHj,END&tenantId=8601
云南卫视高清,http://120.87.19.109:80/PLTV/88888973/224/3221226650/10000100000000060000000002070296_0.smil/01.m3u8?fmt=ts2hls,244,01.m3u8&accountinfo=UoQbCSdhOfs+Fhzpjb+WON1faRQ9pU15SBx6EULzJM/q63EjPL5/UXSVfEKzDq3xIxhKhtK+osCA8/Qh6Ux52gWZ1F4+6A1eDkDeh5XZlpvpn23wIF+ldb6dnBPa8zHj,END&tenantId=8601
江西卫视高清,http://120.87.19.109:80/PLTV/88888973/224/3221226626/10000100000000060000000001621396_0.smil/01.m3u8?fmt=ts2hls,244,01.m3u8&accountinfo=UoQbCSdhOfs+Fhzpjb+WON1faRQ9pU15SBx6EULzJM/q63EjPL5/UXSVfEKzDq3xT2Y1TYDMKm/qeSvE9W1eEAWZ1F4+6A1eDkDeh5XZlpvpn23wIF+ldb6dnBPa8zHj,END&tenantId=8601
东南卫视高清,http://120.87.19.109:80/PLTV/88888973/224/3221226636/10000100000000060000000001621393_0.smil/01.m3u8?fmt=ts2hls,244,01.m3u8&accountinfo=UoQbCSdhOfs+Fhzpjb+WON1faRQ9pU15SBx6EULzJM/q63EjPL5/UXSVfEKzDq3xFiVQtIRtOTrzIXeaaD8hZQWZ1F4+6A1eDkDeh5XZlpvpn23wIF+ldb6dnBPa8zHj,END&tenantId=8601
甘肃卫视高清,http://120.87.19.109:80/PLTV/88888973/224/3221226656/10000100000000060000000002070300_0.smil/01.m3u8?fmt=ts2hls,244,01.m3u8&accountinfo=UoQbCSdhOfs+Fhzpjb+WON1faRQ9pU15SBx6EULzJM/q63EjPL5/UXSVfEKzDq3xOGbrDoe2uwI0aAGEz9PeWQWZ1F4+6A1eDkDeh5XZlpvpn23wIF+ldb6dnBPa8zHj,END&tenantId=8601
海南卫视高清,http://120.87.19.109:80/PLTV/88888973/224/3221226653/10000100000000060000000002070297_0.smil/01.m3u8?fmt=ts2hls,244,01.m3u8&accountinfo=UoQbCSdhOfs+Fhzpjb+WON1faRQ9pU15SBx6EULzJM/q63EjPL5/UXSVfEKzDq3xLjLEiJUZRdOsRCrgErEaaQWZ1F4+6A1eDkDeh5XZlpvpn23wIF+ldb6dnBPa8zHj,END&tenantId=8601
三沙卫视高清,http://120.87.19.109:80/PLTV/88888973/224/3221226641/10000100000000060000000002048493_0.smil/01.m3u8?fmt=ts2hls,244,01.m3u8&accountinfo=UoQbCSdhOfs+Fhzpjb+WON1faRQ9pU15SBx6EULzJM/q63EjPL5/UXSVfEKzDq3xPd+hGcad9w4t/gctIKGSlQWZ1F4+6A1eDkDeh5XZlpvpn23wIF+ldb6dnBPa8zHj,END&tenantId=8601
广东经济科教,http://120.87.19.109:80/PLTV/88888973/224/3221225723/10000100000000060000000000334156_0.smil/01.m3u8?fmt=ts2hls,244,01.m3u8&accountinfo=UoQbCSdhOfs+Fhzpjb+WON1faRQ9pU15SBx6EULzJM/q63EjPL5/UXSVfEKzDq3xjwtnHiLrWwKTr42HX8EnVQWZ1F4+6A1eDkDeh5XZlpvpn23wIF+ldb6dnBPa8zHj,END&tenantId=8601
岭南戏曲,http://120.87.19.109:80/PLTV/88888973/224/3221225731/10000100000000060000000000334250_0.smil/01.m3u8?fmt=ts2hls,244,01.m3u8&accountinfo=UoQbCSdhOfs+Fhzpjb+WON1faRQ9pU15SBx6EULzJM/q63EjPL5/UXSVfEKzDq3xmmeDWF2PSMyW4YiHUTcbqwWZ1F4+6A1eDkDeh5XZlpvpn23wIF+ldb6dnBPa8zHj,END&tenantId=8601
现代教育,http://120.87.19.109:80/PLTV/88888973/224/3221225733/10000100000000060000000000334513_0.smil/01.m3u8?fmt=ts2hls,244,01.m3u8&accountinfo=UoQbCSdhOfs+Fhzpjb+WON1faRQ9pU15SBx6EULzJM/q63EjPL5/UXSVfEKzDq3xYBA53ZUw8cnNtR6tkC1LvwWZ1F4+6A1eDkDeh5XZlpvpn23wIF+ldb6dnBPa8zHj,END&tenantId=8601
广东移动,http://120.87.19.109:80/PLTV/88888973/224/3221225735/10000100000000060000000000334521_0.smil/01.m3u8?fmt=ts2hls,244,01.m3u8&accountinfo=UoQbCSdhOfs+Fhzpjb+WON1faRQ9pU15SBx6EULzJM/q63EjPL5/UXSVfEKzDq3xac2Tz1LbawS0nQTUx5xlhgWZ1F4+6A1eDkDeh5XZlpvpn23wIF+ldb6dnBPa8zHj,END&tenantId=8601
广东卫视高清,http://120.87.19.109:80/PLTV/88888973/224/3221225770/10000100000000060000000000337082_0.smil/01.m3u8?fmt=ts2hls,244,01.m3u8&accountinfo=UoQbCSdhOfs+Fhzpjb+WON1faRQ9pU15SBx6EULzJM/q63EjPL5/UXSVfEKzDq3xmdVsOJ5vPz+PW+osJJWsyAWZ1F4+6A1eDkDeh5XZlpvpn23wIF+ldb6dnBPa8zHj,END&tenantId=8601
广东体育高清,http://120.87.19.109:80/PLTV/88888973/224/3221225750/10000100000000060000000000334588_0.smil/01.m3u8?fmt=ts2hls,244,01.m3u8&accountinfo=UoQbCSdhOfs+Fhzpjb+WON1faRQ9pU15SBx6EULzJM/q63EjPL5/UXSVfEKzDq3xxwqT5CsuIcla/KR82wV4KQWZ1F4+6A1eDkDeh5XZlpvpn23wIF+ldb6dnBPa8zHj,END&tenantId=8601
广东新闻高清,http://120.87.19.109:80/PLTV/88888973/224/3221226655/10000100000000060000000002048492_0.smil/01.m3u8?fmt=ts2hls,244,01.m3u8&accountinfo=UoQbCSdhOfs+Fhzpjb+WON1faRQ9pU15SBx6EULzJM/q63EjPL5/UXSVfEKzDq3xB0xoYt5pz45xkfYvfDE3rwWZ1F4+6A1eDkDeh5XZlpvpn23wIF+ldb6dnBPa8zHj,END&tenantId=8601
广东民生高清,http://120.87.19.109:80/PLTV/88888973/224/3221226660/10000100000000060000000002048488_0.smil/01.m3u8?fmt=ts2hls,244,01.m3u8&accountinfo=UoQbCSdhOfs+Fhzpjb+WON1faRQ9pU15SBx6EULzJM/q63EjPL5/UXSVfEKzDq3xS6R0N8Xi13xk2HtVd54LmAWZ1F4+6A1eDkDeh5XZlpvpn23wIF+ldb6dnBPa8zHj,END&tenantId=8601
广东经济科教高清,http://120.87.19.109:80/PLTV/88888973/224/3221225752/10000100000000060000000000334591_0.smil/01.m3u8?fmt=ts2hls,244,01.m3u8&accountinfo=UoQbCSdhOfs+Fhzpjb+WON1faRQ9pU15SBx6EULzJM/q63EjPL5/UXSVfEKzDq3xcGM7RQD7j1W6DvGC0EEQngWZ1F4+6A1eDkDeh5XZlpvpn23wIF+ldb6dnBPa8zHj,END&tenantId=8601
大湾区卫视高清,http://120.87.19.109:80/PLTV/88888973/224/3221226652/10000100000000060000000002048490_0.smil/01.m3u8?fmt=ts2hls,244,01.m3u8&accountinfo=UoQbCSdhOfs+Fhzpjb+WON1faRQ9pU15SBx6EULzJM/q63EjPL5/UXSVfEKzDq3xMHW1tjwnl0hJmHSj2CHsoQWZ1F4+6A1eDkDeh5XZlpvpn23wIF+ldb6dnBPa8zHj,END&tenantId=8601
广东影视高清,http://120.87.19.109:80/PLTV/88888973/224/3221226658/10000100000000060000000002070277_0.smil/01.m3u8?fmt=ts2hls,244,01.m3u8&accountinfo=UoQbCSdhOfs+Fhzpjb+WON1faRQ9pU15SBx6EULzJM/q63EjPL5/UXSVfEKzDq3xGHmzTU27SCJZuHDcRXMrfwWZ1F4+6A1eDkDeh5XZlpvpn23wIF+ldb6dnBPa8zHj,END&tenantId=8601
广东少儿高清,http://120.87.19.109:80/PLTV/88888973/224/3221226666/10000100000000060000000002048491_0.smil/01.m3u8?fmt=ts2hls,244,01.m3u8&accountinfo=UoQbCSdhOfs+Fhzpjb+WON1faRQ9pU15SBx6EULzJM/q63EjPL5/UXSVfEKzDq3xXqlf5E/eFhCs5YS6r02m6AWZ1F4+6A1eDkDeh5XZlpvpn23wIF+ldb6dnBPa8zHj,END&tenantId=8601
现代教育高清,http://120.87.19.109:80/PLTV/88888973/224/3221226659/10000100000000060000000002087529_0.smil/01.m3u8?fmt=ts2hls,244,01.m3u8&accountinfo=UoQbCSdhOfs+Fhzpjb+WON1faRQ9pU15SBx6EULzJM/q63EjPL5/UXSVfEKzDq3x4ueQPqp0KboFFSNLhSLVlAWZ1F4+6A1eDkDeh5XZlpvpn23wIF+ldb6dnBPa8zHj,END&tenantId=8601
岭南戏曲高清,http://120.87.19.109:80/PLTV/88888973/224/3221226678/10000100000000060000000002086628_0.smil/01.m3u8?fmt=ts2hls,244,01.m3u8&accountinfo=UoQbCSdhOfs+Fhzpjb+WON1faRQ9pU15SBx6EULzJM/q63EjPL5/UXSVfEKzDq3xUQkHaoWNm+LvsLZFKUiXBwWZ1F4+6A1eDkDeh5XZlpvpn23wIF+ldb6dnBPa8zHj,END&tenantId=8601
南方购物高清,http://120.87.19.109:80/PLTV/88888973/224/3221225729/10000100000000060000000000334202_0.smil/01.m3u8?fmt=ts2hls,244,01.m3u8&accountinfo=UoQbCSdhOfs+Fhzpjb+WON1faRQ9pU15SBx6EULzJM/q63EjPL5/UXSVfEKzDq3xH9Jpu3L3z3i+iievwbHtSwWZ1F4+6A1eDkDeh5XZlpvpn23wIF+ldb6dnBPa8zHj,END&tenantId=8601
佛山城市生活,http://120.87.19.109:80/PLTV/88888973/224/3221226674/10000100000000060000000002162257_0.smil/01.m3u8?fmt=ts2hls,244,01.m3u8&accountinfo=UoQbCSdhOfs+Fhzpjb+WON1faRQ9pU15SBx6EULzJM/q63EjPL5/UXSVfEKzDq3xR4Hgn6H7YTzGhQnkp+jIuAWZ1F4+6A1eDkDeh5XZlpvpn23wIF+ldb6dnBPa8zHj,END&tenantId=8601
顺德频道,http://120.87.19.109:80/PLTV/88888973/224/3221226671/10000100000000060000000002162262_0.smil/01.m3u8?fmt=ts2hls,244,01.m3u8&accountinfo=UoQbCSdhOfs+Fhzpjb+WON1faRQ9pU15SBx6EULzJM/q63EjPL5/UXSVfEKzDq3x3ln3Y+VpW9CBwil/8c5p1wWZ1F4+6A1eDkDeh5XZlpvpn23wIF+ldb6dnBPa8zHj,END&tenantId=8601
南海频道,http://120.87.19.109:80/PLTV/88888973/224/3221226687/10000100000000060000000002162261_0.smil/01.m3u8?fmt=ts2hls,244,01.m3u8&accountinfo=UoQbCSdhOfs+Fhzpjb+WON1faRQ9pU15SBx6EULzJM/q63EjPL5/UXSVfEKzDq3xJ21SRMCn8pjhXp4fHukMzAWZ1F4+6A1eDkDeh5XZlpvpn23wIF+ldb6dnBPa8zHj,END&tenantId=8601
南海频道,http://120.87.19.109:80/PLTV/88888973/224/3221226677/10000100000000060000000002331997_0.smil/01.m3u8?fmt=ts2hls,244,01.m3u8&accountinfo=UoQbCSdhOfs+Fhzpjb+WON1faRQ9pU15SBx6EULzJM/q63EjPL5/UXSVfEKzDq3xjSh3WlL7nEScMtckLUAiWwWZ1F4+6A1eDkDeh5XZlpvpn23wIF+ldb6dnBPa8zHj,END&tenantId=8601
中山综合,http://120.87.19.109:80/PLTV/88888973/224/3221226358/10000100000000060000000001483642_0.smil/01.m3u8?fmt=ts2hls,244,01.m3u8&accountinfo=UoQbCSdhOfs+Fhzpjb+WON1faRQ9pU15SBx6EULzJM/q63EjPL5/UXSVfEKzDq3xghbfSvuOBNxo+cbfbI6ZkwWZ1F4+6A1eDkDeh5XZlpvpn23wIF+ldb6dnBPa8zHj,END&tenantId=8601
河源生活,http://120.87.19.109:80/PLTV/88888973/224/3221226605/10000100000000060000000001565708_0.smil/01.m3u8?fmt=ts2hls,244,01.m3u8&accountinfo=UoQbCSdhOfs+Fhzpjb+WON1faRQ9pU15SBx6EULzJM/q63EjPL5/UXSVfEKzDq3xrakgNzbBuZb9vE9HF2GwxwWZ1F4+6A1eDkDeh5XZlpvpn23wIF+ldb6dnBPa8zHj,END&tenantId=8601
广东4K超高清,http://120.87.19.109:80/PLTV/88888973/224/3221226174/10000100000000060000000001154677_0.smil/01.m3u8?fmt=ts2hls,244,01.m3u8&accountinfo=UoQbCSdhOfs+Fhzpjb+WON1faRQ9pU15SBx6EULzJM/q63EjPL5/UXSVfEKzDq3x4UkbXKcapLOgFYJqWYNSGwWZ1F4+6A1eDkDeh5XZlpvpn23wIF+ldb6dnBPa8zHj,END&tenantId=8601
广东卫视4K超高清,http://120.87.19.109:80/PLTV/88888973/224/3221226699/371163697.smil/01.m3u8?fmt=ts2hls,244,01.m3u8&accountinfo=BAu/5zTaVrkoGICQ1wEADqMjYPEYXfbq2K4J1dawqo/m9ZdRmhvNMrOvsUD5pWqRN1tthQ66pBQpydKlEh9MxQ0BBxWMug8wEMJJkioKXVWTPfznWbMXUWJ+TPvJfJCC,END&tenantId=8601
深圳卫视4K超高清,http://120.87.19.109:80/PLTV/88888973/224/3221226683/371164180.smil/01.m3u8?fmt=ts2hls,244,01.m3u8&accountinfo=BAu/5zTaVrkoGICQ1wEADu6V6NhLgGOptRgdVhrCQe7m9ZdRmhvNMrOvsUD5pWqRagl35Cq2uM1J4ThcF3xx0gH/EWyiXZ+X9W27D2TV7vWTPfznWbMXUWJ+TPvJfJCC,END&tenantId=8601
央视文件精品,http://120.87.4.28:80/PLTV/88888973/224/3221226630/10000100000000060000000001611768_0.smil/01.m3u8?fmt=ts2hls,1666,01.m3u8,0,8595,0,0&accountinfo=7P9%2FPZjGeZIv%2BPttGdhw9SUy2v3weVxkOFl4CStfwsmewrvbU%2BvTaJ7Lkzv1z4jOn%2B0dkbQrULk4SIIAa2yxwgWZ1F4%2B6A1eDkDeh5XZlpvpn23wIF%2Bldb6dnBPa8zHj%2CEND&GuardEncType=2&tenantId=8601
中央新影中学生,http://120.87.19.109:80/PLTV/88888973/224/3221226156/10000100000000060000000001091890_0.smil/01.m3u8?fmt=ts2hls,244,01.m3u8&accountinfo=UoQbCSdhOfs+Fhzpjb+WON1faRQ9pU15SBx6EULzJM/q63EjPL5/UXSVfEKzDq3x1o/dTJ2oOnqcV3AMgoI2qwWZ1F4+6A1eDkDeh5XZlpvpn23wIF+ldb6dnBPa8zHj,END&tenantId=8601
中央新影老故事,http://120.87.19.109:80/PLTV/88888973/224/3221226159/10000100000000060000000001091893_0.smil/01.m3u8?fmt=ts2hls,244,01.m3u8&accountinfo=UoQbCSdhOfs+Fhzpjb+WON1faRQ9pU15SBx6EULzJM/q63EjPL5/UXSVfEKzDq3xG/zlBC/gEAbbAHNiozXC4gWZ1F4+6A1eDkDeh5XZlpvpn23wIF+ldb6dnBPa8zHj,END&tenantId=8601
国学频道,http://120.87.19.109:80/PLTV/88888973/224/3221226152/10000100000000060000000001091886_0.smil/01.m3u8?fmt=ts2hls,244,01.m3u8&accountinfo=UoQbCSdhOfs+Fhzpjb+WON1faRQ9pU15SBx6EULzJM/q63EjPL5/UXSVfEKzDq3xLmjl3wapWOmUFufQ092DbAWZ1F4+6A1eDkDeh5XZlpvpn23wIF+ldb6dnBPa8zHj,END&tenantId=8601
汽摩,http://120.87.19.109:80/PLTV/88888973/224/3221226163/10000100000000060000000001091897_0.smil/01.m3u8?fmt=ts2hls,244,01.m3u8&accountinfo=UoQbCSdhOfs+Fhzpjb+WON1faRQ9pU15SBx6EULzJM/q63EjPL5/UXSVfEKzDq3xGfeW2XHhip3wQVyafxZqVQWZ1F4+6A1eDkDeh5XZlpvpn23wIF+ldb6dnBPa8zHj,END&tenantId=8601
财富天下,http://120.87.19.109:80/PLTV/88888973/224/3221225702/10000100000000060000000000334135_0.smil/01.m3u8?fmt=ts2hls,244,01.m3u8&accountinfo=UoQbCSdhOfs+Fhzpjb+WON1faRQ9pU15SBx6EULzJM/q63EjPL5/UXSVfEKzDq3xZbRnfkWTmDjMrdJCwmABtgWZ1F4+6A1eDkDeh5XZlpvpn23wIF+ldb6dnBPa8zHj,END&tenantId=8601
IPTV3+,http://120.87.19.109:80/PLTV/88888973/224/3221226111/10000100000000060000000000916593_0.smil/01.m3u8?fmt=ts2hls,244,01.m3u8&accountinfo=UoQbCSdhOfs+Fhzpjb+WON1faRQ9pU15SBx6EULzJM/q63EjPL5/UXSVfEKzDq3xvdPvmLULxwqOAOKlM7QPQwWZ1F4+6A1eDkDeh5XZlpvpn23wIF+ldb6dnBPa8zHj,END&tenantId=8601
IPTV5+,http://120.87.19.109:80/PLTV/88888973/224/3221225704/10000100000000060000000000334519_0.smil/01.m3u8?fmt=ts2hls,244,01.m3u8&accountinfo=UoQbCSdhOfs+Fhzpjb+WON1faRQ9pU15SBx6EULzJM/q63EjPL5/UXSVfEKzDq3xKiJ39ALm4IEi1K6VfL5dlQWZ1F4+6A1eDkDeh5XZlpvpn23wIF+ldb6dnBPa8zHj,END&tenantId=8601
IPTV5+,http://120.87.19.109:80/PLTV/88888973/224/3221226112/10000100000000060000000000916596_0.smil/01.m3u8?fmt=ts2hls,244,01.m3u8&accountinfo=UoQbCSdhOfs+Fhzpjb+WON1faRQ9pU15SBx6EULzJM/q63EjPL5/UXSVfEKzDq3x5km3G4KQxJmhfN/URwqZZwWZ1F4+6A1eDkDeh5XZlpvpn23wIF+ldb6dnBPa8zHj,END&tenantId=8601
IPTV6+,http://120.87.19.109:80/PLTV/88888973/224/3221226107/10000100000000060000000000916409_0.smil/01.m3u8?fmt=ts2hls,244,01.m3u8&accountinfo=UoQbCSdhOfs+Fhzpjb+WON1faRQ9pU15SBx6EULzJM/q63EjPL5/UXSVfEKzDq3xFRvH7tTazEOh2VrmQaDwZQWZ1F4+6A1eDkDeh5XZlpvpn23wIF+ldb6dnBPa8zHj,END&tenantId=8601
IPTV8+,http://120.87.19.109:80/PLTV/88888973/224/3221226109/10000100000000060000000000916552_0.smil/01.m3u8?fmt=ts2hls,244,01.m3u8&accountinfo=UoQbCSdhOfs+Fhzpjb+WON1faRQ9pU15SBx6EULzJM/q63EjPL5/UXSVfEKzDq3xKRuQBUi2Kj6p2qh4Y4F56wWZ1F4+6A1eDkDeh5XZlpvpn23wIF+ldb6dnBPa8zHj,END&tenantId=8601
IPTV谍战剧场,http://120.87.19.109:80/PLTV/88888973/224/3221226103/10000100000000060000000000915850_0.smil/01.m3u8?fmt=ts2hls,244,01.m3u8&accountinfo=UoQbCSdhOfs+Fhzpjb+WON1faRQ9pU15SBx6EULzJM/q63EjPL5/UXSVfEKzDq3xcJdPZlViEIlmfjFa1TrI/AWZ1F4+6A1eDkDeh5XZlpvpn23wIF+ldb6dnBPa8zHj,END&tenantId=8601
IPTV野外,http://120.87.19.109:80/PLTV/88888973/224/3221226105/10000100000000060000000000916304_0.smil/01.m3u8?fmt=ts2hls,244,01.m3u8&accountinfo=UoQbCSdhOfs+Fhzpjb+WON1faRQ9pU15SBx6EULzJM/q63EjPL5/UXSVfEKzDq3xfUdZT7MmQJyS8ep7CqA4WgWZ1F4+6A1eDkDeh5XZlpvpn23wIF+ldb6dnBPa8zHj,END&tenantId=8601
IPTV法治,http://120.87.19.109:80/PLTV/88888973/224/3221226106/10000100000000060000000000916322_0.smil/01.m3u8?fmt=ts2hls,244,01.m3u8&accountinfo=UoQbCSdhOfs+Fhzpjb+WON1faRQ9pU15SBx6EULzJM/q63EjPL5/UXSVfEKzDq3xoDewg4L8ksJ3YiRkl8BcxAWZ1F4+6A1eDkDeh5XZlpvpn23wIF+ldb6dnBPa8zHj,END&tenantId=8601
IPTV热播剧场,http://120.87.19.109:80/PLTV/88888973/224/3221226110/10000100000000060000000000916570_0.smil/01.m3u8?fmt=ts2hls,244,01.m3u8&accountinfo=UoQbCSdhOfs+Fhzpjb+WON1faRQ9pU15SBx6EULzJM/q63EjPL5/UXSVfEKzDq3xmvWv924NbQBmQETGze1P2wWZ1F4+6A1eDkDeh5XZlpvpn23wIF+ldb6dnBPa8zHj,END&tenantId=8601
IPTV少儿动画,http://120.87.19.109:80/PLTV/88888973/224/3221226113/10000100000000060000000000916600_0.smil/01.m3u8?fmt=ts2hls,244,01.m3u8&accountinfo=UoQbCSdhOfs+Fhzpjb+WON1faRQ9pU15SBx6EULzJM/q63EjPL5/UXSVfEKzDq3xBJXpL3WoRxzspPhVVTBH2gWZ1F4+6A1eDkDeh5XZlpvpn23wIF+ldb6dnBPa8zHj,END&tenantId=8601
IPTV魅力时尚,http://120.87.19.109:80/PLTV/88888973/224/3221226114/10000100000000060000000000916601_0.smil/01.m3u8?fmt=ts2hls,244,01.m3u8&accountinfo=UoQbCSdhOfs+Fhzpjb+WON1faRQ9pU15SBx6EULzJM/q63EjPL5/UXSVfEKzDq3xyAZqQncaMIpoDGOQGpSitwWZ1F4+6A1eDkDeh5XZlpvpn23wIF+ldb6dnBPa8zHj,END&tenantId=8601
IPTV收视指南,http://120.87.19.109:80/PLTV/88888973/224/3221226115/10000100000000060000000000916605_0.smil/01.m3u8?fmt=ts2hls,244,01.m3u8&accountinfo=UoQbCSdhOfs+Fhzpjb+WON1faRQ9pU15SBx6EULzJM/q63EjPL5/UXSVfEKzDq3x6BcKgj0E3hfF93A0U8TvVQWZ1F4+6A1eDkDeh5XZlpvpn23wIF+ldb6dnBPa8zHj,END&tenantId=8601
IPTV相声小品,http://120.87.19.109:80/PLTV/88888973/224/3221226117/10000100000000060000000000923560_0.smil/01.m3u8?fmt=ts2hls,244,01.m3u8&accountinfo=UoQbCSdhOfs+Fhzpjb+WON1faRQ9pU15SBx6EULzJM/q63EjPL5/UXSVfEKzDq3xEO3+/HUASYdMqe/yIpNQpAWZ1F4+6A1eDkDeh5XZlpvpn23wIF+ldb6dnBPa8zHj,END&tenantId=8601
IPTV影视推荐,http://120.87.19.109:80/PLTV/88888973/224/3221226642/10000100000000060000000001651528_0.smil/01.m3u8?fmt=ts2hls,244,01.m3u8&accountinfo=UoQbCSdhOfs+Fhzpjb+WON1faRQ9pU15SBx6EULzJM/q63EjPL5/UXSVfEKzDq3xFdrNhysJZELyENzfIw6pSwWZ1F4+6A1eDkDeh5XZlpvpn23wIF+ldb6dnBPa8zHj,END&tenantId=8601
IPTV影视推荐,http://120.87.19.109:80/PLTV/88888973/224/3221225700/10000100000000060000000000334090_0.smil/01.m3u8?fmt=ts2hls,244,01.m3u8&accountinfo=UoQbCSdhOfs+Fhzpjb+WON1faRQ9pU15SBx6EULzJM/q63EjPL5/UXSVfEKzDq3xufAPueXmZZnKoRUBEa+/hAWZ1F4+6A1eDkDeh5XZlpvpn23wIF+ldb6dnBPa8zHj,END&tenantId=8601
浙江卫视4k,http://120.87.19.109:80/PLTV/88888973/224/3221226717/371266855.smil/01.m3u8?fmt=ts2hls,1,01.m3u8&rrsip=120.87.4.103:80&zoneoffset=0&servicetype=1&icpid=&limitflux=-1&limitdur=-1&tenantId=8601&accountinfo=ZErBHdoicx6KA8k34VvsyxmZWqqhmoqWnjwSzvmAgjq8m6DMrBjwBDjtfkmBgyvoi2n%2FkYZZroy5c4pnOUwIF96lAdHt7wSuHMZWesBR20hGAMCQWKP%2FVYv0YgXiGkmJ%3A20260214223934%2C10500001346793%2C27.45.45.191%2C20260214223934%2Curn%3AHuawei%3AliveTV%3AXTV371266854%2C10001000211336%2C-1%2C0%2C1%2C%2C%2C2%2C%2C%2C%2C2%2C%2C371266855%2CEND&GuardEncType=2
江苏卫视4k,http://120.87.19.109:80/PLTV/88888973/224/3221226714/371266888.smil/01.m3u8?fmt=ts2hls,1,01.m3u8&rrsip=120.87.4.103:80&zoneoffset=0&servicetype=1&icpid=&limitflux=-1&limitdur=-1&tenantId=8601&accountinfo=ZErBHdoicx6KA8k34VvsyxmZWqqhmoqWnjwSzvmAgjq8m6DMrBjwBDjtfkmBgyvoi2n%2FkYZZroy5c4pnOUwIF9VlHXqKSARWKoBip%2F%2FsPYdGAMCQWKP%2FVYv0YgXiGkmJ%3A20260214223934%2C10500001346793%2C27.45.45.191%2C20260214223934%2Curn%3AHuawei%3AliveTV%3AXTV371266887%2C10001000211336%2C-1%2C0%2C1%2C%2C%2C2%2C%2C%2C%2C2%2C%2C371266888%2CEND&GuardEncType=2
东方卫视4k,http://120.87.19.109:80/PLTV/88888973/224/3221226691/371266902.smil/01.m3u8?fmt=ts2hls,1,01.m3u8&rrsip=120.87.4.103:80&zoneoffset=0&servicetype=1&icpid=&limitflux=-1&limitdur=-1&tenantId=8601&accountinfo=ZErBHdoicx6KA8k34VvsyxmZWqqhmoqWnjwSzvmAgjq8m6DMrBjwBDjtfkmBgyvoi2n%2FkYZZroy5c4pnOUwIFx2M0aMyK6zMum3gWrB81NpGAMCQWKP%2FVYv0YgXiGkmJ%3A20260214223934%2C10500001346793%2C27.45.45.191%2C20260214223934%2Curn%3AHuawei%3AliveTV%3AXTV371266901%2C10001000211336%2C-1%2C0%2C1%2C%2C%2C2%2C%2C%2C%2C2%2C%2C371266902%2CEND&GuardEncType=2
山东卫视4k,http://120.87.19.109:80/PLTV/88888973/224/3221226694/371266914.smil/01.m3u8?fmt=ts2hls,1,01.m3u8&rrsip=120.87.4.103:80&zoneoffset=0&servicetype=1&icpid=&limitflux=-1&limitdur=-1&tenantId=8601&accountinfo=ZErBHdoicx6KA8k34VvsyxmZWqqhmoqWnjwSzvmAgjq8m6DMrBjwBDjtfkmBgyvoi2n%2FkYZZroy5c4pnOUwIF6Yfz6vhWACWrMi2nukP%2Fk9GAMCQWKP%2FVYv0YgXiGkmJ%3A20260214223934%2C10500001346793%2C27.45.45.191%2C20260214223934%2Curn%3AHuawei%3AliveTV%3AXTV371266913%2C10001000211336%2C-1%2C0%2C1%2C%2C%2C2%2C%2C%2C%2C2%2C%2C371266914%2CEND&GuardEncType=2
广东卫视4k,http://120.87.19.109:80/PLTV/88888973/224/3221226702/371164168.smil/01.m3u8?fmt=ts2hls,1,01.m3u8&rrsip=120.87.4.103:80&zoneoffset=0&servicetype=1&icpid=&limitflux=-1&limitdur=-1&tenantId=8601&accountinfo=ZErBHdoicx6KA8k34VvsyxmZWqqhmoqWnjwSzvmAgjq8m6DMrBjwBDjtfkmBgyvoi2n%2FkYZZroy5c4pnOUwIF0b4KWe%2FIRdbiEb8SokWJtVGAMCQWKP%2FVYv0YgXiGkmJ%3A20260214223934%2C10500001346793%2C27.45.45.191%2C20260214223934%2Curn%3AHuawei%3AliveTV%3AXTV371164167%2C10001000211336%2C-1%2C0%2C1%2C%2C%2C2%2C%2C%2C%2C2%2C%2C371164168%2CEND&GuardEncType=2
深圳卫视4k,http://120.87.19.109:80/PLTV/88888973/224/3221226683/371164180.smil/01.m3u8?fmt=ts2hls,1,01.m3u8&rrsip=120.87.4.103:80&zoneoffset=0&servicetype=1&icpid=&limitflux=-1&limitdur=-1&tenantId=8601&accountinfo=ZErBHdoicx6KA8k34VvsyxmZWqqhmoqWnjwSzvmAgjq8m6DMrBjwBDjtfkmBgyvoi2n%2FkYZZroy5c4pnOUwIFy%2B%2FkIAavci9z%2FLJPqxg7dZGAMCQWKP%2FVYv0YgXiGkmJ%3A20260214223934%2C10500001346793%2C27.45.45.191%2C20260214223934%2Curn%3AHuawei%3AliveTV%3AXTV371164179%2C10001000211336%2C-1%2C0%2C1%2C%2C%2C2%2C%2C%2C%2C2%2C%2C371164180%2CEND&GuardEncType=2
CGTN,http://rrs03.hw.gmcc.net:8088/PLTV/651/224/3221226666/1.m3u8
CETV3,http://rrs03.hw.gmcc.net:8088/PLTV/651/224/3221226722/1.m3u8
咪咕4K-1,http://rrs03.hw.gmcc.net:8088/PLTV/651/224/3221226938/1.m3u8
北京纪实科教,http://rrs03.hw.gmcc.net:8088/PLTV/651/224/3221226658/1.m3u8
北京纪实科教,http://rrs03.hw.gmcc.net:8088/PLTV/651/224/3221226656/1.m3u8
北京纪实科教,http://rrs03.hw.gmcc.net:8088/PLTV/651/224/3221226730/1.m3u8
哒啵电竞,http://rrs03.hw.gmcc.net:8088/PLTV/651/224/3221226891/1.m3u8
哒啵赛事,http://rrs03.hw.gmcc.net:8088/PLTV/651/224/3221226905/1.m3u8
咪咕4K-1,http://rrs03.hw.gmcc.net:8088/PLTV/651/224/3221226989/1.m3u8
咪咕4K-2,http://rrs03.hw.gmcc.net:8088/PLTV/651/224/3221226991/1.m3u8
睛彩竞技,http://rrs03.hw.gmcc.net:8088/PLTV/651/224/3221226870/1.m3u8
睛彩竞技,http://rrs03.hw.gmcc.net:8088/PLTV/651/224/3221226969/1.m3u8
睛彩竞技,http://rrs03.hw.gmcc.net:8088/PLTV/651/224/3221226988/1.m3u8
睛彩青少,http://rrs03.hw.gmcc.net:8088/PLTV/651/224/3221226992/1.m3u8
睛彩青少,http://rrs03.hw.gmcc.net:8088/PLTV/651/224/3221226930/1.m3u8
睛彩青少,http://rrs03.hw.gmcc.net:8088/PLTV/651/224/3221226965/1.m3u8
睛彩篮球,http://rrs03.hw.gmcc.net:8088/PLTV/651/224/3221226952/1.m3u8
睛彩篮球,http://rrs03.hw.gmcc.net:8088/PLTV/651/224/3221226966/1.m3u8
睛彩篮球,http://rrs03.hw.gmcc.net:8088/PLTV/651/224/3221226994/1.m3u8
睛彩广场舞,http://rrs03.hw.gmcc.net:8088/PLTV/651/224/3221226933/1.m3u8
睛彩广场舞,http://rrs03.hw.gmcc.net:8088/PLTV/651/224/3221227036/1.m3u8
咪咕视频1,http://rrs03.hw.gmcc.net:8088/PLTV/651/224/3221226909/1.m3u8
咪咕视频2,http://rrs03.hw.gmcc.net:8088/PLTV/651/224/3221226912/1.m3u8
咪咕视频3,http://rrs03.hw.gmcc.net:8088/PLTV/651/224/3221226915/1.m3u8
咪咕视频4,http://rrs03.hw.gmcc.net:8088/PLTV/651/224/3221226918/1.m3u8
咪咕视频5,http://rrs03.hw.gmcc.net:8088/PLTV/651/224/3221226921/1.m3u8
咪咕视频6,http://rrs03.hw.gmcc.net:8088/PLTV/651/224/3221226923/1.m3u8
咪咕视频7,http://rrs03.hw.gmcc.net:8088/PLTV/651/224/3221226924/1.m3u8
咪咕视频8,http://rrs03.hw.gmcc.net:8088/PLTV/651/224/3221226926/1.m3u8
咪咕视频9,http://rrs03.hw.gmcc.net:8088/PLTV/651/224/3221226927/1.m3u8
咪咕视频10,http://rrs03.hw.gmcc.net:8088/PLTV/651/224/3221226929/1.m3u8
咪咕视频11,http://rrs03.hw.gmcc.net:8088/PLTV/651/224/3221226932/1.m3u8
咪咕视频12,http://rrs03.hw.gmcc.net:8088/PLTV/651/224/3221226935/1.m3u8
咪咕视频13,http://rrs03.hw.gmcc.net:8088/PLTV/651/224/3221226936/1.m3u8
咪咕视频14,http://rrs03.hw.gmcc.net:8088/PLTV/651/224/3221226941/1.m3u8
咪咕视频15,http://rrs03.hw.gmcc.net:8088/PLTV/651/224/3221226944/1.m3u8
咪咕视频16,http://rrs03.hw.gmcc.net:8088/PLTV/651/224/3221226947/1.m3u8
咪咕视频17,http://rrs03.hw.gmcc.net:8088/PLTV/651/224/3221226948/1.m3u8
咪咕视频18,http://rrs03.hw.gmcc.net:8088/PLTV/651/224/3221226950/1.m3u8
咪咕视频19,http://rrs03.hw.gmcc.net:8088/PLTV/651/224/3221226951/1.m3u8
咪咕视频20,http://rrs03.hw.gmcc.net:8088/PLTV/651/224/3221226953/1.m3u8
咪咕视频21,http://rrs03.hw.gmcc.net:8088/PLTV/651/224/3221226954/1.m3u8
咪咕视频22,http://rrs03.hw.gmcc.net:8088/PLTV/651/224/3221226956/1.m3u8
咪咕视频23,http://rrs03.hw.gmcc.net:8088/PLTV/651/224/3221226982/1.m3u8
咪咕视频24,http://rrs03.hw.gmcc.net:8088/PLTV/651/224/3221226985/1.m3u8
咪咕视频25,http://rrs03.hw.gmcc.net:8088/PLTV/651/224/3221226995/1.m3u8
咪咕视频26,http://rrs03.hw.gmcc.net:8088/PLTV/651/224/3221226997/1.m3u8
咪咕视频27,http://rrs03.hw.gmcc.net:8088/PLTV/651/224/3221227000/1.m3u8
咪咕视频28,http://rrs03.hw.gmcc.net:8088/PLTV/651/224/3221227003/1.m3u8
咪咕视频29,http://rrs03.hw.gmcc.net:8088/PLTV/651/224/3221227006/1.m3u8
咪咕视频30,http://rrs03.hw.gmcc.net:8088/PLTV/651/224/3221227009/1.m3u8
咪咕视频31,http://rrs03.hw.gmcc.net:8088/PLTV/651/224/3221227012/1.m3u8
咪咕视频32,http://rrs03.hw.gmcc.net:8088/PLTV/651/224/3221227024/1.m3u8
咪咕视频33,http://rrs03.hw.gmcc.net:8088/PLTV/651/224/3221227027/1.m3u8
咪咕视频34,http://rrs03.hw.gmcc.net:8088/PLTV/651/224/3221227030/1.m3u8
cctv美洲,http://m.061899.xyz/mg/cctv4m
cctv欧洲,http://m.061899.xyz/mg/cctv4o
CETV-01,http://m.061899.xyz/mg/cetv1
CETV-02,http://m.061899.xyz/mg/cetv2
CETV-04,http://m.061899.xyz/mg/cetv4
凤凰中文频标,http://m.061899.xyz/mg/fhzw
凤凰资讯频标,http://m.061899.xyz/mg/fhzx
凤凰香港频标,http://m.061899.xyz/mg/fhhk
家庭影院,http://m.061899.xyz/mg/jtyy
动作电影,http://m.061899.xyz/mg/dzdy
影迷电影,http://m.061899.xyz/mg/ymdy
内蒙古视,http://m.061899.xyz/mg/nmgws
黑龙江视,http://m.061899.xyz/mg/hljws
重温经典,http://m.061899.xyz/mg/cwjd
咪咕体育,http://m.061899.xyz/mg/mgty
北京体育,http://m.061899.xyz/mg/bjty
北京文艺,http://m.061899.xyz/mg/bjwy
北京少儿,http://m.061899.xyz/mg/bjkk
北京影视,http://m.061899.xyz/mg/bjys
北京纪实,http://m.061899.xyz/mg/bjjs
东方纪实,http://m.061899.xyz/mg/xjs
红色轮播,http://m.061899.xyz/mg/hslb
金色剧场,http://m.061899.xyz/mg/jsjc
乡村振兴,http://m.061899.xyz/mg/xczx
CCTV-4美洲,http://k.061899.xyz/k.php?id=cctv4m
CCTV-4欧洲,http://k.061899.xyz/k.php?id=cctv4o
CCTV发现之旅,http://k.061899.xyz/k.php?id=fxzl
CCTV中学生,http://k.061899.xyz/k.php?id=zxs
CCTV老故事,http://k.061899.xyz/k.php?id=lgs
CGTN,http://k.061899.xyz/k.php?id=cgtn
CGTN纪录,http://k.061899.xyz/k.php?id=cgtnjl
CCTV西班牙语,http://k.061899.xyz/k.php?id=cgtne
CCTV法语,http://k.061899.xyz/k.php?id=cgtnf
CCTV阿拉伯语,http://k.061899.xyz/k.php?id=cgtna
CCTV俄语,http://k.061899.xyz/k.php?id=cgtnr
CETV 1 中国教育,http://k.061899.xyz/k.php?id=cetv1
CETV 2 中国教育,http://k.061899.xyz/k.php?id=cetv2
CETV 4 中国教育,http://k.061899.xyz/k.php?id=cetv4
上海东方影视,http://k.061899.xyz/k.php?id=shys
经典香港电影,http://k.061899.xyz/k.php?id=xgdy
军事迷必看大片,http://k.061899.xyz/k.php?id=jsm
新片放映厅,http://k.061899.xyz/k.php?id=xpdy
红色轮播台,http://k.061899.xyz/k.php?id=hslb
金色剧场,http://k.061899.xyz/k.php?id=jsjc
NBA 经典,http://k.061899.xyz/k.php?id=nba
五大联赛经典,http://k.061899.xyz/k.php?id=lsjd
中国足球风云,http://k.061899.xyz/k.php?id=zqfy
掼蛋精英赛,http://k.061899.xyz/k.php?id=dds
咪咕24小时体育台,http://k.061899.xyz/k.php?id=mgty
BRTV纪实科教,http://k.061899.xyz/k.php?id=bjjs
掼蛋精英赛,http://k.061899.xyz/k.php?id=dds
高清大片,http://k.061899.xyz/k.php?id=gqdp
红色轮播台,http://k.061899.xyz/k.php?id=hslb
经典动画大集合,http://k.061899.xyz/k.php?id=dhdjh
经典深圳旁边电影,http://k.061899.xyz/k.php?id=xgdy
军事迷必看大片,http://k.061899.xyz/k.php?id=jsm
咪咕24小时体育台,http://k.061899.xyz/k.php?id=mgty
玫瑰轮播台,http://k.061899.xyz/k.php?id=mglbt
NBA经典,http://k.061899.xyz/k.php?id=nba
欧洲足球风云,http://k.061899.xyz/k.php?id=zqfy
赛事最经典,http://k.061899.xyz/k.php?id=sszjd
体坛名栏汇,http://k.061899.xyz/k.php?id=ttmlh
乡村振兴,http://k.061899.xyz/k.php?id=xczx
幸福中国年,http://k.061899.xyz/k.php?id=xfzgn
新片放映厅,http://k.061899.xyz/k.php?id=xpdy
周杰伦现场,http://k.061899.xyz/k.php?id=zjlxc
最强综艺趴,http://k.061899.xyz/k.php?id=zqzyp
金色剧场,http://k.061899.xyz/k.php?id=jsjc
黑龙江视,http://cdn6.bkpcp.top/tl/tuiliu.php?id=hljws
CCTV4欧洲,http://mg.cttv.vip/608807419
CCTV4美洲,http://mg.cttv.vip/608807416
CGTN外语纪录,http://mg.cttv.vip/609006487
CGTN阿拉伯语,http://mg.cttv.vip/609154345
CGTN西班牙语,http://mg.cttv.vip/609006450
CGTN法语,http://mg.cttv.vip/609006476
CGTN俄语,http://mg.cttv.vip/609006446
老故事,http://mg.cttv.vip/884121956
发现之旅,http://mg.cttv.vip/624878970
中学生,http://mg.cttv.vip/708869532
CGTN,http://mg.cttv.vip/609017205
中国农林卫视,http://mg.cttv.vip/956904896
上视东方影视,http://mg.cttv.vip/617290047
南京新闻综合频道,http://mg.cttv.vip/838109047
南京教科频道,http://mg.cttv.vip/838153729
南京十八频道,http://mg.cttv.vip/838151753
体育休闲频道,http://mg.cttv.vip/626064707
江苏城市频道,http://mg.cttv.vip/626064714
江苏国际,http://mg.cttv.vip/626064674
江苏影视频道,http://mg.cttv.vip/626064697
江苏综艺频道,http://mg.cttv.vip/626065193
公共新闻频道,http://mg.cttv.vip/626064693
盐城新闻综合,http://mg.cttv.vip/639731825
泰州新闻综合,http://mg.cttv.vip/639731818
宿迁新闻综合,http://mg.cttv.vip/639731832
徐州新闻综合,http://mg.cttv.vip/639731747
江阴新闻综合,http://mg.cttv.vip/955227979
宜兴新闻综合,http://mg.cttv.vip/955227996
陕西银龄频道,http://mg.cttv.vip/956909362
陕西都市青春频道,http://mg.cttv.vip/956909358
陕西秦腔频道,http://mg.cttv.vip/956909303
陕西新闻资讯频道,http://mg.cttv.vip/956909289
财富天下,http://mg.cttv.vip/956923159
海南广播电视总台新闻频道,http://mg.cttv.vip/962067517
海南广播电视总台自贸频道,http://mg.cttv.vip/962045226
海南广播电视总台社会与法频道,http://mg.cttv.vip/962045223
海南广播电视总台文旅频道,http://mg.cttv.vip/962067526
海南广播电视总台少儿频道,http://mg.cttv.vip/962067523
赛事最经典,http://mg.cttv.vip/646596895
体坛名栏汇,http://mg.cttv.vip/629943305
四海钓鱼,http://mg.cttv.vip/637444975
陕西体育休闲频道,http://mg.cttv.vip/956909356
24小时城市联赛轮播台,http://mg.cttv.vip/915512915
武术世界,http://mg.cttv.vip/958475359
快乐垂钓,http://mg.cttv.vip/961930263
经典香港电影,http://mg.cttv.vip/625703337
抗战经典影片,http://mg.cttv.vip/617432318
新片放映厅,http://mg.cttv.vip/619495952
和美乡途轮播台,http://mg.cttv.vip/713591450
南方影视,http://mg.cttv.vip/614961829
中国航天“逆袭”之路,http://mg.cttv.vip/713600957
中国天气,http://mg.cttv.vip/959986621
熊猫频道01高清,http://mg.cttv.vip/609158151
熊猫频道1,http://mg.cttv.vip/608933610
熊猫频道2,http://mg.cttv.vip/608933640
熊猫频道3,http://mg.cttv.vip/608934619
熊猫频道4,http://mg.cttv.vip/608934721
熊猫频道5,http://mg.cttv.vip/608935104
熊猫频道6,http://mg.cttv.vip/608935797
熊猫频道7,http://mg.cttv.vip/609169286
熊猫频道8,http://mg.cttv.vip/609169287
熊猫频道9,http://mg.cttv.vip/609169226
熊猫频道10,http://mg.cttv.vip/609169285
最强综艺趴,http://mg.cttv.vip/629942228
经典动画大集合,http://mg.cttv.vip/629942219
新动力量创一流,http://mg.cttv.vip/713589837
中华特产,http://mg.cttv.vip/959986618
环球旅游,http://mg.cttv.vip/958475356
梨园频道,http://mg.cttv.vip/961930369
CCTV4欧洲,http://wfenf.x3322.net:7788/608807419
CCTV4美洲,http://wfenf.x3322.net:7788/608807416
CGTN外语纪录,http://wfenf.x3322.net:7788/609006487
CGTN阿拉伯语,http://wfenf.x3322.net:7788/609154345
CGTN西班牙语,http://wfenf.x3322.net:7788/609006450
CGTN法语,http://wfenf.x3322.net:7788/609006476
CGTN俄语,http://wfenf.x3322.net:7788/609006446
老故事,http://wfenf.x3322.net:7788/884121956
发现之旅,http://wfenf.x3322.net:7788/624878970
中学生,http://wfenf.x3322.net:7788/708869532
CGTN,http://wfenf.x3322.net:7788/609017205
中国农林卫视,http://wfenf.x3322.net:7788/956904896
上视东方影视,http://wfenf.x3322.net:7788/617290047
南京新闻综合频道,http://wfenf.x3322.net:7788/838109047
南京教科频道,http://wfenf.x3322.net:7788/838153729
南京十八频道,http://wfenf.x3322.net:7788/838151753
体育休闲频道,http://wfenf.x3322.net:7788/626064707
江苏城市频道,http://wfenf.x3322.net:7788/626064714
江苏国际,http://wfenf.x3322.net:7788/626064674
江苏影视频道,http://wfenf.x3322.net:7788/626064697
江苏综艺频道,http://wfenf.x3322.net:7788/626065193
公共新闻频道,http://wfenf.x3322.net:7788/626064693
盐城新闻综合,http://wfenf.x3322.net:7788/639731825
泰州新闻综合,http://wfenf.x3322.net:7788/639731818
宿迁新闻综合,http://wfenf.x3322.net:7788/639731832
徐州新闻综合,http://wfenf.x3322.net:7788/639731747
江阴新闻综合,http://wfenf.x3322.net:7788/955227979
宜兴新闻综合,http://wfenf.x3322.net:7788/955227996
陕西银龄频道,http://wfenf.x3322.net:7788/956909362
陕西都市青春频道,http://wfenf.x3322.net:7788/956909358
陕西秦腔频道,http://wfenf.x3322.net:7788/956909303
陕西新闻资讯频道,http://wfenf.x3322.net:7788/956909289
财富天下,http://wfenf.x3322.net:7788/956923159
海南广播电视总台新闻频道,http://wfenf.x3322.net:7788/962067517
海南广播电视总台自贸频道,http://wfenf.x3322.net:7788/962045226
海南广播电视总台社会与法频道,http://wfenf.x3322.net:7788/962045223
海南广播电视总台文旅频道,http://wfenf.x3322.net:7788/962067526
海南广播电视总台少儿频道,http://wfenf.x3322.net:7788/962067523
赛事最经典,http://wfenf.x3322.net:7788/646596895
体坛名栏汇,http://wfenf.x3322.net:7788/629943305
四海钓鱼,http://wfenf.x3322.net:7788/637444975
陕西体育休闲频道,http://wfenf.x3322.net:7788/956909356
24小时城市联赛轮播台,http://wfenf.x3322.net:7788/915512915
武术世界,http://wfenf.x3322.net:7788/958475359
快乐垂钓,http://wfenf.x3322.net:7788/961930263
建党105周年巡礼,http://wfenf.x3322.net:7788/713600957
经典香港电影,http://wfenf.x3322.net:7788/625703337
新片放映厅,http://wfenf.x3322.net:7788/619495952
和美乡途轮播台,http://wfenf.x3322.net:7788/713591450
南方影视,http://wfenf.x3322.net:7788/614961829
中国天气,http://wfenf.x3322.net:7788/959986621
熊猫频道01高清,http://wfenf.x3322.net:7788/609158151
熊猫频道1,http://wfenf.x3322.net:7788/608933610
熊猫频道2,http://wfenf.x3322.net:7788/608933640
熊猫频道3,http://wfenf.x3322.net:7788/608934619
熊猫频道4,http://wfenf.x3322.net:7788/608934721
熊猫频道5,http://wfenf.x3322.net:7788/608935104
熊猫频道6,http://wfenf.x3322.net:7788/608935797
熊猫频道7,http://wfenf.x3322.net:7788/609169286
熊猫频道8,http://wfenf.x3322.net:7788/609169287
熊猫频道9,http://wfenf.x3322.net:7788/609169226
熊猫频道10,http://wfenf.x3322.net:7788/609169285
最强综艺趴,http://wfenf.x3322.net:7788/629942228
经典动画大集合,http://wfenf.x3322.net:7788/629942219
新动力量创一流,http://wfenf.x3322.net:7788/713589837
中华特产,http://wfenf.x3322.net:7788/959986618
环球旅游,http://wfenf.x3322.net:7788/958475356
梨园频道,http://wfenf.x3322.net:7788/961930369
CCTV4欧洲,https://live.chinacert.cftest5.cn/cnmg/live/608807419
CCTV4美洲,https://live.chinacert.cftest5.cn/cnmg/live/608807416
CGTN外语纪录,https://live.chinacert.cftest5.cn/cnmg/live/609006487
CGTN阿拉伯语,https://live.chinacert.cftest5.cn/cnmg/live/609154345
CGTN西班牙语,https://live.chinacert.cftest5.cn/cnmg/live/609006450
CGTN法语,https://live.chinacert.cftest5.cn/cnmg/live/609006476
CGTN俄语,https://live.chinacert.cftest5.cn/cnmg/live/609006446
老故事,https://live.chinacert.cftest5.cn/cnmg/live/884121956
发现之旅,https://live.chinacert.cftest5.cn/cnmg/live/624878970
中学生,https://live.chinacert.cftest5.cn/cnmg/live/708869532
CGTN,https://live.chinacert.cftest5.cn/cnmg/live/609017205
中国农林卫视,https://live.chinacert.cftest5.cn/cnmg/live/956904896
上视东方影视,https://live.chinacert.cftest5.cn/cnmg/live/617290047
南京新闻综合频道,https://live.chinacert.cftest5.cn/cnmg/live/838109047
南京教科频道,https://live.chinacert.cftest5.cn/cnmg/live/838153729
南京十八频道,https://live.chinacert.cftest5.cn/cnmg/live/838151753
体育休闲频道,https://live.chinacert.cftest5.cn/cnmg/live/626064707
江苏城市频道,https://live.chinacert.cftest5.cn/cnmg/live/626064714
江苏国际,https://live.chinacert.cftest5.cn/cnmg/live/626064674
江苏影视频道,https://live.chinacert.cftest5.cn/cnmg/live/626064697
江苏综艺频道,https://live.chinacert.cftest5.cn/cnmg/live/626065193
公共新闻频道,https://live.chinacert.cftest5.cn/cnmg/live/626064693
盐城新闻综合,https://live.chinacert.cftest5.cn/cnmg/live/639731825
泰州新闻综合,https://live.chinacert.cftest5.cn/cnmg/live/639731818
宿迁新闻综合,https://live.chinacert.cftest5.cn/cnmg/live/639731832
徐州新闻综合,https://live.chinacert.cftest5.cn/cnmg/live/639731747
江阴新闻综合,https://live.chinacert.cftest5.cn/cnmg/live/955227979
宜兴新闻综合,https://live.chinacert.cftest5.cn/cnmg/live/955227996
陕西银龄频道,https://live.chinacert.cftest5.cn/cnmg/live/956909362
陕西都市青春频道,https://live.chinacert.cftest5.cn/cnmg/live/956909358
陕西秦腔频道,https://live.chinacert.cftest5.cn/cnmg/live/956909303
陕西新闻资讯频道,https://live.chinacert.cftest5.cn/cnmg/live/956909289
财富天下,https://live.chinacert.cftest5.cn/cnmg/live/956923159
海南广播电视总台新闻频道,https://live.chinacert.cftest5.cn/cnmg/live/962067517
海南广播电视总台自贸频道,https://live.chinacert.cftest5.cn/cnmg/live/962045226
海南广播电视总台社会与法频道,https://live.chinacert.cftest5.cn/cnmg/live/962045223
海南广播电视总台文旅频道,https://live.chinacert.cftest5.cn/cnmg/live/962067526
海南广播电视总台少儿频道,https://live.chinacert.cftest5.cn/cnmg/live/962067523
赛事最经典,https://live.chinacert.cftest5.cn/cnmg/live/646596895
体坛名栏汇,https://live.chinacert.cftest5.cn/cnmg/live/629943305
四海钓鱼,https://live.chinacert.cftest5.cn/cnmg/live/637444975
陕西体育休闲频道,https://live.chinacert.cftest5.cn/cnmg/live/956909356
24小时城市联赛轮播台,https://live.chinacert.cftest5.cn/cnmg/live/915512915
武术世界,https://live.chinacert.cftest5.cn/cnmg/live/958475359
快乐垂钓,https://live.chinacert.cftest5.cn/cnmg/live/961930263
建党105周年巡礼,https://live.chinacert.cftest5.cn/cnmg/live/713600957
经典香港电影,https://live.chinacert.cftest5.cn/cnmg/live/625703337
新片放映厅,https://live.chinacert.cftest5.cn/cnmg/live/619495952
和美乡途轮播台,https://live.chinacert.cftest5.cn/cnmg/live/713591450
南方影视,https://live.chinacert.cftest5.cn/cnmg/live/614961829
中国天气,https://live.chinacert.cftest5.cn/cnmg/live/959986621
熊猫频道01高清,https://live.chinacert.cftest5.cn/cnmg/live/609158151
熊猫频道1,https://live.chinacert.cftest5.cn/cnmg/live/608933610
熊猫频道2,https://live.chinacert.cftest5.cn/cnmg/live/608933640
熊猫频道3,https://live.chinacert.cftest5.cn/cnmg/live/608934619
熊猫频道4,https://live.chinacert.cftest5.cn/cnmg/live/608934721
熊猫频道5,https://live.chinacert.cftest5.cn/cnmg/live/608935104
熊猫频道6,https://live.chinacert.cftest5.cn/cnmg/live/608935797
熊猫频道7,https://live.chinacert.cftest5.cn/cnmg/live/609169286
熊猫频道8,https://live.chinacert.cftest5.cn/cnmg/live/609169287
熊猫频道9,https://live.chinacert.cftest5.cn/cnmg/live/609169226
熊猫频道10,https://live.chinacert.cftest5.cn/cnmg/live/609169285
最强综艺趴,https://live.chinacert.cftest5.cn/cnmg/live/629942228
经典动画大集合,https://live.chinacert.cftest5.cn/cnmg/live/629942219
新动力量创一流,https://live.chinacert.cftest5.cn/cnmg/live/713589837
中华特产,https://live.chinacert.cftest5.cn/cnmg/live/959986618
环球旅游,https://live.chinacert.cftest5.cn/cnmg/live/958475356
梨园频道,https://live.chinacert.cftest5.cn/cnmg/live/961930369
移动网专用,1
咪咕直播1,http://gslbserv.itv.cmvideo.cn:80/5000000011000265001/1.m3u8?channel-id=FifastbLive&Contentid=3000000001000005308&livemode=1&stbId=toShengfen&mode=1
咪咕直播2,http://gslbserv.itv.cmvideo.cn:80/5000000011000265001/1.m3u8?channel-id=FifastbLive&Contentid=3000000001000005969&livemode=1&stbId=toShengfen&mode=1
咪咕直播3,http://gslbserv.itv.cmvideo.cn:80/5000000011000265001/1.m3u8?channel-id=FifastbLive&Contentid=3000000001000007218&livemode=1&stbId=toShengfen&mode=1
咪咕直播4,http://gslbserv.itv.cmvideo.cn:80/5000000011000265001/1.m3u8?channel-id=FifastbLive&Contentid=3000000001000008001&livemode=1&stbId=toShengfen&mode=1
咪咕直播5,http://gslbserv.itv.cmvideo.cn:80/5000000011000265001/1.m3u8?channel-id=FifastbLive&Contentid=3000000001000008176&livemode=1&stbId=toShengfen&mode=1
咪咕直播6,http://gslbserv.itv.cmvideo.cn:80/5000000011000265001/1.m3u8?channel-id=FifastbLive&Contentid=3000000001000008379&livemode=1&stbId=toShengfen&mode=1
咪咕直播7,http://gslbserv.itv.cmvideo.cn:80/5000000011000265001/1.m3u8?channel-id=FifastbLive&Contentid=3000000001000010129&livemode=1&stbId=toShengfen&mode=1
咪咕直播8,http://gslbserv.itv.cmvideo.cn:80/5000000011000265001/1.m3u8?channel-id=FifastbLive&Contentid=3000000001000010948&livemode=1&stbId=toShengfen&mode=1
咪咕直播9,http://gslbserv.itv.cmvideo.cn:80/5000000011000265001/1.m3u8?channel-id=FifastbLive&Contentid=3000000001000028638&livemode=1&stbId=toShengfen&mode=1
咪咕直播10,http://gslbserv.itv.cmvideo.cn:80/5000000011000265001/1.m3u8?channel-id=FifastbLive&Contentid=3000000001000031494&livemode=1&stbId=toShengfen&mode=1
咪咕直播11,http://gslbserv.itv.cmvideo.cn:80/5000000011000265001/1.m3u8?channel-id=FifastbLive&Contentid=3000000010000000097&livemode=1&stbId=toShengfen&mode=1
咪咕直播12,http://gslbserv.itv.cmvideo.cn:80/5000000011000265001/1.m3u8?channel-id=FifastbLive&Contentid=3000000010000002019&livemode=1&stbId=toShengfen&mode=1
咪咕直播13,http://gslbserv.itv.cmvideo.cn:80/5000000011000265001/1.m3u8?channel-id=FifastbLive&Contentid=3000000010000002809&livemode=1&stbId=toShengfen&mode=1
咪咕直播14,http://gslbserv.itv.cmvideo.cn:80/5000000011000265001/1.m3u8?channel-id=FifastbLive&Contentid=3000000010000003915&livemode=1&stbId=toShengfen&mode=1
咪咕直播15,http://gslbserv.itv.cmvideo.cn:80/5000000011000265001/1.m3u8?channel-id=FifastbLive&Contentid=3000000010000004193&livemode=1&stbId=toShengfen&mode=1
咪咕直播16,http://gslbserv.itv.cmvideo.cn:80/5000000011000265001/1.m3u8?channel-id=FifastbLive&Contentid=3000000010000005837&livemode=1&stbId=toShengfen&mode=1
咪咕直播17,http://gslbserv.itv.cmvideo.cn:80/5000000011000265001/1.m3u8?channel-id=FifastbLive&Contentid=3000000010000006077&livemode=1&stbId=toShengfen&mode=1
咪咕直播18,http://gslbserv.itv.cmvideo.cn:80/5000000011000265001/1.m3u8?channel-id=FifastbLive&Contentid=3000000010000006658&livemode=1&stbId=toShengfen&mode=1
咪咕直播19,http://gslbserv.itv.cmvideo.cn:80/5000000011000265001/1.m3u8?channel-id=FifastbLive&Contentid=3000000010000009788&livemode=1&stbId=toShengfen&mode=1
咪咕直播20,http://gslbserv.itv.cmvideo.cn:80/5000000011000265001/1.m3u8?channel-id=FifastbLive&Contentid=3000000010000010833&livemode=1&stbId=toShengfen&mode=1
咪咕直播21,http://gslbserv.itv.cmvideo.cn:80/5000000011000265001/1.m3u8?channel-id=FifastbLive&Contentid=3000000010000011297&livemode=1&stbId=toShengfen&mode=1
咪咕直播22,http://gslbserv.itv.cmvideo.cn:80/5000000011000265001/1.m3u8?channel-id=FifastbLive&Contentid=3000000010000011518&livemode=1&stbId=toShengfen&mode=1
咪咕直播23,http://gslbserv.itv.cmvideo.cn:80/5000000011000265001/1.m3u8?channel-id=FifastbLive&Contentid=3000000010000012558&livemode=1&stbId=toShengfen&mode=1
咪咕直播24,http://gslbserv.itv.cmvideo.cn:80/5000000011000265001/1.m3u8?channel-id=FifastbLive&Contentid=3000000010000012616&livemode=1&stbId=toShengfen&mode=1
咪咕直播25,http://gslbserv.itv.cmvideo.cn:80/5000000011000265001/1.m3u8?channel-id=FifastbLive&Contentid=3000000010000015470&livemode=1&stbId=toShengfen&mode=1
咪咕直播26,http://gslbserv.itv.cmvideo.cn:80/5000000011000265001/1.m3u8?channel-id=FifastbLive&Contentid=3000000010000015560&livemode=1&stbId=toShengfen&mode=1
咪咕直播27,http://gslbserv.itv.cmvideo.cn:80/5000000011000265001/1.m3u8?channel-id=FifastbLive&Contentid=3000000010000017678&livemode=1&stbId=toShengfen&mode=1
咪咕直播28,http://gslbserv.itv.cmvideo.cn:80/5000000011000265001/1.m3u8?channel-id=FifastbLive&Contentid=3000000010000019839&livemode=1&stbId=toShengfen&mode=1
咪咕直播29,http://gslbserv.itv.cmvideo.cn:80/5000000011000265001/1.m3u8?channel-id=FifastbLive&Contentid=3000000010000021904&livemode=1&stbId=toShengfen&mode=1
咪咕直播30,http://gslbserv.itv.cmvideo.cn:80/5000000011000265001/1.m3u8?channel-id=FifastbLive&Contentid=3000000010000023434&livemode=1&stbId=toShengfen&mode=1
CCTV-8K超高清,http://38.75.136.137:98/gslb/dsdqpub/cctv8k.m3u8?auth=testpub
中国教育3,http://38.75.136.137:98/gslb/dsdqpub/cetv3.m3u8?auth=testpub
早期教育,http://38.75.136.137:98/gslb/dsdqpub/zqjy.m3u8?auth=testpub
重温经典,http://38.75.136.137:98/gslb/dsdqpub/cwjd.m3u8?auth=testpub
CCTV-电视指南,http://38.75.136.137:98/gslb/dsdqpub/dszn.m3u8?auth=testpub
中央新影-老故事,http://38.75.136.137:98/gslb/dsdqpub/lgs.m3u8?auth=testpub
中央新影-发现之旅,http://38.75.136.137:98/gslb/dsdqpub/fxzl.m3u8?auth=testpub
国学频道,http://38.75.136.137:98/gslb/dsdqpub/gxpd.m3u8?auth=testpub
天元围棋,http://38.75.136.137:98/gslb/dsdqpub/gztywq.m3u8?auth=testpub
北京纪实科教,http://38.75.136.137:98/gslb/dsdqpub/btv3.m3u8?auth=testpub
安徽卫视HD,http://38.75.136.137:98/gslb/dsdqpub/ahwshd.m3u8?auth=testpub
重庆卫视HD,http://38.75.136.137:98/gslb/dsdqpub/cqwshd.m3u8?auth=testpub
大湾区卫视(国际版),http://38.75.136.137:98/gslb/dsdqpub/gdgj.m3u8?auth=testpub
东方卫视HD,http://38.75.136.137:98/gslb/dsdqpub/dfwshd.m3u8?auth=testpub
东南卫视HD,http://38.75.136.137:98/gslb/dsdqpub/dnwshd.m3u8?auth=testpub
广东卫视HD,http://38.75.136.137:98/gslb/dsdqpub/gdwshd.m3u8?auth=testpub
甘肃卫视HD,http://38.75.136.137:98/gslb/dsdqpub/gswshd.m3u8?auth=testpub
广西卫视HD,http://38.75.136.137:98/gslb/dsdqpub/gxwshd.m3u8?auth=testpub
贵州卫视HD,http://38.75.136.137:98/gslb/dsdqpub/gzwshd.m3u8?auth=testpub
河南卫视HD,http://38.75.136.137:98/gslb/dsdqpub/hawshd.m3u8?auth=testpub
湖北卫视HD,http://38.75.136.137:98/gslb/dsdqpub/hbwshd.m3u8?auth=testpub
河北卫视HD,http://38.75.136.137:98/gslb/dsdqpub/hewshd.m3u8?auth=testpub
黑龙江卫视HD,http://38.75.136.137:98/gslb/dsdqpub/hljwshd.m3u8?auth=testpub
吉林卫视HD,http://38.75.136.137:98/gslb/dsdqpub/jlwshd.m3u8?auth=testpub
江苏卫视HD,http://38.75.136.137:98/gslb/dsdqpub/jswshd.m3u8?auth=testpub
江西卫视HD,http://38.75.136.137:98/gslb/dsdqpub/jxwshd.m3u8?auth=testpub
辽宁卫视HD,http://38.75.136.137:98/gslb/dsdqpub/lnwshd.m3u8?auth=testpub
山东卫视HD,http://38.75.136.137:98/gslb/dsdqpub/sdwshd.m3u8?auth=testpub
陕西卫视HD,http://38.75.136.137:98/gslb/dsdqpub/snwshd.m3u8?auth=testpub
山西卫视HD,http://38.75.136.137:98/gslb/dsdqpub/sxwshd.m3u8?auth=testpub
深圳卫视HD,http://38.75.136.137:98/gslb/dsdqpub/szwshd.m3u8?auth=testpub
天津卫视HD,http://38.75.136.137:98/gslb/dsdqpub/tjwshd.m3u8?auth=testpub
云南卫视HD,http://38.75.136.137:98/gslb/dsdqpub/ynwshd.m3u8?auth=testpub
浙江卫视HD,http://38.75.136.137:98/gslb/dsdqpub/zjwshd.m3u8?auth=testpub
重庆文体娱乐,http://38.75.136.137:98/gslb/dsdqpub/cqyl.m3u8?auth=testpub
重庆社会与法,http://38.75.136.137:98/gslb/dsdqpub/cqds.m3u8?auth=testpub
重庆新农村,http://38.75.136.137:98/gslb/dsdqpub/cqgg.m3u8?auth=testpub
重庆重广融媒,http://38.75.136.137:98/gslb/dsdqpub/cqjc.m3u8?auth=testpub
重庆红叶,http://38.75.136.137:98/gslb/dsdqpub/cqkj.m3u8?auth=testpub
重庆少儿,http://38.75.136.137:98/gslb/dsdqpub/cqse.m3u8?auth=testpub
重庆红岩文化,http://38.75.136.137:98/gslb/dsdqpub/cqss.m3u8?auth=testpub
重庆影视剧,http://38.75.136.137:98/gslb/dsdqpub/cqys.m3u8?auth=testpub
广东移动,http://38.75.136.137:98/gslb/dsdqpub/gdyd.m3u8?auth=testpub
岭南戏曲,http://38.75.136.137:98/gslb/dsdqpub/gdlnxq.m3u8?auth=testpub
广东4K超高清,http://38.75.136.137:98/gslb/dsdqpub/gdtvs3.m3u8?auth=testpub
都市剧场HD,http://38.75.136.137:98/gslb/dsdqpub/dsjchd.m3u8?auth=testpub
第一财经HD,http://38.75.136.137:98/gslb/dsdqpub/dycjhd.m3u8?auth=testpub
欢笑剧场HD,http://38.75.136.137:98/gslb/dsdqpub/hxjchd.m3u8?auth=testpub
东方影视HD,http://38.75.136.137:98/gslb/dsdqpub/shdsjhd.m3u8?auth=testpub
生活时尚HD,http://38.75.136.137:98/gslb/dsdqpub/shsshd.m3u8?auth=testpub
上海新闻HD,http://38.75.136.137:98/gslb/dsdqpub/shxwhd.m3u8?auth=testpub
上海都市HD,http://38.75.136.137:98/gslb/dsdqpub/shylhd.m3u8?auth=testpub
五星体育HD,http://38.75.136.137:98/gslb/dsdqpub/wxtyhd.m3u8?auth=testpub
广西都市,http://38.75.136.137:98/gslb/dsdqpub/gxds.m3u8?auth=testpub
广西移动,http://38.75.136.137:98/gslb/dsdqpub/gxyd.m3u8?auth=testpub
广西影视,http://38.75.136.137:98/gslb/dsdqpub/gxys.m3u8?auth=testpub
广西综艺旅游,http://38.75.136.137:98/gslb/dsdqpub/gxzy.m3u8?auth=testpub
青岛新闻综合,http://38.75.136.137:98/gslb/dsdqpub/sdqdtv1.m3u8?auth=testpub
青岛生活服务,http://38.75.136.137:98/gslb/dsdqpub/sdqdtv2.m3u8?auth=testpub
青岛影视频道,http://38.75.136.137:98/gslb/dsdqpub/sdqdtv3.m3u8?auth=testpub
青岛休闲资讯,http://38.75.136.137:98/gslb/dsdqpub/sdqdtv4.m3u8?auth=testpub
青岛都市频道,http://38.75.136.137:98/gslb/dsdqpub/sdqdtv5.m3u8?auth=testpub
天津影视,http://38.75.136.137:98/gslb/dsdqpub/tjtv3.m3u8?auth=testpub
天津体育,http://38.75.136.137:98/gslb/dsdqpub/tjtv5.m3u8?auth=testpub
天津教育,http://38.75.136.137:98/gslb/dsdqpub/tjtv6.m3u8?auth=testpub
成龙电影,http://38.75.136.137:98/gslb/dsdqpub/lbcl.m3u8?auth=testpub
林正英影院,http://38.75.136.137:98/gslb/dsdqpub/lblzy.m3u8?auth=testpub
邵氏电影,http://38.75.136.137:98/gslb/dsdqpub/lbssdy.m3u8?auth=testpub
邵氏动作,http://38.75.136.137:98/gslb/dsdqpub/lbssdz.m3u8?auth=testpub
邵氏武侠,http://38.75.136.137:98/gslb/dsdqpub/lbsswx.m3u8?auth=testpub
邵氏喜剧,http://38.75.136.137:98/gslb/dsdqpub/lbssxj.m3u8?auth=testpub
周润发电影,http://38.75.136.137:98/gslb/dsdqpub/lbzrf.m3u8?auth=testpub
周星驰电影,http://38.75.136.137:98/gslb/dsdqpub/lbzxc.m3u8?auth=testpub
邵氏电影,http://38.75.136.137:98/gslb/dsdqpub/lbssdy.m3u8?auth=testpub
邵氏武侠,http://38.75.136.137:98/gslb/dsdqpub/lbsswx.m3u8?auth=testpub
邵氏动作,http://38.75.136.137:98/gslb/dsdqpub/lbssdz.m3u8?auth=testpub
邵氏喜剧,http://38.75.136.137:98/gslb/dsdqpub/lbssxj.m3u8?auth=testpub
重温经典,http://38.75.136.137:98/gsl/dsdqbv/cwjdhd.m3u8?auth=test20251009
没,http://38.75.136.137:98/gslb/dsdqca/xmwshd.m3u8?auth=test20251009
没,http://38.75.136.137:98/gslb/dsdqca/gdwshd.m3u8?auth=test20251009
没,http://38.75.136.137:98/gslb/dsdqca/szwshd.m3u8?auth=test20251009
河南卫视HD,http://120.76.248.139/live/bfgd/4200000339.m3u8
安徽卫视HD,http://120.76.248.139/live/bfgd/4200000096.m3u8
浙江卫视HD,http://120.76.248.139/live/bfgd/4200000094.m3u8
东方卫视HD,http://120.76.248.139/live/bfgd/4200000093.m3u8
东南卫视HD,http://120.76.248.139/live/bfgd/4200000483.m3u8
广东卫视HD,http://120.76.248.139/live/bfgd/4200000092.m3u8
湖北卫视HD,http://120.76.248.139/live/bfgd/4200000102.m3u8
河北卫视HD,http://120.76.248.139/live/bfgd/4200000108.m3u8
江苏卫视HD,http://120.76.248.139/live/bfgd/4200000085.m3u8
江西卫视HD,http://120.76.248.139/live/bfgd/4200000098.m3u8
重庆卫视HD,http://120.76.248.139/live/bfgd/4200000107.m3u8
山东卫视HD,http://120.76.248.139/live/bfgd/4200000099.m3u8
陕西卫视HD,http://120.76.248.139/live/bfgd/4200000512.m3u8
山西卫视HD,http://120.76.248.139/live/bfgd/4200000109.m3u8
深圳卫视HD,http://120.76.248.139/live/bfgd/4200000100.m3u8
延边卫视HD,http://120.76.248.139/live/bfgd/4200000117.m3u8
云南卫视HD,http://120.76.248.139/live/bfgd/4200000482.m3u8
甘肃卫视HD,http://120.76.248.139/live/bfgd/4200000119.m3u8
广西卫视HD,http://120.76.248.139/live/bfgd/4200000116.m3u8
贵州卫视HD,http://120.76.248.139/live/bfgd/4200000101.m3u8
吉林卫视HD,http://120.76.248.139/live/bfgd/4200000097.m3u8
辽宁卫视HD,http://120.76.248.139/live/bfgd/4200000058.m3u8
辽宁卫视HD,http://120.76.248.139/live/bfgd/4200000141.m3u8
辽宁卫视HD,http://120.76.248.139/live/bfgd/4200000185.m3u8
黑龙江卫视HD,http://120.76.248.139/live/bfgd/4200000095.m3u8
CCTV-8K超高清,http://107.150.60.122/live/cctv8k.m3u8
重温经典,http://107.150.60.122/live/cwjd.m3u8
CCTV-电视指南,http://107.150.60.122/live/dszn.m3u8
中央新影-老故事,http://107.150.60.122/live/lgs.m3u8
中央新影-发现之旅,http://107.150.60.122/live/fxzl.m3u8
国学频道,http://107.150.60.122/live/gxpd.m3u8
天元围棋,http://107.150.60.122/live/gztywq.m3u8
北京纪实科教,http://107.150.60.122/live/btv3.m3u8
安徽卫视HD,http://107.150.60.122/live/ahwshd.m3u8
重庆卫视HD,http://107.150.60.122/live/cqwshd.m3u8
大湾区卫视(国际版),http://107.150.60.122/live/gdgj.m3u8
东方卫视HD,http://107.150.60.122/live/dfwshd.m3u8
东南卫视HD,http://107.150.60.122/live/dnwshd.m3u8
广东卫视HD,http://107.150.60.122/live/gdwshd.m3u8
甘肃卫视HD,http://107.150.60.122/live/gswshd.m3u8
广西卫视HD,http://107.150.60.122/live/gxwshd.m3u8
贵州卫视HD,http://107.150.60.122/live/gzwshd.m3u8
河南卫视HD,http://107.150.60.122/live/hawshd.m3u8
湖北卫视HD,http://107.150.60.122/live/hbwshd.m3u8
河北卫视HD,http://107.150.60.122/live/hewshd.m3u8
黑龙江卫视HD,http://107.150.60.122/live/hljwshd.m3u8
吉林卫视HD,http://107.150.60.122/live/jlwshd.m3u8
江苏卫视HD,http://107.150.60.122/live/jswshd.m3u8
江西卫视HD,http://107.150.60.122/live/jxwshd.m3u8
辽宁卫视HD,http://107.150.60.122/live/lnwshd.m3u8
山东卫视HD,http://107.150.60.122/live/sdwshd.m3u8
陕西卫视HD,http://107.150.60.122/live/snwshd.m3u8
山西卫视HD,http://107.150.60.122/live/sxwshd.m3u8
深圳卫视HD,http://107.150.60.122/live/szwshd.m3u8
天津卫视HD,http://107.150.60.122/live/tjwshd.m3u8
云南卫视HD,http://107.150.60.122/live/ynwshd.m3u8
浙江卫视HD,http://107.150.60.122/live/zjwshd.m3u8
CCTV-卫生健康,http://107.150.60.122/live/wsjk.m3u8
中央新影-发现之旅,http://107.150.60.122/live/fxzl.m3u8
中央新影-老故事,http://107.150.60.122/live/lgs.m3u8
中国教育3,http://107.150.60.122/live/cetv3.m3u8
广东移动,http://107.150.60.122/live/gdyd.m3u8
岭南戏曲,http://107.150.60.122/live/gdlnxq.m3u8
广东4K超高清,http://107.150.60.122/live/gdtvs3.m3u8
广西影视,http://107.150.60.122/live/gxys.m3u8
广西综艺旅游,http://107.150.60.122/live/gxzy.m3u8
广西都市,http://107.150.60.122/live/gxds.m3u8
吉林综艺文化,http://107.150.60.122/live/jlfz.m3u8
新疆汉语影视,http://107.150.60.122/live/xjtv6.m3u8
新疆汉语体育健康,http://107.150.60.122/live/xjtv7.m3u8
江西少儿家庭,http://107.150.60.122/live/jxtv6.m3u8
江西新闻频道,http://107.150.60.122/live/jxtv7.m3u8
成龙电影,http://107.150.60.122/live/lbcl.m3u8
周润发电影,http://107.150.60.122/live/lbzrf.m3u8
周星驰电影,http://107.150.60.122/live/lbzxc.m3u8
林正英影院,http://107.150.60.122/live/lblzy.m3u8
CCTV-8K超高清,http://192.151.150.154/live/cctv8k.m3u8
重温经典,http://192.151.150.154/live/cwjd.m3u8
CCTV-电视指南,http://192.151.150.154/live/dszn.m3u8
中央新影-老故事,http://192.151.150.154/live/lgs.m3u8
中央新影-发现之旅,http://192.151.150.154/live/fxzl.m3u8
国学频道,http://192.151.150.154/live/gxpd.m3u8
天元围棋,http://192.151.150.154/live/gztywq.m3u8
北京纪实科教,http://192.151.150.154/live/btv3.m3u8
安徽卫视HD,http://192.151.150.154/live/ahwshd.m3u8
重庆卫视HD,http://192.151.150.154/live/cqwshd.m3u8
大湾区卫视(国际版),http://192.151.150.154/live/gdgj.m3u8
东方卫视HD,http://192.151.150.154/live/dfwshd.m3u8
东南卫视HD,http://192.151.150.154/live/dnwshd.m3u8
广东卫视HD,http://192.151.150.154/live/gdwshd.m3u8
甘肃卫视HD,http://192.151.150.154/live/gswshd.m3u8
广西卫视HD,http://192.151.150.154/live/gxwshd.m3u8
贵州卫视HD,http://192.151.150.154/live/gzwshd.m3u8
河南卫视HD,http://192.151.150.154/live/hawshd.m3u8
湖北卫视HD,http://192.151.150.154/live/hbwshd.m3u8
河北卫视HD,http://192.151.150.154/live/hewshd.m3u8
黑龙江卫视HD,http://192.151.150.154/live/hljwshd.m3u8
吉林卫视HD,http://192.151.150.154/live/jlwshd.m3u8
江苏卫视HD,http://192.151.150.154/live/jswshd.m3u8
江西卫视HD,http://192.151.150.154/live/jxwshd.m3u8
辽宁卫视HD,http://192.151.150.154/live/lnwshd.m3u8
山东卫视HD,http://192.151.150.154/live/sdwshd.m3u8
陕西卫视HD,http://192.151.150.154/live/snwshd.m3u8
山西卫视HD,http://192.151.150.154/live/sxwshd.m3u8
深圳卫视HD,http://192.151.150.154/live/szwshd.m3u8
天津卫视HD,http://192.151.150.154/live/tjwshd.m3u8
云南卫视HD,http://192.151.150.154/live/ynwshd.m3u8
浙江卫视HD,http://192.151.150.154/live/zjwshd.m3u8
CCTV-卫生健康,http://192.151.150.154/live/wsjk.m3u8
中央新影-发现之旅,http://192.151.150.154/live/fxzl.m3u8
中央新影-老故事,http://192.151.150.154/live/lgs.m3u8
中国教育3,http://192.151.150.154/live/cetv3.m3u8
广东移动,http://192.151.150.154/live/gdyd.m3u8
岭南戏曲,http://192.151.150.154/live/gdlnxq.m3u8
广东4K超高清,http://192.151.150.154/live/gdtvs3.m3u8
广西影视,http://192.151.150.154/live/gxys.m3u8
广西综艺旅游,http://192.151.150.154/live/gxzy.m3u8
广西都市,http://192.151.150.154/live/gxds.m3u8
吉林综艺文化,http://192.151.150.154/live/jlfz.m3u8
新疆汉语影视,http://192.151.150.154/live/xjtv6.m3u8
新疆汉语体育健康,http://192.151.150.154/live/xjtv7.m3u8
江西少儿家庭,http://192.151.150.154/live/jxtv6.m3u8
江西新闻频道,http://192.151.150.154/live/jxtv7.m3u8
成龙电影,http://192.151.150.154/live/lbcl.m3u8
周润发电影,http://192.151.150.154/live/lbzrf.m3u8
周星驰电影,http://192.151.150.154/live/lbzxc.m3u8
林正英影院,http://192.151.150.154/live/lblzy.m3u8
CCTV-8K超高清,http://198.204.228.26/live/cctv8k.m3u8
重温经典,http://198.204.228.26/live/cwjd.m3u8
CCTV-电视指南,http://198.204.228.26/live/dszn.m3u8
中央新影-老故事,http://198.204.228.26/live/lgs.m3u8
中央新影-发现之旅,http://198.204.228.26/live/fxzl.m3u8
国学频道,http://198.204.228.26/live/gxpd.m3u8
天元围棋,http://198.204.228.26/live/gztywq.m3u8
北京纪实科教,http://198.204.228.26/live/btv3.m3u8
安徽卫视HD,http://198.204.228.26/live/ahwshd.m3u8
重庆卫视HD,http://198.204.228.26/live/cqwshd.m3u8
大湾区卫视(国际版),http://198.204.228.26/live/gdgj.m3u8
东方卫视HD,http://198.204.228.26/live/dfwshd.m3u8
东南卫视HD,http://198.204.228.26/live/dnwshd.m3u8
广东卫视HD,http://198.204.228.26/live/gdwshd.m3u8
甘肃卫视HD,http://198.204.228.26/live/gswshd.m3u8
广西卫视HD,http://198.204.228.26/live/gxwshd.m3u8
贵州卫视HD,http://198.204.228.26/live/gzwshd.m3u8
河南卫视HD,http://198.204.228.26/live/hawshd.m3u8
湖北卫视HD,http://198.204.228.26/live/hbwshd.m3u8
河北卫视HD,http://198.204.228.26/live/hewshd.m3u8
黑龙江卫视HD,http://198.204.228.26/live/hljwshd.m3u8
吉林卫视HD,http://198.204.228.26/live/jlwshd.m3u8
江苏卫视HD,http://198.204.228.26/live/jswshd.m3u8
江西卫视HD,http://198.204.228.26/live/jxwshd.m3u8
辽宁卫视HD,http://198.204.228.26/live/lnwshd.m3u8
山东卫视HD,http://198.204.228.26/live/sdwshd.m3u8
陕西卫视HD,http://198.204.228.26/live/snwshd.m3u8
山西卫视HD,http://198.204.228.26/live/sxwshd.m3u8
深圳卫视HD,http://198.204.228.26/live/szwshd.m3u8
天津卫视HD,http://198.204.228.26/live/tjwshd.m3u8
云南卫视HD,http://198.204.228.26/live/ynwshd.m3u8
浙江卫视HD,http://198.204.228.26/live/zjwshd.m3u8
CCTV-卫生健康,http://198.204.228.26/live/wsjk.m3u8
中央新影-发现之旅,http://198.204.228.26/live/fxzl.m3u8
中央新影-老故事,http://198.204.228.26/live/lgs.m3u8
中国教育3,http://198.204.228.26/live/cetv3.m3u8
广东移动,http://198.204.228.26/live/gdyd.m3u8
岭南戏曲,http://198.204.228.26/live/gdlnxq.m3u8
广东4K超高清,http://198.204.228.26/live/gdtvs3.m3u8
广西影视,http://198.204.228.26/live/gxys.m3u8
广西综艺旅游,http://198.204.228.26/live/gxzy.m3u8
广西都市,http://198.204.228.26/live/gxds.m3u8
吉林综艺文化,http://198.204.228.26/live/jlfz.m3u8
新疆汉语影视,http://198.204.228.26/live/xjtv6.m3u8
新疆汉语体育健康,http://198.204.228.26/live/xjtv7.m3u8
江西少儿家庭,http://198.204.228.26/live/jxtv6.m3u8
江西新闻频道,http://198.204.228.26/live/jxtv7.m3u8
成龙电影,http://198.204.228.26/live/lbcl.m3u8
周润发电影,http://198.204.228.26/live/lbzrf.m3u8
周星驰电影,http://198.204.228.26/live/lbzxc.m3u8
林正英影院,http://198.204.228.26/live/lblzy.m3u8
CCTV-电视指南,http://bztv.tvbus.cc:8081/cdnlive/dszn.m3u8
CCTV-卫生健康,http://bztv.tvbus.cc:8081/cdnlive/wsjk.m3u8
CCTV-8K超高清,http://173.208.212.130:8181/720p/cctv8k.m3u8
CCTV-卫生健康,http://173.208.212.130:8181/720p/wsjk.m3u8
CGTN新闻,https://live.264788.xyz/channel/cgtn?streamid=7184e7d2198478ebe4505b02e490522d&livekey=01WgOR41rriMmMkzNsd0UoaxJRwetZdxIvtVk
CGTN新闻,https://live.264788.xyz/channel/cgtn?streamid=36226196c651187b6e80ba8ecb4b2552&livekey=01WgOR41rriMmMkzNsd0UoaxJRwetZdxIvtVk
CGTN新闻,https://live.264788.xyz/channel/cgtn?streamid=adfd5ae77f362d2987040e974b56ee88&livekey=01WgOR41rriMmMkzNsd0UoaxJRwetZdxIvtVk
CGTN新闻,https://live.264788.xyz/channel/cgtn?streamid=b3bff97fe63b849ac854fbd02181ac36&livekey=01WgOR41rriMmMkzNsd0UoaxJRwetZdxIvtVk
CGTN新闻,https://live.264788.xyz/channel/cgtn?streamid=449ceee2276fb50f7fa3c15d86686ead&livekey=01WgOR41rriMmMkzNsd0UoaxJRwetZdxIvtVk
CGTN新闻,https://live.264788.xyz/channel/cgtn?streamid=8be8d91572831eb6faabd0addc70f444&livekey=01WgOR41rriMmMkzNsd0UoaxJRwetZdxIvtVk
CGTN纪录,https://live.264788.xyz/channel/cgtndocumentary?streamid=ec5fb324cab2d33b91ca40cdb80755ec&livekey=01WgOR41rriMmMkzNsd0UoaxJRwetZdxIvtVk
CGTN纪录,https://live.264788.xyz/channel/cgtndocumentary?streamid=d27e00e9e046013bee3262d4988a9c4c&livekey=01WgOR41rriMmMkzNsd0UoaxJRwetZdxIvtVk
CGTN纪录,https://live.264788.xyz/channel/cgtndocumentary?streamid=4fd47dad71848ae9ff3b569dd7336d7e&livekey=01WgOR41rriMmMkzNsd0UoaxJRwetZdxIvtVk
CGTN纪录,https://live.264788.xyz/channel/cgtndocumentary?streamid=fc6368d8ced98e7ccf7524d8779abe43&livekey=01WgOR41rriMmMkzNsd0UoaxJRwetZdxIvtVk
CGTN西班牙语,https://live.264788.xyz/channel/cgtnspanish?streamid=f42b1c67e54d893e2ff973c283ad0adb&livekey=01WgOR41rriMmMkzNsd0UoaxJRwetZdxIvtVk
CGTN西班牙语,https://live.264788.xyz/channel/cgtnspanish?streamid=05c35a6b306860c750fe6879b3fca13f&livekey=01WgOR41rriMmMkzNsd0UoaxJRwetZdxIvtVk
CGTN法语,https://live.264788.xyz/channel/cgtnfrench?streamid=7e2be1e2e2c1ab23745c505826766b38&livekey=01WgOR41rriMmMkzNsd0UoaxJRwetZdxIvtVk
CGTN法语,https://live.264788.xyz/channel/cgtnfrench?streamid=e9541a3ca2de1af6d9024349b1a9dd3b&livekey=01WgOR41rriMmMkzNsd0UoaxJRwetZdxIvtVk
CGTN法语,https://live.264788.xyz/channel/cgtnfrench?streamid=56b58e9c88be4cc4061fe5be068e6882&livekey=01WgOR41rriMmMkzNsd0UoaxJRwetZdxIvtVk
CGTN法语,https://live.264788.xyz/channel/cgtnfrench?streamid=9a97a479d76dea60315e79280b4ce412&livekey=01WgOR41rriMmMkzNsd0UoaxJRwetZdxIvtVk
CGTN阿拉伯语,https://live.264788.xyz/channel/cgtnarabic?streamid=370d2ee7d998e60b5ed9b89591686314&livekey=01WgOR41rriMmMkzNsd0UoaxJRwetZdxIvtVk
CGTN阿拉伯语,https://live.264788.xyz/channel/cgtnarabic?streamid=d9f761f511d773f6e23ada2999b70c15&livekey=01WgOR41rriMmMkzNsd0UoaxJRwetZdxIvtVk
CGTN俄语,https://live.264788.xyz/channel/cgtnrussian?streamid=d63b1fb2ddd42fcc7fabef6caf24564f&livekey=01WgOR41rriMmMkzNsd0UoaxJRwetZdxIvtVk
CGTN俄语,https://live.264788.xyz/channel/cgtnrussian?streamid=21ca2ce8eb779d8a11cf6cce3956b006&livekey=01WgOR41rriMmMkzNsd0UoaxJRwetZdxIvtVk
北京纪实科教,https://live.264788.xyz/channel/beijingjishikejiao?streamid=df464c64af62853da71f951b2ed3228f&livekey=01WgOR41rriMmMkzNsd0UoaxJRwetZdxIvtVk
北京纪实科教,https://live.264788.xyz/channel/beijingjishikejiao?streamid=2f052390b23a1d26ae24a90626086577&livekey=01WgOR41rriMmMkzNsd0UoaxJRwetZdxIvtVk
CETV-1综合教育,https://live.264788.xyz/channel/cetv1?streamid=f1777f794d92011bba4f6796c0573287&livekey=01WgOR41rriMmMkzNsd0UoaxJRwetZdxIvtVk
CETV-1综合教育,https://live.264788.xyz/channel/cetv1?streamid=5499155e72ecb123c418911e60349380&livekey=01WgOR41rriMmMkzNsd0UoaxJRwetZdxIvtVk
CETV-1综合教育,https://live.264788.xyz/channel/cetv1?streamid=1f850088bff0214dd9589e27a3aa3223&livekey=01WgOR41rriMmMkzNsd0UoaxJRwetZdxIvtVk
CETV-1综合教育,https://live.264788.xyz/channel/cetv1?streamid=f4b36de9e0ed50412e1fe3fbed4262a8&livekey=01WgOR41rriMmMkzNsd0UoaxJRwetZdxIvtVk
CETV-1综合教育,https://live.264788.xyz/channel/cetv1?streamid=fef40e80f1c448ad9436af5c51205214&livekey=01WgOR41rriMmMkzNsd0UoaxJRwetZdxIvtVk
CETV-1综合教育,https://live.264788.xyz/channel/cetv1?streamid=6f38a40b62d3bae8479798da57db209f&livekey=01WgOR41rriMmMkzNsd0UoaxJRwetZdxIvtVk
CETV-1综合教育,https://live.264788.xyz/channel/cetv1?streamid=e4449d4019bb90f9055fdb8b3c7dd755&livekey=01WgOR41rriMmMkzNsd0UoaxJRwetZdxIvtVk
CETV-1综合教育,https://live.264788.xyz/channel/cetv1?streamid=b9c651805509ff91a3a42a6bc81e22df&livekey=01WgOR41rriMmMkzNsd0UoaxJRwetZdxIvtVk
CETV-1综合教育,https://live.264788.xyz/channel/cetv1?streamid=6e67c7cdc5f94ba4b224cf1b9e931feb&livekey=01WgOR41rriMmMkzNsd0UoaxJRwetZdxIvtVk
CETV-1综合教育,https://live.264788.xyz/channel/cetv1?streamid=dedc96e3bc3a461b92ccfc071786345a&livekey=01WgOR41rriMmMkzNsd0UoaxJRwetZdxIvtVk
CETV-2教育教学,https://live.264788.xyz/channel/cetv2?streamid=ebf5462131d3e76e622e46655e76f647&livekey=01WgOR41rriMmMkzNsd0UoaxJRwetZdxIvtVk
CETV-2教育教学,https://live.264788.xyz/channel/cetv2?streamid=54effc2c015b2dc5a4c21e27f9482b50&livekey=01WgOR41rriMmMkzNsd0UoaxJRwetZdxIvtVk
CETV-2教育教学,https://live.264788.xyz/channel/cetv2?streamid=7cbdbef730b7cea2dc987da3b582f87a&livekey=01WgOR41rriMmMkzNsd0UoaxJRwetZdxIvtVk
CETV-2教育教学,https://live.264788.xyz/channel/cetv2?streamid=3b151aac648be5cd3b1ecfaa8a5b112e&livekey=01WgOR41rriMmMkzNsd0UoaxJRwetZdxIvtVk
CETV-2教育教学,https://live.264788.xyz/channel/cetv2?streamid=156ca9117d83b0d5a87b70c68b170784&livekey=01WgOR41rriMmMkzNsd0UoaxJRwetZdxIvtVk
CETV-2教育教学,https://live.264788.xyz/channel/cetv2?streamid=e3c639a9c0417b3859ab24d19854970d&livekey=01WgOR41rriMmMkzNsd0UoaxJRwetZdxIvtVk
CETV-4职业教育,https://live.264788.xyz/channel/cetv4?streamid=6bf23a89936db0d5196397a59a385599&livekey=01WgOR41rriMmMkzNsd0UoaxJRwetZdxIvtVk
CETV-4职业教育,https://live.264788.xyz/channel/cetv4?streamid=e59a87051a23e70196026588f9469050&livekey=01WgOR41rriMmMkzNsd0UoaxJRwetZdxIvtVk
CETV-4职业教育,https://live.264788.xyz/channel/cetv4?streamid=37d60172a2bbb0d41f072d29213e6264&livekey=01WgOR41rriMmMkzNsd0UoaxJRwetZdxIvtVk
CETV-4职业教育,https://live.264788.xyz/channel/cetv4?streamid=b6b18c83a0faf28406aa00620a3a5cc4&livekey=01WgOR41rriMmMkzNsd0UoaxJRwetZdxIvtVk
凤凰卫视资讯台,https://live.264788.xyz/channel/fenghuangweishizixun?streamid=7fb13f400476e75ce6c34d1f40c28473&livekey=01WgOR41rriMmMkzNsd0UoaxJRwetZdxIvtVk
凤凰卫视资讯台,https://live.264788.xyz/channel/fenghuangweishizixun?streamid=77bd953dbf073e11b80bba0a8aca92c5&livekey=01WgOR41rriMmMkzNsd0UoaxJRwetZdxIvtVk
凤凰卫视中文台,https://live.264788.xyz/channel/fenghuangweishizhongwen?streamid=2f797f6963d4df5f391f48edfa50ff59&livekey=01WgOR41rriMmMkzNsd0UoaxJRwetZdxIvtVk
凤凰卫视中文台,https://live.264788.xyz/channel/fenghuangweishizhongwen?streamid=3ed416f2709e7ecaf6dc1b9d9c66bb5e&livekey=01WgOR41rriMmMkzNsd0UoaxJRwetZdxIvtVk
东方卫视4K,https://live.264788.xyz/channel/dongfangweishi4k?streamid=ac7357572df3296592eeaee3c55edac6&livekey=01WgOR41rriMmMkzNsd0UoaxJRwetZdxIvtVk
东方卫视4K,https://live.264788.xyz/channel/dongfangweishi4k?streamid=b8c707e2ca95b85511f6c50c9638128b&livekey=01WgOR41rriMmMkzNsd0UoaxJRwetZdxIvtVk
江苏卫视4K,https://live.264788.xyz/channel/jiangsuweishi4k?streamid=306fa7c5a3bb1b091331de3a638c01b0&livekey=01WgOR41rriMmMkzNsd0UoaxJRwetZdxIvtVk
江苏卫视4K,https://live.264788.xyz/channel/jiangsuweishi4k?streamid=375dbc290331f86f70689c85cd16e1eb&livekey=01WgOR41rriMmMkzNsd0UoaxJRwetZdxIvtVk
浙江卫视4K,https://live.264788.xyz/channel/zhejiangweishi4k?streamid=664bb2d3ef43cf06ccb52c01a226593d&livekey=01WgOR41rriMmMkzNsd0UoaxJRwetZdxIvtVk
浙江卫视4K,https://live.264788.xyz/channel/zhejiangweishi4k?streamid=a5b6e60170ee8c69290def1c2fe00cc8&livekey=01WgOR41rriMmMkzNsd0UoaxJRwetZdxIvtVk
山东卫视4K,https://live.264788.xyz/channel/shandongweishi4k?streamid=89b04153333adc0894ea0c2a3527347d&livekey=01WgOR41rriMmMkzNsd0UoaxJRwetZdxIvtVk
山东卫视4K,https://live.264788.xyz/channel/shandongweishi4k?streamid=94f01afe37551c1ea2aa8e32b1d80c9e&livekey=01WgOR41rriMmMkzNsd0UoaxJRwetZdxIvtVk
广东卫视4K,https://live.264788.xyz/channel/guangdongweishi4k?streamid=e0289cccc782400e932e5d3b2830db4d&livekey=01WgOR41rriMmMkzNsd0UoaxJRwetZdxIvtVk
广东卫视4K,https://live.264788.xyz/channel/guangdongweishi4k?streamid=33aeafbb59f2bcb1877c3a8229c0135b&livekey=01WgOR41rriMmMkzNsd0UoaxJRwetZdxIvtVk
广东卫视4K,https://live.264788.xyz/channel/guangdongweishi4k?streamid=8dcdf34f2fa7ccf51c7d93cd359d414c&livekey=01WgOR41rriMmMkzNsd0UoaxJRwetZdxIvtVk
广东卫视4K,https://live.264788.xyz/channel/guangdongweishi4k?streamid=6a50ede91d38c74ee3789122e267fec1&livekey=01WgOR41rriMmMkzNsd0UoaxJRwetZdxIvtVk
广东卫视4K,https://live.264788.xyz/channel/guangdongweishi4k?streamid=0508c0316aedc9152adcf323fa95c2c0&livekey=01WgOR41rriMmMkzNsd0UoaxJRwetZdxIvtVk
广东卫视4K,https://live.264788.xyz/channel/guangdongweishi4k?streamid=277bdd07ffb8e58b78afb1b04ae49cad&livekey=01WgOR41rriMmMkzNsd0UoaxJRwetZdxIvtVk
欢笑剧场4K,https://live.264788.xyz/channel/huanxiaojuchang4k?streamid=c74f322efa6c238fc535a83f14f86677&livekey=01WgOR41rriMmMkzNsd0UoaxJRwetZdxIvtVk
欢笑剧场4K,https://live.264788.xyz/channel/huanxiaojuchang4k?streamid=9ca725ba158e786e5bc6f2bbdcc209bf&livekey=01WgOR41rriMmMkzNsd0UoaxJRwetZdxIvtVk
欢笑剧场4K,https://live.264788.xyz/channel/huanxiaojuchang4k?streamid=3f4d4c40dbf41fd4a37dfa73878e39e1&livekey=01WgOR41rriMmMkzNsd0UoaxJRwetZdxIvtVk
欢笑剧场4K,https://live.264788.xyz/channel/huanxiaojuchang4k?streamid=cbedb39bb41035264ac140fba7a43073&livekey=01WgOR41rriMmMkzNsd0UoaxJRwetZdxIvtVk
纯享4K,https://live.264788.xyz/channel/chunxiang4k?streamid=c162e99191441b46592808f7f1afe8b0&livekey=01WgOR41rriMmMkzNsd0UoaxJRwetZdxIvtVk
纯享4K,https://live.264788.xyz/channel/chunxiang4k?streamid=a12e69928ae928860407d7ec7bfe4ac8&livekey=01WgOR41rriMmMkzNsd0UoaxJRwetZdxIvtVk
央广购物,https://live.264788.xyz/channel/yangguanggouwu?streamid=67d73f545a6f04fec1d7db6065e13b28&livekey=01WgOR41rriMmMkzNsd0UoaxJRwetZdxIvtVk
央广购物,https://live.264788.xyz/channel/yangguanggouwu?streamid=aa4b073c8ac1af1c0eccf0eba8c10b48&livekey=01WgOR41rriMmMkzNsd0UoaxJRwetZdxIvtVk
央广购物,https://live.264788.xyz/channel/yangguanggouwu?streamid=e35e8c1f093c2a132d0463e9eebf1fd4&livekey=01WgOR41rriMmMkzNsd0UoaxJRwetZdxIvtVk
央广购物,https://live.264788.xyz/channel/yangguanggouwu?streamid=48691acaca580ae2f75be80db77a49f2&livekey=01WgOR41rriMmMkzNsd0UoaxJRwetZdxIvtVk
环球奇观,https://live.264788.xyz/channel/huanqiuqiguan?streamid=2a5adf81cc449399033ff6726e061c48&livekey=01WgOR41rriMmMkzNsd0UoaxJRwetZdxIvtVk
环球奇观,https://live.264788.xyz/channel/huanqiuqiguan?streamid=690b1f3980a87d552c34efa7497e9718&livekey=01WgOR41rriMmMkzNsd0UoaxJRwetZdxIvtVk
高尔夫·网球,https://live.264788.xyz/channel/gaoerfuwangqiu?streamid=c07b1362684a220cb0bc619ae869b75f&livekey=01WgOR41rriMmMkzNsd0UoaxJRwetZdxIvtVk
高尔夫·网球,https://live.264788.xyz/channel/gaoerfuwangqiu?streamid=451d321c7d5df14c154d41bfc36818ba&livekey=01WgOR41rriMmMkzNsd0UoaxJRwetZdxIvtVk
早期教育,https://live.264788.xyz/channel/cetvcece?streamid=6c11a112236acfa38832be78da543294&livekey=01WgOR41rriMmMkzNsd0UoaxJRwetZdxIvtVk
早期教育,https://live.264788.xyz/channel/cetvcece?streamid=2c224135515a11c735f7351c17434a62&livekey=01WgOR41rriMmMkzNsd0UoaxJRwetZdxIvtVk
中国天气,https://live.264788.xyz/channel/zhongguotianqi?streamid=4a1e900ecad5a3bbb14a1f5986ac5e2e&livekey=01WgOR41rriMmMkzNsd0UoaxJRwetZdxIvtVk
中国天气,https://live.264788.xyz/channel/zhongguotianqi?streamid=2b80b236ece26b0e3f158d681b2d146a&livekey=01WgOR41rriMmMkzNsd0UoaxJRwetZdxIvtVk
中国天气,https://live.264788.xyz/channel/zhongguotianqi?streamid=3c26e5448ae7d17e8ca0e64999d90b3d&livekey=01WgOR41rriMmMkzNsd0UoaxJRwetZdxIvtVk
中国天气,https://live.264788.xyz/channel/zhongguotianqi?streamid=62ca0c10dd4f73e95aace02515600178&livekey=01WgOR41rriMmMkzNsd0UoaxJRwetZdxIvtVk
优优宝贝,https://live.264788.xyz/channel/youyoubaobei?streamid=edaff35b43f38fdaa202556c09bf75cc&livekey=01WgOR41rriMmMkzNsd0UoaxJRwetZdxIvtVk
优优宝贝,https://live.264788.xyz/channel/youyoubaobei?streamid=d5609bf82cbe2686897ae744037848fa&livekey=01WgOR41rriMmMkzNsd0UoaxJRwetZdxIvtVk
中华特产,https://live.264788.xyz/channel/zhonghuatechan?streamid=178ebb028731ddfaac7e4443ad000566&livekey=01WgOR41rriMmMkzNsd0UoaxJRwetZdxIvtVk
中华特产,https://live.264788.xyz/channel/zhonghuatechan?streamid=b469f191f722702a0120a523eca2eb11&livekey=01WgOR41rriMmMkzNsd0UoaxJRwetZdxIvtVk
生态环境,https://live.264788.xyz/channel/eetv?streamid=8c8e7e151ca1e1f8a210378787ad8420&livekey=01WgOR41rriMmMkzNsd0UoaxJRwetZdxIvtVk
生态环境,https://live.264788.xyz/channel/eetv?streamid=f91fa52a458d1c964d645e445f9d7ca5&livekey=01WgOR41rriMmMkzNsd0UoaxJRwetZdxIvtVk
家庭理财,https://live.264788.xyz/channel/jiatinglicai?streamid=f808a1a79d27c5329fd98f4bdc93c6d0&livekey=01WgOR41rriMmMkzNsd0UoaxJRwetZdxIvtVk
家庭理财,https://live.264788.xyz/channel/jiatinglicai?streamid=d75327b38d0feaa9d36963bae802195d&livekey=01WgOR41rriMmMkzNsd0UoaxJRwetZdxIvtVk
游戏风云,https://live.264788.xyz/channel/youxifengyun?streamid=07e90ddeb9e01a72addf4dd310ebe1cf&livekey=01WgOR41rriMmMkzNsd0UoaxJRwetZdxIvtVk
游戏风云,https://live.264788.xyz/channel/youxifengyun?streamid=6e817b754189d2c8f7b32e7bff61ac7b&livekey=01WgOR41rriMmMkzNsd0UoaxJRwetZdxIvtVk
游戏风云,https://live.264788.xyz/channel/youxifengyun?streamid=49dcecc843de685ba1f6337febacc78e&livekey=01WgOR41rriMmMkzNsd0UoaxJRwetZdxIvtVk
游戏风云,https://live.264788.xyz/channel/youxifengyun?streamid=9d151740f57f6bd412bb6f101204b7bd&livekey=01WgOR41rriMmMkzNsd0UoaxJRwetZdxIvtVk
乐游,https://live.264788.xyz/channel/leyou?streamid=c42280fbd7acfcf92be4a818db2c4677&livekey=01WgOR41rriMmMkzNsd0UoaxJRwetZdxIvtVk
乐游,https://live.264788.xyz/channel/leyou?streamid=f76a46c986423a63fe578de127ff4e1e&livekey=01WgOR41rriMmMkzNsd0UoaxJRwetZdxIvtVk
乐游,https://live.264788.xyz/channel/leyou?streamid=a78c3be5e442f08c68188705bea4f11f&livekey=01WgOR41rriMmMkzNsd0UoaxJRwetZdxIvtVk
乐游,https://live.264788.xyz/channel/leyou?streamid=ae6266003901f07c1ab6d3a717078d4e&livekey=01WgOR41rriMmMkzNsd0UoaxJRwetZdxIvtVk
欢笑剧场4K,https://live.264788.xyz/channel/huanxiaojuchang4k?streamid=c74f322efa6c238fc535a83f14f86677&livekey=01WgOR41rriMmMkzNsd0UoaxJRwetZdxIvtVk
欢笑剧场4K,https://live.264788.xyz/channel/huanxiaojuchang4k?streamid=9ca725ba158e786e5bc6f2bbdcc209bf&livekey=01WgOR41rriMmMkzNsd0UoaxJRwetZdxIvtVk
欢笑剧场4K,https://live.264788.xyz/channel/huanxiaojuchang4k?streamid=3f4d4c40dbf41fd4a37dfa73878e39e1&livekey=01WgOR41rriMmMkzNsd0UoaxJRwetZdxIvtVk
欢笑剧场4K,https://live.264788.xyz/channel/huanxiaojuchang4k?streamid=cbedb39bb41035264ac140fba7a43073&livekey=01WgOR41rriMmMkzNsd0UoaxJRwetZdxIvtVk
金色学堂,https://live.264788.xyz/channel/jinsexuetang?streamid=8e1564b76e5c4ab65d4c22b0c526b632&livekey=01WgOR41rriMmMkzNsd0UoaxJRwetZdxIvtVk
金色学堂,https://live.264788.xyz/channel/jinsexuetang?streamid=8fe38ffb53d3c3577b984f950e723bb1&livekey=01WgOR41rriMmMkzNsd0UoaxJRwetZdxIvtVk
金色学堂,https://live.264788.xyz/channel/jinsexuetang?streamid=9eafd5f816b2df2d9ec2b69bcfb152f5&livekey=01WgOR41rriMmMkzNsd0UoaxJRwetZdxIvtVk
金色学堂,https://live.264788.xyz/channel/jinsexuetang?streamid=cb091d25c0de55e14e3e620f52da7c6d&livekey=01WgOR41rriMmMkzNsd0UoaxJRwetZdxIvtVk
财富天下,https://live.264788.xyz/channel/caifutianxia?streamid=dd75ff3ba48b4c24b89591eddf099cc0&livekey=01WgOR41rriMmMkzNsd0UoaxJRwetZdxIvtVk
财富天下,https://live.264788.xyz/channel/caifutianxia?streamid=b451c7c6fde3d1b517f4d1e42e3c6f31&livekey=01WgOR41rriMmMkzNsd0UoaxJRwetZdxIvtVk
茶,https://live.264788.xyz/channel/cha?streamid=d31aac22d95c47177f3740d90b85384e&livekey=01WgOR41rriMmMkzNsd0UoaxJRwetZdxIvtVk
茶,https://live.264788.xyz/channel/cha?streamid=66f1829851f8c2069b262b1ce7836d7e&livekey=01WgOR41rriMmMkzNsd0UoaxJRwetZdxIvtVk
茶,https://live.264788.xyz/channel/cha?streamid=4a3408aefc8602e03c003a7223ca040f&livekey=01WgOR41rriMmMkzNsd0UoaxJRwetZdxIvtVk
茶,https://live.264788.xyz/channel/cha?streamid=2ddcf6b87b47538fdc3d1a2d02e7984c&livekey=01WgOR41rriMmMkzNsd0UoaxJRwetZdxIvtVk
先锋乒羽,https://live.264788.xyz/channel/xianfengpingyu?streamid=572af951fd5aad7b29bf0f63ae075991&livekey=01WgOR41rriMmMkzNsd0UoaxJRwetZdxIvtVk
先锋乒羽,https://live.264788.xyz/channel/xianfengpingyu?streamid=9d89001802521e3145543837c4ebb717&livekey=01WgOR41rriMmMkzNsd0UoaxJRwetZdxIvtVk
快乐垂钓,https://live.264788.xyz/channel/kuailechuidiao?streamid=ee769acd8c2e8a0e474b1f3e8a1c0ca8&livekey=01WgOR41rriMmMkzNsd0UoaxJRwetZdxIvtVk
快乐垂钓,https://live.264788.xyz/channel/kuailechuidiao?streamid=370135d58ac0095cb49b59ee7d989d49&livekey=01WgOR41rriMmMkzNsd0UoaxJRwetZdxIvtVk
快乐垂钓,https://live.264788.xyz/channel/kuailechuidiao?streamid=6a60d1c6862ba21566324b885fedcccb&livekey=01WgOR41rriMmMkzNsd0UoaxJRwetZdxIvtVk
快乐垂钓,https://live.264788.xyz/channel/kuailechuidiao?streamid=192ce4cea9c8f9b21e7e6bfbeb7bb558&livekey=01WgOR41rriMmMkzNsd0UoaxJRwetZdxIvtVk
睛彩竞技,https://live.264788.xyz/channel/jingcaijingji?streamid=cffe5950999e75e007bd4a9f450fcf3b&livekey=01WgOR41rriMmMkzNsd0UoaxJRwetZdxIvtVk
睛彩竞技,https://live.264788.xyz/channel/jingcaijingji?streamid=eafaa1aba48501f9179c81f2d8130032&livekey=01WgOR41rriMmMkzNsd0UoaxJRwetZdxIvtVk
睛彩青少,https://live.264788.xyz/channel/jingcaiqingshao?streamid=2e49903689138cc29c7455db6e045042&livekey=01WgOR41rriMmMkzNsd0UoaxJRwetZdxIvtVk
睛彩青少,https://live.264788.xyz/channel/jingcaiqingshao?streamid=c918652d5f0da1ae1dc5f9c16e9ed027&livekey=01WgOR41rriMmMkzNsd0UoaxJRwetZdxIvtVk
睛彩篮球,https://live.264788.xyz/channel/jingcailanqiu?streamid=38ee65d3b9fee2eb971b05b0a134978a&livekey=01WgOR41rriMmMkzNsd0UoaxJRwetZdxIvtVk
睛彩篮球,https://live.264788.xyz/channel/jingcailanqiu?streamid=40e579f6c4fc2784fadd3338b2de8b93&livekey=01WgOR41rriMmMkzNsd0UoaxJRwetZdxIvtVk
爱情喜剧,https://live.264788.xyz/channel/newtvaiqingxiju?streamid=cc6c6d48be7d2bd5b0be57ea1aacb942&livekey=01WgOR41rriMmMkzNsd0UoaxJRwetZdxIvtVk
爱情喜剧,https://live.264788.xyz/channel/newtvaiqingxiju?streamid=c18dcc43a2802676f0972d97aa54382f&livekey=01WgOR41rriMmMkzNsd0UoaxJRwetZdxIvtVk
潮妈辣婆,https://live.264788.xyz/channel/newtvchaomalapo?streamid=7acab07f042247a4bb92a5cb6064c925&livekey=01WgOR41rriMmMkzNsd0UoaxJRwetZdxIvtVk
潮妈辣婆,https://live.264788.xyz/channel/newtvchaomalapo?streamid=5094631cd54e12ad81bfe8b910e60de2&livekey=01WgOR41rriMmMkzNsd0UoaxJRwetZdxIvtVk
动作电影,https://live.264788.xyz/channel/newtvdongzuodianying?streamid=dc4df8b22f3ce9e79832bdd91cd7ea76&livekey=01WgOR41rriMmMkzNsd0UoaxJRwetZdxIvtVk
动作电影,https://live.264788.xyz/channel/newtvdongzuodianying?streamid=05ad887268adec6763cb8eafd1c0b6ec&livekey=01WgOR41rriMmMkzNsd0UoaxJRwetZdxIvtVk
古装剧场,https://live.264788.xyz/channel/newtvguzhuangjuchang?streamid=76dbf3773411d57d7236af83e63839d8&livekey=01WgOR41rriMmMkzNsd0UoaxJRwetZdxIvtVk
古装剧场,https://live.264788.xyz/channel/newtvguzhuangjuchang?streamid=3dffafcb0b9381eebfa771aa183eb4fc&livekey=01WgOR41rriMmMkzNsd0UoaxJRwetZdxIvtVk
家庭剧场,https://live.264788.xyz/channel/newtvjiatingjuchang?streamid=f6762adfbdae66825782e47139e220c8&livekey=01WgOR41rriMmMkzNsd0UoaxJRwetZdxIvtVk
家庭剧场,https://live.264788.xyz/channel/newtvjiatingjuchang?streamid=d77adead2e6dfd2780d2217da5f0fc5b&livekey=01WgOR41rriMmMkzNsd0UoaxJRwetZdxIvtVk
金牌综艺,https://live.264788.xyz/channel/newtvjinpaizongyi?streamid=89d02e4874ce2908ec94af857b71cdf4&livekey=01WgOR41rriMmMkzNsd0UoaxJRwetZdxIvtVk
金牌综艺,https://live.264788.xyz/channel/newtvjinpaizongyi?streamid=5304acf01d4e44a0b4a5ad985a8a42d9&livekey=01WgOR41rriMmMkzNsd0UoaxJRwetZdxIvtVk
精彩轮播,https://live.264788.xyz/channel/newtvjingcailunbo?streamid=252a60acdef75c6a8da14dcce3c02fa4&livekey=01WgOR41rriMmMkzNsd0UoaxJRwetZdxIvtVk
精彩轮播,https://live.264788.xyz/channel/newtvjingcailunbo?streamid=23dce572198ae9f43507405ef3775fa8&livekey=01WgOR41rriMmMkzNsd0UoaxJRwetZdxIvtVk
精品大剧,https://live.264788.xyz/channel/newtvjingpindaju?streamid=6228da129fd2717d509c0e8a1bdd55b2&livekey=01WgOR41rriMmMkzNsd0UoaxJRwetZdxIvtVk
精品大剧,https://live.264788.xyz/channel/newtvjingpindaju?streamid=2be57502b2550ccb31be511efc6d2bf9&livekey=01WgOR41rriMmMkzNsd0UoaxJRwetZdxIvtVk
精品纪录,https://live.264788.xyz/channel/newtvjingpinjilu?streamid=adb6baa6affda84bb7f000dab58142c8&livekey=01WgOR41rriMmMkzNsd0UoaxJRwetZdxIvtVk
精品纪录,https://live.264788.xyz/channel/newtvjingpinjilu?streamid=18bf2cec23459fe727373f1a24862761&livekey=01WgOR41rriMmMkzNsd0UoaxJRwetZdxIvtVk
精品萌宠,https://live.264788.xyz/channel/newtvjingpinmengchong?streamid=7d4e9e384de5bda750e25e5d6bb40777&livekey=01WgOR41rriMmMkzNsd0UoaxJRwetZdxIvtVk
精品萌宠,https://live.264788.xyz/channel/newtvjingpinmengchong?streamid=a268aaeeceaeb51360c032eb16e82ec8&livekey=01WgOR41rriMmMkzNsd0UoaxJRwetZdxIvtVk
精品体育,https://live.264788.xyz/channel/newtvjingpintiyu?streamid=c6d38d114b6ac7088f9600529f26f47a&livekey=01WgOR41rriMmMkzNsd0UoaxJRwetZdxIvtVk
精品体育,https://live.264788.xyz/channel/newtvjingpintiyu?streamid=53f79016c385f5c91cedaba25c3b0559&livekey=01WgOR41rriMmMkzNsd0UoaxJRwetZdxIvtVk
军旅剧场,https://live.264788.xyz/channel/newtvjunlvjuchang?streamid=8cb70ede8ef4de9494a179510bac142f&livekey=01WgOR41rriMmMkzNsd0UoaxJRwetZdxIvtVk
军旅剧场,https://live.264788.xyz/channel/newtvjunlvjuchang?streamid=c7ab677d5b32950014da19424a5bc4d7&livekey=01WgOR41rriMmMkzNsd0UoaxJRwetZdxIvtVk
军事评论,https://live.264788.xyz/channel/newtvjunshipinglun?streamid=1565e8796d369163825e529dc1e57897&livekey=01WgOR41rriMmMkzNsd0UoaxJRwetZdxIvtVk
军事评论,https://live.264788.xyz/channel/newtvjunshipinglun?streamid=f8657b448a27a3baa87797bca0c33e41&livekey=01WgOR41rriMmMkzNsd0UoaxJRwetZdxIvtVk
热播精选,https://live.264788.xyz/channel/newtvrebojingxuan?streamid=35ba212a4650c064d44554046de45d0c&livekey=01WgOR41rriMmMkzNsd0UoaxJRwetZdxIvtVk
热播精选,https://live.264788.xyz/channel/newtvrebojingxuan?streamid=c0a0801eee0e5ba96ac5d47b4d70f87f&livekey=01WgOR41rriMmMkzNsd0UoaxJRwetZdxIvtVk
炫舞未来,https://live.264788.xyz/channel/newtvxuanwuweilai?streamid=eb8ff971ab3cb4fd6b4352548dd05b44&livekey=01WgOR41rriMmMkzNsd0UoaxJRwetZdxIvtVk
炫舞未来,https://live.264788.xyz/channel/newtvxuanwuweilai?streamid=5a841c808d813604ff9195cad9e21670&livekey=01WgOR41rriMmMkzNsd0UoaxJRwetZdxIvtVk
怡伴健康,https://live.264788.xyz/channel/newtvyibanjiankang?streamid=5990850b9b220b7d8e4cf76721656456&livekey=01WgOR41rriMmMkzNsd0UoaxJRwetZdxIvtVk
怡伴健康,https://live.264788.xyz/channel/newtvyibanjiankang?streamid=1653b6c493db9c9059c09fcb8b3d4e17&livekey=01WgOR41rriMmMkzNsd0UoaxJRwetZdxIvtVk
中国功夫,https://live.264788.xyz/channel/newtvzhongguogongfu?streamid=040c1d7c6c3557336630fbe3a95dee34&livekey=01WgOR41rriMmMkzNsd0UoaxJRwetZdxIvtVk
中国功夫,https://live.264788.xyz/channel/newtvzhongguogongfu?streamid=2f7503d229753d3cf9c57e3a9d1882c0&livekey=01WgOR41rriMmMkzNsd0UoaxJRwetZdxIvtVk
哒啵电竞,https://live.264788.xyz/channel/newtvdabodianjing?streamid=f51847433df939602cde460cba4bd2b2&livekey=01WgOR41rriMmMkzNsd0UoaxJRwetZdxIvtVk
哒啵电竞,https://live.264788.xyz/channel/newtvdabodianjing?streamid=ffc7f934e1511c09e7dc9de621e9195d&livekey=01WgOR41rriMmMkzNsd0UoaxJRwetZdxIvtVk
哒啵赛事,https://live.264788.xyz/channel/newtvdabosaishi?streamid=78ca77e854da29a7d1a1aa2ebb45f3a9&livekey=01WgOR41rriMmMkzNsd0UoaxJRwetZdxIvtVk
哒啵赛事,https://live.264788.xyz/channel/newtvdabosaishi?streamid=efc3c188e305a136c6e67b544f0f1ca9&livekey=01WgOR41rriMmMkzNsd0UoaxJRwetZdxIvtVk
纯享4K,https://live.264788.xyz/channel/chunxiang4k?streamid=c162e99191441b46592808f7f1afe8b0&livekey=01WgOR41rriMmMkzNsd0UoaxJRwetZdxIvtVk
纯享4K,https://live.264788.xyz/channel/chunxiang4k?streamid=a12e69928ae928860407d7ec7bfe4ac8&livekey=01WgOR41rriMmMkzNsd0UoaxJRwetZdxIvtVk
天下足球,https://live.264788.xyz/channel/tianxiazuqiu?streamid=254a20dda2dfdefe48efcd6302f7157f&livekey=01WgOR41rriMmMkzNsd0UoaxJRwetZdxIvtVk
天下足球,https://live.264788.xyz/channel/tianxiazuqiu?streamid=17d33b43b067622afac79b2f4f9ecd29&livekey=01WgOR41rriMmMkzNsd0UoaxJRwetZdxIvtVk
好享购物,https://live.264788.xyz/channel/haoxianggouwu?streamid=0a88d51ada37971a1a1bc50ff08e69f9&livekey=01WgOR41rriMmMkzNsd0UoaxJRwetZdxIvtVk
好享购物,https://live.264788.xyz/channel/haoxianggouwu?streamid=9a3d98e729381542c62b5434bf09f4d6&livekey=01WgOR41rriMmMkzNsd0UoaxJRwetZdxIvtVk
东方购物,https://live.264788.xyz/channel/dongfanggouwu?streamid=eeaff1cd39e54df91b0c78a39177c49a&livekey=01WgOR41rriMmMkzNsd0UoaxJRwetZdxIvtVk
东方购物,https://live.264788.xyz/channel/dongfanggouwu?streamid=dcba68715ee4b61f9d03d23fe8cda368&livekey=01WgOR41rriMmMkzNsd0UoaxJRwetZdxIvtVk
东方购物,https://live.264788.xyz/channel/dongfanggouwu?streamid=6e1c8fcfd09faa555bf1a3f560c46d09&livekey=01WgOR41rriMmMkzNsd0UoaxJRwetZdxIvtVk
东方购物,https://live.264788.xyz/channel/dongfanggouwu?streamid=ae298b071395e7c4b8f5105ba9b22ef6&livekey=01WgOR41rriMmMkzNsd0UoaxJRwetZdxIvtVk
福建生活,https://live.264788.xyz/channel/fujianjingji?streamid=ad4071bd733962e10d9f4a76600a28c0&livekey=01WgOR41rriMmMkzNsd0UoaxJRwetZdxIvtVk
福建生活,https://live.264788.xyz/channel/fujianjingji?streamid=3d2ec9af12e769a54d735fc805192594&livekey=01WgOR41rriMmMkzNsd0UoaxJRwetZdxIvtVk
福建教育,https://live.264788.xyz/channel/fujianjiaoyu?streamid=250b5a0e97980f68e40f3f91ab10ac74&livekey=01WgOR41rriMmMkzNsd0UoaxJRwetZdxIvtVk
福建教育,https://live.264788.xyz/channel/fujianjiaoyu?streamid=506de4ec9af969dd23f9c901b53d9582&livekey=01WgOR41rriMmMkzNsd0UoaxJRwetZdxIvtVk
浙江卫视4K,http://60.177.201.148:9999/4K%E8%B6%85%E9%AB%98%E6%B8%85/%E6%B5%99%E6%B1%9F%E5%8D%AB%E8%A7%864K
东方卫视4K,http://60.177.201.148:9999/4K%E8%B6%85%E9%AB%98%E6%B8%85/%E4%B8%9C%E6%96%B9%E5%8D%AB%E8%A7%864K
广东卫视4K,http://60.177.201.148:9999/4K%E8%B6%85%E9%AB%98%E6%B8%85/%E5%B9%BF%E4%B8%9C%E5%8D%AB%E8%A7%864K
江苏卫视4K,http://60.177.201.148:9999/4K%E8%B6%85%E9%AB%98%E6%B8%85/%E6%B1%9F%E8%8B%8F%E5%8D%AB%E8%A7%864K
山东卫视4K,http://60.177.201.148:9999/4K%E8%B6%85%E9%AB%98%E6%B8%85/%E5%B1%B1%E4%B8%9C%E5%8D%AB%E8%A7%864K
欢笑剧场4K,http://60.177.201.148:9999/4K%E8%B6%85%E9%AB%98%E6%B8%85/%E6%AC%A2%E7%AC%91%E5%89%A7%E5%9C%BA4K
BesTV-1,http://60.177.201.148:9999/4K%E8%B6%85%E9%AB%98%E6%B8%85/BesTV-1
BesTV-2,http://60.177.201.148:9999/4K%E8%B6%85%E9%AB%98%E6%B8%85/BesTV-2
BesTV-3,http://60.177.201.148:9999/4K%E8%B6%85%E9%AB%98%E6%B8%85/BesTV-3
纪实科教,http://60.177.201.148:9999/%E5%8D%AB%E8%A7%86/%E7%BA%AA%E5%AE%9E%E7%A7%91%E6%95%99
CGTN,http://60.177.201.148:9999/%E5%9B%BD%E9%99%85/CGTN
CGTN西班牙语,http://60.177.201.148:9999/%E5%9B%BD%E9%99%85/CGTN%E8%A5%BF%E7%8F%AD%E7%89%99%E8%AF%AD
CGTN法语,http://60.177.201.148:9999/%E5%9B%BD%E9%99%85/CGTN%E6%B3%95%E8%AF%AD
CGTN阿拉伯语,http://60.177.201.148:9999/%E5%9B%BD%E9%99%85/CGTN%E9%98%BF%E6%8B%89%E4%BC%AF%E8%AF%AD
CGTN俄罗斯语,http://60.177.201.148:9999/%E5%9B%BD%E9%99%85/CGTN%E4%BF%84%E7%BD%97%E6%96%AF%E8%AF%AD
钱江频道,http://60.177.201.148:9999/%E5%9C%B0%E6%96%B9/%E9%92%B1%E6%B1%9F%E9%A2%91%E9%81%93
杭州1综合,http://60.177.201.148:9999/%E5%9C%B0%E6%96%B9/%E6%9D%AD%E5%B7%9E1%E7%BB%BC%E5%90%88
杭州2明珠,http://60.177.201.148:9999/%E5%9C%B0%E6%96%B9/%E6%9D%AD%E5%B7%9E2%E6%98%8E%E7%8F%A0
杭州3生活,http://60.177.201.148:9999/%E5%9C%B0%E6%96%B9/%E6%9D%AD%E5%B7%9E3%E7%94%9F%E6%B4%BB
杭州4影视,http://60.177.201.148:9999/%E5%9C%B0%E6%96%B9/%E6%9D%AD%E5%B7%9E4%E5%BD%B1%E8%A7%86
杭州5青少,http://60.177.201.148:9999/%E5%9C%B0%E6%96%B9/%E6%9D%AD%E5%B7%9E5%E9%9D%92%E5%B0%91
临平新闻,http://60.177.201.148:9999/%E5%9C%B0%E6%96%B9/%E4%B8%B4%E5%B9%B3%E6%96%B0%E9%97%BB
余杭新闻,http://60.177.201.148:9999/%E5%9C%B0%E6%96%B9/%E4%BD%99%E6%9D%AD%E6%96%B0%E9%97%BB
宁波1新闻,http://60.177.201.148:9999/%E5%9C%B0%E6%96%B9/%E5%AE%81%E6%B3%A21%E6%96%B0%E9%97%BB
宁波2经济,http://60.177.201.148:9999/%E5%9C%B0%E6%96%B9/%E5%AE%81%E6%B3%A22%E7%BB%8F%E6%B5%8E
宁波3文体,http://60.177.201.148:9999/%E5%9C%B0%E6%96%B9/%E5%AE%81%E6%B3%A23%E6%96%87%E4%BD%93
宁波4影视,http://60.177.201.148:9999/%E5%9C%B0%E6%96%B9/%E5%AE%81%E6%B3%A24%E5%BD%B1%E8%A7%86
丽水新闻综合,http://60.177.201.148:9999/%E5%9C%B0%E6%96%B9/%E4%B8%BD%E6%B0%B4%E6%96%B0%E9%97%BB%E7%BB%BC%E5%90%88
法制天地,http://60.177.201.148:9999/%E4%BB%98%E8%B4%B9/%E6%B3%95%E5%88%B6%E5%A4%A9%E5%9C%B0
游戏风云,http://60.177.201.148:9999/%E4%BB%98%E8%B4%B9/%E6%B8%B8%E6%88%8F%E9%A3%8E%E4%BA%91
乐游,http://60.177.201.148:9999/%E4%BB%98%E8%B4%B9/%E4%B9%90%E6%B8%B8
金色学堂,http://60.177.201.148:9999/%E4%BB%98%E8%B4%B9/%E9%87%91%E8%89%B2%E5%AD%A6%E5%A0%82
茶频道,http://60.177.201.148:9999/%E4%BB%98%E8%B4%B9/%E8%8C%B6%E9%A2%91%E9%81%93
快乐垂钓,http://60.177.201.148:9999/%E4%BB%98%E8%B4%B9/%E5%BF%AB%E4%B9%90%E5%9E%82%E9%92%93
睛彩竞技,http://60.177.201.148:9999/%E4%BB%98%E8%B4%B9/%E7%9D%9B%E5%BD%A9%E7%AB%9E%E6%8A%80
睛彩篮球,http://60.177.201.148:9999/%E4%BB%98%E8%B4%B9/%E7%9D%9B%E5%BD%A9%E7%AF%AE%E7%90%83
睛彩青少,http://60.177.201.148:9999/%E4%BB%98%E8%B4%B9/%E7%9D%9B%E5%BD%A9%E9%9D%92%E5%B0%91
睛彩广场舞,http://60.177.201.148:9999/%E4%BB%98%E8%B4%B9/%E7%9D%9B%E5%BD%A9%E5%B9%BF%E5%9C%BA%E8%88%9E
环球旅游,http://60.177.201.148:9999/%E5%85%B6%E4%BB%96/%E7%8E%AF%E7%90%83%E6%97%85%E6%B8%B8
浙江之声广播,http://60.177.201.148:9999/%E5%B9%BF%E6%92%AD/%E6%B5%99%E6%B1%9F%E4%B9%8B%E5%A3%B0%E5%B9%BF%E6%92%AD
浙江新闻广播,http://60.177.201.148:9999/%E5%B9%BF%E6%92%AD/%E6%B5%99%E6%B1%9F%E6%96%B0%E9%97%BB%E5%B9%BF%E6%92%AD
浙江经济广播,http://60.177.201.148:9999/%E5%B9%BF%E6%92%AD/%E6%B5%99%E6%B1%9F%E7%BB%8F%E6%B5%8E%E5%B9%BF%E6%92%AD
浙江音乐调频,http://60.177.201.148:9999/%E5%B9%BF%E6%92%AD/%E6%B5%99%E6%B1%9F%E9%9F%B3%E4%B9%90%E8%B0%83%E9%A2%91
浙江交通之声,http://60.177.201.148:9999/%E5%B9%BF%E6%92%AD/%E6%B5%99%E6%B1%9F%E4%BA%A4%E9%80%9A%E4%B9%8B%E5%A3%B0
浙江旅游之声,http://60.177.201.148:9999/%E5%B9%BF%E6%92%AD/%E6%B5%99%E6%B1%9F%E6%97%85%E6%B8%B8%E4%B9%8B%E5%A3%B0
浙江城市之声,http://60.177.201.148:9999/%E5%B9%BF%E6%92%AD/%E6%B5%99%E6%B1%9F%E5%9F%8E%E5%B8%82%E4%B9%8B%E5%A3%B0
浙江民生资讯广播,http://60.177.201.148:9999/%E5%B9%BF%E6%92%AD/%E6%B5%99%E6%B1%9F%E6%B0%91%E7%94%9F%E8%B5%84%E8%AE%AF%E5%B9%BF%E6%92%AD
生态环境,http://60.177.201.148:9999/%E5%85%B6%E4%BB%96/%E7%94%9F%E6%80%81%E7%8E%AF%E5%A2%83
好易购1高清,http://60.177.201.148:9999/%E5%85%B6%E4%BB%96/%E5%A5%BD%E6%98%93%E8%B4%AD1%E9%AB%98%E6%B8%85
央广购物,http://60.177.201.148:9999/%E5%85%B6%E4%BB%96/%E5%A4%AE%E5%B9%BF%E8%B4%AD%E7%89%A9
聚鲨环球精选,http://60.177.201.148:9999/%E5%85%B6%E4%BB%96/%E8%81%9A%E9%B2%A8%E7%8E%AF%E7%90%83%E7%B2%BE%E9%80%89
直播室4,http://60.177.201.148:9999/%E5%85%B6%E4%BB%96/%E7%9B%B4%E6%92%AD%E5%AE%A44
直播室5,http://60.177.201.148:9999/%E5%85%B6%E4%BB%96/%E7%9B%B4%E6%92%AD%E5%AE%A45
直播室6,http://60.177.201.148:9999/%E5%85%B6%E4%BB%96/%E7%9B%B4%E6%92%AD%E5%AE%A46
爱看熊猫,http://60.177.201.148:9999/%E5%85%B6%E4%BB%96/%E7%88%B1%E7%9C%8B%E7%86%8A%E7%8C%AB
熊猫宝宝幼儿园,http://60.177.201.148:9999/%E5%85%B6%E4%BB%96/%E7%86%8A%E7%8C%AB%E5%AE%9D%E5%AE%9D%E5%B9%BC%E5%84%BF%E5%9B%AD
大熊猫的一天,http://60.177.201.148:9999/%E5%85%B6%E4%BB%96/%E5%A4%A7%E7%86%8A%E7%8C%AB%E7%9A%84%E4%B8%80%E5%A4%A9
信号测试3,http://60.177.201.148:9999/%E5%85%B6%E4%BB%96/%E4%BF%A1%E5%8F%B7%E6%B5%8B%E8%AF%953
4K测试1,http://60.177.201.148:9999/%E5%85%B6%E4%BB%96/4K%E6%B5%8B%E8%AF%951
信号测试2,http://60.177.201.148:9999/%E5%85%B6%E4%BB%96/%E4%BF%A1%E5%8F%B7%E6%B5%8B%E8%AF%952
珠峰直播2,http://60.177.201.148:9999/%E5%85%B6%E4%BB%96/%E7%8F%A0%E5%B3%B0%E7%9B%B4%E6%92%AD2
导视频道,http://60.177.201.148:9999/%E5%85%B6%E4%BB%96/%E5%AF%BC%E8%A7%86%E9%A2%91%E9%81%93
高清导视,http://60.177.201.148:9999/%E5%85%B6%E4%BB%96/%E9%AB%98%E6%B8%85%E5%AF%BC%E8%A7%86
CCTV音乐HD,http://qwrt.ansun.de5.net:7088/%E5%A4%AE%E8%A7%86/CCTV%E9%9F%B3%E4%B9%90HD
CGTN俄语HD,http://qwrt.ansun.de5.net:7088/%E5%A4%AE%E8%A7%86/CGTN%E4%BF%84%E8%AF%ADHD
CCTV新闻,http://qwrt.ansun.de5.net:7088/%E5%A4%AE%E8%A7%86/CCTV%E6%96%B0%E9%97%BB
CGTN,http://qwrt.ansun.de5.net:7088/%E5%A4%AE%E8%A7%86/CGTN
江苏卫视HD,http://qwrt.ansun.de5.net:7088/%E5%8D%AB%E8%A7%86/%E6%B1%9F%E8%8B%8F%E5%8D%AB%E8%A7%86HD
东南卫视HD,http://qwrt.ansun.de5.net:7088/%E5%8D%AB%E8%A7%86/%E4%B8%9C%E5%8D%97%E5%8D%AB%E8%A7%86HD
甘肃卫视HD,http://qwrt.ansun.de5.net:7088/%E5%8D%AB%E8%A7%86/%E7%94%98%E8%82%83%E5%8D%AB%E8%A7%86HD
广东卫视HD,http://qwrt.ansun.de5.net:7088/%E5%8D%AB%E8%A7%86/%E5%B9%BF%E4%B8%9C%E5%8D%AB%E8%A7%86HD
广东卫视4K,http://qwrt.ansun.de5.net:7088/%E5%8D%AB%E8%A7%86/%E5%B9%BF%E4%B8%9C%E5%8D%AB%E8%A7%864K
广西卫视HD,http://qwrt.ansun.de5.net:7088/%E5%8D%AB%E8%A7%86/%E5%B9%BF%E8%A5%BF%E5%8D%AB%E8%A7%86HD
贵州卫视HD,http://qwrt.ansun.de5.net:7088/%E5%8D%AB%E8%A7%86/%E8%B4%B5%E5%B7%9E%E5%8D%AB%E8%A7%86HD
海南卫视HD,http://qwrt.ansun.de5.net:7088/%E5%8D%AB%E8%A7%86/%E6%B5%B7%E5%8D%97%E5%8D%AB%E8%A7%86HD
河北卫视HD,http://qwrt.ansun.de5.net:7088/%E5%8D%AB%E8%A7%86/%E6%B2%B3%E5%8C%97%E5%8D%AB%E8%A7%86HD
河南卫视HD,http://qwrt.ansun.de5.net:7088/%E5%8D%AB%E8%A7%86/%E6%B2%B3%E5%8D%97%E5%8D%AB%E8%A7%86HD
黑龙江卫视HD,http://qwrt.ansun.de5.net:7088/%E5%8D%AB%E8%A7%86/%E9%BB%91%E9%BE%99%E6%B1%9F%E5%8D%AB%E8%A7%86HD
湖北卫视HD,http://qwrt.ansun.de5.net:7088/%E5%8D%AB%E8%A7%86/%E6%B9%96%E5%8C%97%E5%8D%AB%E8%A7%86HD
吉林卫视HD,http://qwrt.ansun.de5.net:7088/%E5%8D%AB%E8%A7%86/%E5%90%89%E6%9E%97%E5%8D%AB%E8%A7%86HD
江西卫视HD,http://qwrt.ansun.de5.net:7088/%E5%8D%AB%E8%A7%86/%E6%B1%9F%E8%A5%BF%E5%8D%AB%E8%A7%86HD
辽宁卫视HD,http://qwrt.ansun.de5.net:7088/%E5%8D%AB%E8%A7%86/%E8%BE%BD%E5%AE%81%E5%8D%AB%E8%A7%86HD
内蒙古卫视HD,http://qwrt.ansun.de5.net:7088/%E5%8D%AB%E8%A7%86/%E5%86%85%E8%92%99%E5%8F%A4%E5%8D%AB%E8%A7%86HD
山东卫视HD,http://qwrt.ansun.de5.net:7088/%E5%8D%AB%E8%A7%86/%E5%B1%B1%E4%B8%9C%E5%8D%AB%E8%A7%86HD
云南卫视HD,http://qwrt.ansun.de5.net:7088/%E5%8D%AB%E8%A7%86/%E4%BA%91%E5%8D%97%E5%8D%AB%E8%A7%86HD
江苏城市HD,http://qwrt.ansun.de5.net:7088/%E6%B1%9F%E8%8B%8F/%E6%B1%9F%E8%8B%8F%E5%9F%8E%E5%B8%82HD
江苏综艺HD,http://qwrt.ansun.de5.net:7088/%E6%B1%9F%E8%8B%8F/%E6%B1%9F%E8%8B%8F%E7%BB%BC%E8%89%BAHD
江苏休闲体育HD,http://qwrt.ansun.de5.net:7088/%E6%B1%9F%E8%8B%8F/%E6%B1%9F%E8%8B%8F%E4%BC%91%E9%97%B2%E4%BD%93%E8%82%B2HD
江苏影视HD,http://qwrt.ansun.de5.net:7088/%E6%B1%9F%E8%8B%8F/%E6%B1%9F%E8%8B%8F%E5%BD%B1%E8%A7%86HD
江苏新闻HD,http://qwrt.ansun.de5.net:7088/%E6%B1%9F%E8%8B%8F/%E6%B1%9F%E8%8B%8F%E6%96%B0%E9%97%BBHD
好享购物HD,http://qwrt.ansun.de5.net:7088/%E6%B1%9F%E8%8B%8F/%E5%A5%BD%E4%BA%AB%E8%B4%AD%E7%89%A9HD
江苏教育HD,http://qwrt.ansun.de5.net:7088/%E6%B1%9F%E8%8B%8F/%E6%B1%9F%E8%8B%8F%E6%95%99%E8%82%B2HD
环球购物HD,http://qwrt.ansun.de5.net:7088/%E6%B1%9F%E8%8B%8F/%E7%8E%AF%E7%90%83%E8%B4%AD%E7%89%A9HD
江苏国际,http://qwrt.ansun.de5.net:7088/%E6%B1%9F%E8%8B%8F/%E6%B1%9F%E8%8B%8F%E5%9B%BD%E9%99%85
南京科教,http://qwrt.ansun.de5.net:7088/%E5%8D%97%E4%BA%AC/%E5%8D%97%E4%BA%AC%E7%A7%91%E6%95%99
南京影视,http://qwrt.ansun.de5.net:7088/%E5%8D%97%E4%BA%AC/%E5%8D%97%E4%BA%AC%E5%BD%B1%E8%A7%86
南京十八生活,http://qwrt.ansun.de5.net:7088/%E5%8D%97%E4%BA%AC/%E5%8D%97%E4%BA%AC%E5%8D%81%E5%85%AB%E7%94%9F%E6%B4%BB
苏州-5,http://qwrt.ansun.de5.net:7088/%E5%9C%B0%E5%B8%82/%E8%8B%8F%E5%B7%9E-5
泰州-1,http://qwrt.ansun.de5.net:7088/%E5%9C%B0%E5%B8%82/%E6%B3%B0%E5%B7%9E-1
盐城-1,http://qwrt.ansun.de5.net:7088/%E5%9C%B0%E5%B8%82/%E7%9B%90%E5%9F%8E-1
宿豫综合,http://qwrt.ansun.de5.net:7088/%E5%9C%B0%E5%B8%82/%E5%AE%BF%E8%B1%AB%E7%BB%BC%E5%90%88
游戏风云,http://qwrt.ansun.de5.net:7088/%E4%B8%93%E4%B8%9A/%E6%B8%B8%E6%88%8F%E9%A3%8E%E4%BA%91
乐游,http://qwrt.ansun.de5.net:7088/%E4%B8%93%E4%B8%9A/%E4%B9%90%E6%B8%B8
欢笑剧场-4K,http://qwrt.ansun.de5.net:7088/%E4%B8%93%E4%B8%9A/%E6%AC%A2%E7%AC%91%E5%89%A7%E5%9C%BA-4K
书画频道,http://qwrt.ansun.de5.net:7088/%E4%B8%93%E4%B8%9A/%E4%B9%A6%E7%94%BB%E9%A2%91%E9%81%93
财富天下,http://qwrt.ansun.de5.net:7088/%E4%B8%93%E4%B8%9A/%E8%B4%A2%E5%AF%8C%E5%A4%A9%E4%B8%8B
茶频道,http://qwrt.ansun.de5.net:7088/%E4%B8%93%E4%B8%9A/%E8%8C%B6%E9%A2%91%E9%81%93
快乐垂钓,http://qwrt.ansun.de5.net:7088/%E4%B8%93%E4%B8%9A/%E5%BF%AB%E4%B9%90%E5%9E%82%E9%92%93
先锋乒羽,http://qwrt.ansun.de5.net:7088/%E4%B8%93%E4%B8%9A/%E5%85%88%E9%94%8B%E4%B9%92%E7%BE%BD
梨园频道,http://qwrt.ansun.de5.net:7088/%E4%B8%93%E4%B8%9A/%E6%A2%A8%E5%9B%AD%E9%A2%91%E9%81%93
武术世界,http://qwrt.ansun.de5.net:7088/%E4%B8%93%E4%B8%9A/%E6%AD%A6%E6%9C%AF%E4%B8%96%E7%95%8C
文物宝库,http://qwrt.ansun.de5.net:7088/%E4%B8%93%E4%B8%9A/%E6%96%87%E7%89%A9%E5%AE%9D%E5%BA%93
金色学堂,http://qwrt.ansun.de5.net:7088/%E4%B8%93%E4%B8%9A/%E9%87%91%E8%89%B2%E5%AD%A6%E5%A0%82
高尔夫·网球,http://qwrt.ansun.de5.net:7088/%E5%85%B6%E4%BB%96/%E9%AB%98%E5%B0%94%E5%A4%AB%C2%B7%E7%BD%91%E7%90%83
CCTV=15,http://123.234.2.58/sccucc-livod.tx-cdn.gitv.tv/gitv_live/G_CCTV-15-HQ/G_CCTV-15-HQ.m3u8
农林卫视,http://123.234.2.58/sccucc-livod.tx-cdn.gitv.tv/gitv_live/G_NONGLIN/G_NONGLIN.m3u8
国学频道,http://123.234.2.58/sccucc-livod.tx-cdn.gitv.tv/gitv_live/G_GUOXUE/G_GUOXUE.m3u8
好享购物,http://123.234.2.58/sccucc-livod.tx-cdn.gitv.tv/gitv_live/G_HAOXIANG/G_HAOXIANG.m3u8
聚鲨环球精选,http://123.234.2.58/sccucc-livod.tx-cdn.gitv.tv/gitv_live/GITV-GG-1/GITV-GG-1.m3u8
天元围棋,http://123.234.2.58/sccucc-livod.tx-cdn.gitv.tv/gitv_live/G_TIANYUANWQ/G_TIANYUANWQ.m3u8
盗源狗si全家 全家下地狱
名侦探柯南剧场版,https://www.goodiptv.club/huya/30080236
海贼王,https://www.goodiptv.club/huya/29982634
宫崎骏系列,https://www.goodiptv.club/huya/21059614
黑子的篮球,https://www.goodiptv.club/huya/30080253
瑞克与莫蒂,https://www.goodiptv.club/huya/29982655
星辰变,https://www.goodiptv.club/huya/24514506
成龙历险记,https://www.goodiptv.club/huya/11352946
飞天小女警,https://www.goodiptv.club/huya/11601958
樱桃小丸子,https://www.goodiptv.club/huya/11342394
龙珠,https://www.goodiptv.club/huya/11601966
全职高手,https://www.goodiptv.club/huya/21059628
哆啦A梦,https://www.goodiptv.club/huya/11601963
魔法少女,https://www.goodiptv.club/huya/21059587
全职猎人,https://www.goodiptv.club/huya/30080254
四驱兄弟,https://www.goodiptv.club/huya/11352922
一人之上,https://www.goodiptv.club/huya/11602065
头文字D,https://www.goodiptv.club/huya/11352889
网球王子,https://www.goodiptv.club/huya/11352882
成龙,https://www.goodiptv.club/huya/11342386
黄渤,https://www.goodiptv.club/huya/11352876
沈腾,https://www.goodiptv.club/huya/11601968
王晶,https://www.goodiptv.club/huya/11602058
周星驰,https://www.goodiptv.club/huya/11336587
李连杰,https://www.goodiptv.club/huya/11342390
刘德华,https://www.goodiptv.club/huya/11342424
李连杰,https://www.goodiptv.club/huya/11342390
周润发,https://www.goodiptv.club/huya/11342387
庆余年,https://www.goodiptv.club/huya/11352960
陈情令,https://www.goodiptv.club/huya/29465862
古天乐,https://www.goodiptv.club/huya/29982675
甄子丹,https://www.goodiptv.club/huya/11352935
封神榜,https://www.goodiptv.club/huya/23749096
鹿鼎记,https://www.goodiptv.club/huya/23865080
寻秦记,https://www.goodiptv.club/huya/23864973
洗冤录,https://www.goodiptv.club/huya/23903130
创世纪,https://www.goodiptv.club/huya/23749083
大时代,https://www.goodiptv.club/huya/23865161
柳舟计,https://www.goodiptv.club/huya/23860039
大秦赋,https://www.goodiptv.club/huya/23903130
封神榜,https://www.goodiptv.club/huya/29465849
寻秦记,https://www.goodiptv.club/huya/29465848
洗冤录,https://www.goodiptv.club/huya/29465851
创世纪,https://www.goodiptv.club/huya/23749083
大时代,https://www.goodiptv.club/huya/23865161
柳舟计,https://www.goodiptv.club/huya/23860039
大秦赋,https://www.goodiptv.club/huya/23903130
封神榜,https://www.goodiptv.club/huya/29465849
寻秦记,https://www.goodiptv.club/huya/29465848
洗冤录,https://www.goodiptv.club/huya/29465851
创世纪,https://www.goodiptv.club/huya/29465852
刘德华,https://www.goodiptv.club/huya/11342424
洪金宝,https://www.goodiptv.club/huya/11279251
埋堆堆,https://www.goodiptv.club/huya/23903123
埋堆堆2,https://www.goodiptv.club/huya/23864973
王晶电影,https://www.goodiptv.club/huya/11602058
功夫电影,https://www.goodiptv.club/huya/11352941
强森电影,https://www.goodiptv.club/huya/21059581
金庸武侠,https://www.goodiptv.club/huya/11342435
永夜星河,https://www.goodiptv.club/huya/23734169
电影_武侠,https://www.goodiptv.club/huya/11342427
电影_玄幻,https://www.goodiptv.club/huya/11342414
电影_国产,https://www.goodiptv.club/huya/11352973
电影_洪金宝,https://www.goodiptv.club/huya/11279251
电影_斯坦森,https://www.goodiptv.club/huya/21059588
电影_功夫片,https://www.goodiptv.club/huya/11352941
剧集_老三国,https://www.goodiptv.club/huya/11602081
猫和老鼠动漫,https://www.goodiptv.club/huya/11352879
电影_不挤影院,https://www.goodiptv.club/huya/11352897
电影_许氏三杰,https://www.goodiptv.club/huya/11602033
电影_高分动作,https://www.goodiptv.club/huya/11352884
电影_欢笑影院,https://www.goodiptv.club/huya/11352894
电影_国产悬疑,https://www.goodiptv.club/huya/11342395
电影_黑帮斗争,https://www.goodiptv.club/huya/11342419
电影_喜乐影院,https://www.goodiptv.club/huya/21059580
亮剑,https://www.goodiptv.club/huya/30080238
雪豹,https://www.goodiptv.club/huya/29580970
埋堆堆 𝟙,https://www.goodiptv.club/huya/23740156
埋堆堆 𝟚,https://www.goodiptv.club/huya/23749096
埋堆堆 𝟛,https://www.goodiptv.club/huya/23735126
埋堆堆 𝟜,https://www.goodiptv.club/huya/23903123
埋堆堆 𝟝,https://www.goodiptv.club/huya/23734169
埋堆堆 𝟞,https://www.goodiptv.club/huya/23863804
埋堆堆 𝟟,https://www.goodiptv.club/huya/23865080
埋堆堆 𝟠,https://www.goodiptv.club/huya/23864973
埋堆堆 𝟡,https://www.goodiptv.club/huya/23903130
埋堆堆 𝟙𝟘,https://www.goodiptv.club/huya/23860039
埋堆堆 𝟙𝟙,https://www.goodiptv.club/huya/23903183
埋堆堆 𝟙𝟚,https://www.goodiptv.club/huya/23903196
埋堆堆 𝟙𝟛,https://www.goodiptv.club/huya/23728674
埋堆堆 𝟙𝟜,https://www.goodiptv.club/huya/23865036
埋堆堆 𝟙𝟝,https://www.goodiptv.club/huya/23829543
埋堆堆 𝟙𝟞,https://www.goodiptv.club/huya/23865161
埋堆堆 𝟙𝟟,https://www.goodiptv.club/huya/23865058
埋堆堆 𝟙𝟠,https://www.goodiptv.club/huya/23824164
埋堆堆 𝟙𝟡,https://www.goodiptv.club/huya/23863796
埋堆堆 𝟚𝟘,https://www.goodiptv.club/huya/23734183
埋堆堆 𝟚𝟙,https://www.goodiptv.club/huya/23728660
埋堆堆 𝟚𝟚,https://www.goodiptv.club/huya/23865142
埋堆堆 𝟚𝟛,https://www.goodiptv.club/huya/23734246
埋堆堆 𝟚𝟜,https://www.goodiptv.club/huya/23865171
埋堆堆 𝟚𝟝,https://www.goodiptv.club/huya/23734256
埋堆堆 𝟚𝟞,https://www.goodiptv.club/huya/23749083
荒野求生其他,https://www.goodiptv.club/huya/593667
野行者其他,https://www.goodiptv.club/huya/20072663
跳舞其他,https://www.goodiptv.club/huya/24634408
茶啊二中动画,https://www.goodiptv.club/huya/11213191
哆啦A梦动漫,https://www.goodiptv.club/huya/11601963
航海王动漫,https://www.goodiptv.club/huya/16913382
七龙珠动漫,https://www.goodiptv.club/huya/11601966
猫和老鼠动漫,https://www.goodiptv.club/huya/11352879
中华小当家动漫,https://www.goodiptv.club/huya/11342413
新水浒传,https://www.goodiptv.club/huya/11342384
神探狄仁杰第一部,https://www.goodiptv.club/huya/11352958
神探狄仁杰第三部,https://www.goodiptv.club/huya/11342425
爱情公寓,https://www.goodiptv.club/huya/11336726
倚天屠龙记,https://www.goodiptv.club/huya/11342403
铁齿铜牙纪晓岚,https://www.goodiptv.club/huya/11342396
亮剑,https://www.goodiptv.club/huya/30080238
士兵突击,https://www.goodiptv.club/huya/11342430
康熙王朝,https://www.goodiptv.club/huya/11352940
鬼吹灯之精绝古城,https://www.goodiptv.club/huya/11352871
鬼吹灯之怒晴湘西,https://www.goodiptv.club/huya/11602075
鬼吹灯之龙岭迷窟,https://www.goodiptv.club/huya/29465863
鬼吹灯之云南虫谷,https://www.goodiptv.club/huya/11352898
笑傲江湖,https://www.goodiptv.club/huya/26355790
神雕侠侣,https://www.goodiptv.club/huya/11352964
雪豹,https://www.goodiptv.club/huya/29580970
陈情令,https://www.goodiptv.club/huya/29465862
哆啦A梦,https://www.goodiptv.club/huya/11601963
刘德华电影,https://www.goodiptv.club/huya/11342424
古天乐电影,https://www.goodiptv.club/huya/29982675
李连杰电影,https://www.goodiptv.club/huya/11342390
甄子丹电影,https://www.goodiptv.club/huya/11352935
狄仁杰系列,https://www.goodiptv.club/huya/30080229
沈腾电影,https://www.goodiptv.club/huya/11601968
黄渤电影,https://www.goodiptv.club/huya/11352876
强森电影,https://www.goodiptv.club/huya/21059581
王晶电影,https://www.goodiptv.club/huya/11602058
金庸武侠,https://www.goodiptv.club/huya/11342435
功夫电影,https://www.goodiptv.club/huya/11352941
贺岁电影,https://www.goodiptv.club/huya/11601986
士兵突击,https://www.goodiptv.club/huya/11342430
笑傲江湖,https://www.goodiptv.club/huya/26355790
神雕侠侣,https://www.goodiptv.club/huya/11352964
倚天屠龙记,https://www.goodiptv.club/huya/11342403
铁齿铜牙纪晓岚,https://www.goodiptv.club/huya/11342396
康熙王朝,https://www.goodiptv.club/huya/11352940
陈情令,https://www.goodiptv.club/huya/29465862
鬼吹灯之精绝古城,https://www.goodiptv.club/huya/11352871
鬼吹灯之怒晴湘西,https://www.goodiptv.club/huya/11602075
鬼吹灯之龙岭迷窟,https://www.goodiptv.club/huya/29465863
鬼吹灯之云南虫谷,https://www.goodiptv.club/huya/11352898
楚汉骄雄,https://www.goodiptv.club/huya/23740156
封神榜,https://www.goodiptv.club/huya/23749096
西游记1,https://www.goodiptv.club/huya/23728660
西游记2,https://www.goodiptv.club/huya/23735126
天龙八部,https://www.goodiptv.club/huya/23903123
鹿鼎记,https://www.goodiptv.club/huya/23865080
寻秦记,https://www.goodiptv.club/huya/23864973
大唐双龙传,https://www.goodiptv.club/huya/23728674
神雕侠侣,https://www.goodiptv.club/huya/23865171
射雕英雄传,https://www.goodiptv.club/huya/23824164
倚天屠龙记,https://www.goodiptv.club/huya/23734246
笑傲江湖,https://www.goodiptv.club/huya/23865142
刑事侦缉档案,https://www.goodiptv.club/huya/23734169
法政先锋,https://www.goodiptv.club/huya/23863804
洗冤录,https://www.goodiptv.club/huya/23903130
陀枪师姐,https://www.goodiptv.club/huya/23860039
使徒行者,https://www.goodiptv.club/huya/23734256
鉴证实录,https://www.goodiptv.club/huya/23903183
金枝欲孽,https://www.goodiptv.club/huya/23865036
扫黄先锋,https://www.goodiptv.club/huya/23903196
创世纪,https://www.goodiptv.club/huya/23749083
妙手仁心,https://www.goodiptv.club/huya/23829543
大时代,https://www.goodiptv.club/huya/23865161
野蛮亲家,https://www.goodiptv.club/huya/23863796
笑看风云,https://www.goodiptv.club/huya/23865058
哆啦A梦,https://www.goodiptv.club/huya/11601963
刘德华电影,https://www.goodiptv.club/huya/11342424
古天乐电影,https://www.goodiptv.club/huya/29982675
李连杰电影,https://www.goodiptv.club/huya/11342390
甄子丹电影,https://www.goodiptv.club/huya/11352935
狄仁杰系列,https://www.goodiptv.club/huya/30080229
沈腾电影,https://www.goodiptv.club/huya/11601968
黄渤电影,https://www.goodiptv.club/huya/11352876
强森电影,https://www.goodiptv.club/huya/21059581
王晶电影,https://www.goodiptv.club/huya/11602058
金庸武侠,https://www.goodiptv.club/huya/11342435
功夫电影,https://www.goodiptv.club/huya/11352941
贺岁电影,https://www.goodiptv.club/huya/11601986
雪豹,https://www.goodiptv.club/huya/29580970
士兵突击,https://www.goodiptv.club/huya/11342430
笑傲江湖,https://www.goodiptv.club/huya/26355790
神雕侠侣,https://www.goodiptv.club/huya/11352964
倚天屠龙记,https://www.goodiptv.club/huya/11342403
铁齿铜牙纪晓岚,https://www.goodiptv.club/huya/11342396
康熙王朝,https://www.goodiptv.club/huya/11352940
庆余年,https://www.goodiptv.club/huya/11352960
鬼吹灯之精绝古城,https://www.goodiptv.club/huya/11352871
鬼吹灯之怒晴湘西,https://www.goodiptv.club/huya/11602075
鬼吹灯之龙岭迷窟,https://www.goodiptv.club/huya/29465863
鬼吹灯之云南虫谷,https://www.goodiptv.club/huya/11352898
家有儿女,https://www.goodiptv.club/huya/30335591
楚汉骄雄,https://www.goodiptv.club/huya/23740156
封神榜,https://www.goodiptv.club/huya/23749096
西游记1,https://www.goodiptv.club/huya/23728660
西游记2,https://www.goodiptv.club/huya/23735126
天龙八部,https://www.goodiptv.club/huya/23903123
鹿鼎记,https://www.goodiptv.club/huya/23865080
寻秦记,https://www.goodiptv.club/huya/23864973
大唐双龙传,https://www.goodiptv.club/huya/23728674
神雕侠侣,https://www.goodiptv.club/huya/23865171
射雕英雄传,https://www.goodiptv.club/huya/23824164
倚天屠龙记,https://www.goodiptv.club/huya/23734246
笑傲江湖,https://www.goodiptv.club/huya/23865142
刑事侦缉档案,https://www.goodiptv.club/huya/23734169
法政先锋,https://www.goodiptv.club/huya/23863804
洗冤录,https://www.goodiptv.club/huya/23903130
陀枪师姐,https://www.goodiptv.club/huya/23860039
使徒行者,https://www.goodiptv.club/huya/23734256
鉴证实录,https://www.goodiptv.club/huya/23903183
金枝欲孽,https://www.goodiptv.club/huya/23865036
扫黄先锋,https://www.goodiptv.club/huya/23903196
创世纪,https://www.goodiptv.club/huya/23749083
妙手仁心,https://www.goodiptv.club/huya/23829543
大时代,https://www.goodiptv.club/huya/23865161
野蛮亲家,https://www.goodiptv.club/huya/23863796
笑看风云,https://www.goodiptv.club/huya/23865058
哆啦A梦,https://www.goodiptv.club/huya/11601963
喜羊羊与灰太狼,https://www.goodiptv.club/huya/23865080
刘德华电影,https://www.goodiptv.club/huya/11342424
古天乐电影,https://www.goodiptv.club/huya/29982675
李连杰电影,https://www.goodiptv.club/huya/11342390
甄子丹电影,https://www.goodiptv.club/huya/11352935
狄仁杰系列,https://www.goodiptv.club/huya/30080229
黄渤电影,https://www.goodiptv.club/huya/11352876
王晶电影,https://www.goodiptv.club/huya/11602058
金庸武侠,https://www.goodiptv.club/huya/11342435
功夫电影,https://www.goodiptv.club/huya/11352941
贺岁电影,https://www.goodiptv.club/huya/11601986
雪豹,https://www.goodiptv.club/huya/29580970
士兵突击,https://www.goodiptv.club/huya/11342430
神雕侠侣,https://www.goodiptv.club/huya/11352964
倚天屠龙记,https://www.goodiptv.club/huya/11342403
铁齿铜牙纪晓岚,https://www.goodiptv.club/huya/11342396
康熙王朝,https://www.goodiptv.club/huya/11352940
庆余年,https://www.goodiptv.club/huya/11352960
鬼吹灯之精绝古城,https://www.goodiptv.club/huya/11352871
鬼吹灯之怒晴湘西,https://www.goodiptv.club/huya/11602075
鬼吹灯之龙岭迷窟,https://www.goodiptv.club/huya/29465863
鬼吹灯之云南虫谷,https://www.goodiptv.club/huya/11352898
乌龙闯情关,https://www.goodiptv.club/huya/26355767
家有儿女,https://www.goodiptv.club/huya/30335591
永夜星河,https://www.goodiptv.club/huya/23734169
柳舟计,https://www.goodiptv.club/huya/23860039
玫瑰的故事,https://www.goodiptv.club/huya/23865142
梦中的那片海,https://www.goodiptv.club/huya/26355765
大秦赋,https://www.goodiptv.club/huya/23903130
唐诡之西行,https://www.goodiptv.club/huya/26355763
楚汉骄雄,https://www.goodiptv.club/huya/29465854
封神榜,https://www.goodiptv.club/huya/29465849
西游记1,https://www.goodiptv.club/huya/23728660
西游记2,https://www.goodiptv.club/huya/29465859
寻秦记,https://www.goodiptv.club/huya/29465848
大唐双龙传,https://www.goodiptv.club/huya/23728674
神雕侠侣,https://www.goodiptv.club/huya/23865171
射雕英雄传,https://www.goodiptv.club/huya/23824164
法政先锋,https://www.goodiptv.club/huya/23863804
洗冤录,https://www.goodiptv.club/huya/29465851
陀枪师姐,https://www.goodiptv.club/huya/29465857
使徒行者,https://www.goodiptv.club/huya/23734256
鉴证实录,https://www.goodiptv.club/huya/23903183
金枝欲孽,https://www.goodiptv.club/huya/23865036
扫黄先锋,https://www.goodiptv.club/huya/29465855
创世纪,https://www.goodiptv.club/huya/29465852
妙手仁心,https://www.goodiptv.club/huya/29465853
大时代,https://www.goodiptv.club/huya/23865161
笑看风云,https://www.goodiptv.club/huya/29465858
橙子 弹幕看剧坊,https://www.goodiptv.club/douyu/4549169
[奇光]喜剧点播剧场,https://www.goodiptv.club/douyu/8009547
林正英【久久】下饭电视剧,https://www.goodiptv.club/douyu/8371123
【贝贝】武汉丫头陪你一起看剧啦~,https://www.goodiptv.club/douyu/431460
哥几个又来看美女了啊,上头了上头了哈,https://www.goodiptv.club/douyu/11824307
【酷炫短剧场】全网热播短剧,https://www.goodiptv.club/douyu/36337
❄️憨宝❄️陪你重刷[经典热剧],https://www.goodiptv.club/douyu/434971
【蓝斡】弹幕天国,https://www.goodiptv.club/douyu/5908256
(小屁）林正英,鬼片，恐怖片，护你,https://www.goodiptv.club/douyu/6906628
【奇光】林正英,僵尸，鬼片 24H,https://www.goodiptv.club/douyu/11849873
（小屁）喜剧剧场,https://www.goodiptv.club/douyu/11851549
【蓝斡】。,https://www.goodiptv.club/douyu/7459925
【女神金】沙发分你一半,一起来追剧,https://www.goodiptv.club/douyu/747764
【弹幕天国】,https://www.goodiptv.club/douyu/12463728
【冰冰冰冰】平安顺遂~~,https://www.goodiptv.club/douyu/74374
LR1245的直播间,https://www.goodiptv.club/douyu/12534632
欢迎来到比基尼海滩,https://www.goodiptv.club/douyu/12400977
【神 剧】的直播间,https://www.goodiptv.club/douyu/3439096
任志飞的直播间,https://www.goodiptv.club/douyu/12501387
【RM-点播】点播模式-24H欢乐不断,https://www.goodiptv.club/douyu/131977
元芳到底看不看,https://www.goodiptv.club/douyu/6027991
斗鱼音乐MV频道（自助点播）,https://www.goodiptv.club/douyu/3870925
【神 剧】,https://www.goodiptv.club/douyu/5875025
【惬匪】技术学院,https://www.goodiptv.club/douyu/922564
【经典剧场】经典武侠 动作 老剧你懂的,https://www.goodiptv.club/douyu/4246519
家有诳子  不败其家,https://www.goodiptv.club/douyu/6911044
【弹幕天国】新蓝斡,https://www.goodiptv.club/douyu/12210085
正常开播,欢迎欢迎,https://www.goodiptv.club/douyu/319576
【超清1】经典港剧天地,https://www.goodiptv.club/douyu/4290711
晓葵动漫花园o(❁´◡`❁)o,https://www.goodiptv.club/douyu/426517
胡八一 ：胖子促发剧情,https://www.goodiptv.club/douyu/5635000
❄️【经典】 ❄️,https://www.goodiptv.club/douyu/6091425
懒猫 美食家 点播,https://www.goodiptv.club/douyu/260322
【超清2】热门港剧天地,https://www.goodiptv.club/douyu/5522351
港剧:祝大家新年快乐,https://www.goodiptv.club/douyu/5061550
范闲：第二部什么时候出？,https://www.goodiptv.club/douyu/7812810
【萌小鬼】剧,https://www.goodiptv.club/douyu/3928
【顺才少爷】国语经典,https://www.goodiptv.club/douyu/10084875
金庸经典播放,点关注不迷路,https://www.goodiptv.club/douyu/12128227
【超清3】人气港剧天地,https://www.goodiptv.club/douyu/5261342
【倍速播放】快乐会加倍,https://www.goodiptv.club/douyu/4105989
原版配音🐯许三多 迷茫必看🐯,https://www.goodiptv.club/douyu/10348728
【米尼影院】经典电视剧,https://www.goodiptv.club/douyu/7642724
❄️奶虫❄️剧场~聚场~花式剧,https://www.goodiptv.club/douyu/263824
一起陪伴我们成长的神剧,https://www.goodiptv.club/douyu/1006179
经典神剧,https://www.goodiptv.club/douyu/508118
大星与海绵方块,https://www.goodiptv.club/douyu/3949681
❄️新三国老三国⚔️鼎之轻重,何以问乎？,https://www.goodiptv.club/douyu/12253936
【阿七点歌台】MV 热歌 经典 流行,https://www.goodiptv.club/douyu/3186217
(三国）桧源结义,https://www.goodiptv.club/douyu/12180551
还有一件事,https://www.goodiptv.club/douyu/2287949
【动漫】超燃 怀旧 经典,https://www.goodiptv.club/douyu/1174353
【静静】经典影视剧 MV,https://www.goodiptv.club/douyu/5668371
熟悉的她来了,https://www.goodiptv.club/douyu/8231658
今天咱们吃一顿好的,持续更新..,https://www.goodiptv.club/douyu/7107176
燕双鹰·下饭专场：我赌你碗里没菜,https://www.goodiptv.club/douyu/11931032
全网最清晰林正英僵尸道长,https://www.goodiptv.club/douyu/7356023
刘星：像超人一样自由自在天空自由飞翔,https://www.goodiptv.club/douyu/11827530
傲娇的超级赛亚人的直播间,https://www.goodiptv.club/douyu/4373285
一起看欢乐时光经典剧场,https://www.goodiptv.club/douyu/755851
【电视剧】本直播间由天使点播提供技术支持,https://www.goodiptv.club/douyu/7623292
✨爱你孤身走暗巷爱你不跪的模样✨,https://www.goodiptv.club/douyu/7528160
【Hunter】动漫 热血 老贼 冒险,https://www.goodiptv.club/douyu/6610883
【粤语电影】吴孟达 达叔 周星驰 经典,https://www.goodiptv.club/douyu/1226741
❄️下饭神剧❄️,https://www.goodiptv.club/douyu/3700024
听听123456789,https://www.goodiptv.club/douyu/7039598
传位于李德全,https://www.goodiptv.club/douyu/12130861
【胡胡椒粉的胡歌】 你清高,你了不起,https://www.goodiptv.club/douyu/5448413
[弟弟疼][粤语][西片]钟意啱完唔松,https://www.goodiptv.club/douyu/8912325
❄️女团社⚔️最新舞蹈MV音乐演唱会舞台,https://www.goodiptv.club/douyu/11327316
【小贝壳】小闲闲 小年糕（高帧率）,https://www.goodiptv.club/douyu/329876
草帽一伙海盗团的直播间,https://www.goodiptv.club/douyu/997925
SeeYa60688的直播间,https://www.goodiptv.club/douyu/12401098
【西关大陆】粤语学习,https://www.goodiptv.club/douyu/11878141
斗鱼直播圈,https://www.goodiptv.club/douyu/4654883
【李小龙】以无法为有法,以无限为有限,https://www.goodiptv.club/douyu/8721095
【金庸武侠】致敬经典,https://www.goodiptv.club/douyu/9285904
〰️❄️胡一菲⚔️〰️问就是停电了,https://www.goodiptv.club/douyu/6863367
曾小贤你听不听第四季,https://www.goodiptv.club/douyu/9586235
曾小贤第一集你看不看,https://www.goodiptv.club/douyu/11720507
外表看似小孩,智慧却过于常人,https://www.goodiptv.club/douyu/6484910
❄️曾小贤第二季的故事⚔️,https://www.goodiptv.club/douyu/920389
洞蜜园·粤语港剧,https://www.goodiptv.club/douyu/6588759
✅Three King✅我二弟天下无敌,https://www.goodiptv.club/douyu/12337487
顺风为主 其他情喜影剧集锦为辅 随机连播,https://www.goodiptv.club/douyu/6369954
【雍正康熙】帝王故事连连看,https://www.goodiptv.club/douyu/4808115
【白晓生】经典武侠解说,https://www.goodiptv.club/douyu/9649681
经典老剧轮播,https://www.goodiptv.club/douyu/12015111
Angela小兔990,https://www.goodiptv.club/douyu/9617766
用户6056099521的直播间,https://www.goodiptv.club/douyu/12065793
【饭店】我们把装蒜当美学来修炼的,https://www.goodiptv.club/douyu/9650782
illit礼的直播间,https://www.goodiptv.club/douyu/12065549
用户3174886540的直播间,https://www.goodiptv.club/douyu/12065769
一生pitus的直播间,https://www.goodiptv.club/douyu/12065569
用户8092785756的直播间,https://www.goodiptv.club/douyu/12065570
【吐槽】吐槽一下,快乐一天,https://www.goodiptv.club/douyu/9236042
祝大家新年快乐 2067020,https://www.goodiptv.club/douyu/2067020
来个心软的神 捡了十年垃圾了,https://www.goodiptv.club/douyu/9352671
舞蹈新主播呀~~,https://www.goodiptv.club/douyu/11490031
有这样的你会好好吗,https://www.goodiptv.club/douyu/10730187
越南小哥的丛林生活,https://www.goodiptv.club/douyu/10675329
看看这是哪里,https://www.goodiptv.club/douyu/5804577
舌尖上的印度丨下饭必备❤点关注不迷路,https://www.goodiptv.club/douyu/5895598
盾牌的直播间,https://www.goodiptv.club/douyu/10424994
一起看短剧 6806017,https://www.goodiptv.club/douyu/6806017
世界第一直播呢,https://www.goodiptv.club/douyu/4579455
随便看看,标题凑字数,https://www.goodiptv.club/douyu/8971159
【侦探】饿不饿,要不要下一碗面吃呀,https://www.goodiptv.club/douyu/138959
【粤语】看的不是电影【是回忆】求关注,https://www.goodiptv.club/douyu/7919720
顺其自然飞的直播间,https://www.goodiptv.club/douyu/12334108
浩贤说电影的直播间,https://www.goodiptv.club/douyu/10535867
脑洞短剧 玩的就是梗,https://www.goodiptv.club/douyu/10282256
【1.5】陆三金,完整版，未删减，补档,https://www.goodiptv.club/douyu/527502
失眠的时候听下雨的声音吧,https://www.goodiptv.club/douyu/7481383
大庆在农村的直播间,https://www.goodiptv.club/douyu/9477316
8257039的直播间,https://www.goodiptv.club/douyu/8257039
【喜剧电影】最全搞笑喜剧,从这一刻开始,https://www.goodiptv.club/douyu/9824094
古典流行的完美结合 视觉听觉的最高享受,https://www.goodiptv.club/douyu/6033135
陈绮Siri今天也要加油,https://www.goodiptv.club/douyu/759805
放空了一起待会吧,https://www.goodiptv.club/douyu/527076
欢乐猴群纪录片,https://www.goodiptv.club/douyu/7921708
欣赏戏曲的房间,https://www.goodiptv.club/douyu/12091975
EMO的心,并不在一起,https://www.goodiptv.club/douyu/170426
在线分享有趣的,https://www.goodiptv.club/douyu/1816353
失踪人口回归 2041014,https://www.goodiptv.club/douyu/2041014
花爷的直播间 4058285,https://www.goodiptv.club/douyu/4058285
闹着玩,闲来无事,https://www.goodiptv.club/douyu/4231787
荒野大镖客⩎,https://www.goodiptv.club/douyu/5982597
不羡鸳鸯不羡仙啊,https://www.goodiptv.club/douyu/9262563
斗鱼下饭娱乐主播直播间,https://www.goodiptv.club/douyu/9387499
预告资讯抢先看,https://www.goodiptv.club/douyu/10670244
易说影视的直播间,https://www.goodiptv.club/douyu/10859591
用户34145296833的直播间,https://www.goodiptv.club/douyu/11081842
高手在民间来吧高能,https://www.goodiptv.club/douyu/11708460
【隋唐】与君共饮盏中酒,几人捶伤几人愁,https://www.goodiptv.club/douyu/7552568
感谢大家的支持 7495810,https://www.goodiptv.club/douyu/7495810
各位看官走过路边进来坐坐,https://www.goodiptv.club/douyu/11184164
帕鲁的世界,https://www.goodiptv.club/douyu/7027040
喵喵喵的猫酱酱的直播间,https://www.goodiptv.club/douyu/11179077
搞笑天堂岛,https://www.goodiptv.club/douyu/6916081
2569874的直播间,https://www.goodiptv.club/douyu/2569874
车展,后院御姐的街拍美拍,https://www.goodiptv.club/douyu/5138817
【严守一】太传统不好,太饭桶更不好,https://www.goodiptv.club/douyu/8507023
科幻梦工厂,https://www.goodiptv.club/douyu/9608874
[热血小说] 最终军团,https://www.goodiptv.club/douyu/12156856
不可抗拒因素,https://www.goodiptv.club/douyu/310926
《武侠剧》,https://www.goodiptv.club/douyu/7655471
美丽的孔雀公主,https://www.goodiptv.club/douyu/3113309
kura_yun的直播间,https://www.goodiptv.club/douyu/4627432
张晓新21602的直播间,https://www.goodiptv.club/douyu/4860588
搞笑段子日常更新 点点关注,https://www.goodiptv.club/douyu/10646699
梦幻西游❄️周杰伦音乐MV边游戏边听音乐,https://www.goodiptv.club/douyu/7537296
【牛叔】N分钟带你看完大片,https://www.goodiptv.club/douyu/2758565
【更新】最全斗牌、麻将剧集解说,https://www.goodiptv.club/douyu/9559158
【万合天宜】王大锤情怀上线,https://www.goodiptv.club/douyu/9220456
【片片】片荒的时候看片片,https://www.goodiptv.club/douyu/4258555
清晨醒脑：T-ARA根本停不下来,https://www.goodiptv.club/douyu/17732
你滴勋宗8.12已更新,https://www.goodiptv.club/douyu/9738854
【科幻Dans】精彩科幻影视,解说连连看,https://www.goodiptv.club/douyu/3508304
【正版】经典小品,下饭必备,https://www.goodiptv.club/douyu/9067836
开心锤锤,开心快乐每一天,https://www.goodiptv.club/douyu/9018297
科学黑历史,https://www.goodiptv.club/douyu/9317739
【牛叔2号】欢迎来到牛叔的悬疑世界,https://www.goodiptv.club/douyu/10010651
欢迎大家来参加金边的婚礼 百想艺术大赏,https://www.goodiptv.club/douyu/40471
【全体起立】你的本山大叔超强来袭,https://www.goodiptv.club/douyu/9817716
【樱花道灌篮】HP动漫精彩解说,https://www.goodiptv.club/douyu/9837291
车模车展,感谢大哥们办卡,https://www.goodiptv.club/douyu/9805480
口音贼重的解说直播间,https://www.goodiptv.club/douyu/9734098
在线制裁,https://www.goodiptv.club/douyu/12392971
美女车模鉴赏团～,https://www.goodiptv.club/douyu/9837104
祝灵动小猫MIUN金主鑫0224出道快乐,https://www.goodiptv.club/douyu/113158
【史君说剧】史君说尽天下好剧,https://www.goodiptv.club/douyu/9419771
《游钓中国》第十季同步更新中,https://www.goodiptv.club/douyu/791411
【刘老师】每天爆笑解说不停,https://www.goodiptv.club/douyu/8317926
【开心麻花】沈腾、马丽经典小品专场,https://www.goodiptv.club/douyu/10153463
金在中&DreamyRoad,https://www.goodiptv.club/douyu/8189873
【虫哥】魔性吐槽童年回忆,https://www.goodiptv.club/douyu/8915074
【体育】聊聊科比、乔丹传奇故事,https://www.goodiptv.club/douyu/8434598
扑朔迷离的档案里隐藏着什么？,https://www.goodiptv.club/douyu/610972
电影最TOP,https://www.goodiptv.club/douyu/2164691
【咖妃驾到】宋小宝经典小品,https://www.goodiptv.club/douyu/9817729
美剧解说精彩不断,https://www.goodiptv.club/douyu/9643264
已更新星君带你看大片,https://www.goodiptv.club/douyu/8014467
九幽将军更新~直播间左下看当前内容,https://www.goodiptv.club/douyu/10650322
已更新聊聊武侠与江湖,https://www.goodiptv.club/douyu/8986636
车模现场,美女云集,https://www.goodiptv.club/douyu/10118209
你的海南军哥给你带来最地道的赶海,https://www.goodiptv.club/douyu/1109218
【悬疑】古往今来犯罪录,https://www.goodiptv.club/douyu/9171887
周扒片深度解说,https://www.goodiptv.club/douyu/6434857
迷小雅最新爽剧解说,https://www.goodiptv.club/douyu/9639225
☆卡卡罗特☆,https://www.goodiptv.club/douyu/7286439
【悬疑】午夜惊悚乐园,点上关注带你探险,https://www.goodiptv.club/douyu/9075333
【特辑电影】有骨气酒楼营业中,https://www.goodiptv.club/douyu/3637778
史剧解说洪武年间大案,https://www.goodiptv.club/douyu/297689
贾玲经典小品的直播间,https://www.goodiptv.club/douyu/10419541
【悬疑】都市奇闻传说、恐怖故事,https://www.goodiptv.club/douyu/2337939
兄弟赶海,带你看遍天下海鲜,https://www.goodiptv.club/douyu/9091847
【科幻片】最专业的科幻片解说,https://www.goodiptv.club/douyu/9338839
睡前故事会,https://www.goodiptv.club/douyu/7422897
带你领略宇宙星辰——纪录片记,https://www.goodiptv.club/douyu/9412981
小小天才的搞笑段子,https://www.goodiptv.club/douyu/9419678
1000部悬疑电影,https://www.goodiptv.club/douyu/9601429
四大经典/水浒系列,https://www.goodiptv.club/douyu/9487003
【拳叔】那些经典的动漫,https://www.goodiptv.club/douyu/9484105
下次直播再见,搞笑就看文西与阿漆,https://www.goodiptv.club/douyu/8737695
长工带你一起来追剧,https://www.goodiptv.club/douyu/8869614
许君聪经典小品的直播间,https://www.goodiptv.club/douyu/10419558
【洗碗君】 解说 爷青回,https://www.goodiptv.club/douyu/9446706
大家快来看 9403712,https://www.goodiptv.club/douyu/9403712
【1900影视室】精讲剧场,https://www.goodiptv.club/douyu/7796193
梁山好汉都在此,https://www.goodiptv.club/douyu/3472959
白客、孔连顺主演《鲜肉老师》登陆斗鱼,https://www.goodiptv.club/douyu/9815091
大齐赶海,又是出大货的一天,https://www.goodiptv.club/douyu/3647278
全新大事件更新啦~,https://www.goodiptv.club/douyu/1275878
睡丝虫的直播间,https://www.goodiptv.club/douyu/10308234
【恐怖片】专注恐怖片赏析与原创解说,https://www.goodiptv.club/douyu/9280384
宇宙的尽头是什么？,https://www.goodiptv.club/douyu/9456028
悬疑烧脑影视大合集,https://www.goodiptv.club/douyu/5354713
武神常山赵子龙是也,https://www.goodiptv.club/douyu/9388938
大秦国要搞大,https://www.goodiptv.club/douyu/9388931
世界未解之谜盘点,秦始皇之死,https://www.goodiptv.club/douyu/9369468
【茶啊二中】好看的动画,https://www.goodiptv.club/douyu/2925610
【吐槽】疯狂吐槽辣眼雷剧,https://www.goodiptv.club/douyu/9026377
喜欢不要忘记关注哦,https://www.goodiptv.club/douyu/9038894
欢乐小饭米粒的直播间,https://www.goodiptv.club/douyu/9403690
【令狐冲】什么是江湖,https://www.goodiptv.club/douyu/9653063
经典小品相声乐不停,https://www.goodiptv.club/douyu/9273031
宋小宝早期经典作品,爆笑了家人们,https://www.goodiptv.club/douyu/9374865
影视 笑工场的直播间,https://www.goodiptv.club/douyu/10298846
战斗吧热血动漫全看,https://www.goodiptv.club/douyu/9641152
龙视爱笑会议室直播间,https://www.goodiptv.club/douyu/9375430
【悬疑烧脑】欢迎来到侦探宇宙,https://www.goodiptv.club/douyu/8788687
深更民间故事,https://www.goodiptv.club/douyu/10217984
刘哔讲电影,东北话解说嘛嘎强,https://www.goodiptv.club/douyu/2632223
【瑜伽女孩】练习每一天,https://www.goodiptv.club/douyu/10205199
辽视组团上春晚的直播间,https://www.goodiptv.club/douyu/9406416
【红雷】经典电视剧精讲,https://www.goodiptv.club/douyu/9650131
【一目十影】温情解说经典电影,https://www.goodiptv.club/douyu/3643605
【小片片】国产经典剧集专属直播间,https://www.goodiptv.club/douyu/10011547
一个只讲恐怖电影的电影解说,https://www.goodiptv.club/douyu/8415464
【速看】爆笑解说,欢乐百分百,https://www.goodiptv.club/douyu/2660125
解说：高能国产悬疑推理剧集,https://www.goodiptv.club/douyu/8741860
车祸集锦两行泪,https://www.goodiptv.club/douyu/117854
感谢钓友关注,每天分享渔乐,https://www.goodiptv.club/douyu/10074370
燃爆全网的动作大片都在这里,https://www.goodiptv.club/douyu/9614847
渔妹带你来赶海,来看有没有你没见过的,https://www.goodiptv.club/douyu/9348805
经典美剧解说,悬疑科幻惊悚,https://www.goodiptv.club/douyu/9123570
【雍正、杨贵妃】剧集精讲,https://www.goodiptv.club/douyu/9660127
今日宜“哈哈哈哈”,https://www.goodiptv.club/douyu/10298856
改装房车自驾游,https://www.goodiptv.club/douyu/9629423
这里全是名场面~,https://www.goodiptv.club/douyu/9336286
英大吉的奇闻&故事档案,https://www.goodiptv.club/douyu/9174097
【路亚钓鱼】韩国美女在线钓鱼,https://www.goodiptv.club/douyu/10616765
【谁说Whospeak】精彩电影解说,https://www.goodiptv.club/douyu/8705754
一人一狗机车摩旅西藏行,https://www.goodiptv.club/douyu/655973
跟着小猪一起看【热剧联播】,https://www.goodiptv.club/douyu/10297898
挖沟连江沟长的直播间,https://www.goodiptv.club/douyu/8413092
超级敏感的小肉腿,https://www.goodiptv.club/douyu/10308225
NBA最强球王精彩集锦爽,https://www.goodiptv.club/douyu/9406897
【吐槽】烂片的克星,老邪入驻啦,https://www.goodiptv.club/douyu/9222870
林正英混剪 各类电影剪辑混剪盘点系列,https://www.goodiptv.club/douyu/9607934
【敬汉卿】将作死进行到底,https://www.goodiptv.club/douyu/2912165
强人说笑,https://www.goodiptv.club/douyu/10329713
【史君观影】国产刑侦电视剧太精彩了,https://www.goodiptv.club/douyu/9644669
生物全部变异成为顶级食材,少年化身恶魔,https://www.goodiptv.club/douyu/9391292
【鬼哥奇谈】午夜故事,提神醒脑，清清凉凉,https://www.goodiptv.club/douyu/8722254
【正在解说光头强】饭点陪聊,https://www.goodiptv.club/douyu/9527700
互联网二极馆,https://www.goodiptv.club/douyu/10102281
【影视/动作】那些操作猛如虎的精彩瞬间,https://www.goodiptv.club/douyu/9627172
【老王】经典电影看不停,https://www.goodiptv.club/douyu/9687733
龙视欢乐英雄传的直播间,https://www.goodiptv.club/douyu/9374836
荒野求生纪录片小天地,https://www.goodiptv.club/douyu/9661369
神探：带你走进档案,https://www.goodiptv.club/douyu/3310454
贻哥带你看电影,https://www.goodiptv.club/douyu/9338867
中二日记搞笑日常更新,https://www.goodiptv.club/douyu/9505575
音乐台长的直播间,https://www.goodiptv.club/douyu/9629943
《探奇录-案件篇》,https://www.goodiptv.club/douyu/9746763
【经典武侠】时代的记忆,,https://www.goodiptv.club/douyu/9649701
俗哥看电影的直播间,https://www.goodiptv.club/douyu/2161818
9942574的直播间,https://www.goodiptv.club/douyu/9942574
车祸现场——都是贪快惹的祸,https://www.goodiptv.club/douyu/4921957
篮球集锦速递,https://www.goodiptv.club/douyu/9399887
【大坑】悬疑推理视频解说,https://www.goodiptv.club/douyu/9440339
来呀官人,都是你的梦,https://www.goodiptv.club/douyu/9986305
长片短解,精彩的电影都有,https://www.goodiptv.club/douyu/9410946
柠檬檬檬儿vlog的直播间,https://www.goodiptv.club/douyu/9624845
植物植re房间的直播间,https://www.goodiptv.club/douyu/9771247
创造粤语新流行,https://www.goodiptv.club/douyu/2940299
陈佩斯喜剧放映中,https://www.goodiptv.club/douyu/9286868
【萌迪迪】经典系列,https://www.goodiptv.club/douyu/5354705
爆笑视频,每日一更,https://www.goodiptv.club/douyu/4716
美女带你做瑜伽,https://www.goodiptv.club/douyu/10217953
洛克电影的直播间,https://www.goodiptv.club/douyu/9414884
【快看张不疯】带你看香港经典电影,https://www.goodiptv.club/douyu/8413226
内涵 搞笑 短剧,每日更新,https://www.goodiptv.club/douyu/2995636
新的房车生活：4万块的面包车改床车,https://www.goodiptv.club/douyu/9653323
二毛荒野垂钓生活,https://www.goodiptv.club/douyu/10007687
【飞碟说】一分钟了解知识,https://www.goodiptv.club/douyu/1449125
有温度的篮球厂牌,https://www.goodiptv.club/douyu/9367541
剪辑让电影变得更有趣,https://www.goodiptv.club/douyu/8443438
俄罗斯小伙硬核野外生存指南,https://www.goodiptv.club/douyu/9804068
两个大麻瓜的沙雕钓鱼日常,https://www.goodiptv.club/douyu/10121755
恰饭橘美食制作,喜欢点关注哟,https://www.goodiptv.club/douyu/7974136
周六重oey训练营,https://www.goodiptv.club/douyu/8912150
哇是搞笑君啊,https://www.goodiptv.club/douyu/10329719
UP主最新视频合集,https://www.goodiptv.club/douyu/10074407
钓鱼人最后的挣扎,https://www.goodiptv.club/douyu/9570290
那些6到让我们窒息的操作,https://www.goodiptv.club/douyu/8881729
日本最新资讯速递,https://www.goodiptv.club/douyu/296836
民间高手野外露营SHOW,https://www.goodiptv.club/douyu/10372765
爆笑解说各种动漫,https://www.goodiptv.club/douyu/2365
徒手打造顶级荒野豪宅,https://www.goodiptv.club/douyu/9611578
神羊说电影,一起看电影,https://www.goodiptv.club/douyu/9443552
9365077的直播间,https://www.goodiptv.club/douyu/9365077
爱爱小Q的直播间,https://www.goodiptv.club/douyu/10308312
爆笑神剧陪你下饭24小时不间断轮播,https://www.goodiptv.club/douyu/9339300
万池塘徒手挖池塘,https://www.goodiptv.club/douyu/9544576
【钓鱼】最专业的路亚钓法,https://www.goodiptv.club/douyu/9974427
漫威不DC,精彩有声漫,https://www.goodiptv.club/douyu/1952680
高分悬疑电影解说,https://www.goodiptv.club/douyu/9037784
大别山的真实生活,https://www.goodiptv.club/douyu/8837707
小马哥说电影的直播间,https://www.goodiptv.club/douyu/9396672
鹈友说电影,一起看电影,https://www.goodiptv.club/douyu/9445244
【经典悬疑烧脑剧解说】你值得拥有,https://www.goodiptv.club/douyu/8790357
篮球小人物的直播间,https://www.goodiptv.club/douyu/9184257
带你看没时间看的经典电影,https://www.goodiptv.club/douyu/9375743
逗米说电影的直播间,https://www.goodiptv.club/douyu/421222
猫狗双全,就是这样,https://www.goodiptv.club/douyu/8695854
大弟赶海乐趣多,https://www.goodiptv.club/douyu/9348766
科幻战到,为你带来好看的科幻片,https://www.goodiptv.club/douyu/8772060
中国海钓王游钓世界,https://www.goodiptv.club/douyu/9329608
走进“柯”学,西瓜讲的历史档案,https://www.goodiptv.club/douyu/9065082
里面全是小猫咪,https://www.goodiptv.club/douyu/8657834
趣味视频集锦,https://www.goodiptv.club/douyu/9524579
篮球直播间 10228726,https://www.goodiptv.club/douyu/10228726
【小叮当】童年经典动画片,https://www.goodiptv.club/douyu/9445279
车门锁死了,贫道和你一起看电影,https://www.goodiptv.club/douyu/9463586
真实、惊悚事件录,https://www.goodiptv.club/douyu/9754849
【独立鱼】鱼叔荐好片 爱看你就来,https://www.goodiptv.club/douyu/2413555
科普公开课,https://www.goodiptv.club/douyu/9498354
每天一分钟,笑侃体坛篮球那些事,https://www.goodiptv.club/douyu/9170147
【脑洞吧】经典搞笑 神配音哦,https://www.goodiptv.club/douyu/2040822
救助流浪小猫咪,https://www.goodiptv.club/douyu/850030
一只喵讲电影会是什么样？,https://www.goodiptv.club/douyu/9312432
来看一只熊熊解说电影,https://www.goodiptv.club/douyu/9386057
心情不好的时候治愈你,https://www.goodiptv.club/douyu/9204381
利利川的直播间,https://www.goodiptv.club/douyu/9329249
【日常野钓】游钓黑坑一疯子,https://www.goodiptv.club/douyu/10103411
听听歌,看绝美动漫场景,https://www.goodiptv.club/douyu/9191790
原创惊悚恐怖动漫,https://www.goodiptv.club/douyu/9312460
【科幻】九叔带你看大片,https://www.goodiptv.club/douyu/9348282
庄尼兔拟音实验室的直播间,https://www.goodiptv.club/douyu/9546169
【午夜消暑】伊藤润二恐怖漫画行亏解说专场,https://www.goodiptv.club/douyu/8936207
野生基建狂异地登陆,https://www.goodiptv.club/douyu/10039437
恐怖电影,北大落说大片,https://www.goodiptv.club/douyu/8828811
【搞笑】我叫孙火旺,论优秀没输过,https://www.goodiptv.club/douyu/9770949
【火龙果讲电影】超爽的电影解说,https://www.goodiptv.club/douyu/2039501
非著名养猪UP主·姐和她的小猪咪们,https://www.goodiptv.club/douyu/8657669
忧郁观影 带您看奇案,https://www.goodiptv.club/douyu/9393577
最会“忽悠”的三代鹿人来斗鱼啦,https://www.goodiptv.club/douyu/9629717
不做大师,只做中国好钓友,https://www.goodiptv.club/douyu/9957389
看遍世界各地的纪录片,https://www.goodiptv.club/douyu/8834003
有部电影儿的直播间,https://www.goodiptv.club/douyu/9736479
热星音乐菌的直播间,https://www.goodiptv.club/douyu/8405922
小姐姐解说大马猴电影,https://www.goodiptv.club/douyu/8851063
前方高能 我也就看了几百遍,https://www.goodiptv.club/douyu/9188696
迷惑住宅行为大赏,https://www.goodiptv.club/douyu/3431701
一起看台球那些人,https://www.goodiptv.club/douyu/10078171
书岳钓鱼的直播间,https://www.goodiptv.club/douyu/10100206
农村一级野钓大师,https://www.goodiptv.club/douyu/9433591
【川麻】麻将大师赛,https://www.goodiptv.club/douyu/10217975
辽视辽宁春晚集锦,https://www.goodiptv.club/douyu/9403738
农民野钓的直播间,https://www.goodiptv.club/douyu/10103361
冷门惊悚片,一次看过瘾,https://www.goodiptv.club/douyu/9647845
荒野避难所的直播间,https://www.goodiptv.club/douyu/10234334
小猪搞笑精选,https://www.goodiptv.club/douyu/10329752
墨西哥大毒枭的传奇往事,https://www.goodiptv.club/douyu/9422144
探案解说中,https://www.goodiptv.club/douyu/9065302
用乐高给猫做一次自助餐实现他的愿望,https://www.goodiptv.club/douyu/7348194
一起来看大神修复老物件,解压 治愈,https://www.goodiptv.club/douyu/4164119
朱一旦顶级团队·802,职场大爆炸,https://www.goodiptv.club/douyu/8768943
娱乐扒叔的直播间,https://www.goodiptv.club/douyu/9624581
听霏o姐说,https://www.goodiptv.club/douyu/8830082
老刘带你看大片,https://www.goodiptv.club/douyu/3985805
正在解说丧尸片,https://www.goodiptv.club/douyu/10075154
用细致的角度观察电影,https://www.goodiptv.club/douyu/3715426
整活视频,开心就好,https://www.goodiptv.club/douyu/10319056
菠萝说电影,https://www.goodiptv.club/douyu/3714736
最强拳王——刘牙速看,https://www.goodiptv.club/douyu/9542676
聊聊钓青鱼,https://www.goodiptv.club/douyu/10105639
趣评测李杰灵的直播间~,https://www.goodiptv.club/douyu/751316
【崖山】创意电影脑洞大开,https://www.goodiptv.club/douyu/8325511
沙雕日常笑不停,https://www.goodiptv.club/douyu/9516137
【熊猫电影】超详细的电影解说,https://www.goodiptv.club/douyu/3506483
【久远酱】动漫解说,进来就对了,https://www.goodiptv.club/douyu/9046649
奇趣研究的直播间,https://www.goodiptv.club/douyu/8661456
【朱一旦】朱一旦的枯燥生活,https://www.goodiptv.club/douyu/7907979
唐人探影的直播间,https://www.goodiptv.club/douyu/10371561
选一栋豪宅,配得上你的未来,https://www.goodiptv.club/douyu/9172774
陈易的奇闻趣事直播间,https://www.goodiptv.club/douyu/9365118
带您进入醉我天涯的影视世界,https://www.goodiptv.club/douyu/9479775
超美竹公子来说书,https://www.goodiptv.club/douyu/8887432
【速看】超精彩的电影解说,等你来看,https://www.goodiptv.club/douyu/8808506
脑洞大到飞起,猜到结局算我输,https://www.goodiptv.club/douyu/8706084
维立方电影的直播间,https://www.goodiptv.club/douyu/8706393
流小象   爆笑配音动画,https://www.goodiptv.club/douyu/2441228
Hello~大家好呀我是小虾米,https://www.goodiptv.club/douyu/102114
徒手冰河捞鱼,https://www.goodiptv.club/douyu/10039005
王俊凯的资源组的直播间,https://www.goodiptv.club/douyu/8862216
【清凌】N分钟带你看完大片,https://www.goodiptv.club/douyu/9488836
带您进入崎L的动漫小屋,https://www.goodiptv.club/douyu/9409703
游钓文龙的直播间,https://www.goodiptv.club/douyu/10104803
【速看】深度解读各种冷门佳作,https://www.goodiptv.club/douyu/8850682
斗破苍穹有声书,https://www.goodiptv.club/douyu/10308242
欧文讲飞盘,https://www.goodiptv.club/douyu/9678790
大家好( ﾟ∀ ﾟ) 9283356,https://www.goodiptv.club/douyu/9283356
轩辕Elias的直播间,https://www.goodiptv.club/douyu/9412454
【大蓝雀】最新神剧爆笑解说,https://www.goodiptv.club/douyu/8656759
下次直播再见~,https://www.goodiptv.club/douyu/10417360
带你走进各种离奇案件,https://www.goodiptv.club/douyu/6725858
重量级拳王的史诗级对抗,https://www.goodiptv.club/douyu/9412138
带您进入一条正经·in的知识海洋,https://www.goodiptv.club/douyu/9497985
买不起看得起的豪宅,https://www.goodiptv.club/douyu/9314668
玩纸牌的yolo,https://www.goodiptv.club/douyu/5077166
发现放映室,https://www.goodiptv.club/douyu/8791622
龙视超级笑匠的直播间,https://www.goodiptv.club/douyu/9375450
电视这个圈儿的直播间,https://www.goodiptv.club/douyu/9425669
【小超讲电影】几分钟看完一部精彩电影,https://www.goodiptv.club/douyu/3432645
制作show的直播间,https://www.goodiptv.club/douyu/9550226
指缝君看大片,https://www.goodiptv.club/douyu/9647834
德国来的女婿,https://www.goodiptv.club/douyu/9194089
【电影漩涡】好电影让你感同身受,https://www.goodiptv.club/douyu/8706350
动漫搞笑配音,https://www.goodiptv.club/douyu/9650181
经典老电影,那种非常经典的,https://www.goodiptv.club/douyu/10411518
【聊天室】日本女子摔跤,https://www.goodiptv.club/douyu/425809
【电影黑匣子】用心去解读每一部电影,https://www.goodiptv.club/douyu/8706652
下饭必看直播间,https://www.goodiptv.club/douyu/9788756
中国喜剧力量,https://www.goodiptv.club/douyu/9403781
小说《鬼吹灯》全集精讲,https://www.goodiptv.club/douyu/10317257
恐怖游戏全看【主播视频轮播】,https://www.goodiptv.club/douyu/10401481
正在解说【犯罪心理】,值得研究,https://www.goodiptv.club/douyu/8851140
小小鹿的恐怖故事馆（故事内容仅为小说）,https://www.goodiptv.club/douyu/9442889
【铁三角】斗嘴的日常,https://www.goodiptv.club/douyu/9994377
带你体验宇宙时空之旅,https://www.goodiptv.club/douyu/9439712
交通事故集合：出行注意安全,https://www.goodiptv.club/douyu/9759970
28岁电影的直播间,https://www.goodiptv.club/douyu/8884164
看一部电影 体百味人生,https://www.goodiptv.club/douyu/8774345
聊奇闻异事、挖未解之谜,https://www.goodiptv.club/douyu/10181584
爱电影更爱你,https://www.goodiptv.club/douyu/549693
麻雀喳喳野行记的直播间,https://www.goodiptv.club/douyu/10088966
爆笑行为大赏,https://www.goodiptv.club/douyu/10329767
龙视开心麻花街的直播间,https://www.goodiptv.club/douyu/9374862
带您进入神之传说的动漫小屋,https://www.goodiptv.club/douyu/9370168
萌宠搞笑视频连连看,https://www.goodiptv.club/douyu/8653533
老牌香港明星的最全八卦,https://www.goodiptv.club/douyu/9970047
快乐男孩解说经典,https://www.goodiptv.club/douyu/8795274
石头老纪的直播间,https://www.goodiptv.club/douyu/9047060
每周更新  更多娱乐,https://www.goodiptv.club/douyu/5918434
探秘者大正的直播间,https://www.goodiptv.club/douyu/9330485
泰叔来斗鱼了,https://www.goodiptv.club/douyu/9348784
带您走进博然的电影世界,https://www.goodiptv.club/douyu/9561992
讲故事的角色 一起看电影,https://www.goodiptv.club/douyu/4400816
带您进入腹黑电影的电影世界,https://www.goodiptv.club/douyu/8867878
恐怖片解说,想来点刺激的,https://www.goodiptv.club/douyu/9447668
弹弹琴唱唱歌聊聊天～,https://www.goodiptv.club/douyu/2281324
带您进入Fatal飞雪的动漫小屋,https://www.goodiptv.club/douyu/8813596
奇趣电影一次看个够,https://www.goodiptv.club/douyu/3508538
初音 弱音 原神 崩3MMD,https://www.goodiptv.club/douyu/9235284
黑暗骑士DARKSWEET的直播间,https://www.goodiptv.club/douyu/8795660
蓝光乐队翻唱大合集,https://www.goodiptv.club/douyu/9572351
秦看番的直播间,https://www.goodiptv.club/douyu/9542832
世界最神秘的事你整明白了没？,https://www.goodiptv.club/douyu/9580477
邢生讲解的童年经典,https://www.goodiptv.club/douyu/9665298
游戏剧情系列/恐怖/主机/通关,https://www.goodiptv.club/douyu/10401475
【多巴安工作室】日常生活搞笑,一起欢乐,https://www.goodiptv.club/douyu/9446799
网络热门骗子鉴赏,https://www.goodiptv.club/douyu/1286383
奇趣作案手法模拟,https://www.goodiptv.club/douyu/9480767
【宇哥】极限惊悚,无限反转,https://www.goodiptv.club/douyu/8651489
最好看的影视片段,https://www.goodiptv.club/douyu/7212528
【QS女老师】萌系萝莉 辛辣吐槽,https://www.goodiptv.club/douyu/563536
中国妹子镜头下真实的日本,https://www.goodiptv.club/douyu/8745628
【小侠】带你看电影,https://www.goodiptv.club/douyu/9734042
用户17222014的直播间,https://www.goodiptv.club/douyu/9647285
带您进入永无止境的动漫小屋,https://www.goodiptv.club/douyu/9442980
带您进入动画魂的动漫小屋,https://www.goodiptv.club/douyu/9393242
海鲸湾 情景推理,https://www.goodiptv.club/douyu/9475113
【看电影了没】深度讲解电影,https://www.goodiptv.club/douyu/9562616
尚大人OwO的直播间,https://www.goodiptv.club/douyu/9656124
影视绝美混剪轮播,https://www.goodiptv.club/douyu/9662856
杰森、人皮脸,各种杀人魔解说，你敢看吗？,https://www.goodiptv.club/douyu/9314689
17号说动漫热血解说,https://www.goodiptv.club/douyu/9822277
带您进入在下小苏Su的日常,https://www.goodiptv.club/douyu/8658051
动漫新番看这里,包子解说,https://www.goodiptv.club/douyu/9028721
【冬粮】解析电影 品评人生,https://www.goodiptv.club/douyu/5192695
带您进入5毒士的动漫小屋,https://www.goodiptv.club/douyu/9406600
家用数码科技测评第一线,https://www.goodiptv.club/douyu/9446511
买菜要砍价,https://www.goodiptv.club/douyu/9477851
民工小代带你体验最真实的农民工生活~,https://www.goodiptv.club/douyu/9616619
爆笑段子大本营坚持十秒不笑算你赢,https://www.goodiptv.club/douyu/8729614
动漫混剪放映厅,https://www.goodiptv.club/douyu/9191006
这是我能看的吗？,https://www.goodiptv.club/douyu/9407329
鹿老尸的直播间,https://www.goodiptv.club/douyu/857979
喜欢二次元动漫就点进来吧,https://www.goodiptv.club/douyu/4285043
老sao的沙雕动漫解说,https://www.goodiptv.club/douyu/8833450
魏巍吴群雄争霸,发弹幕加入国战,https://www.goodiptv.club/douyu/8892864
【恶搞】一样的电影,不一样的feel,https://www.goodiptv.club/douyu/2519745
德彪的故事,你看懂了吗？,https://www.goodiptv.club/douyu/9145648
鞋迷的极致追求,https://www.goodiptv.club/douyu/9687221
【鸡哥】一部电影就是一个人生,https://www.goodiptv.club/douyu/5067952
带您走进心史酱动漫的小屋,https://www.goodiptv.club/douyu/9488056
有酒有肉,欢迎找我聊天,https://www.goodiptv.club/douyu/9075374
珏月影视的直播间,https://www.goodiptv.club/douyu/9339251
没 有 人 比 我 更 懂 二 次 元,https://www.goodiptv.club/douyu/8977251
到远方旅行,https://www.goodiptv.club/douyu/9614588
【搞笑】学会了这就去和女神对线,https://www.goodiptv.club/douyu/9382395
戏晶SHOW的直播间,https://www.goodiptv.club/douyu/9565130
梦觉教游泳,https://www.goodiptv.club/douyu/4531679
乐儿陪你看动漫,https://www.goodiptv.club/douyu/8221699
《好久不见,武汉》,https://www.goodiptv.club/douyu/8933612
灵异奇谈的直播间,https://www.goodiptv.club/douyu/9678207
Melo的健身课堂的直播间,https://www.goodiptv.club/douyu/9306609
【一拳超人】高燃解说,https://www.goodiptv.club/douyu/9568700
正能量扶贫日记,https://www.goodiptv.club/douyu/8662684
野生岛民的直播间,https://www.goodiptv.club/douyu/10217843
老人家-小熊喵君,https://www.goodiptv.club/douyu/753342
雷电舞大哥,https://www.goodiptv.club/douyu/1528853
四叶草影视的直播间,https://www.goodiptv.club/douyu/9446117
来吐槽 9510544,https://www.goodiptv.club/douyu/9510544
技术流声控,https://www.goodiptv.club/douyu/749124
这里有一个摇滚萝莉,https://www.goodiptv.club/douyu/6428730
动漫推荐官方直播间,https://www.goodiptv.club/douyu/5187099
黑菠萝陪你侃大片,https://www.goodiptv.club/douyu/5803764
王力差点红的小周慧敏来啦,https://www.goodiptv.club/douyu/9348469
忙着呢,https://www.goodiptv.club/douyu/2798717
【动漫】记录你的王者峡谷生活,https://www.goodiptv.club/douyu/9360149
御前狼王顾云川的直播间,https://www.goodiptv.club/douyu/9517289
最新奇幻电影解说-宇宙无敌韩三金,https://www.goodiptv.club/douyu/3194372
小尒哆啦哆,https://www.goodiptv.club/douyu/8362978
秀才侃娱乐,https://www.goodiptv.club/douyu/9382873
阳仔骑行的直播间,https://www.goodiptv.club/douyu/9329185
锦书致南辞,https://www.goodiptv.club/douyu/2894528
世界纪录大全的直播间,https://www.goodiptv.club/douyu/9406359
压力洋哥家的直播间,https://www.goodiptv.club/douyu/5297259
精彩短剧播不停,https://www.goodiptv.club/douyu/8475821
欢乐吐槽,一起来看大白话瞎突突,https://www.goodiptv.club/douyu/9412287
卡牌大师花式切牌,有点东西,https://www.goodiptv.club/douyu/9388557
Ido漫说的直播间,https://www.goodiptv.club/douyu/9456379
【娴娜酱】带你一起看动漫,https://www.goodiptv.club/douyu/9445557
已更新：宇哥带你几分钟看完一部好电影,https://www.goodiptv.club/douyu/2104744
娱乐明星一手消息,理娱打挺疼,https://www.goodiptv.club/douyu/2925563
【哂笑派】爆笑解说,https://www.goodiptv.club/douyu/2987100
冰糖葫芦没放糖,https://www.goodiptv.club/douyu/3505453
黑化毒物的直播间,https://www.goodiptv.club/douyu/3579219
珺珺说电影,https://www.goodiptv.club/douyu/3718888
动漫配音 安排安排,https://www.goodiptv.club/douyu/4049310
吉他的音乐教学,https://www.goodiptv.club/douyu/4564166
干货年度潮鞋评测,https://www.goodiptv.club/douyu/4585643
动漫杂谈放送,https://www.goodiptv.club/douyu/5124602
枫凌雨畔的直播间,https://www.goodiptv.club/douyu/5279518
驴哥解说最奇趣的电影,https://www.goodiptv.club/douyu/5376478
浪漫浪说电影集锦,https://www.goodiptv.club/douyu/5424258
目及-疯狂安利下饭剧,https://www.goodiptv.club/douyu/8712204
程序员易哈希的直播间,https://www.goodiptv.club/douyu/8759268
直男粤语爆笑综艺reaction,https://www.goodiptv.club/douyu/8764282
【一起过七夕】大力学姐·搞笑影视解说时间,https://www.goodiptv.club/douyu/8784719
同学们快进来学知识,https://www.goodiptv.club/douyu/8799739
阎牛杰哥的直播间,https://www.goodiptv.club/douyu/8815425
八月几分钟带你看经典电影,https://www.goodiptv.club/douyu/8816671
关羽猬动漫剧场,https://www.goodiptv.club/douyu/8820996
【速看】码哥出品,必是精品,https://www.goodiptv.club/douyu/8821892
几号房间V的直播间,https://www.goodiptv.club/douyu/8829425
神迹小霸霸的直播间,https://www.goodiptv.club/douyu/8837963
没有人比我更懂二次元,https://www.goodiptv.club/douyu/8849954
带您进入不会骑马的健身少年的日常,https://www.goodiptv.club/douyu/8862198
颜雪落的直播间,https://www.goodiptv.club/douyu/8864291
带您进入YIKa777的动漫小屋,https://www.goodiptv.club/douyu/8868213
这里有你要的 8871095,https://www.goodiptv.club/douyu/8871095
【月影轮播间】后宫番解说,https://www.goodiptv.club/douyu/8885525
架子鼓美少女,https://www.goodiptv.club/douyu/8887438
【噬元兽】小姐姐带你看剧啦,https://www.goodiptv.club/douyu/8896723
【托尔纳桃花剑】动漫特设反复横跳,https://www.goodiptv.club/douyu/8896743
【前女友】动漫了解一个,https://www.goodiptv.club/douyu/8896746
搞 起 来 8943060,https://www.goodiptv.club/douyu/8943060
【狂阿弥】电影VLOG文学,https://www.goodiptv.club/douyu/8975282
带您进入总之的电影世界,https://www.goodiptv.club/douyu/8978669
大哥大姐们,看看我吧,https://www.goodiptv.club/douyu/9013989
栗子恋爱课堂,在线教你脱单哟,https://www.goodiptv.club/douyu/9046097
祝各位如虎添翼,https://www.goodiptv.club/douyu/9055742
尽量讲事实,但是带情绪,https://www.goodiptv.club/douyu/9090487
【功夫梦王小虎】拳拳到肉,实拍功夫,https://www.goodiptv.club/douyu/9169624
张开嘴吃我安利啦,https://www.goodiptv.club/douyu/9184833
山下智博超精彩的日常分享,https://www.goodiptv.club/douyu/9186596
迷影至下Filmlast的直播间,https://www.goodiptv.club/douyu/9187596
没有我没看过的番,https://www.goodiptv.club/douyu/9207457
9272327的直播间,https://www.goodiptv.club/douyu/9272327
9351043的直播间,https://www.goodiptv.club/douyu/9351043
狗毛电影的直播间,https://www.goodiptv.club/douyu/9356637
带您进入莱纳电影的电影世界,https://www.goodiptv.club/douyu/9356937
小丽说电影每日更新,https://www.goodiptv.club/douyu/9368016
伦帝入驻斗鱼啦,https://www.goodiptv.club/douyu/9368091
9371552的直播间,https://www.goodiptv.club/douyu/9371552
半藏科普直播间,https://www.goodiptv.club/douyu/9372627
非常有格调的影视剪辑~,https://www.goodiptv.club/douyu/9384527
带您进入安琪儿的翅膀的动漫小屋,https://www.goodiptv.club/douyu/9388783
九写峪的直播间,https://www.goodiptv.club/douyu/9393501
带您进入少年阿虎的动漫小屋,https://www.goodiptv.club/douyu/9396762
和火影有关的一切,https://www.goodiptv.club/douyu/9398828
【短剧】最奇异的人生问题,https://www.goodiptv.club/douyu/9409722
齐木楠雄陪你看动漫,https://www.goodiptv.club/douyu/9415755
晓晓说电影的直播间,https://www.goodiptv.club/douyu/9430717
搞笑/悬疑,经典电影解说轮播,https://www.goodiptv.club/douyu/9433806
为全国中老年朋友发声,https://www.goodiptv.club/douyu/9440530
漫威/DC宇宙讲解中,https://www.goodiptv.club/douyu/9440728
哈施,大家好 一起来看电影吧,https://www.goodiptv.club/douyu/9440966
轻风乍起的直播间,https://www.goodiptv.club/douyu/9445489
影子树影视解说,每日更新,https://www.goodiptv.club/douyu/9446338
铁头与桅子（每周更新一起看霸王）,https://www.goodiptv.club/douyu/9450942
大JIANG 剪辑/特效教学,https://www.goodiptv.club/douyu/9455480
带您进入忆样的动漫小屋,https://www.goodiptv.club/douyu/9455518
热门新片/新剧解说直播间,https://www.goodiptv.club/douyu/9455937
带您进入潜伏的动漫小屋,https://www.goodiptv.club/douyu/9458345
最会讲电影的漂亮小姐姐看一眼,https://www.goodiptv.club/douyu/9464182
“酒醉东梦带你看全球政治经济变化”,https://www.goodiptv.club/douyu/9477805
预言家Alice的直播间,https://www.goodiptv.club/douyu/9483772
迷剧阿芮的直播间,https://www.goodiptv.club/douyu/9486024
MG Cyberster零距离现场拆解,https://www.goodiptv.club/douyu/9498554
带您进入LCPD拉登的动画世界,https://www.goodiptv.club/douyu/9503015
庆皇隆利他,https://www.goodiptv.club/douyu/9524210
Nino学长的直播间,https://www.goodiptv.club/douyu/9525473
带您进入潇洒公子的动漫小屋,https://www.goodiptv.club/douyu/9535657
带您进入笑点组长的搞笑世界,https://www.goodiptv.club/douyu/9535757
名人传奇来啊,涨知识啊～,https://www.goodiptv.club/douyu/9539063
带您进入光影故事汇的电影世界,https://www.goodiptv.club/douyu/9541423
枫狂吐槽的动漫推荐没番看就进来吧,https://www.goodiptv.club/douyu/9541849
露爷说漫的直播间,https://www.goodiptv.club/douyu/9542830
猫八解说的直播间,https://www.goodiptv.club/douyu/9542831
街头英语角的直播间,https://www.goodiptv.club/douyu/9548244
黑衣陌秦mq的直播间,https://www.goodiptv.club/douyu/9559308
本主儿的直播间,https://www.goodiptv.club/douyu/9565677
TFBOYS饭团官博的直播间,https://www.goodiptv.club/douyu/9565765
上来先丢大,https://www.goodiptv.club/douyu/9566154
桃红梨白专栏的直播间,https://www.goodiptv.club/douyu/9568196
忆的Ethan的直播间,https://www.goodiptv.club/douyu/9570042
有JJv的直播间,https://www.goodiptv.club/douyu/9575463
爱经人的丸子   时尚评测,https://www.goodiptv.club/douyu/9576933
【柚子树】悬疑电影大观园,https://www.goodiptv.club/douyu/9606419
翾臻秋的直播间,https://www.goodiptv.club/douyu/9623057
二次元放映室,喜欢二次元，关注我就对了!,https://www.goodiptv.club/douyu/9624330
带您进入海男Rexv的时尚天堂,https://www.goodiptv.club/douyu/9626732
吾恩的音乐世界,https://www.goodiptv.club/douyu/9631914
不正经的讲故事,甜沫口音,https://www.goodiptv.club/douyu/9636034
用户67075445的直播间,https://www.goodiptv.club/douyu/9649913
喵招诗雨的直播间,https://www.goodiptv.club/douyu/9651121
【混剪】情感向,https://www.goodiptv.club/douyu/9651506
童乐说电影,https://www.goodiptv.club/douyu/9660704
冷冷冷没有比这里更冷门的电影解说了,https://www.goodiptv.club/douyu/9666219
佛曰影视的直播间,https://www.goodiptv.club/douyu/9671758
【OooOlivia奥莉薇】穿出你的美,https://www.goodiptv.club/douyu/9678862
用户81130217的直播间,https://www.goodiptv.club/douyu/9683911
Rabbit每日爆料的直播间,https://www.goodiptv.club/douyu/9685652
情感测试小分队的直播间,https://www.goodiptv.club/douyu/9697688
鲁过一世的直播间,https://www.goodiptv.club/douyu/9716515
没腿毛的哥哥的直播间,https://www.goodiptv.club/douyu/9720447
柠檬柠檬萌菌的直播间,https://www.goodiptv.club/douyu/9720895
看个M啥的直播间,https://www.goodiptv.club/douyu/9720919
训练师十六的直播间,https://www.goodiptv.club/douyu/9721338
女装大佬VS东北大叔,https://www.goodiptv.club/douyu/9722147
TSSS映画的直播间,https://www.goodiptv.club/douyu/9749339
樊帆说电影的直播间,https://www.goodiptv.club/douyu/9769563
鲈环姨Yee的直播间,https://www.goodiptv.club/douyu/9791703
9991820的直播间,https://www.goodiptv.club/douyu/9991820
用户56448303的直播间,https://www.goodiptv.club/douyu/10064260
同同电影的直播间,https://www.goodiptv.club/douyu/10155359
怪异君来了悬疑世界,https://www.goodiptv.club/douyu/10279570
【曹小灵】揭秘各国砍头帮,https://www.goodiptv.club/douyu/10289400
大笑电影院的直播间,https://www.goodiptv.club/douyu/10329300
剧燃有趣的直播间,https://www.goodiptv.club/douyu/10329702
立即动画的直播间,https://www.goodiptv.club/douyu/10351891
大魔王解说,https://www.goodiptv.club/douyu/10415661
最好看剧都在这里,https://www.goodiptv.club/douyu/10508677
小姐姐小乔讲电影,https://www.goodiptv.club/douyu/8413908
老司机扯电影的直播间,https://www.goodiptv.club/douyu/9447717
荒野中的人肉挖掘机,https://www.goodiptv.club/douyu/9618038
九仙人儿最新视频已更新,真香现场,https://www.goodiptv.club/douyu/8669085
【麻瓜学院】一起来感受魔法,https://www.goodiptv.club/douyu/9272077
阚酱盘动漫的直播间,https://www.goodiptv.club/douyu/9547575
前任电影的直播间,https://www.goodiptv.club/douyu/9329242
带您进入华白雨的动漫小屋,https://www.goodiptv.club/douyu/9495454
【阿松播剧】恐怖喜剧,一键切换,https://www.goodiptv.club/douyu/8880843
大壮撞电影,https://www.goodiptv.club/douyu/9437349
西施约你看电影,https://www.goodiptv.club/douyu/7532080
来看我跳舞(*^▽^*)（每周更新）,https://www.goodiptv.club/douyu/9211287
斗鱼最温情电影解说,https://www.goodiptv.club/douyu/8799435
【二哈】几分钟看完各种恐怖大片,https://www.goodiptv.club/douyu/8778280
老电影故事的直播间,https://www.goodiptv.club/douyu/9167273
郭云神奇的神经奇解说,https://www.goodiptv.club/douyu/8694831
屁屁鸭和他的朋友们,https://www.goodiptv.club/douyu/9461930
笑哈哈团长,https://www.goodiptv.club/douyu/10329368
山里记的直播间,https://www.goodiptv.club/douyu/9410236
【麦绿素】几分钟带你完整看电影（尽量）,https://www.goodiptv.club/douyu/9336437
沙雕番推荐,无聊你就来看,https://www.goodiptv.club/douyu/8859276
SKYE魔-手绘,https://www.goodiptv.club/douyu/9460834
超精彩电影解说,https://www.goodiptv.club/douyu/10319545
带您进入新视角解说的电影世界,https://www.goodiptv.club/douyu/8813254
吟游诗人基德的直播间,https://www.goodiptv.club/douyu/9337049
猪弟弟电影,https://www.goodiptv.club/douyu/8862501
欢迎来到超级英雄的世界,https://www.goodiptv.club/douyu/9665696
听完发现这些书白读了~,https://www.goodiptv.club/douyu/2680501
将军令片的直播间,https://www.goodiptv.club/douyu/8529736
速看丽姐说电影,https://www.goodiptv.club/douyu/9437283
憨憨仓鼠,闯关冲冲冲,https://www.goodiptv.club/douyu/10354920
阿忙来斗鱼赶海了,https://www.goodiptv.club/douyu/9348876
认真科普,偶尔不务正业的瞎扯,https://www.goodiptv.club/douyu/9072066
同行的直播间 2718202,https://www.goodiptv.club/douyu/2718202
【草泥泥影院】每日解说欧美高分动画,https://www.goodiptv.club/douyu/9091049
【阿木】解说高分经典电影,https://www.goodiptv.club/douyu/532050
在荒野建一个动物园,https://www.goodiptv.club/douyu/9663833
真人改编,史上最凶残的毒枭，世界七大富豪,https://www.goodiptv.club/douyu/9937291
叶墨的百妖馆的直播间,https://www.goodiptv.club/douyu/9517351
恐怖悬疑小故事精彩解说,https://www.goodiptv.club/douyu/6361974
小姐姐Die跑哦的直播间,https://www.goodiptv.club/douyu/8666258
钱小元说电影的直播间,https://www.goodiptv.club/douyu/9368265
会火-娱乐先知 海量资讯内容等你来看,https://www.goodiptv.club/douyu/9442836
童年经典动漫讲解,https://www.goodiptv.club/douyu/9734515
自虐级不要笑挑战,https://www.goodiptv.club/douyu/2174405
【神剧top】十分钟传递影视情感,https://www.goodiptv.club/douyu/8286679
吃鸡小表弟魔性吃鸡,https://www.goodiptv.club/douyu/9370197
【蓝星人】颠覆你想象的神秘未解谜团,https://www.goodiptv.club/douyu/9431727
铲屎官和高智商狗狗的温暖治愈日常,https://www.goodiptv.club/douyu/8662812
哈哈哈哈哈哈哈 9583975,https://www.goodiptv.club/douyu/9583975
飞行,驾驶，太空  ,https://www.goodiptv.club/douyu/5727066
起来啦小躺的直播间,https://www.goodiptv.club/douyu/8849047
经典日漫,剧情向剪辑,https://www.goodiptv.club/douyu/9193179
最好看的搞笑篮球动漫,https://www.goodiptv.club/douyu/9401305
最有梗的直播间,全是影视梗,https://www.goodiptv.club/douyu/9480648
进击de伏特加的直播间,https://www.goodiptv.club/douyu/9501444
是天才还是穿越,https://www.goodiptv.club/douyu/8662915
猫眼电影影视的直播间,https://www.goodiptv.club/douyu/8726221
小爱看大片的直播间,https://www.goodiptv.club/douyu/9312805
鲨说电影的直播间,https://www.goodiptv.club/douyu/9544628
二次元fans鹿鹿~鹿鹿陪你看动漫,https://www.goodiptv.club/douyu/8661526
KB唱歌时间,https://www.goodiptv.club/douyu/8970851
妈见打ovo的直播间,https://www.goodiptv.club/douyu/9413151
【搞笑孟文明】有趣的灵魂万里挑一,https://www.goodiptv.club/douyu/9766337
最详细的解说,https://www.goodiptv.club/douyu/9542834
动画大师姐的直播间,https://www.goodiptv.club/douyu/9742136
来看热血动漫,https://www.goodiptv.club/douyu/9931766
【骑士】 10分钟浓缩电影精华,https://www.goodiptv.club/douyu/9958943
low君带你发掘更多好剧,https://www.goodiptv.club/douyu/8461020
戴萌兔的模玩手办展示,https://www.goodiptv.club/douyu/9522315
第七艺术坊的直播间,https://www.goodiptv.club/douyu/9737022
【高甜KISS】酥到爆炸的吻戏合集,https://www.goodiptv.club/douyu/8807568
拳击大王的直播间,https://www.goodiptv.club/douyu/9385340
chshh的沙雕视频,https://www.goodiptv.club/douyu/9570579
最真实的陕西农村生活,见过吗？,https://www.goodiptv.club/douyu/5794474
电影冷知识的直播间,https://www.goodiptv.club/douyu/9660835
热门电视剧/综艺的疯狂吐槽,https://www.goodiptv.club/douyu/9663084
突然听懂系列,https://www.goodiptv.club/douyu/8724904
带您走进侯瑶瑶的动漫绘画世界,https://www.goodiptv.club/douyu/9450568
【国士无双人物传奇】无双国士人物分享,https://www.goodiptv.club/douyu/9544555
旺仔大哥哥哥阿的直播间,https://www.goodiptv.club/douyu/9629361
涛哥玩吃鸡,https://www.goodiptv.club/douyu/613850
王哥说电影的直播间,https://www.goodiptv.club/douyu/9312685
什么都解说一下的育碧先生,https://www.goodiptv.club/douyu/9505962
带您进入白鱼Sakana的动漫小屋,https://www.goodiptv.club/douyu/9611771
XCin,你的私人球鞋顾问,https://www.goodiptv.club/douyu/3617935
新疆人提亲真豪横,https://www.goodiptv.club/douyu/9047046
奇趣故事的博物馆,看完不亏,https://www.goodiptv.club/douyu/9409723
人性的本质是什么样的？,https://www.goodiptv.club/douyu/9443129
问题狗狗大改造,https://www.goodiptv.club/douyu/9478842
【刘也变】搞笑的超能力者,https://www.goodiptv.club/douyu/9489079
爱星影视的直播间,https://www.goodiptv.club/douyu/9476806
Erik带你打造超级英雄身板,https://www.goodiptv.club/douyu/9370434
【经典动漫】 9455567,https://www.goodiptv.club/douyu/9455567
是否要去的你的,https://www.goodiptv.club/douyu/9533302
【有超超】那些童年回忆的动画,https://www.goodiptv.club/douyu/9665484
感受不一样的新农村,https://www.goodiptv.club/douyu/9850661
爆笑P图和游戏日常,https://www.goodiptv.club/douyu/2282604
爆爆的成长之路,https://www.goodiptv.club/douyu/10394922
【苏八拉西】快乐搞笑频道,https://www.goodiptv.club/douyu/97643
动漫二次元#补番推荐#,https://www.goodiptv.club/douyu/9429545
小浅说电影的直播间,https://www.goodiptv.club/douyu/9665834
超然电影解说,https://www.goodiptv.club/douyu/4626315
农村俏丫儿的直播间,https://www.goodiptv.club/douyu/9344884
游戏天才纪录片【话龙电竞】,https://www.goodiptv.club/douyu/9957571
今天可以吃住人了吗的直播间,https://www.goodiptv.club/douyu/4340136
【罗杰】高分悬疑推理电影盘点解说,https://www.goodiptv.club/douyu/8821917
豆客解说的直播间,https://www.goodiptv.club/douyu/8883122
动漫精彩混剪,令人极为舒适的踩点衔接,https://www.goodiptv.club/douyu/9192852
当下频道的当下世界,https://www.goodiptv.club/douyu/9389239
动漫女神儿  每日更新,https://www.goodiptv.club/douyu/9439594
mzx阿哲   动漫杂谈,https://www.goodiptv.club/douyu/9483965
精彩电影,看就完事了,https://www.goodiptv.club/douyu/9486015
解说-厨神当道 地狱厨房 天桥骄子,https://www.goodiptv.club/douyu/9753585
嘎嘣带您看大片,https://www.goodiptv.club/douyu/10082307
说笑武林的直播间,https://www.goodiptv.club/douyu/10329706
缺实战鞋吗,送你一双,https://www.goodiptv.club/douyu/865331
暴走兄弟v的直播间,https://www.goodiptv.club/douyu/9350960
【经典电影】 历届奥斯卡最佳影片盘点解说,https://www.goodiptv.club/douyu/9402110
一起欣赏电影,https://www.goodiptv.club/douyu/9444627
【老剧新赏/影视】第一人称视角解说,https://www.goodiptv.club/douyu/9663665
CYN大帅比的直播间,https://www.goodiptv.club/douyu/9718700
罗休休的爆笑校园,https://www.goodiptv.club/douyu/9403178
小鸭子老师来唱歌,https://www.goodiptv.club/douyu/9627625
周队长电影解说,https://www.goodiptv.club/douyu/9023539
荒野建筑指南的直播间,https://www.goodiptv.club/douyu/10226974
小木鱼ze妈呀的直播间,https://www.goodiptv.club/douyu/11199147
很有趣的电影解说,https://www.goodiptv.club/douyu/8837964
小岛电影精选,https://www.goodiptv.club/douyu/9390955
渝岸潮疆233的直播间,https://www.goodiptv.club/douyu/9518082
变的沙雕起来了,https://www.goodiptv.club/douyu/9541736
网红赤炘男孩来了都是热知识,https://www.goodiptv.club/douyu/9835644
电影幕后喵的直播间,https://www.goodiptv.club/douyu/8884074
冷门动漫解说,https://www.goodiptv.club/douyu/9064711
【晨光君】进来一起影视解说,https://www.goodiptv.club/douyu/9484541
【我是阿树酱】不一样的影视解说,https://www.goodiptv.club/douyu/9486020
【搞笑】大金链子,https://www.goodiptv.club/douyu/9741805
【漫画解说】漫威宇宙解说,https://www.goodiptv.club/douyu/5907076
原创歌手双笙陈元榕入驻斗鱼啦,https://www.goodiptv.club/douyu/6476693
懵懵守夜女频漫画,https://www.goodiptv.club/douyu/8842108
带您进入嘎嘣脆土拨鼠的鬼畜现场,https://www.goodiptv.club/douyu/9564230
fans圈娱乐的直播间,https://www.goodiptv.club/douyu/9630581
暮小肆的放飞日常,https://www.goodiptv.club/douyu/9634199
老王的夜电影院,https://www.goodiptv.club/douyu/3498219
带你看好剧好电影,喜欢点个关注哦,https://www.goodiptv.club/douyu/8747638
超魔性换脸直播间,别错过~,https://www.goodiptv.club/douyu/9323164
你知道人的一生有多长吗？,https://www.goodiptv.club/douyu/9477915
祝晓晗的直播间,https://www.goodiptv.club/douyu/9575293
无界电影的直播间,https://www.goodiptv.club/douyu/9720498
派友放映室-好看又好玩的放映室,https://www.goodiptv.club/douyu/10586105
戒猫中心的直播间,https://www.goodiptv.club/douyu/8658212
重草区搏鱼连杀,https://www.goodiptv.club/douyu/8669435
橘猫瘟Oswald的直播间,https://www.goodiptv.club/douyu/8793544
带您进入皮皮动漫星球的动漫小屋,https://www.goodiptv.club/douyu/8841920
【野火aka】一起追番,https://www.goodiptv.club/douyu/8867233
二次元放映室综漫街接的魅力,https://www.goodiptv.club/douyu/9192932
关于游泳与健身那些事~,https://www.goodiptv.club/douyu/9546016
三新动漫的直播间,https://www.goodiptv.club/douyu/9548279
看电影,懂生活,https://www.goodiptv.club/douyu/9573592
总有一部让你觉得很哇塞的电影,https://www.goodiptv.club/douyu/9820039
星空茶茶的直播间,https://www.goodiptv.club/douyu/8635497
摆烂小主播9087887,https://www.goodiptv.club/douyu/9087887
吐槽各种东西都吐槽,https://www.goodiptv.club/douyu/9540113
放学后联盟 | 协同动画工作室,https://www.goodiptv.club/douyu/9543361
WANJINNY的直播间,https://www.goodiptv.club/douyu/9567755
小太的amv制作与展示,https://www.goodiptv.club/douyu/9606954
京城笑工坊,https://www.goodiptv.club/douyu/10329324
Red袖袖的直播间,https://www.goodiptv.club/douyu/9645396
你听过我唱歌吗？没有的话来听听吧~,https://www.goodiptv.club/douyu/9650246
醋知鱼的科学世界,https://www.goodiptv.club/douyu/5408225
日本惊悚恐怖漫画大师伊藤润二,https://www.goodiptv.club/douyu/8849703
脑洞大开的悬疑短剧【不思异】,https://www.goodiptv.club/douyu/9297412
电影解说员,https://www.goodiptv.club/douyu/9431125
微笑影视解说的直播间,https://www.goodiptv.club/douyu/9476790
十音来斗鱼啦~,https://www.goodiptv.club/douyu/9650451
全是恐怖片的解说直播间,https://www.goodiptv.club/douyu/9736161
少年看电影的直播间,https://www.goodiptv.club/douyu/8762120
火柴人对战,超精彩,https://www.goodiptv.club/douyu/9430394
阿哔方言配音的直播间,https://www.goodiptv.club/douyu/9442903
带您进入孙十一的动漫小屋,https://www.goodiptv.club/douyu/9619048
好像异说故事电影推荐,https://www.goodiptv.club/douyu/8891883
9369937的直播间,https://www.goodiptv.club/douyu/9369937
女汉子还是女神,看看她讲的电影就知道啦,https://www.goodiptv.club/douyu/9395966
芳芳说故事每日更新,https://www.goodiptv.club/douyu/9401905
是小x同学呀  原创动画的世界,https://www.goodiptv.club/douyu/9415020
千代语默的动漫世界,https://www.goodiptv.club/douyu/9484187
小铁房乐队来唱歌啦,https://www.goodiptv.club/douyu/9624976
yoyo酱的菜鸡时间,https://www.goodiptv.club/douyu/884073
阿九筒的“海南美丽乡村”,https://www.goodiptv.club/douyu/3705679
杨山美boat,https://www.goodiptv.club/douyu/6300365
三斤吖的直播间,https://www.goodiptv.club/douyu/9047933
9392433的直播间,https://www.goodiptv.club/douyu/9392433
锋哥聊商机的直播间,https://www.goodiptv.club/douyu/9472141
见证丛林奇迹工程,https://www.goodiptv.club/douyu/9804149
花笙馆长——进击的巨人精彩解说,https://www.goodiptv.club/douyu/2295993
温柔大姐姐声,https://www.goodiptv.club/douyu/2925299
北大美女学霸在线陪聊,https://www.goodiptv.club/douyu/3736649
超燃超治愈超励志短片：你是最棒的,https://www.goodiptv.club/douyu/8700367
万花丛中过 独宠你一个,https://www.goodiptv.club/douyu/8783035
带您进入搞笑院长的电影世界,https://www.goodiptv.club/douyu/8829915
那些年一起追的宝可梦,https://www.goodiptv.club/douyu/9050486
【MAD】极致卡点,极致视听享受,https://www.goodiptv.club/douyu/9191071
旻涵君影视解说直播间,https://www.goodiptv.club/douyu/9354201
带您进入粽子酱的动漫小屋,https://www.goodiptv.club/douyu/9390685
【三七电影】好看电影解说,https://www.goodiptv.club/douyu/9457792
Ethan清醒思考的直播间,https://www.goodiptv.club/douyu/9481151
我的超能力女友的直播间,https://www.goodiptv.club/douyu/9501159
教你学板绘上色,https://www.goodiptv.club/douyu/9501548
纪梵老给给的直播间,https://www.goodiptv.club/douyu/9543413
夏日幻听MCE的直播间,https://www.goodiptv.club/douyu/9546437
木梓车话的直播间,https://www.goodiptv.club/douyu/9602107
沙雕娴的直播间,https://www.goodiptv.club/douyu/9612400
是纯洁上校的直播间,https://www.goodiptv.club/douyu/9666042
小姐姐详细解说动漫,https://www.goodiptv.club/douyu/9674566
大魔王的直播间,https://www.goodiptv.club/douyu/9729740
爱玩家小姐姐播一会,https://www.goodiptv.club/douyu/317409
晓麦带你看电影 453963,https://www.goodiptv.club/douyu/453963
内蒙古卡卡的直播间,https://www.goodiptv.club/douyu/9067858
9191358的直播间,https://www.goodiptv.club/douyu/9191358
讲神话的小志,https://www.goodiptv.club/douyu/9495613
数据库saber的直播间,https://www.goodiptv.club/douyu/9720506
【黑袍】假如超人不再拯救世界,https://www.goodiptv.club/douyu/7508566
带您进入享看电影的世界,https://www.goodiptv.club/douyu/8974130
【动漫盘点+老番补番】动漫片段24h轮播,https://www.goodiptv.club/douyu/9199976
小行家的MMD直播间,https://www.goodiptv.club/douyu/9280356
带您进入鸡蛋糕的动漫小屋,https://www.goodiptv.club/douyu/9367188
律子的经典漫画和宅物分享,https://www.goodiptv.club/douyu/9371308
点点点点点 9458184,https://www.goodiptv.club/douyu/9458184
【伊藤润二】恐怖漫画解说直播间,https://www.goodiptv.club/douyu/9481137
猫总白一帆的直播间,https://www.goodiptv.club/douyu/9517105
来欣赏别墅呀,https://www.goodiptv.club/douyu/9527761
不要因为我的美貌,忽略我有有趣的灵魂,https://www.goodiptv.club/douyu/9559063
开心遛剧场,https://www.goodiptv.club/douyu/10329310
李蝉香的直播间,https://www.goodiptv.club/douyu/4786399
电影先锋V的直播间,https://www.goodiptv.club/douyu/8711212
大胡子魏的直播间,https://www.goodiptv.club/douyu/8792763
带您进入滑稽中二楼的动漫小屋,https://www.goodiptv.club/douyu/8829706
【娱乐】坚果仁的奇幻生活,https://www.goodiptv.club/douyu/8850453
辉夜大小姐想让你看漫画解说,https://www.goodiptv.club/douyu/9039399
补番推荐、动漫吐槽老二次元了,https://www.goodiptv.club/douyu/9272043
JG影视解说的直播间,https://www.goodiptv.club/douyu/9391277
孙毛毛Sunny的直播间,https://www.goodiptv.club/douyu/9424103
齐司礼的直播间,https://www.goodiptv.club/douyu/9481340
外卖仙人成天,https://www.goodiptv.club/douyu/9498506
看动画听听歌,https://www.goodiptv.club/douyu/9506782
【萝莉daylily】美妆好物分享,https://www.goodiptv.club/douyu/9685770
田浅夏柒的直播间,https://www.goodiptv.club/douyu/9747144
【持续更新】中外经典功夫格斗大戦-解说,https://www.goodiptv.club/douyu/10329889
Co视因你而精彩,https://www.goodiptv.club/douyu/1060418
超人.传播正能量搞笑视频,https://www.goodiptv.club/douyu/5961006
鞋鞋鞋时尚男孩进,https://www.goodiptv.club/douyu/8317571
shhher的直播间,https://www.goodiptv.club/douyu/8733680
人形自走变声器日配声优,https://www.goodiptv.club/douyu/8896100
食姐搞笑生活,https://www.goodiptv.club/douyu/9322081
王德发的导演小阿飞 直播间,https://www.goodiptv.club/douyu/9430799
君笑坊的直播间,https://www.goodiptv.club/douyu/9444093
超精彩的高能影视剪辑,https://www.goodiptv.club/douyu/9487090
带您走进周默的电影世界,https://www.goodiptv.club/douyu/9505584
金渐层沈同学,https://www.goodiptv.club/douyu/9516467
好耶进来听歌8,https://www.goodiptv.club/douyu/9533226
你也爱看动漫吗？,https://www.goodiptv.club/douyu/9564766
没命了直播间,https://www.goodiptv.club/douyu/9564845
一只魔玩,持续更新,https://www.goodiptv.club/douyu/9606281
神奇的大智的直播间,https://www.goodiptv.club/douyu/9650047
小刚学长青铜上分路,https://www.goodiptv.club/douyu/9701497
世界那么大,一起去看看~,https://www.goodiptv.club/douyu/10220896
【九儿】高甜真的红,https://www.goodiptv.club/douyu/7335280
Rimworld：皇权,https://www.goodiptv.club/douyu/7661496
吐槽安利各种剧,https://www.goodiptv.club/douyu/8611011
【奥特】经典童年记忆,没有之一,https://www.goodiptv.club/douyu/8841881
来看声音比电影好听的粽子,https://www.goodiptv.club/douyu/8867276
中二病‘后期’ 视频特效大浆,https://www.goodiptv.club/douyu/8891285
搞笑有趣的女生日常,https://www.goodiptv.club/douyu/8911070
俄罗斯女孩安婷的直播间,https://www.goodiptv.club/douyu/9314604
辰哥说电影的直播间,https://www.goodiptv.club/douyu/9371407
带您进入威生天霖的电影世界,https://www.goodiptv.club/douyu/9393403
带您进入龙大人不喷火的搞笑天堂,https://www.goodiptv.club/douyu/9437298
77电影解说,每日更新,https://www.goodiptv.club/douyu/9444320
小鹏漫剪的直播间,https://www.goodiptv.club/douyu/9476810
乡村水龙的直播间,https://www.goodiptv.club/douyu/9486905
【高燃混剪】进来感受海贼王魅力,https://www.goodiptv.club/douyu/9609171
【全职猎人】一网打尽,https://www.goodiptv.club/douyu/10050914
【蔡恩雨Priscilla】的音乐世界,https://www.goodiptv.club/douyu/9662853
【贤于葛格】最会讲电影的贤于来啦,https://www.goodiptv.club/douyu/9461990
二次元放映室,有味儿了!,https://www.goodiptv.club/douyu/8912038
别问了,是臭男人,https://www.goodiptv.club/douyu/927999
托腮少女猪五花,https://www.goodiptv.club/douyu/3508096
【体育】足坛事件大盘点,https://www.goodiptv.club/douyu/4589972
出格字幕组的直播间,https://www.goodiptv.club/douyu/8906162
带你进入抗战年代,体会热血抗战,https://www.goodiptv.club/douyu/9388945
搜罗世界上诡异的案件和恐怖故事,https://www.goodiptv.club/douyu/9401473
最牛的特效,没有想不到,https://www.goodiptv.club/douyu/9406663
郭教练篮球教学的直播间,https://www.goodiptv.club/douyu/9437932
冯二宝 影视鉴赏,https://www.goodiptv.club/douyu/9501818
罐装老K的直播间,https://www.goodiptv.club/douyu/9566210
星海璃幻V的直播间,https://www.goodiptv.club/douyu/9567313
补番目录V的直播间,https://www.goodiptv.club/douyu/9668692
阿烦与小铃铛甜蜜日常,https://www.goodiptv.club/douyu/9702820
YY用户,https://www.goodiptv.club/yy/1382736810
超精彩武打场景,https://www.goodiptv.club/yy/1354936131
举起手来-惊险抗日,https://www.goodiptv.club/yy/1382736877
地下交通站,https://www.goodiptv.club/yy/1382736795
正阳门下,https://www.goodiptv.club/yy/1354931580
终结者2：审判日,https://www.goodiptv.club/yy/1382851148
papi酱主演,北漂生活中的爱情与梦想,https://www.goodiptv.club/yy/1382745124
无双花木兰,https://www.goodiptv.club/yy/1382749917
王牌保镖在此,https://www.goodiptv.club/yy/1382749913
女医明妃传,https://www.goodiptv.club/yy/1382736861
绝对让你笑翻天！,https://www.goodiptv.club/yy/1354936159
鹿鼎记-周星驰版,https://www.goodiptv.club/yy/1354658049
震撼！国内功夫大片,https://www.goodiptv.club/yy/1382736902
神探狄仁杰2,https://www.goodiptv.club/yy/1382828767
宰相刘罗锅,https://www.goodiptv.club/yy/1382745191
欢乐集结号-每天笑不停,https://www.goodiptv.club/yy/1382741642
丸子,https://www.goodiptv.club/yy/1382851588
少年包青天第三部,https://www.goodiptv.club/yy/1382736814
神探狄仁杰2,https://www.goodiptv.club/yy/1382851146
三国演义94年经典版,https://www.goodiptv.club/yy/1354936241
内在美-伊人有约,https://www.goodiptv.club/yy/1382737892
宫心计-港剧-古装,https://www.goodiptv.club/yy/1354933540
暖暖1999,https://www.goodiptv.club/yy/1382851591
这部剧你居然没看过？,https://www.goodiptv.club/yy/1354932355
经典大片合集,https://www.goodiptv.club/yy/1382749895
华子系列,https://www.goodiptv.club/yy/1354888726
情满四合院-高分电视剧,https://www.goodiptv.club/yy/1382735541
你最爱的宋小宝,https://www.goodiptv.club/yy/1354936198
神探狄仁杰1,https://www.goodiptv.club/yy/1354930934
�逋鞠盗�-国产喜剧,https://www.goodiptv.club/yy/1382736856
YY用户,https://www.goodiptv.club/yy/1382736808
恋歌,https://www.goodiptv.club/yy/1382746276
新白娘子传奇-女神赵雅芝,https://www.goodiptv.club/yy/1354930969
读心神探,https://www.goodiptv.club/yy/1382736875
成龙系列,https://www.goodiptv.club/yy/1354888751
双月之城-国漫,https://www.goodiptv.club/yy/1382736907
YY用户,https://www.goodiptv.club/yy/1382736818
国内玄幻电影-林正英,https://www.goodiptv.club/yy/1354932444
杭小妞,https://www.goodiptv.club/yy/1382851590
西游记后传,https://www.goodiptv.club/yy/1382736846
智取威虎山,https://www.goodiptv.club/yy/1382736843
变形金刚,https://www.goodiptv.club/yy/1382736803
法证先锋,https://www.goodiptv.club/yy/1354930939
天道-9.2高分好剧,https://www.goodiptv.club/yy/1382735574
欢乐颂,https://www.goodiptv.club/yy/1382735624
开心小泡芙,https://www.goodiptv.club/yy/1382851578
速度与激情系列！-精彩大片,https://www.goodiptv.club/yy/1382736911
七色小彩虹,https://www.goodiptv.club/yy/1382851601
少年包青天第三部,https://www.goodiptv.club/yy/1382851540
YY用户,https://www.goodiptv.club/yy/1382736838
恋歌,https://www.goodiptv.club/yy/1382851594
YY用户,https://www.goodiptv.club/yy/1382736890
情满四合院,https://www.goodiptv.club/yy/1382851524
士兵突击,https://www.goodiptv.club/yy/1382851600
三国演义【1994】,https://www.goodiptv.club/yy/1354930932
YY用户,https://www.goodiptv.club/yy/1382736910
流行古装剧—知否知否应是绿肥红瘦,https://www.goodiptv.club/yy/1354936134
二号交通站,https://www.goodiptv.club/yy/1354930965
香港院线大片-最新,https://www.goodiptv.club/yy/1354936242
爆笑小品大合集,https://www.goodiptv.club/yy/1382736821
你是最美的风景,https://www.goodiptv.club/yy/1382851599
欢乐集结号,https://www.goodiptv.club/yy/1354931582
叶问全集,https://www.goodiptv.club/yy/1382828771
父母爱情,https://www.goodiptv.club/yy/1354926650
颜值永远在线,https://www.goodiptv.club/yy/1382851582
国内喜剧,https://www.goodiptv.club/yy/1382736862
神探狄仁杰1,https://www.goodiptv.club/yy/1382851575
张国荣与周润发的兄弟情,https://www.goodiptv.club/yy/1354930961
情满四合院,https://www.goodiptv.club/yy/1382736848
郝蕾演绎-情满四合院,https://www.goodiptv.club/yy/1382745089
大家都在看的电视剧,https://www.goodiptv.club/yy/1354930964
大进军全集：红色系列电影,https://www.goodiptv.club/yy/1382745083
伪装者,https://www.goodiptv.club/yy/1354936244
速度与激情全集,https://www.goodiptv.club/yy/1382749892
妖神记,https://www.goodiptv.club/yy/1382745171
小惠_郭德纲相声迷,https://www.goodiptv.club/yy/1382851593
我的体育老师,https://www.goodiptv.club/yy/1382745169
炊事班的故事III,https://www.goodiptv.club/yy/1382736716
精武英雄-李连杰主演经典动作片,https://www.goodiptv.club/yy/1382736873
易中天品三国,https://www.goodiptv.club/yy/1354931498
YY用户,https://www.goodiptv.club/yy/1382736885
魔幻手机,https://www.goodiptv.club/yy/1382735544
纯纯纯儿,https://www.goodiptv.club/yy/1382851589
二号交通站,https://www.goodiptv.club/yy/1382735582
夏洛特烦恼-国内电影-喜剧,https://www.goodiptv.club/yy/1354936201
宫锁珠帘,https://www.goodiptv.club/yy/1354926666
老广的味道-美食之旅,https://www.goodiptv.club/yy/1354932375
甜甜的恋爱 这狗粮我吃了,https://www.goodiptv.club/yy/1354932438
YY用户,https://www.goodiptv.club/yy/1382735572
妖神记-全集,https://www.goodiptv.club/yy/1382735551
老广的味道 第3季-美食纪录片,https://www.goodiptv.club/yy/1382735565
YY用户,https://www.goodiptv.club/yy/1382745085
洪金宝福星系列,https://www.goodiptv.club/yy/1354924839
风筝,https://www.goodiptv.club/yy/1382828770
欢乐颂,https://www.goodiptv.club/yy/1382851577
YY用户,https://www.goodiptv.club/yy/1382736886
国内动作大片,https://www.goodiptv.club/yy/1382745176
穿越时空的爱恋,https://www.goodiptv.club/yy/1382735567
YY用户,https://www.goodiptv.club/yy/1382745117
院线动作大片,https://www.goodiptv.club/yy/1382736900
亲爱的热爱的,https://www.goodiptv.club/yy/1354932433
无敌县令,https://www.goodiptv.club/yy/1354932390
非常保镖-经典港剧,https://www.goodiptv.club/yy/1382736903
欢乐集结号3,https://www.goodiptv.club/yy/1382736822
漫威十年老粉福利来了,https://www.goodiptv.club/yy/1354930233
灌篮高手,https://www.goodiptv.club/yy/1382735626
时光的海,https://www.goodiptv.club/yy/1382851579
北京爱情故事,心动不打烊,https://www.goodiptv.club/yy/1382744423
炊事班的故事,https://www.goodiptv.club/yy/1382749901
大汉贤后卫子夫,https://www.goodiptv.club/yy/1382735569
寻秦记,https://www.goodiptv.club/yy/1354658048
超精彩！系列动作电影,https://www.goodiptv.club/yy/1382745096
电影百团大战,https://www.goodiptv.club/yy/1382736871
最美的青春,https://www.goodiptv.club/yy/1382745116
我的前半生,https://www.goodiptv.club/yy/1382735564
仙剑奇侠传-神仙姐姐驾到,https://www.goodiptv.club/yy/1382749903
以家人之名,https://www.goodiptv.club/yy/1382736908
真心想让你幸福,https://www.goodiptv.club/yy/1382736876
强悍“杀猪婆”的励志人生,https://www.goodiptv.club/yy/1354658062
欢乐一起看,https://www.goodiptv.club/yy/1354930926
活力满满,https://www.goodiptv.club/yy/1382851585
史诗级科幻电影-阿凡达,https://www.goodiptv.club/yy/1382735577
赌神-发哥,https://www.goodiptv.club/yy/1354889044
YY用户,https://www.goodiptv.club/yy/1382745084
熊出没之探险日记S1-国漫,https://www.goodiptv.club/yy/1354930977
YY用户,https://www.goodiptv.club/yy/1382735578
笑傲帮,https://www.goodiptv.club/yy/1382735555
鸭子天空-翱翔于篮球的梦想,https://www.goodiptv.club/yy/1354930894
巩汉林春晚小品合集,https://www.goodiptv.club/yy/1354889035
精彩动作电影享不停,https://www.goodiptv.club/yy/1382736809
小朋友可爱到家了,https://www.goodiptv.club/yy/1354930887
国产大片电影,https://www.goodiptv.club/yy/1354926655
哈利波特全集,https://www.goodiptv.club/yy/1382745105
YY用户,https://www.goodiptv.club/yy/1382735553
超燃警匪片,https://www.goodiptv.club/yy/1382735576
小鬼当家-童年回忆,https://www.goodiptv.club/yy/1382745104
野山鹰-影视剧,https://www.goodiptv.club/yy/1354932395
叛逆者,https://www.goodiptv.club/yy/1382736868
密子君,https://www.goodiptv.club/yy/1382736717
0,https://www.goodiptv.club/yy/1382851580
陈情令,https://www.goodiptv.club/yy/1382745121
猩球崛起-怪兽片合集,https://www.goodiptv.club/yy/1354930181
魔幻手机,https://www.goodiptv.club/yy/1382851541
复仇者联盟全季,https://www.goodiptv.club/yy/1354936167
YY用户,https://www.goodiptv.club/yy/1382736888
寻秦记-穿越剧经典,https://www.goodiptv.club/yy/1382749900
你的回忆有我吗,https://www.goodiptv.club/yy/1354889024
苦乐村官,https://www.goodiptv.club/yy/1382736864
周星星系列,https://www.goodiptv.club/yy/1354888671
粟裕大将-影视,https://www.goodiptv.club/yy/1354926542
我爱我家,https://www.goodiptv.club/yy/1382735557
YY用户,https://www.goodiptv.club/yy/1382736805
侏罗纪世界-国外科幻大片合集,https://www.goodiptv.club/yy/1382736851
海洋幻梦-泰剧,https://www.goodiptv.club/yy/1382749889
Blingbling,https://www.goodiptv.club/yy/1382851598
本山快乐营,https://www.goodiptv.club/yy/1354933529
保护我家蓉儿,https://www.goodiptv.club/yy/1370293254
YY用户,https://www.goodiptv.club/yy/1382736975
动作大片-热血开打,https://www.goodiptv.club/yy/1354936168
高分科幻动作片,https://www.goodiptv.club/yy/1382749948
俺娘田小草,https://www.goodiptv.club/yy/1382741638
新世界,https://www.goodiptv.club/yy/1382736850
欢乐集结号,https://www.goodiptv.club/yy/1382735550
人生必看的科幻片,https://www.goodiptv.club/yy/1382745114
YY用户,https://www.goodiptv.club/yy/1382745093
啊咧,https://www.goodiptv.club/yy/1459243913
功夫小子进城,https://www.goodiptv.club/yy/1382749890
加勒比海盗系列,https://www.goodiptv.club/yy/1382749914
飞虎之潜行极战,https://www.goodiptv.club/yy/1354932420
YY用户,https://www.goodiptv.club/yy/1382736842
大明王朝,https://www.goodiptv.club/yy/1382736879
中国味道 第4季-美食纪录片,https://www.goodiptv.club/yy/1382736845
无厘头的出处,https://www.goodiptv.club/yy/1354930891
重生之超级赛亚人,https://www.goodiptv.club/yy/1354936124
YY用户,https://www.goodiptv.club/yy/1382736834
金玉满堂：精彩港剧,https://www.goodiptv.club/yy/1382736881
国外院线动作大片,https://www.goodiptv.club/yy/1382735570
辉煌或疯狂-韩剧,https://www.goodiptv.club/yy/1382749902
笑傲江湖 第1季,https://www.goodiptv.club/yy/1382749896
科幻片：来看神奇的地球,https://www.goodiptv.club/yy/1354930897
爆笑电影！王牌大贱谍2-3,https://www.goodiptv.club/yy/1382735556
来自星星的你,https://www.goodiptv.club/yy/1354930976
笑傲江湖 第2季,https://www.goodiptv.club/yy/1382736914
回家的诱惑,https://www.goodiptv.club/yy/1354658043
黑衣人1、2—动作喜剧大片,https://www.goodiptv.club/yy/1354930936
陪你一起看好剧,https://www.goodiptv.club/yy/1354932359
本山快乐营-爆笑小品,https://www.goodiptv.club/yy/1354930948
高分动作大片-热血出击,https://www.goodiptv.club/yy/1382736909
美国队长史蒂夫,https://www.goodiptv.club/yy/1382736813
法国版《家有儿女》治愈所有不开心,https://www.goodiptv.club/yy/1382851137
国产喜剧,https://www.goodiptv.club/yy/1382735584
大唐双龙传,https://www.goodiptv.club/yy/1354930979
钟馗传说,https://www.goodiptv.club/yy/1382736839
国内高分悬疑剧-风筝,https://www.goodiptv.club/yy/1354931585
金牌配角达叔系列,https://www.goodiptv.club/yy/1354888728
萌鸡小队S1-国漫,https://www.goodiptv.club/yy/1382736904
大江大河2-高分影视推荐,https://www.goodiptv.club/yy/1382736797
田园生活,https://www.goodiptv.club/yy/1382736898
第8号当铺,https://www.goodiptv.club/yy/1382736905
公主嫁到,https://www.goodiptv.club/yy/1382736915
国内经典动作电影,https://www.goodiptv.club/yy/1382851522
末日系列-外国电影合集,https://www.goodiptv.club/yy/1354889019
精彩动作电影,https://www.goodiptv.club/yy/1382736823
港剧-警犬巴打,https://www.goodiptv.club/yy/1354932397
国内科幻片来袭,https://www.goodiptv.club/yy/1354930821
深海利剑,https://www.goodiptv.club/yy/1382736906
国外黑色喜剧：冷幽默小剧场,https://www.goodiptv.club/yy/1382745175
YY用户,https://www.goodiptv.club/yy/1382745113
电影黑豹,https://www.goodiptv.club/yy/1382736816
缺宅男女,https://www.goodiptv.club/yy/1354930937
永远的经典系列,https://www.goodiptv.club/yy/1354930204
明天和你-韩剧,https://www.goodiptv.club/yy/1382749905
许多多,https://www.goodiptv.club/yy/1382851583
飓风营救,https://www.goodiptv.club/yy/1382735547
外国科幻大片,https://www.goodiptv.club/yy/1382747628
国外动作大片,https://www.goodiptv.club/yy/1382735540
宝莲灯前传,https://www.goodiptv.club/yy/1354931631
燃爆动作片,https://www.goodiptv.club/yy/1382736801
躺平还是奋斗？搞笑中见真谛,https://www.goodiptv.club/yy/1382851586
嘻嘻熙熙,https://www.goodiptv.club/yy/1382735585
最美的青春,https://www.goodiptv.club/yy/1382851530
国外经典—小鬼当家,https://www.goodiptv.club/yy/1354658064
国内喜剧,https://www.goodiptv.club/yy/1382735563
请回答1988,https://www.goodiptv.club/yy/1354932362
少年四大名捕,https://www.goodiptv.club/yy/1354936203
国外高分大片,https://www.goodiptv.club/yy/1382736867
毒液：致命守护者,https://www.goodiptv.club/yy/1382745095
神厨小福贵,https://www.goodiptv.club/yy/1382736860
缺宅男女-精彩港剧,https://www.goodiptv.club/yy/1382745088
YY用户,https://www.goodiptv.club/yy/1382736807
流金岁月-经典港剧,https://www.goodiptv.club/yy/1382736891
憨豆先生-经典喜剧,https://www.goodiptv.club/yy/1354936239
战争与女性,https://www.goodiptv.club/yy/1382745179
能耐大了第1季,https://www.goodiptv.club/yy/1354930195
国外科幻,https://www.goodiptv.club/yy/1382736800
我的父亲我的兵,https://www.goodiptv.club/yy/1353413714
大江大河-高分影视推荐,https://www.goodiptv.club/yy/1382736806
国产电影-就是闹着玩的,https://www.goodiptv.club/yy/1354931503
晨晨的影视小窝,https://www.goodiptv.club/yy/1382851576
洪大哥系列,https://www.goodiptv.club/yy/1354888743
热门喜剧,https://www.goodiptv.club/yy/1354931495
百家讲坛――之明太祖朱元璋,https://www.goodiptv.club/yy/1354936149
YY用户,https://www.goodiptv.club/yy/1382745103
珍珠港-电影,https://www.goodiptv.club/yy/1354936234
福贵,https://www.goodiptv.club/yy/1354926537
科幻惊悚片-异形,https://www.goodiptv.club/yy/1382735543
单挑荒野第一季,https://www.goodiptv.club/yy/1354933535
舌尖上的中国第2季,https://www.goodiptv.club/yy/1354930943
从溺水到冠军,热血泳坛励志传奇,https://www.goodiptv.club/yy/1382736723
超炫科幻大片,https://www.goodiptv.club/yy/1382736840
欢乐集结号2,https://www.goodiptv.club/yy/1354930919
欢乐集结号4,https://www.goodiptv.club/yy/1382736889
动物世界-领略原始野性,https://www.goodiptv.club/yy/1382743138
欢喜冤家的爱情-夏日乐悠悠,https://www.goodiptv.club/yy/1354936191
本山选谁上-喜剧人选拔,https://www.goodiptv.club/yy/1382749878
农家小菜,https://www.goodiptv.club/yy/1382736894
欢乐集结号58-70,https://www.goodiptv.club/yy/1382745119
妖神记之黑狱篇,https://www.goodiptv.club/yy/1382745173
河山,https://www.goodiptv.club/yy/1382749952
溏心风暴之家好月圆,https://www.goodiptv.club/yy/1354888747
太空荒野求生记-火星救援,https://www.goodiptv.club/yy/1354930957
贾玲春晚小品,https://www.goodiptv.club/yy/1382736720
科幻电影,https://www.goodiptv.club/yy/1354930209
来看修牛蹄,https://www.goodiptv.club/yy/1382749887
拳拳到肉,搏击燃情,https://www.goodiptv.club/yy/1382736870
哑巴竟然会说话,https://www.goodiptv.club/yy/1354932427
蔡明春晚小品,https://www.goodiptv.club/yy/1354936177
抗日神片,燃爆抗战热血魂,https://www.goodiptv.club/yy/1354926600
一起来笑吧,https://www.goodiptv.club/yy/1454859415
YY用户,https://www.goodiptv.club/yy/1382735579
舌尖上的中国第一季,https://www.goodiptv.club/yy/1354930952
发哥系列,https://www.goodiptv.club/yy/1354888733
宋小宝春晚小品合集,https://www.goodiptv.club/yy/1382736866
百家讲坛-红楼梦篇,https://www.goodiptv.club/yy/1382741639
YY用户,https://www.goodiptv.club/yy/1382736918
抹茶少女,https://www.goodiptv.club/yy/1382737888
机械战警1-3,https://www.goodiptv.club/yy/1382736854
YY用户,https://www.goodiptv.club/yy/1382736887
远去的飞鹰-影视剧,https://www.goodiptv.club/yy/1354930912
电视剧-流金岁月,https://www.goodiptv.club/yy/1382749906
致敬星爷致敬经典,https://www.goodiptv.club/yy/1354889048
高分动作片——创可贴,https://www.goodiptv.club/yy/1382735568
本山快乐营1,https://www.goodiptv.club/yy/1354936209
少年包青天美黑之旅,https://www.goodiptv.club/yy/1354936141
热血少年上线,《长歌行》开播,https://www.goodiptv.club/yy/1382736802
大台风,https://www.goodiptv.club/yy/1382735583
搬山道人之落天荒,https://www.goodiptv.club/yy/1382736916
洪金宝福星系列,https://www.goodiptv.club/yy/1382851602
紧急营救,https://www.goodiptv.club/yy/1354926676
一分钟学道菜,https://www.goodiptv.club/yy/1382736901
辣警狂花2,https://www.goodiptv.club/yy/1382745110
渴望,https://www.goodiptv.club/yy/1354930963
超英集结,https://www.goodiptv.club/yy/1382745091
银河护卫队-国外科幻巨作,https://www.goodiptv.club/yy/1382736815
白领被迫当楼奴？,https://www.goodiptv.club/yy/1382736832
国产家庭电视剧-如果岁月可回头,https://www.goodiptv.club/yy/1382736883
带你领略四季的变化,https://www.goodiptv.club/yy/1354930816
施公奇案2-欧阳震华,https://www.goodiptv.club/yy/1382736824
名媛望族-精彩港剧,https://www.goodiptv.club/yy/1354932431
辣警狂花,https://www.goodiptv.club/yy/1382736892
高能博弈—大事件,https://www.goodiptv.club/yy/1382749898
碟中谍系列电影,https://www.goodiptv.club/yy/1382736836
另类猪妖爆笑逆袭,https://www.goodiptv.club/yy/1354936155
忠诚无畏,战犬出击,https://www.goodiptv.club/yy/1354930225
超燃科幻大片：明日边缘,https://www.goodiptv.club/yy/1382736835
霹雳火：速度与激情,https://www.goodiptv.club/yy/1382736895
学生兵,https://www.goodiptv.club/yy/1354658003
影视小艺,https://www.goodiptv.club/yy/1382737886
名不虚传-韩剧,https://www.goodiptv.club/yy/1382749904
本山快乐营2,https://www.goodiptv.club/yy/1382736718
狄仁杰智破红瞳谜案,https://www.goodiptv.club/yy/1354936116
喜剧闹翻天,https://www.goodiptv.club/yy/1382735548
当旺爸爸-港剧,https://www.goodiptv.club/yy/1354936208
致命武器3,https://www.goodiptv.club/yy/1382749918
国产动作电影,https://www.goodiptv.club/yy/1382736858
初恋脸,https://www.goodiptv.club/yy/1382851597
PK地球神,https://www.goodiptv.club/yy/1382736872
爱在璀璨时,https://www.goodiptv.club/yy/1354926671
清官难当？看芝麻官如何破局,https://www.goodiptv.club/yy/1382749909
每天都要快乐哦！,https://www.goodiptv.club/yy/1354930909
一段关于救赎与坚守的西部传奇,https://www.goodiptv.club/yy/1382741640
封神：祸商,https://www.goodiptv.club/yy/1354932407
娘亲舅大,https://www.goodiptv.club/yy/1354932360
Simon Amstell：躺平哲学,https://www.goodiptv.club/yy/1382749951
悬疑反转,直击真相,https://www.goodiptv.club/yy/1354930954
热血战争巨作,https://www.goodiptv.club/yy/1382745087
动作大片,https://www.goodiptv.club/yy/1354888739
热血抗日电影,https://www.goodiptv.club/yy/1382749907
艾迪格里芬：经典就是我,https://www.goodiptv.club/yy/1354932409
巾帼枭雄之义海豪情,https://www.goodiptv.club/yy/1382736859
笑傲江湖-电视剧,https://www.goodiptv.club/yy/1354936128
老夫少妻搞笑忘年恋,https://www.goodiptv.club/yy/1354932391
最佳下饭小甜剧,暖心暖胃,https://www.goodiptv.club/yy/1382741637
笔墨传情,致敬经典——妙墨中国心,https://www.goodiptv.club/yy/1382745178
深海巨兽惊现,渔民与神秘生物的生存博弈,https://www.goodiptv.club/yy/1382745111
乔·科伊热辣开麦,https://www.goodiptv.club/yy/1382735625
手机APP掌控人生,https://www.goodiptv.club/yy/1382736874
铁血拍档：并肩破局的燃魂对决,https://www.goodiptv.club/yy/1382736884
YY用户,https://www.goodiptv.club/yy/1382745182
黄大妮-电视剧,https://www.goodiptv.club/yy/1354930904
海王-院线大片,https://www.goodiptv.club/yy/1354936142
高分经典动作片,https://www.goodiptv.club/yy/1382749944
了不起的萝莉小玲,https://www.goodiptv.club/yy/1382736799
牧野诡事之赤丹珠,https://www.goodiptv.club/yy/1382736863
美好的意外治愈邂逅,https://www.goodiptv.club/yy/1382828766
小人国——介子鬼城,https://www.goodiptv.club/yy/1382749950
全村一起搞艺术,https://www.goodiptv.club/yy/1354936210
不可能的任务-碟中谍4,https://www.goodiptv.club/yy/1354930967
岳云鹏宋小宝也来演电影了？,https://www.goodiptv.club/yy/1354926612
毒力觉醒的异能逆袭狂潮,https://www.goodiptv.club/yy/1354926735
金牌喜剧班,https://www.goodiptv.club/yy/1354889009
还原英雄最后的壮烈！,https://www.goodiptv.club/yy/1354930984
新木乃伊：古埃及公主复活的灾难对决,https://www.goodiptv.club/yy/1354936169
高分港剧合集,https://www.goodiptv.club/yy/1382735542
匪帮传奇故事,https://www.goodiptv.club/yy/1382749941
新时代农村青年的热血奋斗记,https://www.goodiptv.club/yy/1382736715
丹尼尔·斯洛斯烧脑谜题,https://www.goodiptv.club/yy/1354936199
你最爱的小龙女-神雕侠侣,https://www.goodiptv.club/yy/1354926637
呆萌飞行员,https://www.goodiptv.club/yy/1354930968
亚洲笑星征服美国,https://www.goodiptv.club/yy/1382736920
宇宙护卫队--国漫,https://www.goodiptv.club/yy/1382736837
YY用户,https://www.goodiptv.club/yy/1382735545
悬疑武侠电影—九门,https://www.goodiptv.club/yy/1382828768
萌妹特攻队爆笑出击,https://www.goodiptv.club/yy/1354930971
神秘来客闯入,https://www.goodiptv.club/yy/1382736820
时间的答卷第二季,https://www.goodiptv.club/yy/1382745106
绝地生死营救,https://www.goodiptv.club/yy/1354936214
坑你没商量,https://www.goodiptv.club/yy/1354936160
Bill Burr暴躁经典重现,https://www.goodiptv.club/yy/1382736917
经典传奇2018,https://www.goodiptv.club/yy/1382745184
憨夫憨妇闯情关,https://www.goodiptv.club/yy/1382735581
异地演出,炸场奇遇,https://www.goodiptv.club/yy/1382735561
笑果伴酒,快乐中秋,https://www.goodiptv.club/yy/1382745092
杰斯尼克暗黑我思我祷,https://www.goodiptv.club/yy/1354658051
追踪神秘狐影,https://www.goodiptv.club/yy/1382749953
快递小哥变身英雄,https://www.goodiptv.club/yy/1354932405
心动信号甜蜜发酵,https://www.goodiptv.club/yy/1382736819
Storm憋了一年大招,https://www.goodiptv.club/yy/1382735559
熊出没之探险日记-森林探险记,https://www.goodiptv.club/yy/1382745122
异类入侵高能反转,https://www.goodiptv.club/yy/1354936217
杀机四伏,https://www.goodiptv.club/yy/1354936195
旺达·塞克丝：怼遍全场,https://www.goodiptv.club/yy/1354936221
为妈妈点赞,https://www.goodiptv.club/yy/1382745098
狼爸硬核带娃,https://www.goodiptv.club/yy/1382735627
龙师傅来接招,https://www.goodiptv.club/yy/1354889015
武状元落魄,神谕指引丐帮逆袭,https://www.goodiptv.club/yy/1382736882
苍狼特战突击,https://www.goodiptv.club/yy/1382736849
开放麦现场惊现认亲,https://www.goodiptv.club/yy/1354936181
战俘营大逃亡,https://www.goodiptv.club/yy/1354930915
兵王绝境狙杀,https://www.goodiptv.club/yy/1382736833
英伦特工智斗谍影,https://www.goodiptv.club/yy/1382736841
颠覆秩序的声浪狂潮,https://www.goodiptv.club/yy/1354932426
战火中的兄弟情义,https://www.goodiptv.club/yy/1382736844
重启,https://www.goodiptv.club/yy/1354888736
嗜血巨狼突袭人类,https://www.goodiptv.club/yy/1382735560
唐门双雄战神犼,https://www.goodiptv.club/yy/1382736897
体验另一种生活！,https://www.goodiptv.club/yy/1354936229
忠犬救主,一段感动人心的陪伴之旅,https://www.goodiptv.club/yy/1382736719
打破第四面墙,https://www.goodiptv.club/yy/1382745090
天龙八部（国语版）,https://www.goodiptv.club/yy/1382736855
茅山天师降魔,https://www.goodiptv.club/yy/1354889042
蜀山伏魔剑,https://www.goodiptv.club/yy/1354932365
你好现任,https://www.goodiptv.club/yy/1382735566
非典型恋爱,https://www.goodiptv.club/yy/1354936157
侏罗纪复活战,https://www.goodiptv.club/yy/1354930945
花木兰巾帼英雄,https://www.goodiptv.club/yy/1354926622
乔·科伊席卷西雅图,https://www.goodiptv.club/yy/1382749911
悬疑剧-河神,https://www.goodiptv.club/yy/1353413683
天师驱魔令,https://www.goodiptv.club/yy/1354926643
铁甲狂猴雷霆,https://www.goodiptv.club/yy/1382735552
音乐才女与霸道总裁的治愈之恋,https://www.goodiptv.club/yy/1382735573
大闹三界奇幻冒险,https://www.goodiptv.club/yy/1382736804
赵牡丹,辛辣开麦,https://www.goodiptv.club/yy/1382736893
闲暇观看综艺,https://www.goodiptv.club/yy/1354932379
暗恋成真青春纯爱,https://www.goodiptv.club/yy/1382736817
未来中国,https://www.goodiptv.club/yy/1354932429
青龙偃月显威,https://www.goodiptv.club/yy/1354932402
小小心事,笑着流泪,https://www.goodiptv.club/yy/1382736852
戴夫吐槽晕头转向的时代,https://www.goodiptv.club/yy/1382736869
最佳时机：命运转角的最佳抉择与奔赴,https://www.goodiptv.club/yy/1354936207
美女保镖出击！,https://www.goodiptv.club/yy/1354936231
揭秘！经典传奇背后的未解之谜,https://www.goodiptv.club/yy/1382736912
淮水情深深,https://www.goodiptv.club/yy/1382749888
爆笑诡扯记,https://www.goodiptv.club/yy/1354936249
巅峰救援行动,https://www.goodiptv.club/yy/1382736857
就是要疯狂,https://www.goodiptv.club/yy/1354936145
契约夫妻上线,https://www.goodiptv.club/yy/1354936154
许光汉主演喜剧大片,https://www.goodiptv.club/yy/1382736825
新弦已张,静候谁的指尖与故事？,https://www.goodiptv.club/yy/1354936170
硬汉搭档扫黑,致命武器2,https://www.goodiptv.club/yy/1382736865
留学澳大利亚的蓝翔梗王,https://www.goodiptv.club/yy/1354932441
拳战闸北！,https://www.goodiptv.club/yy/1382749910
致命蜂群来袭,https://www.goodiptv.club/yy/1382736896
硬核使命,https://www.goodiptv.club/yy/1354936122
热烈的玫瑰,https://www.goodiptv.club/yy/1382736798
外星人入侵,https://www.goodiptv.club/yy/1382745181
爱情拯救计划,https://www.goodiptv.club/yy/1354936238
巨蛛嗜血狂,https://www.goodiptv.club/yy/1354930903
守护千年雄关,https://www.goodiptv.club/yy/1354936228
太空异种惊魂,https://www.goodiptv.club/yy/1382745094
踮脚拥抱爱情,https://www.goodiptv.club/yy/1354930927
公主战俘记,https://www.goodiptv.club/yy/1354931488
破解终极密码,https://www.goodiptv.club/yy/1382735571
哮天犬闹龙宫,https://www.goodiptv.club/yy/1382736913
赛道争锋！,https://www.goodiptv.club/yy/1382736853
大铸剑师传奇,https://www.goodiptv.club/yy/1354932371
暗战幽灵毒枭,https://www.goodiptv.club/yy/1382745099
奇门异人出世,https://www.goodiptv.club/yy/1382749912
仙剑风云再起,https://www.goodiptv.club/yy/1354933556
冰峰惊魂夜,https://www.goodiptv.club/yy/1354936136
绝对忠诚使命,https://www.goodiptv.club/yy/1354936178
横行不霸道,https://www.goodiptv.club/yy/1354930189
特派先锋出击,https://www.goodiptv.club/yy/1382749940
经典传奇2018,https://www.goodiptv.club/yy/1382745189
网剧《冬去春来》,https://www.goodiptv.club/yy/1354808044
天龙 神雕金庸,https://www.goodiptv.club/yy/1356043609
靓剑,https://www.goodiptv.club/yy/1382788679
24H地下交通站全,https://www.goodiptv.club/yy/37880083
赵本山宋小宝小品大全,https://www.goodiptv.club/yy/1382745331
动漫,https://www.goodiptv.club/yy/23993334
靓剑,https://www.goodiptv.club/yy/1356043643
武林外传,https://www.goodiptv.club/yy/1355652820
少年包青天,https://www.goodiptv.club/yy/1356043677
和你不见不散,https://www.goodiptv.club/yy/1355635293
武林外传,https://www.goodiptv.club/yy/1355344777
林正英-经典电影,https://www.goodiptv.club/yy/34229877
古惑仔,https://www.goodiptv.club/yy/1458015189
【鹿鼎记】金庸经典,https://www.goodiptv.club/yy/28265277
【狂飙】,https://www.goodiptv.club/yy/1354806550
朵宝陪你看狄仁杰,https://www.goodiptv.club/yy/1353753252
打狗棍~24h经典好剧,https://www.goodiptv.club/yy/1354744544
纪晓岚,https://www.goodiptv.club/yy/1354143978
济公,https://www.goodiptv.club/yy/1355265814
【周星驰】搞笑电影,https://www.goodiptv.club/yy/38670875
梦涵 正在直播,https://www.goodiptv.club/yy/1352475619
弹幕天团 下饭神剧,https://www.goodiptv.club/yy/23512910
晾剑 电视剧,https://www.goodiptv.club/yy/1451866697
真实案件系列,https://www.goodiptv.club/yy/1382671124
豪哥带我们发财,https://www.goodiptv.club/yy/23402146
康熙微服私访记,https://www.goodiptv.club/yy/1352811698
狄仁杰,https://www.goodiptv.club/yy/1351755386
封神榜,https://www.goodiptv.club/yy/1353426319
神医喜来乐,https://www.goodiptv.club/yy/1382714119
林正英经典,https://www.goodiptv.club/yy/1351505899
甜心 正在直播,https://www.goodiptv.club/yy/1454732419
赵本山《超清版》,https://www.goodiptv.club/yy/1382683959
赵本山《蓝光版》,https://www.goodiptv.club/yy/32160832
雍正王朝,https://www.goodiptv.club/yy/1356043620
李连杰功夫 经典武侠,https://www.goodiptv.club/yy/74613175
天龙神雕经典回忆,https://www.goodiptv.club/yy/68260522
大家车言论,https://www.goodiptv.club/yy/1382570702
雪中悍刀行,https://www.goodiptv.club/yy/1462996362
老九门24h,https://www.goodiptv.club/yy/1355171357
小蓉儿 正在直播,https://www.goodiptv.club/yy/1351762426
经典港片动作搞笑,https://www.goodiptv.club/yy/1459869766
狂飙,https://www.goodiptv.club/yy/1382626335
鹿鼎记-高清全集,https://www.goodiptv.club/yy/1382704650
水浒传,https://www.goodiptv.club/yy/1353873252
燕双鹰,https://www.goodiptv.club/yy/1354143942
小美美 正在直播,https://www.goodiptv.club/yy/1354143966
周星驰搞笑在线,https://www.goodiptv.club/yy/1351537467
新白娘子传奇,https://www.goodiptv.club/yy/1354490667
天龙八部,https://www.goodiptv.club/yy/1355067965
小玲儿 正在直播,https://www.goodiptv.club/yy/1351814644
燕双鹰,https://www.goodiptv.club/yy/1352227153
昕儿 正在直播,https://www.goodiptv.club/yy/1353852605
好先生,https://www.goodiptv.club/yy/79382500
经典电影 港片枪战,https://www.goodiptv.club/yy/1355076627
倚天屠龙记,https://www.goodiptv.club/yy/33300793
【靓剑】乐乐陪看,https://www.goodiptv.club/yy/1352946111
铁齿铜牙纪晓岚,https://www.goodiptv.club/yy/1382781415
83射雕英雄传,https://www.goodiptv.club/yy/1354210357
超喜剧地下交通站男神贾贵,https://www.goodiptv.club/yy/1353428972
苍狼,https://www.goodiptv.club/yy/1507704566
鬼经典老片,https://www.goodiptv.club/yy/1463783198
动漫,https://www.goodiptv.club/yy/25055036
纪晓岚,https://www.goodiptv.club/yy/1352227227
动漫,https://www.goodiptv.club/yy/26664495
宰相刘罗锅,https://www.goodiptv.club/yy/1353892468
动漫,https://www.goodiptv.club/yy/1354143938
薛仁贵传奇,https://www.goodiptv.club/yy/1355260662
动漫,https://www.goodiptv.club/yy/1382747970
【战狼3吴京】独播,https://www.goodiptv.club/yy/37999586
知否知否应是绿肥红瘦,https://www.goodiptv.club/yy/21881901
古装剧,https://www.goodiptv.club/yy/1356158015
恐怖电影,https://www.goodiptv.club/yy/24066336
动漫,https://www.goodiptv.club/yy/1354768831
《石敢当》六耳猕猴,https://www.goodiptv.club/yy/1394156613
大染坊,https://www.goodiptv.club/yy/1353215589
五号特工组和平ff,https://www.goodiptv.club/yy/1414967772
鬼片喜剧动作港剧,https://www.goodiptv.club/yy/1355269576
少年歌行1.2~,https://www.goodiptv.club/yy/29067083
新主播,求照顾,https://www.goodiptv.club/yy/1382690406
破案港剧,https://www.goodiptv.club/yy/1350670730
国漫动漫,https://www.goodiptv.club/yy/1354768828
经典雪豹24h,https://www.goodiptv.club/yy/1459010966
w_400,https://www.goodiptv.club/yy/1356212303
经典抗战剧,https://www.goodiptv.club/yy/1354555195
西游记后传 蓝光,https://www.goodiptv.club/yy/1353392400
苹果工会招募主播,https://www.goodiptv.club/yy/1354889234
动漫《火影疾风传》,https://www.goodiptv.club/yy/1459675153
精彩动漫,https://www.goodiptv.club/yy/1420843376
安安电视剧,https://www.goodiptv.club/yy/1414817779
【新三国】,https://www.goodiptv.club/yy/1382851415
【经典港片】佟瑶,https://www.goodiptv.club/yy/23531261
经典港片电影,https://www.goodiptv.club/yy/1461889059
w_400,https://www.goodiptv.club/yy/1394000563
24h唐朝诡实录1234,https://www.goodiptv.club/yy/1353913646
【武林客栈】,https://www.goodiptv.club/yy/1382773728
老妖私影院,https://www.goodiptv.club/yy/1354952229
绝版僵尸鬼片,https://www.goodiptv.club/yy/1460889796
鬼片恐怖私家影院,https://www.goodiptv.club/yy/1354209316
军旅剧（回忆经典）,https://www.goodiptv.club/yy/1356306672
惊恐盗暮鬼怪,https://www.goodiptv.club/yy/1382749525
经典鬼片3000部,https://www.goodiptv.club/yy/29460894
动漫,https://www.goodiptv.club/yy/22777075
武林外传,https://www.goodiptv.club/yy/1354282410
什么会让你快乐,https://www.goodiptv.club/yy/54886912
w_400,https://www.goodiptv.club/yy/1382773714
雍正王朝,https://www.goodiptv.club/yy/1459714870
时代剧,黄土高天,https://www.goodiptv.club/yy/1414864180
8090.电影一哥,https://www.goodiptv.club/yy/29197808
【科幻电影】,https://www.goodiptv.club/yy/1355065896
今天你喂狗了吗,https://www.goodiptv.club/yy/1352300646
经典港片电影,https://www.goodiptv.club/yy/1459801818
1930年代经典电影,https://www.goodiptv.club/yy/1356363815
僵尸道长,https://www.goodiptv.club/yy/1355171231
少年歌行,https://www.goodiptv.club/yy/1450556636
新白娘子4K高清观看,https://www.goodiptv.club/yy/1508961855
【战狼3吴京】首播,https://www.goodiptv.club/yy/1456668939
YY果国际电影频道,https://www.goodiptv.club/yy/1382627144
电影,https://www.goodiptv.club/yy/37454459
《东北小品》,https://www.goodiptv.club/yy/29600150
士兵突击,https://www.goodiptv.club/yy/1382768483
易中天品三国完整版,https://www.goodiptv.club/yy/1461244449
欢迎光临,https://www.goodiptv.club/yy/1355532933
w_400,https://www.goodiptv.club/yy/1354693629
东北小品王,https://www.goodiptv.club/yy/34313906
斗破苍穹~24h玄幻剧,https://www.goodiptv.club/yy/1356051105
魅力女神别错过,https://www.goodiptv.club/yy/1356076442
少寒回归啦-真,https://www.goodiptv.club/yy/13739310
你的声音女友,https://www.goodiptv.club/yy/1460008724
🔄韩国歌曲[刷新就是新内容],https://xn--vusr00g.v.nxog.top/m/tv/xjj.php?id=0
🔄DJ舞曲[刷新就是新内容],http://xjj1.716888.xyz/fenlei/djxjj/dj1.php
🔄网络热曲[刷新就是新内容],https://188sp.711888.xyz/188/video.php
🔄经典老歌[刷新就是新内容],http://xjj1.716888.xyz/fenlei/mtv/mtv.php
🔄4K视频[刷新就是新内容],http://xjj1.716888.xyz/fenlei/4k/4k.php
🔄不吃香菜[刷新就是新内容],http://xjj2.716888.xyz/fenlei/mvmn/mvmn.php
🔄TikTok美女[刷新就是新内容],https://xn--vusr00g.v.nxog.top/m/tv/xjj.php?id=2
🔄美女热舞1[刷新就是新内容],https://xn--vusr00g.v.nxog.top/m/tv/xjj.php?id=1
🔄美女热舞2[刷新就是新内容],http://xjj2.716888.xyz/fenlei/zj/gengxin/gengxin.php
🔄美女展示1[刷新就是新内容],http://xjj2.716888.xyz/fenlei/zj/jipinyz/jipinyz.php
🔄美女展示2[刷新就是新内容],http://xjj2.716888.xyz/fenlei/zj/xuejie/xuejie.php
🔄美女展示3[刷新就是新内容],http://xjj2.716888.xyz/fenlei/zj/kawayi/kawayi.php
🔄美女展示4[刷新就是新内容],http://xjj2.716888.xyz/fenlei/zj/nennen/nennen.php
🔄美女展示5[刷新就是新内容],http://xjj2.716888.xyz/fenlei/zj/sihuawd/sihuawd.php
🔄美女展示6[刷新就是新内容],http://xjj2.716888.xyz/fenlei/zj/manyao/manyao.php
🔄美女展示7[刷新就是新内容],http://xjj2.716888.xyz/fenlei/zj/sihuadd/sihuadd.php
🔄美女展示8[刷新就是新内容],http://xjj2.716888.xyz/fenlei/zj/qingchun/qingchun.php
🔄美女展示9[刷新就是新内容],http://xjj2.716888.xyz/fenlei/zj/cos/cos.php
🔄美女展示10[刷新就是新内容],http://xjj2.716888.xyz/fenlei/zj/heji1/heji1.php
🔄美女展示11[刷新就是新内容],http://xjj2.716888.xyz/fenlei/zj/jingpinbz/jingpinbz.php
🔄美女展示12[刷新就是新内容],http://xjj2.716888.xyz/fenlei/zj/jipinll/jipinll.php
🔄美女展示13[刷新就是新内容],http://xjj2.716888.xyz/fenlei/zj/nideym/nideym.php
🔄美女展示14[刷新就是新内容],http://xjj2.716888.xyz/fenlei/zj/tianmei/tianmei.php
🔄美女展示15[刷新就是新内容],http://xjj2.716888.xyz/fenlei/zj/yusi/yusi.php
🔄美女展示16[刷新就是新内容],http://xjj2.716888.xyz/fenlei/tkxjj/tk.php
🔄美女展示17[刷新就是新内容],http://xjj2.716888.xyz/fenlei/zj/rewu/rewu.php
🔄美女展示18[刷新就是新内容],http://xjj2.716888.xyz/fenlei/zj/jingpinsc/jingpinsc.php
🔄美女展示19[刷新就是新内容],http://xjj2.716888.xyz/fenlei/zj/heji1/heji1.php
🔄美女展示20[刷新就是新内容],http://xjj2.716888.xyz/fenlei/api/apiheng1.php
🔄美女展示21[刷新就是新内容],https://xn--vusr00g.v.nxog.top/m/tv/xjj.php?id=3
🔄美女展示22[刷新就是新内容],https://v.nrzj.vip/video.php
🔄美女展示23[刷新就是新内容],http://xjj1.716888.xyz/fenlei/kuan2/v.php
盗源狗si全家 全家下地狱
广东,https://lhttp.qingting.fm/live/1257/64k.mp3
广东音乐,https://lhttp.qingting.fm/live/1260/64k.mp3
广东2,https://lhttp.qingting.fm/live/1259/64k.mp3
广东汽车,https://lhttp.qingting.fm/live/1262/64k.mp3
广东3,https://lhttp.qingting.fm/live/1264/64k.mp3
香港第三台,https://rthkaudio3-lh.akamaihd.net/i/radio3_1@355866/master.m3u8
亚洲经典,https://lhttp.qingting.fm/live/5021912/64k.mp3
亚洲热歌,https://live.ximalaya.com/radio-first-page-app/live/1908/64.m3u8?transcode=ts
HD音乐,https://lhttp.qingting.fm/live/15318341/64k.mp3
亚洲粤语,https://lhttp.qingting.fm/live/15318569/64k.mp3
亚洲天空,https://lhttp.qingting.fm/live/20071/64k.mp3
亚洲音乐,https://lhttp.qingting.fm/live/5022405/64k.mp3
澳门绿坉,https://fm995.ddns.net/hls1/fm995.m3u8
重庆音乐,https://lhttp.qingting.fm/live/647/64k.mp3
江苏音乐,https://lhttp.qingting.fm/live/4936/64k.mp3
广西音乐,https://lhttp.qingting.fm/live/4875/64k.mp3
陕西音乐,https://lhttp.qingting.fm/live/4873/64k.mp3
河南音乐,https://lhttp.qingting.fm/live/1206/64k.mp3
河南音乐2,https://lhttp.qingting.fm/live/1206/64k.mp3
香港古典音乐,https://rthkradio1-live.akamaized.net/hls/live/2035313/radio1/master.m3u8?sd=10&rebase=on
四川音乐,https://lhttp.qingting.fm/live/1110/64k.mp3
贵州音乐,https://lhttp.qingting.fm/live/20067/64k.mp3
湖北音乐,https://lhttp.qingting.fm/live/1289/64k.mp3
湖南音乐,https://lhttp.qingting.fm/live/4979/64k.mp3
吉林音乐,https://lhttp.qingting.fm/live/1831/64k.mp3
江西音乐,http://lhttp.qingting.fm/live/1802/64k.mp3
山西音乐,https://lhttp.qingting.fm/live/4932/64k.mp3
福建音乐,https://lhttp.qingting.fm/live/4585/64k.mp3
河北音乐,https://lhttp.qingting.fm/live/1649/64k.mp3
浙江音乐,https://lhttp.qingting.fm/live/4866/64k.mp3
惊艳1,rtmp://112.29.121.74/live/易發TV-jyt
香蕉2,rtmp://112.29.121.74/live/易發TV-xjt
惊艳2,http://ctrl.yunshipin.bbroot.com:8080/streams/ds7fcf8th2/gc/playlist.m3u8
惊艳,http://15.204.105.50:25461/live/G2s9zK2n9m/xDtwVfWM8T/85.ts
潘多啦,http://15.204.105.50:25461/live/G2s9zK2n9m/xDtwVfWM8T/86.ts
彩虹,http://15.204.105.50:25461/live/G2s9zK2n9m/xDtwVfWM8T/87.ts
松1,http://15.204.105.50:25461/live/G2s9zK2n9m/xDtwVfWM8T/88.ts
松2,http://15.204.105.50:25461/live/G2s9zK2n9m/xDtwVfWM8T/89.ts
松3,http://15.204.105.50:25461/live/G2s9zK2n9m/xDtwVfWM8T/90.ts
香蕉,http://15.204.105.50:25461/live/G2s9zK2n9m/xDtwVfWM8T/117.ts
Emma White,http://conecdg.me:80/Andrielly.Silva/Br131221/3932765
Eva Elfie,http://conecdg.me:80/Andrielly.Silva/Br131221/3932766
MIA KHALIFA,http://conecdg.me:80/Andrielly.Silva/Br131221/3932767
Sammy Corazon,http://conecdg.me:80/Andrielly.Silva/Br131221/3932768
Reislin,http://conecdg.me:80/Andrielly.Silva/Br131221/3932769
SQUIRT,http://conecdg.me:80/Andrielly.Silva/Br131221/3932770
SweetieFox,http://conecdg.me:80/Andrielly.Silva/Br131221/3932771
Lexy Lore,http://conecdg.me:80/Andrielly.Silva/Br131221/3932772
BUSTY,http://conecdg.me:80/Andrielly.Silva/Br131221/3933219
WICKED,http://conecdg.me:80/Andrielly.Silva/Br131221/3933281
21 SEXTURY,http://conecdg.me:80/Andrielly.Silva/Br131221/3933284
Andressa Urach,http://conecdg.me:80/Andrielly.Silva/Br131221/3933285
GANGBANG,http://conecdg.me:80/Andrielly.Silva/Br131221/3933286
LEGALPORNO,http://conecdg.me:80/Andrielly.Silva/Br131221/3933287
LEGALPORNO 2,http://conecdg.me:80/Andrielly.Silva/Br131221/3933288
Kelly Aleman,http://conecdg.me:80/Andrielly.Silva/Br131221/3933289
Punheta guiada,http://conecdg.me:80/Andrielly.Silva/Br131221/3933290
Brasileiras,http://conecdg.me:80/Andrielly.Silva/Br131221/3933412
BDSM BOXXX,http://conecdg.me:80/Andrielly.Silva/Br131221/3935065
CLASSICOS ITALIANOS,http://conecdg.me:80/Andrielly.Silva/Br131221/3935066
DORCEL,http://conecdg.me:80/Andrielly.Silva/Br131221/3935067
DORCEL 2,http://conecdg.me:80/Andrielly.Silva/Br131221/3935068
FILTHY KINGS,http://conecdg.me:80/Andrielly.Silva/Br131221/3935069
REALITY KINGS,http://conecdg.me:80/Andrielly.Silva/Br131221/3935070
TEAM SKEET,http://conecdg.me:80/Andrielly.Silva/Br131221/3935071
SIS LOVES ME,http://conecdg.me:80/Andrielly.Silva/Br131221/3935072
ORGIAS,http://conecdg.me:80/Andrielly.Silva/Br131221/3935073
BANGBROS,http://conecdg.me:80/Andrielly.Silva/Br131221/3935089
BRAZZERS 1,http://conecdg.me:80/Andrielly.Silva/Br131221/3954314
BRAZZERS 2,http://conecdg.me:80/Andrielly.Silva/Br131221/3954317
BRAZZERS 3,http://conecdg.me:80/Andrielly.Silva/Br131221/3954316
BRAZZERS 4,http://conecdg.me:80/Andrielly.Silva/Br131221/3954315
BRAZZERS 5,http://conecdg.me:80/Andrielly.Silva/Br131221/3959204
Brasileirinhas,http://conecdg.me:80/Andrielly.Silva/Br131221/3959203
Fake Hostel,http://conecdg.me:80/Andrielly.Silva/Br131221/3965386
Fake Hub,http://conecdg.me:80/Andrielly.Silva/Br131221/3965387
Fake Taxi,http://conecdg.me:80/Andrielly.Silva/Br131221/3965388
Public Agent,http://conecdg.me:80/Andrielly.Silva/Br131221/3965389
Fake Hospital,http://conecdg.me:80/Andrielly.Silva/Br131221/3965390
Fake Driving School,http://conecdg.me:80/Andrielly.Silva/Br131221/3965391
Fake Agent,http://conecdg.me:80/Andrielly.Silva/Br131221/3965463
LETSDOEIT,http://conecdg.me:80/Andrielly.Silva/Br131221/3965464
nalfnf,https://v2.catcast.tv/content/40381/index.m3u8
Anal,http://cdn.adultiptv.net/anal.m3u8
Arab Girls,http://live.mycamtv.com/arab.m3u8
Asian Girls,http://live.mycamtv.com/asian.m3u8
Big Ass,http://live.redtraffic.xyz/bigass.m3u8
Big Dick,http://live.redtraffic.xyz/bigdick.m3u8
Big Tits,http://live.redtraffic.xyz/bigtits.m3u8
Blowjob,http://live.redtraffic.xyz/blowjob.m3u8
Blonde,http://live.redtraffic.xyz/blonde.m3u8
Brunette,http://cdn.adultiptv.net/brunette.m3u8
Brunette Girls,http://live.mycamtv.com/brunette.m3u8
Cuckold HD,http://live.redtraffic.xyz/cuckold.m3u8
Compilation,http://cdn.adultiptv.net/compilation.m3u8
Ebony Girls,http://live.mycamtv.com/ebony.m3u8
Hard Core,http://live.redtraffic.xyz/hardcore.m3u8
Three Some,http://live.redtraffic.xyz/threesome.m3u8
Lesbian,http://live.redtraffic.xyz/lesbian.m3u8
Latina HD,http://live.redtraffic.xyz/latina.m3u8
Livecams,http://cdn.adultiptv.net/livecams.m3u8
Fetish HD,http://live.redtraffic.xyz/fetish.m3u8
Interracial HD,http://live.redtraffic.xyz/interracial.m3u8
Milf HD,http://live.redtraffic.xyz/milf.m3u8
Pornstar HD,http://live.redtraffic.xyz/pornstar.m3u8
POV HD,http://live.redtraffic.xyz/pov.m3u8
Russian HD,http://live.redtraffic.xyz/russian.m3u8
Rough,http://cdn.adultiptv.net/rough.m3u8
Teen,http://live.redtraffic.xyz/teen.m3u8
Gangbang,http://cdn.adultiptv.net/gangbang.m3u8
Young Girls,http://live.mycamtv.com/young.m3u8
White Girls,http://live.mycamtv.com/white.m3u8
Skinny Girls,http://live.mycamtv.com/skinny.m3u8
Medium Girls,http://live.mycamtv.com/medium.m3u8
1本道_1,https://vip4.ddyunbo.com/20210210/IjSENz6s/index.m3u8
1本道_2,https://vip4.ddyunbo.com/20210209/dEzJjeSU/index.m3u8
1本道_3,https://vip4.ddyunbo.com/20210208/6LaKp6lZ/index.m3u8
1本道_4,https://vip4.ddyunbo.com/20210208/uWwFdRB7/index.m3u8
1本道_5,https://vip4.ddyunbo.com/20210208/EZRbwZn4/index.m3u8
1本道_6,https://vip4.ddyunbo.com/20210207/Lyhqjp3z/index.m3u8
1本道_7,https://vip4.ddyunbo.com/20210203/DYtc79vE/index.m3u8
1本道_8,https://vip4.ddyunbo.com/20210202/cy0urBhD/index.m3u8
1本道_9,https://vip4.ddyunbo.com/20210202/cOf9FXgF/index.m3u8
1本道_10,https://vip4.ddyunbo.com/20210202/jnSPf5L7/index.m3u8
1本道_11,https://vip4.ddyunbo.com/20210202/6wLYbWPq/index.m3u8
1本道_12,https://vip4.ddyunbo.com/20190904/HqGckgKl/index.m3u8
1本道_13,https://vip4.ddyunbo.com/20190904/m94xaoPh/index.m3u8
1本道_14,https://vip4.ddyunbo.com/20190908/1oZ5V2g2/index.m3u8
1本道_15,https://vip4.ddyunbo.com/20190904/wJoZlwtT/index.m3u8
1本道_16,https://vip4.ddyunbo.com/20190904/ZnGN7sEl/index.m3u8
1本道_18,https://vip4.ddyunbo.com/20190908/ETghLd5D/index.m3u8
1本道_20,https://vip4.ddyunbo.com/20190908/zSd2DI9R/index.m3u8
1本道_34,https://vip4.ddyunbo.com/20191007/IFlq5eON/index.m3u8
1本道_36,https://vip4.ddyunbo.com/20190907/PH1oGegu/index.m3u8
1本道_37,https://vip4.ddyunbo.com/20191206/aIGd1S2S/index.m3u8
1本道_39,https://vip4.ddyunbo.com/20191209/eOWqpnjK/index.m3u8
1本道_40,https://vip4.ddyunbo.com/20191203/kT2Rfcof/index.m3u8
1本道_41,https://vip4.ddyunbo.com/20191203/eKcaCDs1/index.m3u8
1本道_42,https://vip4.ddyunbo.com/20191204/jouQzYVh/index.m3u8
1本道_43,https://vip4.ddyunbo.com/20190824/InhHOPJz/index.m3u8
1本道_44,https://vip4.ddyunbo.com/20191201/yKe6LATy/index.m3u8
1本道_46,https://vip4.ddyunbo.com/20191104/NAZTGvOC/index.m3u8
1本道_47,https://vip4.ddyunbo.com/20190724/fpVllSSA/index.m3u8
1本道_48,https://vip4.ddyunbo.com/20191115/nz0OLAD7/index.m3u8
1本道_50,https://vip4.ddyunbo.com/20191111/YQ1Jvlo7/index.m3u8
1本道_51,https://vip4.ddyunbo.com/20191203/mXPJeA8L/index.m3u8
1本道_54,https://vip4.ddyunbo.com/20191211/EmnFBcTv/index.m3u8
1本道_56,https://vip4.ddyunbo.com/20191207/3l1NKbd9/index.m3u8
1本道_58,https://vip4.ddyunbo.com/20191121/NoBsuuFA/index.m3u8
1本道_71,https://vip4.ddyunbo.com/20191128/J5nWdwcz/index.m3u8
1本道_77,https://vip4.ddyunbo.com/20191104/5Br1zP28/index.m3u8
1本道_80,https://vip4.ddyunbo.com/20191205/0oLr2jlQ/index.m3u8
1本道_81,https://vip4.ddyunbo.com/20191110/Z3mWJbrz/index.m3u8
1本道_82,https://vip4.ddyunbo.com/20190724/SRcabvNZ/index.m3u8
1本道_83,https://vip4.ddyunbo.com/20191127/52rP822O/index.m3u8
1本道_84,https://vip4.ddyunbo.com/20191207/p0zvtDBY/index.m3u8
1本道_85,https://vip4.ddyunbo.com/20191208/dw94ieYl/index.m3u8.
1本道_87,https://vip4.ddyunbo.com/20191210/tyN6I80q/index.m3u8
1本道_88,https://vip4.ddyunbo.com/20191122/QMk66MvN/index.m3u8
1本道_89,https://vip4.ddyunbo.com/20191206/trGVPzmt/index.m3u8
1本道_90,https://vip4.ddyunbo.com/20191010/xcMAZOOw/index.m3u8
1本道_91,https://vip4.ddyunbo.com/20191207/tBB5RkgE/index.m3u8
1本道_101,https://vip4.ddyunbo.com/20190801/68w4hmaH/index.m3u8
1本道_102,https://vip4.ddyunbo.com/20191203/AdOtik4n/index.m3u8
1本道_105,https://vip4.ddyunbo.com/20191203/lrQfHler/index.m3u8
1本道_106,https://vip4.ddyunbo.com/20191203/5E24xFQu/index.m3u8
1本道_107,https://vip4.ddyunbo.com/20191206/wElIhu09/index.m3u8
1本道_109,https://vip4.ddyunbo.com/20191130/5D8rho9Y/index.m3u8
1本道_110,https://vip4.ddyunbo.com/20191125/b7iK6Oay/index.m3u8
1本道_111,https://vip4.ddyunbo.com/20191118/pa08NZI8/index.m3u8
1本道_113,https://vip4.ddyunbo.com/20191208/YoOOpIoB/index.m3u8
1本道_114,https://vip4.ddyunbo.com/20191206/KlOfpmXm/index.m3u8
1本道_115,https://vip4.ddyunbo.com/20191128/bhlfixkB/index.m3u8
1本道_118,https://vip4.ddyunbo.com/20191020/HFA1EICB/index.m3u8
1本道_119,https://vip4.ddyunbo.com/20190725/QoR2tEMa/index.m3u8
1本道_123,https://vip4.ddyunbo.com/20191206/beXglix7/index.m3u8
1本道_134,https://vip4.ddyunbo.com/20190712/AWmTfG0V/index.m3u8
1本道_137,https://vip4.ddyunbo.com/20191205/ZhyfTfzD/index.m3u8
1本道_138,https://vip4.ddyunbo.com/20191209/Cg46YFFD/index.m3u8
1本道_140,https://vip4.ddyunbo.com/20191206/D2NceISA/index.m3u8
1本道_141,https://vip4.ddyunbo.com/20190703/TS1mxp2x/index.m3u8
1本道_142,https://vip4.ddyunbo.com/20191127/28kOylU9/index.m3u8
1本道_143,https://vip4.ddyunbo.com/20190924/1r6n6c3u/index.m3u8
1本道_144,https://vip4.ddyunbo.com/20191201/8UTueLDg/index.m3u8
1本道_146,https://vip4.ddyunbo.com/20191109/7zPRNKbZ/index.m3u8
1本道_147,https://vip4.ddyunbo.com/20191208/0gSaR7IX/index.m3u8
1本道_149,https://vip4.ddyunbo.com/20191108/iI37Slwz/index.m3u8
1本道_151,https://vip4.ddyunbo.com/20191206/DRjLLulI/index.m3u8
1本道_152,https://vip4.ddyunbo.com/20191208/F59kEATh/index.m3u8
1本道_153,https://vip4.ddyunbo.com/20191205/u11PSJcw/index.m3u8
1本道_154,https://vip4.ddyunbo.com/20191203/PldaO4lb/index.m3u8
1本道_155,https://vip4.ddyunbo.com/20191206/AYu0BDSt/index.m3u8
1本道_156,https://vip4.ddyunbo.com/20191211/M3q09qGG/index.m3u8
1本道_163,https://vip4.ddyunbo.com/20191121/5fNyVOF0/index.m3u8
1本道_164,https://vip4.ddyunbo.com/20191120/c3IW5efi/index.m3u8
1本道_173,https://vip4.ddyunbo.com/20191201/XJwjwidw/index.m3u8
1本道_175,https://vip4.ddyunbo.com/20190918/dW0J9fzv/index.m3u8
1本道_176,https://vip4.ddyunbo.com/20191125/vpMcTD6O/index.m3u8
1本道_182,https://vip4.ddyunbo.com/20191203/nYjY9u2u/index.m3u8
1本道_186,https://vip4.ddyunbo.com/20191110/7bbcTr2N/index.m3u8
1本道_187,https://vip4.ddyunbo.com/20191127/65PpXoMw/index.m3u8
1本道_197,https://vip4.ddyunbo.com/20190924/cJ5trNUQ/index.m3u8
1本道_202,https://vip4.ddyunbo.com/20191203/52ec89LM/index.m3u8
1本道_207,https://vip4.ddyunbo.com/20191206/KcxaHKNK/index.m3u8
1本道_208,https://vip4.ddyunbo.com/20191130/aACNUDUx/index.m3u8
1本道_211,https://vip4.ddyunbo.com/20191110/NwogQedH/index.m3u8
1本道_219,https://vip4.ddyunbo.com/20191201/Lwlr3Bkj/index.m3u8
1本道_227,https://vip4.ddyunbo.com/20191201/K4Kv3dAa/index.m3u8
1本道_234,https://vip4.ddyunbo.com/20191212/HePcXP5K/index.m3u8
1本道_242,https://vip4.ddyunbo.com/20191203/eBg5Mcqa/index.m3u8
1本道_243,https://vip4.ddyunbo.com/20191028/bnoZp1dl/index.m3u8
1本道_249,https://vip4.ddyunbo.com/20191102/E6lR5iaR/index.m3u8
1本道_261,https://vip4.ddyunbo.com/20190729/aN7GcbnY/index.m3u8
1本道_264,https://vip4.ddyunbo.com/20191201/YEg5oWil/index.m3u8
1本道_268,https://vip4.ddyunbo.com/20191208/BS0JwI5Z/index.m3u8
1本道_274,https://vip4.ddyunbo.com/20191102/thRqkr3J/index.m3u8
1本道_275,https://vip4.ddyunbo.com/20191008/ONnuL7h3/index.m3u8
1本道_276,https://vip4.ddyunbo.com/20190904/f9ADZ1CY/index.m3u8
1本道_277,https://vip4.ddyunbo.com/20190904/UfqniQi1/index.m3u8
1本道_278,https://vip4.ddyunbo.com/20191211/FFE0h29v/index.m3u8
1本道_280,https://vip4.ddyunbo.com/20191121/VmpUGI2G/index.m3u8
1本道_281,https://vip4.ddyunbo.com/20190909/jRVMH9sc/index.m3u8
1本道_301,https://vip4.ddyunbo.com/20191213/J6Cv9gPJ/index.m3u8
1本道_305,https://vip4.ddyunbo.com/20191128/dkDIOfQC/index.m3u8
1本道_306,https://vip4.ddyunbo.com/20191130/c6PcG5MJ/index.m3u8
1本道_309,https://vip4.ddyunbo.com/20191111/DlyNFtz9/index.m3u8
1本道_310,https://vip4.ddyunbo.com/20191106/yFE2T1bI/index.m3u8
1本道_311,https://vip4.ddyunbo.com/20191128/0UFCYn1m/index.m3u8
1本道_313,https://vip4.ddyunbo.com/20191208/2uX0tXFP/index.m3u8
1本道_314,https://vip4.ddyunbo.com/20191112/xgfe7yP7/index.m3u8
1本道_315,https://vip4.ddyunbo.com/20191204/vbdhMyr9/index.m3u8
1本道_317,https://vip4.ddyunbo.com/20191211/mKHj4MjF/index.m3u8
1本道_396,https://vip4.ddyunbo.com/20210210/IjSENz6s/index.m3u8
1本道_404,https://vip4.ddyunbo.com/20210202/cOf9FXgF/index.m3u8
1本道_405,https://vip4.ddyunbo.com/20210202/jnSPf5L7/index.m3u8?
～19岁的,https://server13.6apzfdx.com/video/m3u8/202311/29/450c46f5f3a4/playlist.m3u8
女艺人、少女,https://server12.bgbfds.com/video/m3u8/202310/07/3e9665e2bc89/playlist.m3u8
恭贵！品质好,https://server12.bgbfds.com/video/m3u8/202310/07/471f301c97b5/playlist.m3u8
这是我自己的,https://server13.6apzfdx.com/video/m3u8/202401/10/4a99726fefa0/playlist.m3u8
身望怪物,https://server12.bgbfds.com/video/m3u8/202310/11/6fbb6822734c/playlist.m3u8
她今年19岁,https://server12.bgbfds.com/video/m3u8/202310/12/4120c8ac0fc0/playlist.m3u8
泰国抓凤,https://server14.fhgjds.com/video/m3u8/202403/23/35979de5b202/playlist.m3u8
两美出,https://server18.shuma5588.com/video/m3u8/202512/25/b47830867a7b/playlist.m3u8
沉浸体验泰国风情,https://server18.shuma5588.com/video/m3u8/202602/04/96a6f08469da/playlist.m3u8
双马尾清纯学妹,https://server18.shuma5588.com/video/m3u8/202601/22/8011b206c41b/playlist.m3u8
两个嫩妹,https://server18.shuma5588.com/video/m3u8/202601/22/89cb5596bf16/playlist.m3u8
只是提到,https://server18.shuma5588.com/video/m3u8/202601/23/b821df578aa9/playlist.m3u8
同时感受到双,https://server18.shuma5588.com/video/m3u8/202601/24/ff1b74c18a76/playlist.m3u8
喜欢出,https://server18.shuma5588.com/video/m3u8/202601/25/f9912e65ec43/playlist.m3u8
因离异妻,https://server18.shuma5588.com/video/m3u8/202601/26/265900949ef0/playlist.m3u8
同学聚会中,https://server18.shuma5588.com/video/m3u8/202601/29/1a0d61e7e626/playlist.m3u8
喜欢玩,https://server18.shuma5588.com/video/m3u8/202602/01/2dadc75b279a/playlist.m3u8
舌头灵活的萝莉,https://server18.shuma5588.com/video/m3u8/202602/01/369fab1ffbe0/playlist.m3u8
素人采访,https://server18.shuma5588.com/video/m3u8/202602/01/2e0908e3ff35/playlist.m3u8
我拥有貌美如花,https://server18.shuma5588.com/video/m3u8/202602/03/a9c0afccbb2b/playlist.m3u8
妄想成,https://server18.shuma5588.com/video/m3u8/202602/04/3e066d058baa/playlist.m3u8
我不穿裤,https://server18.shuma5588.com/video/m3u8/202602/06/9b216e93ef83/playlist.m3u8
微胖少妇很,https://server18.shuma5588.com/video/m3u8/202602/06/1b9be1eb871f/playlist.m3u8
妄想成真的出租,https://server18.shuma5588.com/video/m3u8/202602/05/a26a2b25fff1/playlist.m3u8
帅气小哥,https://server18.shuma5588.com/video/m3u8/202602/06/f89f1df1253d/playlist.m3u8
娃娃脸婴儿肥,https://server18.shuma5588.com/video/m3u8/202602/05/194358bafabe/playlist.m3u8
我想感受和E,https://server18.shuma5588.com/video/m3u8/202512/13/331980174aad/playlist.m3u8
清纯女神的,https://server18.shuma5588.com/video/m3u8/202512/22/9a50edeba852/playlist.m3u8
清纯天使,https://server18.shuma5588.com/video/m3u8/202512/22/371261790b68/playlist.m3u8
请尽情的享受,https://server18.shuma5588.com/video/m3u8/202512/29/632e8690e1aa/playlist.m3u8
让高傲前辈L,https://server18.shuma5588.com/video/m3u8/202512/29/d6742b68143b/playlist.m3u8
轻松连拍三次,https://server18.shuma5588.com/video/m3u8/202512/30/f24f1cefe3a2/playlist.m3u8
可爱小萝莉与男友,https://server18.shuma5588.com/video/m3u8/202512/31/9621eb667ce0/playlist.m3u8
危险的上司,https://server18.shuma5588.com/video/m3u8/202601/19/3aeec4a9be30/playlist.m3u8
厌倦城市生活1,https://server18.shuma5588.com/video/m3u8/202601/19/14b5f06f6f31/playlist.m3u8
厌倦城市生活2,https://server18.shuma5588.com/video/m3u8/202601/19/c0ee7c4f61b1/playlist.m3u8
光的大学生,https://server18.shuma5588.com/video/m3u8/202601/19/42ac74f74c1d/playlist.m3u8
苗条模特奇闻,https://server18.shuma5588.com/video/m3u8/202601/20/7cf479baaa20/playlist.m3u8
原始的爱感觉,https://server18.shuma5588.com/video/m3u8/202601/20/187766df1756/playlist.m3u8
荡妇的招待,https://server18.shuma5588.com/video/m3u8/202601/17/dc147db7a8e6/playlist.m3u8
给萝莉妹在我家,https://server18.shuma5588.com/video/m3u8/202601/17/2be8626c456d/playlist.m3u8
兄弟们又一个,https://server18.shuma5588.com/video/m3u8/202601/18/fff7dbd63430/playlist.m3u8
元泽智美一心想,https://server18.shuma5588.com/video/m3u8/202601/18/ff92513b9f18/playlist.m3u8
作为女职员出道,https://server18.shuma5588.com/video/m3u8/202601/18/7fb24443c476/playlist.m3u8
与感人妻的,https://server18.shuma5588.com/video/m3u8/202601/09/2e960f219e16/playlist.m3u8
与感人妻,https://server18.shuma5588.com/video/m3u8/202601/09/75b884153a5d/playlist.m3u8
与她崇拜的老师,https://server18.shuma5588.com/video/m3u8/202601/09/36a729fdde42/playlist.m3u8
妻子发现丈夫,https://server18.shuma5588.com/video/m3u8/202512/16/a85ed390d2f2/playlist.m3u8
不停榨男,https://server18.shuma5588.com/video/m3u8/202512/17/bcaa0922f9c0/playlist.m3u8
清纯女神的白虎,https://server18.shuma5588.com/video/m3u8/202512/22/9a50edeba852/playlist.m3u8
清纯天使,https://server18.shuma5588.com/video/m3u8/202512/22/371261790b68/playlist.m3u8
热爱大渴,https://server18.shuma5588.com/video/m3u8/202512/23/46e24fb2da0c/playlist.m3u8
韩国黑发美女,https://server18.shuma5588.com/video/m3u8/202512/23/b33812ed85a7/playlist.m3u8
苗条黑丝,https://server17.xsmj10.com/video/m3u8/202510/19/b662b384cd3d/playlist.m3u8
喜欢多人,https://server17.xsmj10.com/video/m3u8/202510/24/4aff42c9a1a7/playlist.m3u8
万圣节之夜,https://server17.xsmj10.com/video/m3u8/202510/24/0d2fc32597c8/playlist.m3u8
狂风人,https://server17.xsmj10.com/video/m3u8/202510/24/792e7bc9be8c/playlist.m3u8
葵千恵-相亲对象,https://server17.xsmj10.com/video/m3u8/202510/25/6a2174a624c3/playlist.m3u8
葵千恵-求不满,https://server17.xsmj10.com/video/m3u8/202510/25/ef2df1a7f8af/playlist.m3u8
老公出差,https://server17.xsmj10.com/video/m3u8/202510/26/ee85a93dc338/playlist.m3u8
来自隔壁邻居,https://server17.xsmj10.com/video/m3u8/202510/26/b9c3aead9dc6/playlist.m3u8
啦啦队Ecup美少女,https://server17.xsmj10.com/video/m3u8/202510/26/ca3ce9367691/playlist.m3u8
漂亮老婆,https://server17.xsmj10.com/video/m3u8/202510/27/d7188be9c2a2/playlist.m3u8
连续两次出,https://server17.xsmj10.com/video/m3u8/202510/28/72f8ff871523/playlist.m3u8
人在公寓,https://server17.xsmj10.com/video/m3u8/202510/29/38b2e8e8ff08/playlist.m3u8
令人无法抗拒的,https://server17.xsmj10.com/video/m3u8/202511/01/213fa37d9009/playlist.m3u8
弟弟带了漂亮女朋友回家,https://server17.xsmj10.com/video/m3u8/202508/29/2b0e1292f46c/playlist.m3u8
到温泉旅馆旅游时,https://server17.xsmj10.com/video/m3u8/202508/29/0bb2d3c9d7db/playlist.m3u8
调教小狗,https://server17.xsmj10.com/video/m3u8/202508/30/8b66537eff5e/playlist.m3u8
调皮的女喜欢,https://server17.xsmj10.com/video/m3u8/202508/30/96baea68fa02/playlist.m3u8
冬月丽美-情,https://server17.xsmj10.com/video/m3u8/202508/31/91aa04cc8f78/playlist.m3u8
东京礼仪小姐,https://server17.xsmj10.com/video/m3u8/202508/31/db0b4f3fdba7/playlist.m3u8
【上】顶级时尚模特美女,https://server17.xsmj10.com/video/m3u8/202508/30/51a5fab8c9e8/playlist.m3u8
【下】顶级时尚模特美女,https://server17.xsmj10.com/video/m3u8/202508/31/52e34b26c36c/playlist.m3u8
读者模特的透视泳装,https://server17.xsmj10.com/video/m3u8/202509/01/14eedbb7a385/playlist.m3u8
短发清纯妹纸,https://server17.xsmj10.com/video/m3u8/202509/01/5c80418d3a46/playlist.m3u8
短发御姐,https://server17.xsmj10.com/video/m3u8/202509/01/f58c91b12cef/playlist.m3u8
放假的高职生,https://server17.xsmj10.com/video/m3u8/202509/02/0913018154dc/playlist.m3u8
对第一次拍摄出,https://server17.xsmj10.com/video/m3u8/202509/02/044e65f5068c/playlist.m3u8
对着可爱的女服务员,https://server17.xsmj10.com/video/m3u8/202509/02/5a92af60c0b3/playlist.m3u8
丰满的生物老师,https://server17.xsmj10.com/video/m3u8/202509/03/7a0e36e89f67/playlist.m3u8
又苗条的身材美女,https://server17.xsmj10.com/video/m3u8/202509/03/8f0894f5ad20/playlist.m3u8
个人摄影的小雏20岁,https://server17.xsmj10.com/video/m3u8/202509/03/c8d8d9b26bb0/playlist.m3u8
非常的妹子,https://server17.xsmj10.com/video/m3u8/202509/04/c393e821519e/playlist.m3u8
非常活泼可爱的小妹妹,https://server17.xsmj10.com/video/m3u8/202509/04/a2fcebf553f0/playlist.m3u8
放学后就请准备好,https://server17.xsmj10.com/video/m3u8/202509/04/b0ca8032442d/playlist.m3u8
【上】非常漂亮的一位啤酒销售员,https://server17.xsmj10.com/video/m3u8/202509/05/487492e8c3ff/playlist.m3u8
【下】非常漂亮的一位啤酒销售员,https://server17.xsmj10.com/video/m3u8/202509/05/6c42ac39e0b8/playlist.m3u8
非常可爱的未完全女孩,https://server17.xsmj10.com/video/m3u8/202509/05/dc5cd2d98185/playlist.m3u8
美女的顶快感,https://server17.xsmj10.com/video/m3u8/202508/24/c9b43f3fb97e/playlist.m3u8
大量出,https://server17.xsmj10.com/video/m3u8/202508/24/bdbb44c78037/playlist.m3u8
大长腿好身材人,https://server17.xsmj10.com/video/m3u8/202508/26/0cecfbabe17f/playlist.m3u8
大妹小哥弄,https://server17.xsmj10.com/video/m3u8/202508/26/d078ddd60684/playlist.m3u8
女孩的内部,https://server17.xsmj10.com/video/m3u8/202508/26/98b6c50f67ff/playlist.m3u8
单身许久的苗条美少女,https://server17.xsmj10.com/video/m3u8/202508/27/ef6c44c07b9d/playlist.m3u8
拜金女去豪华酒店,https://server17.xsmj10.com/video/m3u8/202508/27/401525f29f2b/playlist.m3u8
当新娘她在美容院,https://server17.xsmj10.com/video/m3u8/202508/28/dc7d9300e642/playlist.m3u8
当他在我生命中,https://server17.xsmj10.com/video/m3u8/202508/28/833dd01e99d3/playlist.m3u8
美女的绝顶感,https://server17.xsmj10.com/video/m3u8/202508/24/c9b43f3fb97e/playlist.m3u8
聚集在,https://server17.xsmj10.com/video/m3u8/202508/24/5bb57d258703/playlist.m3u8
美女的绝顶,https://server17.xsmj10.com/video/m3u8/202508/24/c9b43f3fb97e/playlist.m3u8
大量出,https://server17.xsmj10.com/video/m3u8/202508/24/bdbb44c78037/playlist.m3u8
穿着可爱制服,https://server17.xsmj10.com/video/m3u8/202508/21/d1c5551103e5/playlist.m3u8
穿着丝袜的,https://server17.xsmj10.com/video/m3u8/202508/21/6f0176e284cf/playlist.m3u8
穿着万圣节服装,https://server17.xsmj10.com/video/m3u8/202508/21/54e9b84f32dd/playlist.m3u8
粗大惊人,https://server17.xsmj10.com/video/m3u8/202508/22/09ce7de361ee/playlist.m3u8
穿着制服的我,https://server17.xsmj10.com/video/m3u8/202508/22/30663ed109fa/playlist.m3u8
椿丽央-美海钱,https://server17.xsmj10.com/video/m3u8/202508/22/631cd6bb7a04/playlist.m3u8
村上琴斗-兔郎,https://server17.xsmj10.com/video/m3u8/202508/23/b431333a0278/playlist.m3u8
小伙找了个品,https://server17.xsmj10.com/video/m3u8/202508/23/827f9a1533bf/playlist.m3u8
趁大哥不在,https://server17.xsmj10.com/video/m3u8/202508/15/9570124b6038/playlist.m3u8
趁人女孩满脸困惑,https://server17.xsmj10.com/video/m3u8/202508/16/60f82a99ebf8/playlist.m3u8
池田瞳-女友,https://server17.xsmj10.com/video/m3u8/202508/16/9dd38909870f/playlist.m3u8
成功在街上搭讪了一个,https://server17.xsmj10.com/video/m3u8/202508/16/6d5f17b18ede/playlist.m3u8
赤坂桃子-连续三次,https://server17.xsmj10.com/video/m3u8/202508/17/9e08bb631600/playlist.m3u8
赤堀良子-圣诞老人竟然是女的,https://server17.xsmj10.com/video/m3u8/202508/17/09038cd9adbc/playlist.m3u8
充满活力的19岁女孩,https://server17.xsmj10.com/video/m3u8/202508/17/82ea3d580438/playlist.m3u8
初次进行激,https://server17.xsmj10.com/video/m3u8/202508/18/dbb0c4c1aee5/playlist.m3u8
初次来到东京发展,https://server17.xsmj10.com/video/m3u8/202508/18/919b0dbf2074/playlist.m3u8
穿着可爱JK装的漂亮妹妹,https://server17.xsmj10.com/video/m3u8/202508/19/bf8967c4dda2/playlist.m3u8
穿上丝袜套装,https://server17.xsmj10.com/video/m3u8/202508/19/8bbea1e1c3f8/playlist.m3u8
超害羞的短发,https://server17.xsmj10.com/video/m3u8/202508/07/91a0f8e515b1/playlist.m3u8
【上】超人海,https://server17.xsmj10.com/video/m3u8/202508/09/51a8cb9ce571/playlist.m3u8
【下】超人下,https://server17.xsmj10.com/video/m3u8/202508/09/2a5570d152ce/playlist.m3u8
超苗条高颜值少妇,https://server17.xsmj10.com/video/m3u8/202508/13/4183d496524d/playlist.m3u8
超的技师以按摩,https://server17.xsmj10.com/video/m3u8/202508/13/96478148208d/playlist.m3u8
超人气女偶像系列严选的,https://server17.xsmj10.com/video/m3u8/202508/13/65ee4cd3c4dd/playlist.m3u8
超甜美高颜值学生妹关键,https://server17.xsmj10.com/video/m3u8/202508/14/9971cbb6e298/playlist.m3u8
朝香濑罗·奈奈七海-俩位的,https://server17.xsmj10.com/video/m3u8/202508/14/901ebf829480/playlist.m3u8
爱上了跑她并这次,https://server17.xsmj10.com/video/m3u8/202507/26/7c087a1aa8c2/playlist.m3u8
安娜丽卡-身为服务员,https://server17.xsmj10.com/video/m3u8/202507/26/46d140be57df/playlist.m3u8
馒头萝莉,https://server17.xsmj10.com/video/m3u8/202507/27/c8fc58d9ca3a/playlist.m3u8
痴女在与友,https://server17.xsmj10.com/video/m3u8/202507/27/dbe2bb91dfd6/playlist.m3u8
小姐姐起来爆,https://server17.xsmj10.com/video/m3u8/202507/27/2b1922ae5e57/playlist.m3u8
把新进女同事当,https://server17.xsmj10.com/video/m3u8/202507/27/a3b239d774bd/playlist.m3u8
白皙害羞初学妹,https://server17.xsmj10.com/video/m3u8/202507/28/9f7c17428fa1/playlist.m3u8
白皙可爱的美少女首次登场,https://server17.xsmj10.com/video/m3u8/202507/28/b5b924a6fa82/playlist.m3u8
白嫩人为补贴家用,https://server17.xsmj10.com/video/m3u8/202507/28/1078da739ce7/playlist.m3u8
坂仓绫-在医院的深夜会面时间,https://server17.xsmj10.com/video/m3u8/202507/29/2bda9689c483/playlist.m3u8
半年前才刚的19岁苗条美少女,https://server17.xsmj10.com/video/m3u8/202507/29/2685d046d469/playlist.m3u8
办公室极品与男同事的约会,https://server17.xsmj10.com/video/m3u8/202507/29/f47a538a73dd/playlist.m3u8
年轻可爱嫩妹,https://server17.xsmj10.com/video/m3u8/202507/30/200b790144d4/playlist.m3u8
亲生女儿了,https://server17.xsmj10.com/video/m3u8/202507/30/f38deb8c6b0b/playlist.m3u8
【上】美少女在的过程中竟然不断,https://server17.xsmj10.com/video/m3u8/202507/30/068dbfc5ab09/playlist.m3u8
【下】美少女在的过程中竟然不断,https://server17.xsmj10.com/video/m3u8/202507/30/40688b080c18/playlist.m3u8
被可爱女孩洗浴服务征服,https://server17.xsmj10.com/video/m3u8/202507/31/2ea9cbc3d50f/playlist.m3u8
背着女友和杯,https://server17.xsmj10.com/video/m3u8/202507/31/79c89f281f5b/playlist.m3u8
【上】被她的团队以惩罚而被哭的小姐姐,https://server17.xsmj10.com/video/m3u8/202508/01/a940abc29cea/playlist.m3u8
【下】被她的团队以惩罚而被哭的小姐姐,https://server17.xsmj10.com/video/m3u8/202508/01/9207e3043623/playlist.m3u8
本泽老师的课程,https://server17.xsmj10.com/video/m3u8/202508/03/15931299c0fa/playlist.m3u8
本宫明日香-激烈的接吻,https://server17.xsmj10.com/video/m3u8/202508/03/7faa58562742/playlist.m3u8
本田椿本-在这计时赛里,https://server17.xsmj10.com/video/m3u8/202508/03/9ecac1745a64/playlist.m3u8
女在里,https://server17.xsmj10.com/video/m3u8/202508/04/6e9cee380cc3/playlist.m3u8
男大量,https://server17.xsmj10.com/video/m3u8/202508/04/325114f298e2/playlist.m3u8
带上兄弟一起,https://server17.xsmj10.com/video/m3u8/202508/04/664c76caf79e/playlist.m3u8
滨田希-喜欢的,https://server17.xsmj10.com/video/m3u8/202508/05/1cc8a6ee679d/playlist.m3u8
曾经失去联系的雫酱,https://server17.xsmj10.com/video/m3u8/202508/05/92f1af0e7379/playlist.m3u8
不断地中出极其苗条的女人,https://server17.xsmj10.com/video/m3u8/202508/05/2f9dd91797ed/playlist.m3u8
超高颜值学生妹,https://server17.xsmj10.com/video/m3u8/202508/07/893931e514e8/playlist.m3u8
超害羞的短发极品美少女,https://server17.xsmj10.com/video/m3u8/202508/07/91a0f8e515b1/playlist.m3u8
超级极品女学生,https://server17.xsmj10.com/video/m3u8/202508/08/f60a0b0f80b2/playlist.m3u8
超级体质的妹子,https://server17.xsmj10.com/video/m3u8/202508/08/cfa2a79c86be/playlist.m3u8
美丽的荡,https://server17.xsmj10.com/video/m3u8/202505/22/4045c2866723/playlist.m3u8
背着老婆把风韵犹存,https://server17.xsmj10.com/video/m3u8/202505/23/a9282810a482/playlist.m3u8
阿峰精选-女神,https://server17.xsmj10.com/video/m3u8/202505/23/967179165ef6/playlist.m3u8
提高销售业绩的秘诀,https://server17.xsmj10.com/video/m3u8/202505/25/2f45317c5b92/playlist.m3u8
我想看我的人,https://server17.xsmj10.com/video/m3u8/202505/26/921fc16348a9/playlist.m3u8
【下】我的思念和祈祷,https://server17.xsmj10.com/video/m3u8/202505/27/8c2ab8fefff0/playlist.m3u8
【下】美少女脸红扑扑,https://server17.xsmj10.com/video/m3u8/202505/27/197c14a30f4f/playlist.m3u8
口和原始,https://server17.xsmj10.com/video/m3u8/202505/28/5058adb313db/playlist.m3u8
高身长美女的漂亮,https://server17.xsmj10.com/video/m3u8/202505/28/7caa604462d5/playlist.m3u8
粉红色,https://server17.xsmj10.com/video/m3u8/202505/28/3d48808d2df3/playlist.m3u8
【上集】-罕见会水,https://server17.xsmj10.com/video/m3u8/202505/29/c08d66ca68f0/playlist.m3u8
上集】超可爱初次绝顶,https://server17.xsmj10.com/video/m3u8/202505/29/b966eb8c7bf1/playlist.m3u8
高清-女神,https://server17.xsmj10.com/video/m3u8/202505/30/fbd7014c37c4/playlist.m3u8
永不停止的剧场,https://server17.xsmj10.com/video/m3u8/202506/01/b2a2fee4a8f2/playlist.m3u8
已婚妇女的,https://server17.xsmj10.com/video/m3u8/202506/01/d45bc639c989/playlist.m3u8
小妞后,https://server17.xsmj10.com/video/m3u8/202506/01/313d3ec27dcb/playlist.m3u8
在公司与总裁女儿,https://server17.xsmj10.com/video/m3u8/202506/02/b714c769d810/playlist.m3u8
在保健室内,https://server17.xsmj10.com/video/m3u8/202506/02/42f845be19dd/playlist.m3u8
原宿咖啡馆店员,https://server17.xsmj10.com/video/m3u8/202506/02/e91706ff0817/playlist.m3u8
连清洁吹气的护士,https://server17.xsmj10.com/video/m3u8/202506/03/429f05f85230/playlist.m3u8
美女古极限,https://server17.xsmj10.com/video/m3u8/202506/03/2c4e8215362f/playlist.m3u8
立花美凉,https://server17.xsmj10.com/video/m3u8/202506/03/97e81e86a1cf/playlist.m3u8
大白天来到郊外,https://server17.xsmj10.com/video/m3u8/202506/06/9f84042efc65/playlist.m3u8
霸气女秘书老板,https://server17.xsmj10.com/video/m3u8/202506/06/987218530b80/playlist.m3u8
竟然有出租女友,https://server17.xsmj10.com/video/m3u8/202506/11/9692ce824dbe/playlist.m3u8
逛完庙会带去,https://server17.xsmj10.com/video/m3u8/202506/17/bc0844330ca3/playlist.m3u8
FC2,https://server17.xsmj10.com/video/m3u8/202507/25/42916147c932/playlist.m3u8
爱上了,https://server17.xsmj10.com/video/m3u8/202507/26/7c087a1aa8c2/playlist.m3u8
安娜丽卡-身为服务员,https://server17.xsmj10.com/video/m3u8/202507/26/46d140be57df/playlist.m3u8
白虎在与友,https://server17.xsmj10.com/video/m3u8/202507/27/dbe2bb91dfd6/playlist.m3u8
小姐姐被绑起来,https://server17.xsmj10.com/video/m3u8/202507/27/2b1922ae5e57/playlist.m3u8
把新进女同事当,https://server17.xsmj10.com/video/m3u8/202507/27/a3b239d774bd/playlist.m3u8
俄罗斯一半的,https://server17.xsmj10.com/video/m3u8/202506/13/1e4f14b89463/playlist.m3u8
动漫声音萝莉萌妹,https://server17.xsmj10.com/video/m3u8/202506/13/2920dff9eee3/playlist.m3u8
巨货在沙发上,https://server17.xsmj10.com/video/m3u8/202506/18/60564c6047d3/playlist.m3u8
来自关西的好女人,https://server17.xsmj10.com/video/m3u8/202506/20/490dc35a5e20/playlist.m3u8
美智子小夜曲,https://server17.xsmj10.com/video/m3u8/202506/21/6c553ceb6560/playlist.m3u8
苗条马尾小姐姐,https://server17.xsmj10.com/video/m3u8/202506/25/c7e93a088b4f/playlist.m3u8
下班后与温柔娇妻一边,https://server17.xsmj10.com/video/m3u8/202506/25/9d5c7b00e715/playlist.m3u8
请像这样原谅我,https://server17.xsmj10.com/video/m3u8/202506/26/4ecda11deda5/playlist.m3u8
隔壁邻居,https://server17.xsmj10.com/video/m3u8/202506/26/96c8a8f19153/playlist.m3u8
融化男人的甜美眼神,https://server17.xsmj10.com/video/m3u8/202506/27/5c3c1f6b4f6c/playlist.m3u8
尴尬的天堂,https://server17.xsmj10.com/video/m3u8/202506/27/38a22497e1db/playlist.m3u8
女孩和的男朋友,https://server17.xsmj10.com/video/m3u8/202506/28/b8cbad58fd7a/playlist.m3u8
29岁印证刚要进来,https://server11.sxpgb.com/video/m3u8/202309/10/f8ba75b17ec1/playlist.m3u8
如何进行的,https://server17.xsmj10.com/video/m3u8/202506/29/c2055b52e28a/playlist.m3u8
a妹子出道,https://server17.xsmj10.com/video/m3u8/202507/07/2ca4f51d1efd/playlist.m3u8
20岁护理系黑长发苗条美女,https://server17.xsmj10.com/video/m3u8/202507/08/68c0856c1911/playlist.m3u8
21岁大规模中出雏酱,https://server17.xsmj10.com/video/m3u8/202507/07/d1f836778324/playlist.m3u8
22岁偶像级可爱女神,https://server17.xsmj10.com/video/m3u8/202507/07/a489fb22dd64/playlist.m3u8
20岁大学素妹子,https://server17.xsmj10.com/video/m3u8/202507/09/6042528682f7/playlist.m3u8
19岁调皮贪玩的妹妹摆烂,https://server17.xsmj10.com/video/m3u8/202507/10/92ed9861c35a/playlist.m3u8
【上】18岁护理师首次,https://server17.xsmj10.com/video/m3u8/202507/10/761b3fdef501/playlist.m3u8
【下】18岁护理师首次,https://server17.xsmj10.com/video/m3u8/202507/10/06b57732f3a8/playlist.m3u8
19岁的小绫酱,https://server17.xsmj10.com/video/m3u8/202507/11/0cec5a0295fb/playlist.m3u8
18岁的青春公主第一次接受,https://server17.xsmj10.com/video/m3u8/202507/11/4066fdb669f9/playlist.m3u8
6点下班之后与办公室女孩,https://server17.xsmj10.com/video/m3u8/202507/11/ef119273b301/playlist.m3u8
【上】在酒店,https://server17.xsmj10.com/video/m3u8/202507/12/3a3f4b8b3bae/playlist.m3u8
【上】梦想成为年轻女学生,https://server17.xsmj10.com/video/m3u8/202507/13/aed6f876b9f8/playlist.m3u8
【下】梦想成为年轻女学生,https://server17.xsmj10.com/video/m3u8/202507/12/dbf3eabe401e/playlist.m3u8
【上】刚放学的学生妹,https://server17.xsmj10.com/video/m3u8/202507/13/9aae3be61c17/playlist.m3u8
【下】刚放学的学生妹,https://server17.xsmj10.com/video/m3u8/202507/12/2f6d12183d60/playlist.m3u8
LinoA-黑丝长腿,https://server17.xsmj10.com/video/m3u8/202507/14/870c05988ff9/playlist.m3u8
K cup巨后续来了,https://server17.xsmj10.com/video/m3u8/202507/14/8ee0edeabf90/playlist.m3u8
S级身材的愉悦,https://server17.xsmj10.com/video/m3u8/202507/15/b9334b7b4e2f/playlist.m3u8
女的系列-日野美琴,https://server17.xsmj10.com/video/m3u8/202507/15/207a32ce2cfb/playlist.m3u8
LinoA-与苗条的长腿美女,https://server17.xsmj10.com/video/m3u8/202507/15/350120da1d49/playlist.m3u8
白川麻衣-面试中的大学生,https://server17.xsmj10.com/video/m3u8/202507/16/4e23a8da9625/playlist.m3u8
爱杏美-傲娇的女讲师,https://server17.xsmj10.com/video/m3u8/202507/16/d628522dd2d9/playlist.m3u8
的少女到酒店,https://server17.xsmj10.com/video/m3u8/202507/16/7ed1d8f31f55/playlist.m3u8
百合川莎拉-我在中心,https://server17.xsmj10.com/video/m3u8/202507/17/93ce73b6a4be/playlist.m3u8
百合川沙拉-逐渐被,https://server17.xsmj10.com/video/m3u8/202507/17/09feffaeaac8/playlist.m3u8
白皙的,https://server17.xsmj10.com/video/m3u8/202507/17/fa4a2467d601/playlist.m3u8
百合川莎拉-值班中的护士,https://server17.xsmj10.com/video/m3u8/202507/18/6d1997e03e42/playlist.m3u8
抱歉！应该在工作时,https://server17.xsmj10.com/video/m3u8/202507/18/bbfb1738ac6c/playlist.m3u8
老师饰演OL女白领,https://server17.xsmj10.com/video/m3u8/202507/20/29615d5d03de/playlist.m3u8
本间由里-的,https://server17.xsmj10.com/video/m3u8/202507/20/222fa5df21cb/playlist.m3u8
不道德的妻子无法告诉丈夫,https://server17.xsmj10.com/video/m3u8/202507/20/22c6f8824988/playlist.m3u8
超高颜值少妇,https://server17.xsmj10.com/video/m3u8/202507/21/d4c4d26faa25/playlist.m3u8
无法告诉丈夫的,https://server17.xsmj10.com/video/m3u8/202507/21/6d1bc4a36090/playlist.m3u8
的妻子不能告诉丈夫的,https://server17.xsmj10.com/video/m3u8/202507/21/bfa3c1621830/playlist.m3u8
超绝迷人的,https://server17.xsmj10.com/video/m3u8/202507/22/e3fe24e98794/playlist.m3u8
超清纯校服美少女,https://server17.xsmj10.com/video/m3u8/202507/22/cd0a563da987/playlist.m3u8
超19岁女学生,https://server17.xsmj10.com/video/m3u8/202507/22/4b97ca28c348/playlist.m3u8
超人气男授课,https://server17.xsmj10.com/video/m3u8/202507/23/475e1366abc4/playlist.m3u8
彻底陷入愉悦的,https://server17.xsmj10.com/video/m3u8/202507/23/77074c4abe0a/playlist.m3u8
少女的奇妙招待,https://server17.xsmj10.com/video/m3u8/202507/24/e9cb5e6fc9c9/playlist.m3u8
熊猫精选1,https://server17.xsmj10.com/video/m3u8/202507/10/06b57732f3a8/playlist.m3u8
熊猫精选2,https://server17.xsmj10.com/video/m3u8/202507/11/5ac3d983f2c5/playlist.m3u8
免費訂閲：請勿販賣...,https://material.1989.click/v/302.mp4
維護時間：2026-7-1 #佛系維護...,https://material.1989.click/v/301.mp4
免費訂閲：請勿販賣...,https://material.1989.click/v/302.mp4
維護時間：2026-7-1 #佛系維護...,https://material.1989.click/v/301.mp4
鳳凰衛視·中文「回看」,https://iptv.1989.click/phoenix/wkktzb?token=5520be5dc53443788906150cf6815bfa62cf3445a12bb564
鳳凰衛視·資訊「回看」,https://iptv.1989.click/phoenix/tb6vgh?token=5520be5dc53443788906150cf6815bfa62cf3445a12bb564
鳳凰衛視·香港「回看」,https://iptv.1989.click/phoenix/f8ujzf?token=5520be5dc53443788906150cf6815bfa62cf3445a12bb564
Now直播台,https://iptv.1989.click/hk/u97y63?token=5520be5dc53443788906150cf6815bfa62cf3445a12bb564
Now Sports 精選,https://iptv.1989.click/hk/enm23n?token=5520be5dc53443788906150cf6815bfa62cf3445a12bb564
Now Sports 617,https://iptv.1989.click/hkg/mqp8eh?token=5520be5dc53443788906150cf6815bfa62cf3445a12bb564
Now Sports 618,https://iptv.1989.click/hkg/hn53jn?token=5520be5dc53443788906150cf6815bfa62cf3445a12bb564
電台·雷霆881,https://iptv.1989.click/hkg/4usn9z?token=5520be5dc53443788906150cf6815bfa62cf3445a12bb564
熊猫精选3,https://server17.xsmj10.com/video/m3u8/202507/10/b7846f0df725/playlist.m3u8
熊猫精选4,https://server17.xsmj10.com/video/m3u8/202507/09/c647574df6f2/playlist.m3u8
熊猫精选5,https://server17.xsmj10.com/video/m3u8/202507/07/d1f836778324/playlist.m3u8
熊猫精选6,https://server17.xsmj10.com/video/m3u8/202505/19/695c902ea25f/playlist.m3u8
熊猫精选7,https://server17.xsmj10.com/video/m3u8/202505/05/060c2e3d3bb2/playlist.m3u8
熊猫精选8,https://server17.xsmj10.com/video/m3u8/202504/14/d7c8244a16c4/playlist.m3u8
熊猫精选9,https://server17.xsmj10.com/video/m3u8/202504/03/189b00e63d2f/playlist.m3u8
熊猫精选10,https://server17.xsmj10.com/video/m3u8/202503/23/63cf6f160972/playlist.m3u8
熊猫精选11,https://server17.xsmj10.com/video/m3u8/202503/27/9916d32a049a/playlist.m3u8
熊猫精选12,https://server17.xsmj10.com/video/m3u8/202503/21/e7c3c61120fb/playlist.m3u8
熊猫精选13,https://server17.xsmj10.com/video/m3u8/202503/07/35e389914c7d/playlist.m3u8
熊猫精选14,https://server17.xsmj10.com/video/m3u8/202505/31/3a955b0eb5a9/playlist.m3u8
熊猫精选15,https://server17.xsmj10.com/video/m3u8/202505/27/197c14a30f4f/playlist.m3u8
FC2PPV-1226584,https://aosikazy12.com/20220929/Y3kiFgyI/index.m3u8
FC2PPV-1235209,https://aosikazy12.com/20220929/cejBtTpH/index.m3u8
Carib041210-345,https://aosikazy12.com/20220929/iqUTZL9A/index.m3u8
Carib122819-001,https://vip1.slbfsl.com/20220818/muZFQwbr/index.m3u8
Carib122819-001,https://aosikazy12.com/20220929/7dcRQciZ/index.m3u8
電台·叱咤903,https://iptv.1989.click/hkg/7gj7xe?token=5520be5dc53443788906150cf6815bfa62cf3445a12bb564
電台·AM864,https://iptv.1989.click/hkg/4cdttm?token=5520be5dc53443788906150cf6815bfa62cf3445a12bb564
HOY 國際財經台,https://hoytv-live-stream.hoy.tv/ch76/index-fhd.m3u8
HOY 資訊台,https://hoytv-live-stream.hoy.tv/ch78/index-fhd.m3u8
澳門葡文,https://live5.tdm.com.mo/ch2/ch2.live/playlist.m3u8
澳視澳門,https://live5.tdm.com.mo/ch1/ch1.live/playlist.m3u8
澳門資訊,https://live5.tdm.com.mo/ch5/info_ch5.live/playlist.m3u8
澳門體育,https://live5.tdm.com.mo/ch4/sport_ch4.live/playlist.m3u8
澳門綜藝,https://live5.tdm.com.mo/ch6/hd_ch6.live/playlist.m3u8
東方衛視「Relay」,https://iptv.1989.click/cn/yax5we?token=5520be5dc53443788906150cf6815bfa62cf3445a12bb564
廣東衛視「Relay」,https://iptv.1989.click/cn/gv2cae?token=5520be5dc53443788906150cf6815bfa62cf3445a12bb564
浙江衛視「Relay」,https://iptv.1989.click/cn/vf7vm6?token=5520be5dc53443788906150cf6815bfa62cf3445a12bb564
江蘇衛視「Relay」,https://iptv.1989.click/cn/8btj6c?token=5520be5dc53443788906150cf6815bfa62cf3445a12bb564
Caribpr040710-341,https://vip1.slbfsl.com/20220818/CosC4oYf/index.m3u8
Caribpr040710-341,https://aosikazy12.com/20220929/AoUHqOJz/index.m3u8
FC2PPV-1233512,https://aosikazy12.com/20220929/cTOx9X8F/index.m3u8
FC2PPV-1226620,https://vip1.slbfsl.com/20220818/kBbmLn4y/index.m3u8
FC2PPV-1226620,https://aosikazy12.com/20220929/RRvqSCzZ/index.m3u8
FC2PPV-1234565,https://vip1.slbfsl.com/20220818/ZfYfH9C6/index.m3u8
FC2PPV-1234565,https://aosikazy12.com/20220929/9wkupPdS/index.m3u8
Carib050310-364,https://aosikazy12.com/20220929/4G1vjG8V/index.m3u8
Carib041010-344,https://vip1.slbfsl.com/20220818/G8xaGLd7/index.m3u8
Carib041010-344,https://aosikazy12.com/20220929/bNIV0MmE/index.m3u8
FC2PPV-1244095,https://vip1.slbfsl.com/20220818/BN5TvwMw/index.m3u8
FC2PPV-1244095,https://aosikazy12.com/20220929/CERN3y68/index.m3u8
FC2PPV-1233604,https://vip1.slbfsl.com/20220818/jqKkWyyd/index.m3u8
FC2PPV-1233604,https://aosikazy12.com/20220929/t8ohaxz8/index.m3u8
FC2PPV-1244083,https://vip1.slbfsl.com/20220818/iOoPY6MR/index.m3u8
FC2PPV-1244083,https://aosikazy12.com/20220929/pXewETjV/index.m3u8
FC2PPV-1233280,https://vip1.slbfsl.com/20220818/KgBwuuXd/index.m3u8
緯來日本「Relay」,https://iptv.1989.click/tw/wq64cg?token=5520be5dc53443788906150cf6815bfa62cf3445a12bb564
緯來綜合「Relay」,https://iptv.1989.click/tw/skd3vs?token=5520be5dc53443788906150cf6815bfa62cf3445a12bb564
緯來育樂「Relay」,https://iptv.1989.click/tw/4pkue9?token=5520be5dc53443788906150cf6815bfa62cf3445a12bb564
動物星球「Relay」,https://iptv.1989.click/tw/hv9j7b?token=5520be5dc53443788906150cf6815bfa62cf3445a12bb564
CATCHPLAY 電影「Relay」,https://iptv.1989.click/tw/qdses9?token=5520be5dc53443788906150cf6815bfa62cf3445a12bb564
CINEMAX「Relay」,https://iptv.1989.click/tw/2pb4by?token=5520be5dc53443788906150cf6815bfa62cf3445a12bb564
好萊塢電影「Relay」,https://iptv.1989.click/tw/6qqp3y?token=5520be5dc53443788906150cf6815bfa62cf3445a12bb564
MTV Live「Relay」,https://iptv.1989.click/tw/xt86yt?token=5520be5dc53443788906150cf6815bfa62cf3445a12bb564
FC2PPV-1233280,https://aosikazy12.com/20220929/B1EpeDn4/index.m3u8
FC2PPV-1244053,https://vip1.slbfsl.com/20220818/OIBBm9oz/index.m3u8
FC2PPV-1244053,https://aosikazy12.com/20220929/XyAe9nMa/index.m3u8
FC2PPV-1243939,https://vip1.slbfsl.com/20220818/9imKQSIQ/index.m3u8
FC2PPV-1243939,https://aosikazy12.com/20220929/Eh6SlwaI/index.m3u8
Carib040410-339,https://vip1.slbfsl.com/20220818/KWTP14NJ/index.m3u8
Carib040410-339,https://aosikazy12.com/20220929/L6edNzE1/index.m3u8
FC2PPV-1233100,https://aosikazy12.com/20220929/91cycSZd/index.m3u8
FC2PPV-1230185,https://aosikazy12.com/20220929/jcDj53ii/index.m3u8
FC2PPV-1231059,https://aosikazy12.com/20220929/43uZvTqd/index.m3u8
FC2PPV-1230596,https://vip1.slbfsl.com/20220818/3GWCglie/index.m3u8
FC2PPV-1230596,https://aosikazy12.com/20220929/btvSlCZQ/index.m3u8
FC2PPV-1231680,https://aosikazy12.com/20220929/hLCWKAzS/index.m3u8
FC2PPV-1243928,https://vip1.slbfsl.com/20220818/LiZyy6lS/index.m3u8
FC2PPV-1243928,https://aosikazy12.com/20220929/tAFXpH7T/index.m3u8
FC2PPV-1243463,https://aosikazy12.com/20220929/jIcE7IJX/index.m3u8
FC2PPV-1209497,https://vip1.slbfsl.com/20220818/An4CkRkC/index.m3u8
FC2PPV-1209497,https://aosikazy12.com/20220929/fZRAfak2/index.m3u8
FC2PPV-1234159,https://vip1.slbfsl.com/20220818/z1FkVV7t/index.m3u8
FC2PPV-1234159,https://aosikazy12.com/20220929/P1m6seTJ/index.m3u8
FC2PPV-1235208,https://vip1.slbfsl.com/20220818/wKqrwRYW/index.m3u8
FC2PPV-1235208,https://aosikazy12.com/20220929/rj4PbLyx/index.m3u8
FC2PPV-1233127,https://vip1.slbfsl.com/20220818/eOBgHfNC/index.m3u8
FC2PPV-1233127,https://aosikazy12.com/20220929/xzqHbBbx/index.m3u8
FC2PPV-1244192,https://vip1.slbfsl.com/20220818/xJpsYKK4/index.m3u8
FC2PPV-1244192,https://aosikazy12.com/20220929/WTtT2ICa/index.m3u8
Carib011320-001,https://aosikazy12.com/20220929/qBfKIGlH/index.m3u8
FC2PPV-1244023-B,https://vip1.slbfsl.com/20220818/iSqGqMOq/index.m3u8
FC2PPV-1244023-B,https://aosikazy12.com/20220929/F0gsM3Hk/index.m3u8
FC2PPV-1244888,https://aosikazy12.com/20220929/mzDq7pSr/index.m3u8
FC2PPV-1244023-A,https://aosikazy12.com/20220929/QfdZvXZs/index.m3u8
FC2PPV-1227537,https://aosikazy12.com/20220929/99uaLZEd/index.m3u8
Carib041410-347,https://vip1.slbfsl.com/20220818/HLkXJd7o/index.m3u8
博斯運動 一「4gTV」,https://iptv.1989.click/4gtv/kkkx9n?token=5520be5dc53443788906150cf6815bfa62cf3445a12bb564
博斯運動 二「4gTV」,https://iptv.1989.click/4gtv/2zmj92?token=5520be5dc53443788906150cf6815bfa62cf3445a12bb564
博斯無限 一「4gTV」,https://iptv.1989.click/4gtv/smq2t4?token=5520be5dc53443788906150cf6815bfa62cf3445a12bb564
博斯無限 二「4gTV」,https://iptv.1989.click/4gtv/zkaf4r?token=5520be5dc53443788906150cf6815bfa62cf3445a12bb564
博斯高球 一「4gTV」,https://iptv.1989.click/4gtv/mkg79d?token=5520be5dc53443788906150cf6815bfa62cf3445a12bb564
博斯高球 二「4gTV」,https://iptv.1989.click/4gtv/wx5zye?token=5520be5dc53443788906150cf6815bfa62cf3445a12bb564
博斯網球「4gTV」,https://iptv.1989.click/4gtv/d8dk7j?token=5520be5dc53443788906150cf6815bfa62cf3445a12bb564
博斯魅力「4gTV」,https://iptv.1989.click/4gtv/zqgzen?token=5520be5dc53443788906150cf6815bfa62cf3445a12bb564
東森財經「4gTV」,https://iptv.1989.click/4gtv/n4c9mp?token=5520be5dc53443788906150cf6815bfa62cf3445a12bb564
TVBS 精采「4gTV」,https://iptv.1989.click/4gtv/zj8bv4?token=5520be5dc53443788906150cf6815bfa62cf3445a12bb564
靖天國際「4gTV」,https://iptv.1989.click/4gtv/wryv5k?token=5520be5dc53443788906150cf6815bfa62cf3445a12bb564
靖天歡樂「4gTV」,https://iptv.1989.click/4gtv/h9wqze?token=5520be5dc53443788906150cf6815bfa62cf3445a12bb564
靖天映畫「4gTV」,https://iptv.1989.click/4gtv/38f6p7?token=5520be5dc53443788906150cf6815bfa62cf3445a12bb564
Carib041410-347,https://aosikazy12.com/20220929/jt2OURx0/index.m3u8
FC2PPV-1245021,https://aosikazy12.com/20220929/poMR0VKC/index.m3u8
FC2PPV-1233392,https://vip1.slbfsl.com/20220818/4sh8OxxN/index.m3u8
FC2PPV-1233392,https://aosikazy12.com/20220929/rJT4uh5c/index.m3u8
FC2PPV-1226815,https://aosikazy12.com/20220929/w5Xj9i4P/index.m3u8
Carib072310-434,https://vip1.slbfsl.com/20220818/dd2WHOoX/index.m3u8
Carib072310-434,https://aosikazy12.com/20221002/NpSBmjkm/index.m3u8
HAMESAMURAI0210,https://vip1.slbfsl.com/20220818/MSCkJtkz/index.m3u8
HAMESAMURAI0210,https://aosikazy12.com/20221002/9KpYlXnx/index.m3u8
FC2PPV-1264353,https://vip1.slbfsl.com/20220818/C84H3d0W/index.m3u8
FC2PPV-1264353,https://aosikazy12.com/20221002/wAKRUh2r/index.m3u8
435神,https://vip1.slbfsl.com/20220818/WZxDkttg/index.m3u8
435神崎,https://aosikazy12.com/20221002/lEhhYPMp/index.m3u8
Carib072610-436高沙耶香熟,https://vip1.slbfsl.com/20220818/Vt8HXiZQ/index.m3u8
Carib072610-436高沙耶香熟,https://aosikazy12.com/20221002/yDDTRArH/index.m3u8
積極的な,https://vip2.slbfsl.com/20230414/V7I2GGJi/index.m3u8
即ハメさ,https://vip2.slbfsl.com/20230414/aC4vPn2j/index.m3u8
結婚生活はうま,https://vip2.slbfsl.com/20230415/RSp2pn9f/index.m3u8
靖天戲劇「4gTV」,https://iptv.1989.click/4gtv/vbph5f?token=5520be5dc53443788906150cf6815bfa62cf3445a12bb564
靖天日本「4gTV」,https://iptv.1989.click/4gtv/pn9x7x?token=5520be5dc53443788906150cf6815bfa62cf3445a12bb564
靖天綜合「4gTV」,https://iptv.1989.click/4gtv/mu6wcm?token=5520be5dc53443788906150cf6815bfa62cf3445a12bb564
靖天育樂「4gTV」,https://iptv.1989.click/4gtv/wx487s?token=5520be5dc53443788906150cf6815bfa62cf3445a12bb564
靖天資訊「4gTV」,https://iptv.1989.click/4gtv/ettuuv?token=5520be5dc53443788906150cf6815bfa62cf3445a12bb564
靖天卡通「4gTV」,https://iptv.1989.click/4gtv/qy4zes?token=5520be5dc53443788906150cf6815bfa62cf3445a12bb564
靖洋卡通「4gTV」,https://iptv.1989.click/4gtv/rrwvnw?token=5520be5dc53443788906150cf6815bfa62cf3445a12bb564
靖洋戲劇「4gTV」,https://iptv.1989.click/4gtv/3a8yvn?token=5520be5dc53443788906150cf6815bfa62cf3445a12bb564
公視戲劇「4gTV」,https://iptv.1989.click/4gtv/tunqg6?token=5520be5dc53443788906150cf6815bfa62cf3445a12bb564
三立新聞iNEWS「4gTV」,https://iptv.1989.click/4gtv/d8a7vu?token=5520be5dc53443788906150cf6815bfa62cf3445a12bb564
今日は俺の誕生日だ,https://vip2.slbfsl.com/20230415/6lR5y7D0/index.m3u8
今日のために綺麗,https://vip2.slbfsl.com/20230415/TV5VyE6L/index.m3u8
結婚３年の真緒,https://vip2.slbfsl.com/20230415/h95CMnNZ/index.m3u8
今回のアマチ,https://vip2.slbfsl.com/20230415/W5LBMlYf/index.m3u8
就活ストレ,https://vip2.slbfsl.com/20230416/c1TaSLkv/index.m3u8
就職活動,https://vip2.slbfsl.com/20230416/O0JpOhUs/index.m3u8
精子は飲むも,https://vip2.slbfsl.com/20230416/OAIZYX2r/index.m3u8
出版-い,https://vip2.slbfsl.com/20230418/qGTTAU0e/index.m3u8
出版-川,https://vip2.slbfsl.com/20230418/uSGccKt7/index.m3u8
両穴を餌に誘,https://vip2.slbfsl.com/20230418/etJ7qYBw/index.m3u8
大橋優子,https://vip2.slbfsl.com/20230418/KXcOJc28/index.m3u8
豊満ムラム,https://vip2.slbfsl.com/20230418/xYPhVUeJ/index.m3u8
出版,https://vip2.slbfsl.com/20230419/DDaQtCFN/index.m3u8
炉輪カン,https://vip2.slbfsl.com/20230419/ld5D7chj/index.m3u8
小野寺梨紗,https://vip2.slbfsl.com/20230419/X2DCy0vR/index.m3u8
音梓無出2,https://vip2.slbfsl.com/20230419/d9IWkwNA/index.m3u8
音梓無出1,https://vip2.slbfsl.com/20230419/rY7FxjsA/index.m3u8
陽田まり無出,https://vip2.slbfsl.com/20230419/vMdkUeLX/index.m3u8
美BODYに内発-Part1,https://vip2.slbfsl.com/20230420/jTDzqNUh/index.m3u8
美BODYに内発-Part2,https://vip2.slbfsl.com/20230420/QxQzbTSd/index.m3u8
北条麻,https://lajiao-bo.com/20190730/ePs2ZjZi/index.m3u8
波多野,https://shayubf.com/20200216/96h7qKaN/index.m3u8
③日韩无,https://m3u8.49cdn.com/newhd/202207/62d42bc691ad9d1e6cc00f50/hls/index.m3u8
②野外,https://m3u8.49cdn.com/video/202011/5fa8dbcd1d290d0b0846da1a/9d8a2e/index.m3u8
无偷1,https://video22.balecao.com/video/20220322/cf11da99d6542fbaecd82dd408824afc/index.m3u8
无偷2,https://video51.balecao.com/video/20230407/c02c8fc80db92aadb1a262a485d6ab57/index.m3u8
无中字,https://m3u8.34cdn.com/newhd/202310/652aaf0b37926f1bd8c37ed2/hls/index.m3u8
多人开,https://video32.balecao.com/video/20220527/48b1326a070cc23623f3fa676c320ad9/index.m3u8
无中字2,https://m3u8.49cdn.com/newhd/202305/646251a7b34733324e331d4c/hls/index.m3u8
无中字3,https://m3u8.40cdn.com/newhd/202310/652aaf0b37926f1bd8c37ec4/hls/index.m3u8
无中字5,https://m3u8.44cdn.com/newhd/202305/646251a7b34733324e331d4b/hls/index.m3u8
集体活,https://m3u8.48cdn.com/newhd/202305/646251a7b34733324e331d2a/hls/index.m3u8
INULTRA「4gTV」,https://iptv.1989.click/4gtv/rfkaqg?token=5520be5dc53443788906150cf6815bfa62cf3445a12bb564
愛爾達生活旅遊「4gTV」,https://iptv.1989.click/4gtv/xtewdw?token=5520be5dc53443788906150cf6815bfa62cf3445a12bb564
DW德國之聲「4gTV」,https://iptv.1989.click/4gtv/ud28fn?token=5520be5dc53443788906150cf6815bfa62cf3445a12bb564
NHK 新聞資訊「4gTV」,https://iptv.1989.click/4gtv/c5xg76?token=5520be5dc53443788906150cf6815bfa62cf3445a12bb564
CNBC Asia 財經「4gTV」,https://iptv.1989.click/4gtv/myr53c?token=5520be5dc53443788906150cf6815bfa62cf3445a12bb564
SBN 全球財經「4gTV」,https://iptv.1989.click/4gtv/3fhu2d?token=5520be5dc53443788906150cf6815bfa62cf3445a12bb564
Bloomberg TV「4gTV」,https://iptv.1989.click/4gtv/64fecr?token=5520be5dc53443788906150cf6815bfa62cf3445a12bb564
亞洲旅遊「4gTV」,https://iptv.1989.click/4gtv/96g9ty?token=5520be5dc53443788906150cf6815bfa62cf3445a12bb564
時尚運動X「4gTV」,https://iptv.1989.click/4gtv/p9jppu?token=5520be5dc53443788906150cf6815bfa62cf3445a12bb564
MCE 我的歐洲電影「4gTV」,https://iptv.1989.click/4gtv/9tewyb?token=5520be5dc53443788906150cf6815bfa62cf3445a12bb564
影迷數位電影「4gTV」,https://iptv.1989.click/4gtv/5x8cym?token=5520be5dc53443788906150cf6815bfa62cf3445a12bb564
精品,https://t10t13t16.cdn2020.com/video/m3u8/2021/11/28/fce4ea6a/index.m3u8
凌下属美人,https://t21.cdn2020.com/video/m3u8/2023/01/24/fe483832/index.m3u8
波多野①,https://dadi-bo.com/20181219/DDIoB9jj/index.m3u8
川上奈奈美,https://siwazywcdn2.com:5278/zhongwenzimu/3YPtObjx/index.m3u8
247,https://siwazywcdn2.com:5278/zhongwenzimu/TZb8hicm/index.m3u8
247,https://siwazywcdn2.com:5278//zhongwenzimu/TZb8hicm/index.m3u8
320,https://siwazywcdn2.com:5278/zhongwenzimu/4idREMlz/index.m3u8
MI320,https://siwazywcdn2.com:5278//zhongwenzimu/4idREMlz/index.m3u8
117,https://siwazywcdn2.com:5278/zhongwenzimu/2imBA5or/index.m3u8
SCOP-697,https://siwazywcdn2.com:5278/zhongwenzimu/59LHYbi4/index.m3u8
1481夏川,https://siwazywcdn2.com:5278/zhongwenzimu/1Wc2gtfN/index.m3u8
096乙白沙也,https://siwazywcdn2.com:5278/zhongwenzimu/0GbVxCsv/index.m3u8
118梦乃,https://siwazywcdn2.com:5278/zhongwenzimu/5yvSxVeg/index.m3u8
SSNI-658A,https://siwazywcdn2.com:5278/zhongkouwei/nwba4LUx/index.m3u8
SSNI-658B,https://siwazywcdn2.com:5278/zhongkouwei/WBdOE3qp/index.m3u8
ssni-778儿玉玲奈,https://siwazywcdn2.com:5278/zhongwenzimu/6Lwmk5xH/index.m3u8
TPPN-174奏音花音,https://videozm.whqhyg.com:8091/20210601/QQp5l88Y/1000kb/hls/index.m3u8
737奏音花音,https://video2.51daao.com/btt1/2021/10/20211019/wO9PIxFb/2000kb/hls/index.m3u8
087工藤良罗,https://siwazywcdn2.com:5278/zhongwenzimu/0SuepbFL/index.m3u8
125回,https://vip2.slbfsl.com/20230309/MSVdCsi0/index.m3u8
高20,https://t10t13t16.cdn2020.com/video/m3u8/2021/08/14/4e8c1bc5/index.m3u8
影迷數位紀實「4gTV」,https://iptv.1989.click/4gtv/fs6pqf?token=5520be5dc53443788906150cf6815bfa62cf3445a12bb564
CinemaWorld「4gTV」,https://iptv.1989.click/4gtv/485dgm?token=5520be5dc53443788906150cf6815bfa62cf3445a12bb564
經典電影「4gTV」,https://iptv.1989.click/4gtv/uyarbx?token=5520be5dc53443788906150cf6815bfa62cf3445a12bb564
視納華仁紀實頻道「4gTV」,https://iptv.1989.click/4gtv/pqdtvm?token=5520be5dc53443788906150cf6815bfa62cf3445a12bb564
CI 罪案偵查頻道「4gTV」,https://iptv.1989.click/4gtv/rmd2vt?token=5520be5dc53443788906150cf6815bfa62cf3445a12bb564
History 歷史頻道「4gTV」,https://iptv.1989.click/4gtv/ph5gkf?token=5520be5dc53443788906150cf6815bfa62cf3445a12bb564
ROCK Action「4gTV」,https://iptv.1989.click/4gtv/7s8xgj?token=5520be5dc53443788906150cf6815bfa62cf3445a12bb564
ROCK Entertainment「4gTV」,https://iptv.1989.click/4gtv/fxw2s7?token=5520be5dc53443788906150cf6815bfa62cf3445a12bb564
ROCK Xstream「4gTV」,https://iptv.1989.click/4gtv/49evw4?token=5520be5dc53443788906150cf6815bfa62cf3445a12bb564
Arirang TV「4gTV」,https://iptv.1989.click/4gtv/sr4p47?token=5520be5dc53443788906150cf6815bfa62cf3445a12bb564
韓國娛樂台 KMTV「4gTV」,https://iptv.1989.click/4gtv/h6tpdt?token=5520be5dc53443788906150cf6815bfa62cf3445a12bb564
Lifetime 娛樂頻道「4gTV」,https://iptv.1989.click/4gtv/3tp73m?token=5520be5dc53443788906150cf6815bfa62cf3445a12bb564
fun探索娛樂「4gTV」,https://iptv.1989.click/4gtv/th26er?token=5520be5dc53443788906150cf6815bfa62cf3445a12bb564
脸李一,https://t1.wuyufei1.cn/20240401/5VQ4aaul/index.m3u8
欧美飞2,https://video2.51daao.com/btt1/2022/02/20220228/pqaA1UjM/index.m3u8
只是口,https://video30.avnyg.com/video/20220603/f4dc49e681e59524980c977bf4721050/index.m3u8
优视–65回,https://vip2.slbfsl.com/20230412/2zHaqTwN/index.m3u8
优视_66,https://vip2.slbfsl.com/20230412/ljtACzt2/index.m3u8
优视_67,https://vip2.slbfsl.com/20230412/n3vCipMP/index.m3u8
优视_72回,https://vip2.slbfsl.com/20230412/dt3Wec6O/index.m3u8
优视–78,https://vip2.slbfsl.com/20230412/gXFTYvm0/index.m3u8
优视_82,https://vip2.slbfsl.com/20230412/Lnmpkfzj/index.m3u8
优视83回,https://vip2.slbfsl.com/20230412/rqdwcCcy/index.m3u8
优视125回,https://vip2.slbfsl.com/20230412/kyPvblIB/index.m3u8
优视-橘涼香,https://z100.cdn2020.com/video/m3u8/2020/07/10/0a17f7bf/index.m3u8
优视-園田ありさ,https://z100.cdn2020.com/video/m3u8/2020/06/25/bfa72078/index.m3u8
优视-川野杏樹,https://z100.cdn2020.com/video/m3u8/2020/07/14/23bdb384/index.m3u8
优视_絕叫,https://vip2.slbfsl.com/20230412/KB7iJ7VF/index.m3u8
优视_決悶,https://vip2.slbfsl.com/20230412/1usMIlkd/index.m3u8
优视_110回,https://vip2.slbfsl.com/20230412/5Dl10uvg/index.m3u8
优视_40發,https://vip2.slbfsl.com/20230412/LUpb2w3Q/index.m3u8
优视_回,https://vip2.slbfsl.com/20230412/yTegVXCe/index.m3u8
优视_連,https://vip2.slbfsl.com/20230412/rb52u4bi/index.m3u8
优视川野杏,https://z100.cdn2020.com/video/m3u8/2020/07/14/23bdb384/index.m3u8
优视橘涼香,https://z100.cdn2020.com/video/m3u8/2020/07/10/0a17f7bf/index.m3u8
优视園田あ,https://z100.cdn2020.com/video/m3u8/2020/06/25/bfa72078/index.m3u8
古瀬玲,https://z100.cdn2020.com/video/m3u8/2020/07/13/8df89ffe/index.m3u8
优视_絕,https://vip2.slbfsl.com/20230412/KB7iJ7VF/index.m3u8
東京Gachiwakan,https://vip2.slbfsl.com/20230410/Hovn0UcH/index.m3u8
東熱治療,https://vip2.slbfsl.com/20230410/isRQj64n/index.m3u8
東京ホパト1,https://vip2.slbfsl.com/20230410/AItFaYor/index.m3u8
口礼物,https://t23a.cdn2020.com/video/m3u8/2023/12/28/2840c3ea/index.m3u8
♨️优_,https://t25.cdn2020.com/video/m3u8/2024/04/20/93b11115/index.m3u8
♨️二位仆,https://videojc.hndtl.com:8091/20190913/XER9p5np/1000kb/hls/index.m3u8
♨️山下绫香,https://videojc.hndtl.com:8091/20190913/6Vm6zaHC/1000kb/hls/index.m3u8
♨️漂亮妹妹,https://videojc.hndtl.com:8091/20191025/ZVobIuVL/1000kb/hls/index.m3u8
1制服♨️,https://videos3.m8t9ew.com/20220416/220327a0438/index.m3u8
2制服♨️,https://videos3.m8t9ew.com/20220406/220327a0274/index.m3u8
4制服♨️,https://videos3.m8t9ew.com/20220416/220327a0436/index.m3u8
3制服♨️,https://videos3.m8t9ew.com/20220406/220327a0274/index.m3u8
HITS頻道「4gTV」,https://iptv.1989.click/4gtv/u3ub7e?token=5520be5dc53443788906150cf6815bfa62cf3445a12bb564
豬哥亮歌廳秀「4gTV」,https://iptv.1989.click/4gtv/98tr8x?token=5520be5dc53443788906150cf6815bfa62cf3445a12bb564
采昌影劇「4gTV」,https://iptv.1989.click/4gtv/jvxrzu?token=5520be5dc53443788906150cf6815bfa62cf3445a12bb564
CLASSICA 古典樂「4gTV」,https://iptv.1989.click/4gtv/3x5xg7?token=5520be5dc53443788906150cf6815bfa62cf3445a12bb564
Mezzo Live「4gTV」,https://iptv.1989.click/4gtv/uttv45?token=5520be5dc53443788906150cf6815bfa62cf3445a12bb564
電影原聲 CMusic「4gTV」,https://iptv.1989.click/4gtv/zy4qfa?token=5520be5dc53443788906150cf6815bfa62cf3445a12bb564
TRACE Urban「4gTV」,https://iptv.1989.click/4gtv/mnmua5?token=5520be5dc53443788906150cf6815bfa62cf3445a12bb564
TRACE Sport Stars「4gTV」,https://iptv.1989.click/4gtv/uvecyy?token=5520be5dc53443788906150cf6815bfa62cf3445a12bb564
GINX Esports TV「4gTV」,https://iptv.1989.click/4gtv/mcbv7d?token=5520be5dc53443788906150cf6815bfa62cf3445a12bb564
精選動漫「4gTV」,https://iptv.1989.click/4gtv/ezrzzv?token=5520be5dc53443788906150cf6815bfa62cf3445a12bb564
經典卡通「4gTV」,https://iptv.1989.click/4gtv/658hhn?token=5520be5dc53443788906150cf6815bfa62cf3445a12bb564
MOMO親子「4gTV」,https://iptv.1989.click/4gtv/2mrqxb?token=5520be5dc53443788906150cf6815bfa62cf3445a12bb564
尼克兒童頻道「4gTV」,https://iptv.1989.click/4gtv/69h8mk?token=5520be5dc53443788906150cf6815bfa62cf3445a12bb564
6制服♨️,https://videos3.m8t9ew.com/20220406/220327a0211/index.m3u8
5制服♨️,https://videos3.m8t9ew.com/20220421/220327a0890/index.m3u8
1墙间♨️,https://videos3.m8t9ew.com/20220406/220327a0355/index.m3u8
2墙间♨️,https://videos3.m8t9ew.com/20220406/220327a0395/index.m3u8
3墙间♨️,https://videos3.m8t9ew.com/20220406/220327a0236/index.m3u8
4墙间♨️,https://videos3.m8t9ew.com/20220406/220327a0263/index.m3u8
5墙间♨️,https://videos3.m8t9ew.com/20220406/220327a0242/index.m3u8
7墙间♨️,https://videos3.m8t9ew.com/20220416/220327a0454/index.m3u8
6墙间♨️,https://videos3.m8t9ew.com/20220426/220327a1175/index.m3u8
8墙间♨️,https://videos3.m8t9ew.com/20220423/220327a0975/index.m3u8
9墙间♨️,https://videos3.m8t9ew.com/20220427/220327a1340/index.m3u8
日本动漫1,https://lbbf9.com/20191105/xAf8e6gN/index.m3u8
日本动漫2,https://lbbf9.com/20191105/6dCdeenO/index.m3u8
日韩2,https://m3u8.46cdn.com/videos/akex/1905/7vjtDwwP/7vjtDwwP.m3u8
日韩3,https://m3u8.46cdn.com/videos/akex/1905/N8UFEDcj/N8UFEDcj.m3u8
日韩4,https://m3u8.41cdn.com/videos/201910/0y7WTW0v/hls/0y7WTW0v.m3u8
日韩5,https://m3u8.34cdn.com/videos/201908/8v33bdqt/hls/8v33bdqt.m3u8
日韩6,https://m3u8.48cdn.com/videos/201908/sb6ksmxx/hls/sb6ksmxx.m3u8
♨️,https://videos3.m8t9ew.com/20220406/220327a0385/index.m3u8
♨3,https://videos3.m8t9ew.com/20220418/220327a0805/index.m3u8
日韩,https://aosikazy12.com/20220929/cTOx9X8F/index.m3u8
122816_453,https://v.imgstream2.com/c/ggioidnjzv/ggioidnjzv.m3u8
122515_215,https://v.imgstream2.com/n/wrqfhaakuw/wrqfhaakuw.m3u8
122416_451,https://v.imgstream2.com/e/iwmsvjszum/iwmsvjszum.m3u8
122316_450,https://v.imgstream2.com/f/omlrqipols/omlrqipols.m3u8
122216_449,https://v.imgstream2.com/m/nlgnjfgocv/nlgnjfgocv.m3u8
121617_618,https://v.imgstream2.com/c/dyostrmwue/dyostrmwue.m3u8
120618_779,https://v.imgstream2.com/n/hnkknknkql/hnkknknkql.m3u8
120217_613,https://v.imgstream2.com/e/vwiedbxdkp/vwiedbxdkp.m3u8
113017_612,https://v.imgstream2.com/f/pzohakwafr/pzohakwafr.m3u8
113013_707,https://v.imgstream2.com/f/eaooaeotee/eaooaeotee.m3u8
112616_435,https://v.imgstream2.com/n/mcnwrfklfp/mcnwrfklfp.m3u8
110917_603,https://v.imgstream2.com/e/ixaobvrqds/ixaobvrqds.m3u8
110318_764,https://v.imgstream2.com/g/rgihjwnolt/rgihjwnolt.m3u8
110316_419,https://v.imgstream2.com/b/ptytphcyus/ptytphcyus.m3u8
102518_760,https://v.imgstream2.com/c/djpkstllvq/djpkstllvq.m3u8
101416_405,https://v.imgstream2.com/b/gfxmpvuzgp/gfxmpvuzgp.m3u8
100711_190,https://v.imgstream2.com/g/gfataosddo/gfataosddo.m3u8
100317_001,https://v.imgstream2.com/e/ganqalkwlc/ganqalkwlc.m3u8
073016_350,https://v.imgstream2.com/h/fmrcohtytf/fmrcohtytf.m3u8
072917_559,https://v.imgstream2.com/h/ibogkqnaah/ibogkqnaah.m3u8
071715_008,https://v.imgstream2.com/d/pltgukhrqp/pltgukhrqp.m3u8
070415_109,https://v.imgstream2.com/g/oplgqtiekh/oplgqtiekh.m3u8
070116_331,https://v.imgstream2.com/c/vkitdntxfe/vkitdntxfe.m3u8
062814_835,https://v.imgstream2.com/n/cciiffbcdb/cciiffbcdb.m3u8
061116_315,https://v.imgstream2.com/c/zhqflrvagh/zhqflrvagh.m3u8
060218_695,https://v.imgstream2.com/a/uiderhzccz/uiderhzccz.m3u8
052315_085,https://v.imgstream2.com/h/thzuyfmhgn/thzuyfmhgn.m3u8
051518_687,https://v.imgstream2.com/m/oqmopwjnlj/oqmopwjnlj.m3u8
050617_523,https://v.imgstream2.com/m/ofktrsbnkk/ofktrsbnkk.m3u8
050115_071,https://v.imgstream2.com/d/jdvhvhzvme/jdvhvhzvme.m3u8
042917_518,https://v.imgstream2.com/h/uglvzhiqwb/uglvzhiqwb.m3u8
042719_839,https://v.imgstream2.com/f/frtplrpmjr/frtplrpmjr.m3u8
041317_511,https://v.imgstream2.com/h/phpxfwjmjv/phpxfwjmjv.m3u8
040216_273,https://v.imgstream2.com/g/pzvktykubw/pzvktykubw.m3u8
040114_782,https://v.imgstream2.com/d/zctobdhtab/zctobdhtab.m3u8
032517_505,https://v.imgstream2.com/f/cllftifosy/cllftifosy.m3u8
032416_267,https://v.imgstream2.com/c/wqkwnwoexd/wqkwnwoexd.m3u8
031619_822,https://v.imgstream2.com/d/nnsppjlpki/nnsppjlpki.m3u8
Pet Club TV「4gTV」,https://iptv.1989.click/4gtv/cyzd4y?token=5520be5dc53443788906150cf6815bfa62cf3445a12bb564
LiveABC互動英語頻道「4gTV」,https://iptv.1989.click/4gtv/pqfd5d?token=5520be5dc53443788906150cf6815bfa62cf3445a12bb564
ELTA生活英語「4gTV」,https://iptv.1989.click/4gtv/mg59z7?token=5520be5dc53443788906150cf6815bfa62cf3445a12bb564
達文西頻道「4gTV」,https://iptv.1989.click/4gtv/xg5sqt?token=5520be5dc53443788906150cf6815bfa62cf3445a12bb564
滾動力rollor「4gTV」,https://iptv.1989.click/4gtv/2vpkv9?token=5520be5dc53443788906150cf6815bfa62cf3445a12bb564
Global Trekker「4gTV」,https://iptv.1989.click/4gtv/uhmezh?token=5520be5dc53443788906150cf6815bfa62cf3445a12bb564
LUXE TV Channel「4gTV」,https://iptv.1989.click/4gtv/zw8arp?token=5520be5dc53443788906150cf6815bfa62cf3445a12bb564
TV5MONDE STYLE 生活時尚「4gTV」,https://iptv.1989.click/4gtv/8ag9k7?token=5520be5dc53443788906150cf6815bfa62cf3445a12bb564
幸福空間居家「4gTV」,https://iptv.1989.click/4gtv/xka2kj?token=5520be5dc53443788906150cf6815bfa62cf3445a12bb564
車迷「4gTV」 TV,https://iptv.1989.click/4gtv/n2979t?token=5520be5dc53443788906150cf6815bfa62cf3445a12bb564
金光布袋戲「4gTV」,https://iptv.1989.click/4gtv/csre8r?token=5520be5dc53443788906150cf6815bfa62cf3445a12bb564
原住民族電視「4gTV」,https://iptv.1989.click/4gtv/86jpt4?token=5520be5dc53443788906150cf6815bfa62cf3445a12bb564
客家電視「4gTV」,https://iptv.1989.click/4gtv/bt9s3w?token=5520be5dc53443788906150cf6815bfa62cf3445a12bb564
人間衛視「4gTV」,https://iptv.1989.click/4gtv/kb6jh2?token=5520be5dc53443788906150cf6815bfa62cf3445a12bb564
031216_261,https://v.imgstream2.com/g/whauznmlmn/whauznmlmn.m3u8
022417_488,https://v.imgstream2.com/g/ibktjjcjvi/ibktjjcjvi.m3u8
012717_472,https://v.imgstream2.com/g/sqmenioqik/sqmenioqik.m3u8
010519_793,https://v.imgstream2.com/f/kpprkumlkh/kpprkumlkh.m3u8
HEYZO-1982,https://v.imgstream2.com/g/futinomptf/futinomptf.m3u8
HEYZO-1898,https://v.imgstream2.com/c/ovpkknhgij/ovpkknhgij.m3u8
HEYZO-1867,https://v.imgstream2.com/f/jsikolsmok/jsikolsmok.m3u8
HEYZO-1865,https://v.imgstream2.com/b/ngontjhsqo/ngontjhsqo.m3u8
HEYZO-1802,https://v.imgstream2.com/h/wslnatlmqo/wslnatlmqo.m3u8
HEYZO-1791,https://v.imgstream2.com/d/jcgjcwwxvo/jcgjcwwxvo.m3u8
HEYZO-1786,https://v.imgstream2.com/b/ehazmnswdt/ehazmnswdt.m3u8
HEYZO-1768,https://v.imgstream2.com/n/rpsqccbbug/rpsqccbbug.m3u8
HEYZO-1722,https://v.imgstream2.com/f/xbztwfweja/xbztwfweja.m3u8
HEYZO-1696,https://v.imgstream2.com/g/tmnfduxmmf/tmnfduxmmf.m3u8
HEYZO-1691,https://v.imgstream2.com/d/gxoiwurbtv/gxoiwurbtv.m3u8
HEYZO-1681,https://v.imgstream2.com/d/yiumolahdw/yiumolahdw.m3u8
HEYZO-1638,https://v.imgstream2.com/n/hvxlbaoohy/hvxlbaoohy.m3u8
HEYZO-1630,https://v.imgstream2.com/m/xfwuedirui/xfwuedirui.m3u8
HEYZO-1628,https://v.imgstream2.com/e/uqqhjrzmyn/uqqhjrzmyn.m3u8
HEYZO-1627,https://v.imgstream2.com/d/uofzaxftkj/uofzaxftkj.m3u8
HEYZO-1612,https://v.imgstream2.com/e/dqhmdfpqrh/dqhmdfpqrh.m3u8
HEYZO-1610,https://v.imgstream2.com/n/nupdtrhmxp/nupdtrhmxp.m3u8
HEYZO-1601,https://v.imgstream2.com/d/mdsjynuabc/mdsjynuabc.m3u8
HEYZO-1597,https://v.imgstream2.com/g/jsmnukakej/jsmnukakej.m3u8
HEYZO-1590,https://v.imgstream2.com/m/qyqycucecx/qyqycucecx.m3u8
HEYZO-1570,https://v.imgstream2.com/b/xisxqtvjhu/xisxqtvjhu.m3u8
HEYZO-1544,https://v.imgstream2.com/h/xfjsphiogs/xfjsphiogs.m3u8
HEYZO-1531,https://v.imgstream2.com/n/dfsmqefkde/dfsmqefkde.m3u8
HEYZO-1478,https://v.imgstream2.com/c/tbpdlnyuix/tbpdlnyuix.m3u8
HEYZO-1465,https://v.imgstream2.com/c/jdxahfzbnn/jdxahfzbnn.m3u8
HEYZO-1458,https://v.imgstream2.com/e/fhhxguhfbp/fhhxguhfbp.m3u8
HEYZO-1455,https://v.imgstream2.com/e/qkqajdfulg/qkqajdfulg.m3u8
HEYZO-1449,https://v.imgstream2.com/g/ikeughyggl/ikeughyggl.m3u8
HEYZO-1447,https://v.imgstream2.com/b/srvvnrdhit/srvvnrdhit.m3u8
HEYZO-1446,https://v.imgstream2.com/n/pxqbhmdkfc/pxqbhmdkfc.m3u8
HEYZO-1444,https://v.imgstream2.com/g/oibenqdfxz/oibenqdfxz.m3u8
HEYZO-1439,https://v.imgstream2.com/c/mbuiubbuvm/mbuiubbuvm.m3u8
HEYZO-1431,https://v.imgstream2.com/f/uwzmvrdmvt/uwzmvrdmvt.m3u8
大愛電視「4gTV」,https://iptv.1989.click/4gtv/8vdjqc?token=5520be5dc53443788906150cf6815bfa62cf3445a12bb564
大愛電視 2「4gTV」,https://iptv.1989.click/4gtv/6tsdn5?token=5520be5dc53443788906150cf6815bfa62cf3445a12bb564
好消息 1「4gTV」,https://iptv.1989.click/4gtv/ssaqhd?token=5520be5dc53443788906150cf6815bfa62cf3445a12bb564
好消息 2「4gTV」,https://iptv.1989.click/4gtv/9wbuy2?token=5520be5dc53443788906150cf6815bfa62cf3445a12bb564
國會頻道 1「4gTV」,https://iptv.1989.click/4gtv/2yzd8d?token=5520be5dc53443788906150cf6815bfa62cf3445a12bb564
國會頻道 2「4gTV」,https://iptv.1989.click/4gtv/yccmcg?token=5520be5dc53443788906150cf6815bfa62cf3445a12bb564
東森購物 一「4gTV」,https://iptv.1989.click/4gtv/gcgzqm?token=5520be5dc53443788906150cf6815bfa62cf3445a12bb564
東森購物 二「4gTV」,https://iptv.1989.click/4gtv/qvvhju?token=5520be5dc53443788906150cf6815bfa62cf3445a12bb564
東森購物 三「4gTV」,https://iptv.1989.click/4gtv/wf6txt?token=5520be5dc53443788906150cf6815bfa62cf3445a12bb564
東森購物 四「4gTV」,https://iptv.1989.click/4gtv/n3xs6b?token=5520be5dc53443788906150cf6815bfa62cf3445a12bb564
新唐人亞太「4gTV」,https://iptv.1989.click/4gtv/buvcz4?token=5520be5dc53443788906150cf6815bfa62cf3445a12bb564
Getwin Sports運動「4gTV」,https://iptv.1989.click/4gtv/uf6ft6?token=5520be5dc53443788906150cf6815bfa62cf3445a12bb564
ABC Australia 澳洲公廣「4gTV」,https://iptv.1989.click/4gtv/b92nq2?token=5520be5dc53443788906150cf6815bfa62cf3445a12bb564
龍華偶像「ofiii」,https://iptv.1989.click/ofiii/b54zev?token=5520be5dc53443788906150cf6815bfa62cf3445a12bb564
龍華卡通「ofiii」,https://iptv.1989.click/ofiii/w6qkq4?token=5520be5dc53443788906150cf6815bfa62cf3445a12bb564
HEYZO-1430,https://v.imgstream2.com/b/wbaebcxzyw/wbaebcxzyw.m3u8
HEYZO-1424,https://v.imgstream2.com/h/zhoocgqysm/zhoocgqysm.m3u8
HEYZO-1420,https://v.imgstream2.com/c/eprstelhxd/eprstelhxd.m3u8
HEYZO-1417,https://v.imgstream2.com/d/dotublrfkg/dotublrfkg.m3u8
HEYZO-1413,https://v.imgstream2.com/h/qtnaiqhjhg/qtnaiqhjhg.m3u8
HEYZO-1410,https://v.imgstream2.com/d/wywlawvucu/wywlawvucu.m3u8
HEYZO-1407,https://v.imgstream2.com/g/towitoldvn/towitoldvn.m3u8
HEYZO-1405,https://v.imgstream2.com/b/gqqtfrjnrh/gqqtfrjnrh.m3u8
HEYZO-1404,https://v.imgstream2.com/g/fzjmujawcg/fzjmujawcg.m3u8
HEYZO-1400,https://v.imgstream2.com/f/ijtsnyfxnf/ijtsnyfxnf.m3u8
HEYZO-1395,https://v.imgstream2.com/n/navpsngdew/navpsngdew.m3u8
HEYZO-1380,https://v.imgstream2.com/e/rwanvyeluj/rwanvyeluj.m3u8
HEYZO-1377,https://v.imgstream2.com/d/sjgbiprpyg/sjgbiprpyg.m3u8
HEYZO-1371,https://v.imgstream2.com/h/xaolnldlvw/xaolnldlvw.m3u8
HEYZO-1361,https://v.imgstream2.com/n/jrbgmqhrqf/jrbgmqhrqf.m3u8
HEYZO-1359,https://v.imgstream2.com/m/kmqzsjwtgx/kmqzsjwtgx.m3u8
HEYZO-1335,https://v.imgstream2.com/h/ecyrmtyfqw/ecyrmtyfqw.m3u8
HEYZO-1329,https://v.imgstream2.com/n/xrwbaylqxo/xrwbaylqxo.m3u8
HEYZO-1311,https://v.imgstream2.com/e/stzgnrgyre/stzgnrgyre.m3u8
HEYZO-1307,https://v.imgstream2.com/b/fruxetnnmr/fruxetnnmr.m3u8
HEYZO-1306,https://v.imgstream2.com/c/mdpegmoywh/mdpegmoywh.m3u8
HEYZO-1304,https://v.imgstream2.com/d/iniplfbres/iniplfbres.m3u8
HEYZO-1275,https://v.imgstream2.com/m/yifrmmuwzg/yifrmmuwzg.m3u8
HEYZO-1262,https://v.imgstream2.com/d/fhctzryess/fhctzryess.m3u8
HEYZO-1243,https://v.imgstream2.com/c/iqwejgyxjo/iqwejgyxjo.m3u8
HEYZO-1206,https://v.imgstream2.com/g/vsyzvnmjtz/vsyzvnmjtz.m3u8
HEYZO-1200,https://v.imgstream2.com/n/qqbeytpmsk/qqbeytpmsk.m3u8
HEYZO-1199,https://v.imgstream2.com/d/bysmgbtdit/bysmgbtdit.m3u8
HEYZO-1184,https://v.imgstream2.com/e/kpeoqktzlt/kpeoqktzlt.m3u8
HEYZO-1147,https://v.imgstream2.com/h/dupxypvctx/dupxypvctx.m3u8
HEYZO-1137,https://v.imgstream2.com/f/kzcowytmxh/kzcowytmxh.m3u8
HEYZO-0996,https://v.imgstream2.com/g/nplyebnbbh/nplyebnbbh.m3u8
HEYZO-0960,https://v.imgstream2.com/c/zzxqncpyfv/zzxqncpyfv.m3u8
HEYZO-0933,https://v.imgstream2.com/n/lbbcyteloq/lbbcyteloq.m3u8
HEYZO-0907,https://v.imgstream2.com/g/ogkeyrdcnj/ogkeyrdcnj.m3u8
HEYZO-0881,https://v.imgstream2.com/c/jdhscqsmub/jdhscqsmub.m3u8
HEYZO-0841,https://v.imgstream2.com/f/ojczhcygra/ojczhcygra.m3u8
龍華戲劇「ofiii」,https://iptv.1989.click/ofiii/djqth8?token=5520be5dc53443788906150cf6815bfa62cf3445a12bb564
龍華洋片「ofiii」,https://iptv.1989.click/ofiii/68caxx?token=5520be5dc53443788906150cf6815bfa62cf3445a12bb564
龍華經典「ofiii」,https://iptv.1989.click/ofiii/j5fd9c?token=5520be5dc53443788906150cf6815bfa62cf3445a12bb564
龍華電影「ofiii」,https://iptv.1989.click/ofiii/fcbtyg?token=5520be5dc53443788906150cf6815bfa62cf3445a12bb564
台灣戲劇「ofiii」,https://iptv.1989.click/ofiii/cr7ntx?token=5520be5dc53443788906150cf6815bfa62cf3445a12bb564
寰宇財經「ofiii」,https://iptv.1989.click/ofiii/mdewdw?token=5520be5dc53443788906150cf6815bfa62cf3445a12bb564
DayStar「ofiii」,https://iptv.1989.click/ofiii/c2e7gc?token=5520be5dc53443788906150cf6815bfa62cf3445a12bb564
第1商業「ofiii」,https://iptv.1989.click/ofiii/dqvujn?token=5520be5dc53443788906150cf6815bfa62cf3445a12bb564
Smart知識「ofiii」,https://iptv.1989.click/ofiii/6wrmnm?token=5520be5dc53443788906150cf6815bfa62cf3445a12bb564
TNT Sport 1,https://iptv.1989.click/sprt/crssht?token=5520be5dc53443788906150cf6815bfa62cf3445a12bb564
TNT Sport 2,https://iptv.1989.click/sprt/zh3zbg?token=5520be5dc53443788906150cf6815bfa62cf3445a12bb564
TNT Sport 3,https://iptv.1989.click/sprt/qsbyhy?token=5520be5dc53443788906150cf6815bfa62cf3445a12bb564
TNT Sport 4,https://iptv.1989.click/sprt/tnbqqt?token=5520be5dc53443788906150cf6815bfa62cf3445a12bb564
Eurosport 1,https://iptv.1989.click/sprt/jvbmhd?token=5520be5dc53443788906150cf6815bfa62cf3445a12bb564
Eurosport 2,https://iptv.1989.click/sprt/kgtrrz?token=5520be5dc53443788906150cf6815bfa62cf3445a12bb564
HEYZO-0805,https://v.imgstream2.com/m/pmxjuabyai/pmxjuabyai.m3u8
HEYZO-0705,https://v.imgstream2.com/e/hacddcsdtd/hacddcsdtd.m3u8
HEYZO-0655,https://v.imgstream2.com/e/patecdhadc/patecdhadc.m3u8
HEYZO-0585,https://v.imgstream2.com/n/mcfatltses/mcfatltses.m3u8
HEYZO-0500,https://v.imgstream2.com/c/jnviroonns/jnviroonns.m3u8
HEYZO-0459,https://v.imgstream2.com/g/ioaleeshil/ioaleeshil.m3u8
HEYZO-0444,https://v.imgstream2.com/n/qohdisbicd/qohdisbicd.m3u8
HEYZO-0444,https://v.imgstream2.com/f/iisccdluhc/iisccdluhc.m3u8
HEYZO-0387,https://v.imgstream2.com/h/tdbnfarsou/tdbnfarsou.m3u8
HEYZO-0372,https://v.imgstream2.com/n/xqfhffexmh/xqfhffexmh.m3u8
HEYZO-0304,https://v.imgstream2.com/d/fayeeifiie/fayeeifiie.m3u8
123117-569,https://v.imgstream2.com/n/owslkmknnt/owslkmknnt.m3u8
123016-337,https://v.imgstream2.com/d/uuvombzvvi/uuvombzvvi.m3u8
122910-573,https://v.imgstream2.com/f/amcqedfafh/amcqedfafh.m3u8
122615-055,https://v.imgstream2.com/d/pvsgfmqtkq/pvsgfmqtkq.m3u8
122417-563,https://v.imgstream2.com/d/qscypinana/qscypinana.m3u8
122415-053 (Shemate),https://v.imgstream2.com/h/tvgcgjdiml/tvgcgjdiml.m3u8
122217-561,https://v.imgstream2.com/b/zihzurzkzk/zihzurzkzk.m3u8
122216-329,https://v.imgstream2.com/m/umgxlrnjnz/umgxlrnjnz.m3u8
122117-560,https://v.imgstream2.com/m/vldvxjimki/vldvxjimki.m3u8
121918-813,https://v.imgstream2.com/g/srmpilknqm/srmpilknqm.m3u8
120915-041,https://v.imgstream2.com/c/dixfsussjs/dixfsussjs.m3u8
112516-311,https://v.imgstream2.com/h/kmqtdxwjmz/kmqtdxwjmz.m3u8
112215-028,https://v.imgstream2.com/f/rpieiuuaei/rpieiuuaei.m3u8
112015-026,https://v.imgstream2.com/h/xhabttksui/xhabttksui.m3u8
111817-541,https://v.imgstream2.com/c/rhmiiydppe/rhmiiydppe.m3u8
111715-023,https://v.imgstream2.com/c/zgfcqhuokl/zgfcqhuokl.m3u8
111415-022 Debut Vol.25,https://v.imgstream2.com/b/ccleatvidx/ccleatvidx.m3u8
110717-533,https://v.imgstream2.com/f/dkpfeyqgrj/dkpfeyqgrj.m3u8
110317-531,https://v.imgstream2.com/n/cekgvsrnrr/cekgvsrnrr.m3u8
102516-288,https://v.imgstream2.com/m/jtzgqcaxvw/jtzgqcaxvw.m3u8
beIN Sports 1,https://iptv.1989.click/sprt/59uwsd?token=5520be5dc53443788906150cf6815bfa62cf3445a12bb564
Spotv 1,https://iptv.1989.click/sprt/krkz2h?token=5520be5dc53443788906150cf6815bfa62cf3445a12bb564
Spotv 2,https://iptv.1989.click/sprt/qhjm9q?token=5520be5dc53443788906150cf6815bfa62cf3445a12bb564
BBC Earth,https://iptv.1989.click/comp/r5u7c6?token=5520be5dc53443788906150cf6815bfa62cf3445a12bb564
HBO Hits,https://iptv.1989.click/comp/7yk9hq?token=5520be5dc53443788906150cf6815bfa62cf3445a12bb564
HBO Family,https://iptv.1989.click/comp/djz5sb?token=5520be5dc53443788906150cf6815bfa62cf3445a12bb564
HBO Signature,https://iptv.1989.click/comp/syryy8?token=5520be5dc53443788906150cf6815bfa62cf3445a12bb564
Channel 5,https://iptv.1989.click/comp/cvr9y3?token=5520be5dc53443788906150cf6815bfa62cf3445a12bb564
Channel 8,https://iptv.1989.click/comp/37arzv?token=5520be5dc53443788906150cf6815bfa62cf3445a12bb564
Channel U,https://iptv.1989.click/comp/fmwgmk?token=5520be5dc53443788906150cf6815bfa62cf3445a12bb564
HOY 資訊台,https://cdn.qd.je/163189/hoy78
102312-164 SNS,https://v.imgstream2.com/m/uchdcltiol/uchdcltiol.m3u8
101814-715,https://v.imgstream2.com/h/fbbiiehlic/fbbiiehlic.m3u8
101618-774,https://v.imgstream2.com/d/orqsmptjrn/orqsmptjrn.m3u8
101314-711,https://v.imgstream2.com/g/pfdcdbcbsc/pfdcdbcbsc.m3u8
101116-279,https://v.imgstream2.com/d/izszthzclq/izszthzclq.m3u8
101017-516,https://v.imgstream2.com/f/pwkupqugdm/pwkupqugdm.m3u8
101016-278,https://v.imgstream2.com/n/zdzxtluovx/zdzxtluovx.m3u8
101013-451,https://v.imgstream2.com/g/ledscdccbc/ledscdccbc.m3u8
100717-513,https://v.imgstream2.com/n/sfxuwjeqel/sfxuwjeqel.m3u8
092318-759,https://v.imgstream2.com/c/rnpmkvqfrr/rnpmkvqfrr.m3u8
092218-758,https://v.imgstream2.com/h/jmtkoqplkg/jmtkoqplkg.m3u8
091816-260,https://v.imgstream2.com/b/ypvctxnsha/ypvctxnsha.m3u8
091717-501,https://v.imgstream2.com/m/gfcxlkekjk/gfcxlkekjk.m3u8
090817-495,https://v.imgstream2.com/g/xvbqwmnpqm/xvbqwmnpqm.m3u8
090218-744,https://v.imgstream2.com/c/kmiorrpitk/kmiorrpitk.m3u8
090217-492,https://v.imgstream2.com/m/adoemvyzil/adoemvyzil.m3u8
090118-743,https://v.imgstream2.com/b/oxgcplmori/oxgcplmori.m3u8
090115-961,https://v.imgstream2.com/d/kalprufmim/kalprufmim.m3u8
082517-486,https://v.imgstream2.com/d/ricfvriflm/ricfvriflm.m3u8
082418-737,https://v.imgstream2.com/c/mksgloppuo/mksgloppuo.m3u8
082316-239,https://v.imgstream2.com//f/kiodjzacdz/kiodjzacdz.m3u8
082316-239,https://v.imgstream2.com/n/uvbinnjany/uvbinnjany.m3u8
082315-955,https://v.imgstream2.com/n/kdjvbdvoou/kdjvbdvoou.m3u8
082116-237,https://v.imgstream2.com/f/ytpmskucen/ytpmskucen.m3u8
082016_366,https://v.imgstream2.com/c/wgucctcnwb/wgucctcnwb.m3u8
081816-234,https://v.imgstream2.com/m/ktptyyesdi/ktptyyesdi.m3u8
081517-479,https://v.imgstream2.com/b/zmindwvmqr/zmindwvmqr.m3u8
081314-665 96CM,https://v.imgstream2.com/e/qceilhdacl/qceilhdacl.m3u8
081217-478,https://v.imgstream2.com/d/lhnviuaoqi/lhnviuaoqi.m3u8
081118-725,https://v.imgstream2.com/b/nipnnqiqlp/nipnnqiqlp.m3u8
081117-477,https://v.imgstream2.com/c/avmrmbmugl/avmrmbmugl.m3u8
081114-663,https://v.imgstream2.com/f/ndcsdtflla/ndcsdtflla.m3u8
080918-002,https://v.imgstream2.com/g/rtelingfvh/rtelingfvh.m3u8
080715-940,https://v.imgstream2.com/n/bniezlvsun/bniezlvsun.m3u8
080313-397,https://v.imgstream2.com/h/meecexfbke/meecexfbke.m3u8
072818-717,https://v.imgstream2.com/f/ssoskhqgml/ssoskhqgml.m3u8
HOY 國際財經台,https://cdn.qd.je/163189/hoy76
澳視澳門,https://cdn.qd.je/163189/asam
澳門衛星,https://cdn.qd.je/163189/as
澳門體育,https://cdn.qd.je/163189/amty
澳門綜藝,https://cdn.qd.je/163189/amzy
澳門莲花,https://cdn.qd.je/163189/amlh
重温经典,https://cdn.qd.je/163189/cwjd
CH5,https://cdn.qd.je/163189/ch5
CH8,https://cdn.qd.je/163189/ch8
CHU,https://cdn.qd.je/163189/chu
龙华电影,https://cdn.qd.je/163189/lhdy
龙华经典,https://cdn.qd.je/163189/lhjd
龙华洋片,https://cdn.qd.je/163189/lhyp
重温经典,https://cdn.qd.je/163189/cwjd2
广州南国都市,https://cdn.qd.je/163189/ngds
公视戏剧,https://cdn.qd.je/163189/gsxj
071818-710,https://v.imgstream2.com/h/mesmnroogk/mesmnroogk.m3u8
071718-709,https://v.imgstream2.com/m/nnkegqpqiv/nnkegqpqiv.m3u8
071216-206,https://v.imgstream2.com/d/oduhcvyunk/oduhcvyunk.m3u8
070717-457,https://v.imgstream2.com/h/unxtgmrxzw/unxtgmrxzw.m3u8
070516-200,https://v.imgstream2.com/b/qlzltbubrr/qlzltbubrr.m3u8
070415-913,https://v.imgstream2.com/m/edpfrbrrjn/edpfrbrrjn.m3u8
062718-693,https://v.imgstream2.com/c/mrpmoinlmj/mrpmoinlmj.m3u8
062614-629,https://v.imgstream2.com/e/gfuiobatli/gfuiobatli.m3u8
062317-449,https://v.imgstream2.com/b/txaohlcqnn/txaohlcqnn.m3u8
062218-690,https://v.imgstream2.com/b/mdfrdmclnn/mdfrdmclnn.m3u8
061918-688,https://v.imgstream2.com/n/jkkonisjkt/jkkonisjkt.m3u8
061017-442,https://v.imgstream2.com/e/qtvrbyxcrb/qtvrbyxcrb.m3u8
061016-182,https://v.imgstream2.com/f/tveemkomvr/tveemkomvr.m3u8
060617-440,https://v.imgstream2.com/g/iptoavuuwt/iptoavuuwt.m3u8
060615-894,https://v.imgstream2.com/d/rnxmiymqqm/rnxmiymqqm.m3u8
060518-680,https://v.imgstream2.com/m/iqgojvsnkk/iqgojvsnkk.m3u8
052814-609,https://v.imgstream2.com/f/stasfhodif/stasfhodif.m3u8
052618-675,https://v.imgstream2.com/c/qmlpmophlh/qmlpmophlh.m3u8
052518-674,https://v.imgstream2.com/g/jtlmkjipqv/jtlmkjipqv.m3u8
052513-346,https://v.imgstream2.com/h/dqdkiifcxb/dqdkiifcxb.m3u8
052317-433,https://v.imgstream2.com/g/vphfeljbji/vphfeljbji.m3u8
051917-431,https://v.imgstream2.com/d/jestvkpubl/jestvkpubl.m3u8
051318-665,https://v.imgstream2.com/g/oplnohpsmh/oplnohpsmh.m3u8
050523-001,https://v.imgstream2.com/e/mxhrdggqci/mxhrdggqci.m3u8
042817-420,https://v.imgstream2.com/d/qzwkkcltyl/qzwkkcltyl.m3u8
042816-146,https://v.imgstream2.com/c/nofftnyelj/nofftnyelj.m3u8
042619-903,https://v.imgstream2.com/m/knvfiolkuq/knvfiolkuq.m3u8
042117-417,https://v.imgstream2.com/f/lpeelnsfwx/lpeelnsfwx.m3u8
靖天戏剧台,https://cdn.qd.je/163189/jtxj
靖洋戏剧台,https://cdn.qd.je/163189/jyxj
影迷数位电影台,https://cdn.qd.je/163189/ymswdyt
My Cinema Europe,https://cdn.qd.je/163189/mce
经典电影台,https://cdn.qd.je/163189/jddyt
CMusic,https://cdn.qd.je/163189/cmusic
精选动漫台,https://cdn.qd.je/163189/jxdmt
NHK World-Japan,#KODIPROP:inputstream.adaptive.manifest_type=mpd
Action Hollywood Movies,#KODIPROP:inputstream.adaptive.manifest_type=mpd
Rialto Classic Movies (RCM),#KODIPROP:inputstream.adaptive.manifest_type=mpd
042013-317,https://v.imgstream2.com/f/nkexdqkqyd/nkexdqkqyd.m3u8
041416-137,https://v.imgstream2.com/m/sukozsnelp/sukozsnelp.m3u8
041117-411,https://v.imgstream2.com/b/vmfmgumpyd/vmfmgumpyd.m3u8
040717-409,https://v.imgstream2.com/f/bdxwuetqxh/bdxwuetqxh.m3u8
040619-891,https://v.imgstream2.com/b/isjjpqsmrm/isjjpqsmrm.m3u8
040213-303,https://v.imgstream2.com/e/jmayuffifd/jmayuffifd.m3u8
033118-632,https://v.imgstream2.com/e/mpnsnppgqp/mpnsnppgqp.m3u8
032718-629,https://v.imgstream2.com/b/sjqipgviul/sjqipgviul.m3u8
032619-884,https://v.imgstream2.com/n/rojulmmcui/rojulmmcui.m3u8
032113-293,https://v.imgstream2.com/f/zdxeddximq/zdxeddximq.m3u8
032018-625,https://v.imgstream2.com/g/mswmgdnlfm/mswmgdnlfm.m3u8
031919-879,https://v.imgstream2.com/f/mmkojnrogn/mmkojnrogn.m3u8
031018-619,https://v.imgstream2.com/f/fpjpuqljpj/fpjpuqljpj.m3u8
030918-618,https://v.imgstream2.com/h/jwiosfhegr/jwiosfhegr.m3u8
030717-387,https://v.imgstream2.com/f/fvezbnadln/fvezbnadln.m3u8
030116-107,https://v.imgstream2.com/d/jvqorvbyyb/jvqorvbyyb.m3u8
022714-001,https://v.imgstream2.com/h/jtsdscodha/jtsdscodha.m3u8
022615-816,https://v.imgstream2.com/e/tzlddgimcn/tzlddgimcn.m3u8
022417-379,https://v.imgstream2.com/h/dwdyunudxb/dwdyunudxb.m3u8
Global Trekker,#KODIPROP:inputstream.adaptive.manifest_type=mpd
FashionBox,#KODIPROP:inputstream.adaptive.manifest_type=mpd
Arirang TV,#KODIPROP:inputstream.adaptive.manifest_type=mpd
TRACE Sport Stars,#KODIPROP:inputstream.adaptive.manifest_type=mpd
Pet Club TV,#KODIPROP:inputstream.adaptive.manifest_type=mpd
Globetrotter,#KODIPROP:inputstream.adaptive.manifest_type=mpd
Docsville,#KODIPROP:inputstream.adaptive.manifest_type=mpd
Pulse Documentaries,#KODIPROP:inputstream.adaptive.manifest_type=mpd
Concerto,#KODIPROP:inputstream.adaptive.manifest_type=mpd
myTV SUPER 直播足球2台,#KODIPROP:inputstream.adaptive.manifest_type=mpd
myTV SUPER 直播足球5台,#KODIPROP:inputstream.adaptive.manifest_type=mpd
myTV SUPER 直播足球6台,#KODIPROP:inputstream.adaptive.manifest_type=mpd
myTV SUPER 直播足球7台,#KODIPROP:inputstream.adaptive.manifest_type=mpd
SUPER 單元劇,#KODIPROP:inputstream.adaptive.manifest_type=mpd
真情SUPER煲,#KODIPROP:inputstream.adaptive.manifest_type=mpd
022323-001,https://v.imgstream2.com/a/curgohkzak/curgohkzak.m3u8
022217-378,https://v.imgstream2.com/h/yavkhrsuut/yavkhrsuut.m3u8
022119-864,https://v.imgstream2.com/b/oplkmljlrp/oplkmljlrp.m3u8
021717-375,https://v.imgstream2.com/n/qwpcalfmpo/qwpcalfmpo.m3u8
021517-374,https://v.imgstream2.com/g/pzyjnrrlii/pzyjnrrlii.m3u8
021219-858,https://v.imgstream2.com/g/pfqpmrpnum/pfqpmrpnum.m3u8
021118-602,https://v.imgstream2.com/c/mpkipnonup/mpkipnonup.m3u8
021117-371,https://v.imgstream2.com/h/twfmmpobii/twfmmpobii.m3u8
020616-091,https://v.imgstream2.com/f/uheuxmmxcj/uheuxmmxcj.m3u8
020318-597,https://v.imgstream2.com/n/iqphtushdl/iqphtushdl.m3u8
020216-087,https://v.imgstream2.com/m/vjdxkhohfp/vjdxkhohfp.m3u8
020117-364,https://v.imgstream2.com/c/zupqpqsmqj/zupqpqsmqj.m3u8
013117-363,https://v.imgstream2.com/b/ravxbmkthk/ravxbmkthk.m3u8
013019-850,https://v.imgstream2.com/b/eomtmpokkj/eomtmpokkj.m3u8
012917-362,https://v.imgstream2.com/m/dacqlwkrvd/dacqlwkrvd.m3u8
012718-593,https://v.imgstream2.com/b/jhnkjmiikg/jhnkjmiikg.m3u8
012613-247,https://v.imgstream2.com/e/wfhsefuaal/wfhsefuaal.m3u8
012318-589,https://v.imgstream2.com/n/okjmiigqsr/okjmiigqsr.m3u8
012219-844,https://v.imgstream2.com/b/rqsrohitls/rqsrohitls.m3u8
010816-068,https://v.imgstream2.com/m/omftskuxle/omftskuxle.m3u8
010713-231,https://v.imgstream2.com/n/fhodduulaa/fhodduulaa.m3u8
010623-001,https://v.imgstream2.com/c/gbkohlkxnt/gbkohlkxnt.m3u8
010618-575,https://v.imgstream2.com/m/npmloonnmi/npmloonnmi.m3u8
010613-230,https://v.imgstream2.com/n/ecsausfoio/ecsausfoio.m3u8
010518-574,https://v.imgstream2.com/h/oqmoimljpr/oqmoimljpr.m3u8
010416-063,https://v.imgstream2.com/b/lkqpwfrgfn/lkqpwfrgfn.m3u8
010117-570,https://v.imgstream2.com/m/fvmifoqdfn/fvmifoqdfn.m3u8
010117-339,https://v.imgstream2.com/d/pqkdrfftpw/pqkdrfftpw.m3u8
中央電視台 中文國際頻道,#KODIPROP:inputstream.adaptive.manifest_type=mpd
中央電視台 娛樂頻道,#KODIPROP:inputstream.adaptive.manifest_type=mpd
中央電視台 戲曲頻道,#KODIPROP:inputstream.adaptive.manifest_type=mpd
CGTN 記錄頻道,#KODIPROP:inputstream.adaptive.manifest_type=mpd
PPV 121815_453,https://v.imgstream2.com/f/ruqxrljwkn/ruqxrljwkn.m3u8
PPV 120922_005,https://v.imgstream2.com/a/nyofwfozfn/nyofwfozfn.m3u8
PPV 120117_004,https://v.imgstream2.com/c/vmjnudrlau/vmjnudrlau.m3u8
PPV 120117_002,https://v.imgstream2.com/c/fpsvmyqlej/fpsvmyqlej.m3u8
PPV 111817_002,https://v.imgstream2.com/e/qfgeuuvrqt/qfgeuuvrqt.m3u8
PPV 102716_005,https://v.imgstream2.com/b/kosvvsumug/kosvvsumug.m3u8
PPV 102414_984,https://v.imgstream2.com/g/ovctkqgtmx/ovctkqgtmx.m3u8
PPV 101417_001,https://v.imgstream2.com/g/atyqqentci/atyqqentci.m3u8
PPV 100815_389,https://v.imgstream2.com/h/oxzfrcsdml/oxzfrcsdml.m3u8
PPV 091616_015,https://v.imgstream2.com/f/esnwgvyzlq/esnwgvyzlq.m3u8
PPV 091616_010,https://v.imgstream2.com/g/clgkswvkai/clgkswvkai.m3u8
PPV 091616_008,https://v.imgstream2.com/b/bpgrepmcie/bpgrepmcie.m3u8
PPV 091616_007,https://v.imgstream2.com/m/vqbbcushfc/vqbbcushfc.m3u8
PPV 083016-011,https://v.imgstream2.com/h/tkrswajecq/tkrswajecq.m3u8
PPV 083016_009,https://v.imgstream2.com/g/cufjvycrgg/cufjvycrgg.m3u8
PPV 083016_008,https://v.imgstream2.com/b/vecierufyx/vecierufyx.m3u8
PPV 081315_323,https://v.imgstream2.com/c/oncpfkuefo/oncpfkuefo.m3u8
PPV 081217_001,https://v.imgstream2.com/c/huevucfsfc/huevucfsfc.m3u8
PPV 081017_001,https://v.imgstream2.com/e/ervijqohbm/ervijqohbm.m3u8
PPV 073015_295,https://v.imgstream2.com/d/hglwxdwpid/hglwxdwpid.m3u8
PPV 072514_910,https://v.imgstream2.com/c/wdcdsliefc/wdcdsliefc.m3u8
PPV 072215_284,https://v.imgstream2.com/m/nzqmgnvhpw/nzqmgnvhpw.m3u8
PPV 072215_283,https://v.imgstream2.com/e/eqftoxccgy/eqftoxccgy.m3u8
PPV 072016_630,https://v.imgstream2.com/g/wmlwdiwzby/wmlwdiwzby.m3u8
PPV 070716_001,https://v.imgstream2.com/e/zvkdojhwkk/zvkdojhwkk.m3u8
PPV 070315_309,https://v.imgstream2.com/c/nywkjlmnyw/nywkjlmnyw.m3u8
PPV 061815_249,https://v.imgstream2.com/f/dpwqzmnyyo/dpwqzmnyyo.m3u8
PPV 061115_237,https://v.imgstream2.com/n/bkigbgsbqs/bkigbgsbqs.m3u8
PPV 060917_002,https://v.imgstream2.com/f/kocyhzoxyy/kocyhzoxyy.m3u8
PPV 060916_585,https://v.imgstream2.com/h/qedqpbrufd/qedqpbrufd.m3u8
PPV 060217_001,https://v.imgstream2.com/m/fnmmjihcla/fnmmjihcla.m3u8
PPV 052815_224,https://v.imgstream2.com/c/qlhxtauuwc/qlhxtauuwc.m3u8
PPV 042914_834,https://v.imgstream2.com/e/heucehecto/heucehecto.m3u8
PPV 042816_548,https://v.imgstream2.com/d/hkmqpapjle/hkmqpapjle.m3u8
PPV 041418_001,https://v.imgstream2.com/n/lmhmoqvnte/lmhmoqvnte.m3u8
PPV 030218_001,https://v.imgstream2.com/h/ptlpkqmmit/ptlpkqmmit.m3u8
PPV 022217_004,https://v.imgstream2.com/f/xuyanbincr/xuyanbincr.m3u8
PPV 021717_003,https://v.imgstream2.com/f/eleoibuvwq/eleoibuvwq.m3u8
PPV 020817-005,https://v.imgstream2.com/h/gdrdmfmrmh/gdrdmfmrmh.m3u8
PPV 020318_001,https://v.imgstream2.com/f/uqnokstrnm/uqnokstrnm.m3u8
PPV 013114_760 Sky Angel Vol.169,https://v.imgstream2.com/c/tdsbtstuuf/tdsbtstuuf.m3u8
PPV 012816_486,https://v.imgstream2.com/m/wagqrymtgc/wagqrymtgc.m3u8
PPV 012618_002,https://v.imgstream2.com/f/nuchymqpjg/nuchymqpjg.m3u8
PPV 011318_003,https://v.imgstream2.com/h/mqltpommjn/mqltpommjn.m3u8
PPV 011117_004,https://v.imgstream2.com/g/zlxifwbxug/zlxifwbxug.m3u8
PPV 010115_057,https://v.imgstream2.com/f/xwfkqbklfe/xwfkqbklfe.m3u8
SKY-310 Sky Angel,https://v.imgstream2.com/c/lfxulrkdwi/lfxulrkdwi.m3u8
SKY-280 Sky Angel Vol.167,https://v.imgstream2.com/h/viclldcfsd/viclldcfsd.m3u8
SKY-264 Sky Angel Vol.157,https://v.imgstream2.com/c/ieufxyfked/ieufxyfked.m3u8
SKY-260 Sky Angel Vol.37,https://v.imgstream2.com/n/dfmhuaieye/dfmhuaieye.m3u8
SKY-246 Sky Angel Vol.32,https://v.imgstream2.com/n/fsleccobsu/fsleccobsu.m3u8
SKY-226 Sky Angel,https://v.imgstream2.com/g/ndbebbdidl/ndbebbdidl.m3u8
DSAM-57,https://v.imgstream2.com/d/vpcfaqmzio/vpcfaqmzio.m3u8
CWP-75 CATWALK POISON 75,https://v.imgstream2.com/m/wadfafoddi/wadfafoddi.m3u8
pacopacomama 120817_184,https://v.imgstream2.com/e/hvfxfwewxv/hvfxfwewxv.m3u8
pacopacomama 120115_001,https://v.imgstream2.com/b/hkcqcqzfyh/hkcqcqzfyh.m3u8
pacopacomama 081717_133,https://v.imgstream2.com/e/feqmkwgnoa/feqmkwgnoa.m3u8
pacopacomama 080218_312,https://v.imgstream2.com/f/jqvueiycus/jqvueiycus.m3u8
pacopacomama 070215_003,https://fbhost1.imgscloud.com/b/ei/CH23105.jpg
pacopacomama 062316_110,https://v.imgstream2.com/d/lgrmntmkym/lgrmntmkym.m3u8
pacopacomama 052017_090,https://v.imgstream2.com/f/vwtmftsxif/vwtmftsxif.m3u8
pacopacomama 051617_087,https://v.imgstream2.com/e/rbiqwejgyx/rbiqwejgyx.m3u8
pacopacomama 021319_034,https://v.imgstream2.com/c/jkjpnonlff/jkjpnonlff.m3u8
pacopacomama 012817_017,https://v.imgstream2.com/m/asapmsunwr/asapmsunwr.m3u8
pacopacomama 010319_005,https://v.imgstream2.com/d/eotkwwhsoi/eotkwwhsoi.m3u8
pacopacomama 010317_200,https://v.imgstream2.com/b/ihpcxmcxjw/ihpcxmcxjw.m3u8
123016_01,https://v.imgstream2.com/m/imcxplssog/imcxplssog.m3u8
082815_01,https://v.imgstream2.com/g/scwgmbizms/scwgmbizms.m3u8
080117_01,https://v.imgstream2.com/m/kpssqatgsb/kpssqatgsb.m3u8
071218_01,https://v.imgstream2.com/n/npmskpqjnr/npmskpqjnr.m3u8
051617_01,https://v.imgstream2.com/g/beiarfnfss/beiarfnfss.m3u8
012619_01,https://v.imgstream2.com/d/lmoeqmkoji/lmoeqmkoji.m3u8
Tokyo Hot n1244,https://v.imgstream2.com/e/dctmfqofhz/dctmfqofhz.m3u8
Tokyo Hot n1242,https://v.imgstream2.com/m/fvybwjosqs/fvybwjosqs.m3u8
Tokyo Hot n1241,https://v.imgstream2.com/c/pubjyshbin/pubjyshbin.m3u8
Tokyo Hot n1238,https://v.imgstream2.com/d/tmeodmivmv/tmeodmivmv.m3u8
Tokyo Hot n1226,https://v.imgstream2.com/d/fpwxahuhga/fpwxahuhga.m3u8
Tokyo Hot n1225,https://v.imgstream2.com/h/aujpyshxdv/aujpyshxdv.m3u8
Tokyo Hot n0985,https://v.imgstream2.com/f/jsfaotdsot/jsfaotdsot.m3u8
Tokyo Hot n0946,https://v.imgstream2.com/f/faalaccchd/faalaccchd.m3u8
Tokyo Hot n0808,https://v.imgstream2.com/m/vacioblala/vacioblala.m3u8
Tokyo Hot n0807,https://v.imgstream2.com/c/mscaadocdc/mscaadocdc.m3u8
Tokyo Hot n0801,https://v.imgstream2.com/h/htelahthbc/htelahthbc.m3u8
Tokyo Hot n0675,https://v.imgstream2.com/f/mcsifiddea/mcsifiddea.m3u8
Tokyo Hot k1243,https://v.imgstream2.com/c/fbpjghamud/fbpjghamud.m3u8
Tokyo Hot k1179,https://v.imgstream2.com/b/wxuswpzjmt/wxuswpzjmt.m3u8
PINK-001,https://v.imgstream2.com/f/ycdtuabcao/ycdtuabcao.m3u8
PINK-002,https://v.imgstream2.com/b/qcdubattif/qcdubattif.m3u8
PINK-003,https://v.imgstream2.com/e/ydacdshccu/ydacdshccu.m3u8
PINK-004,https://v.imgstream2.com/f/rtaoibafai/rtaoibafai.m3u8
PINK-007,https://v.imgstream2.com/d/railcidllo/railcidllo.m3u8
PINK-008,https://v.imgstream2.com/n/porgvgkvne/porgvgkvne.m3u8
PINK-012,https://v.imgstream2.com/g/lohtscilbd/lohtscilbd.m3u8
xxx-av 21647,https://v.imgstream2.com/h/phcaifctce/phcaifctce.m3u8
H4610-ori1825 綾口 琴音,https://s3.aaaaa.io/585eb671922b2e2f35613f80fd494829/585eb671922b2e2f35613f80fd494829.m3u8
H4610-ori1832 綾口 琴音,https://s3.aaaaa.io/c3d6ce9980eaf558c348461586a8c58f/c3d6ce9980eaf558c348461586a8c58f.m3u8
H4610-ori1840 高尾 春花,https://s3.aaaaa.io/e6024156cb91ded56c01fc49a049f573/e6024156cb91ded56c01fc49a049f573.m3u8
H4610-ori1836 高尾 春花,https://s3.aaaaa.io/703d6d48b33583d10b5fe6734eda0acd/703d6d48b33583d10b5fe6734eda0acd.m3u8
H4610-pla0101 藤沢 優里香,https://s3.aaaaa.io/49ed2286d9805f934706005351171ecf/49ed2286d9805f934706005351171ecf.m3u8
H4610-ori1833 江藤 早奈恵,https://s3.aaaaa.io/a1969e1a01ba90dbfac9d2d683aa2b61/a1969e1a01ba90dbfac9d2d683aa2b61.m3u8
H4610-gol216 川原 栞,https://s3.aaaaa.io/f671d3f131e5d24e37c112c72316eeba/f671d3f131e5d24e37c112c72316eeba.m3u8
H4610-ori1823 松前 佐奈恵,https://s3.aaaaa.io/8f7218d08d7900700e5b07c251aed8e2/8f7218d08d7900700e5b07c251aed8e2.m3u8
H4610-ori1848 野村 霞,https://s3.aaaaa.io/bd38d816531e3040eece28d4500ff39b/bd38d816531e3040eece28d4500ff39b.m3u8
H4610-ori1854 野村 霞,https://s3.aaaaa.io/d621a04631d29d78dda11208e591c58e/d621a04631d29d78dda11208e591c58e.m3u8
H4610-ori1842 奥山 加央里,https://s3.aaaaa.io/cb38c0dba3345955d672e85be2a1101a/cb38c0dba3345955d672e85be2a1101a.m3u8
H4610-ori1818 平谷 菜々子,https://s3.aaaaa.io/3d283b67ddd17ea31e49c40e1da6a0e3/3d283b67ddd17ea31e49c40e1da6a0e3.m3u8
H4610-ori1849 森原 紗香,https://s3.aaaaa.io/dd52b0f247d3869f4ce4d24094014c0d/dd52b0f247d3869f4ce4d24094014c0d.m3u8
H4610-ori1864 森原 紗香,https://s3.aaaaa.io/b1c69bf7119f1fdd14515c8acd200d06/b1c69bf7119f1fdd14515c8acd200d06.m3u8
H4610-ori1883 牧尾 神菜,https://s3.aaaaa.io/96a76b375423a41c6bd692fc543cdaf2/96a76b375423a41c6bd692fc543cdaf2.m3u8
H4610-ori1859 西村 綾伽,https://s3.aaaaa.io/0013ef2034d1d3681c77777775000516/0013ef2034d1d3681c77777775000516.m3u8
H4610-ori1853 西村 綾伽,https://s3.aaaaa.io/3bfefd5960a1d2ba125a297b7ceb09b8/3bfefd5960a1d2ba125a297b7ceb09b8.m3u8
H4610-ori1812 安川 やよい,https://s3.aaaaa.io/413f97f106805713ddb7dc720128d4b3/413f97f106805713ddb7dc720128d4b3.m3u8
H4610-ori1856 上藤 希美,https://s3.aaaaa.io/574e6a24a20ff5be1611ffdeec221951/574e6a24a20ff5be1611ffdeec221951.m3u8
H4610-ori1867 上藤 希美,https://s3.aaaaa.io/206f45bda3064a9ba3df856b20f5b3c0/206f45bda3064a9ba3df856b20f5b3c0.m3u8
H4610-ori1871 宮澤 寧音,https://s3.aaaaa.io/a090fe399556d13d7cee9716917ed572/a090fe399556d13d7cee9716917ed572.m3u8
H4610-ori1857 鍛治 晴菜,https://s3.aaaaa.io/91104c5fa5f47e8174ae4cad059e13f7/91104c5fa5f47e8174ae4cad059e13f7.m3u8
H4610-ori1879 堀内 衣久美,https://s3.aaaaa.io/6896f00bc6ffe8acb4b8279829f2d49c/6896f00bc6ffe8acb4b8279829f2d49c.m3u8
H4610-ori1865 堀内 衣久美,https://s3.aaaaa.io/2a9fb75442f65d9a5c22206a78dd12bd/2a9fb75442f65d9a5c22206a78dd12bd.m3u8
H4610-pla0105 西井 杏那,https://s3.aaaaa.io/788f3e3fa1a2260f15d020077aa2b9f1/788f3e3fa1a2260f15d020077aa2b9f1.m3u8
H4610-pla0103 高崎 優衣,https://s3.aaaaa.io/c5723c910ce3ddbea62c9c97a88c3878/c5723c910ce3ddbea62c9c97a88c3878.m3u8
H4610-ori1877 岩川 夕紀子,https://s3.aaaaa.io/84965e26a980f029cdd560a7a71799c9/84965e26a980f029cdd560a7a71799c9.m3u8
H4610-ori1863 岩川 夕紀子,https://s3.aaaaa.io/b6248aed3935606d1f5c20c1f4f68036/b6248aed3935606d1f5c20c1f4f68036.m3u8
H4610-ori1860 松長 千絵,https://s3.aaaaa.io/d8381bab2471cb0796dd4acb37457520/d8381bab2471cb0796dd4acb37457520.m3u8
H4610-ori1873 松長 千絵,https://s3.aaaaa.io/c75a42697fadc71d5eae34dbca089a90/c75a42697fadc71d5eae34dbca089a90.m3u8
H4610-ki240926 濑野 光,https://s3.aaaaa.io/cca5e33c876a93b6ccfad45124bf2023/cca5e33c876a93b6ccfad45124bf2023.m3u8
H4610-ki240728 青木 美愛,https://s3.aaaaa.io/89aa0e37e1179368c34d07f1d7295572/89aa0e37e1179368c34d07f1d7295572.m3u8
H4610-gol218 荒瀬 萌梨,https://s3.aaaaa.io/e8369d23b7e7e258cb4075e7ffac6720/e8369d23b7e7e258cb4075e7ffac6720.m3u8
H4610-gol223 荒瀬 萌梨,https://s3.aaaaa.io/62bb7e201aa530f22a719b9241127545/62bb7e201aa530f22a719b9241127545.m3u8
H4610-ori1830 井野 紗月,https://s3.aaaaa.io/da38bc7bb234621584d9dcf98e07660d/da38bc7bb234621584d9dcf98e07660d.m3u8
H4610-ori1895 廣瀬 愛佑美,https://s3.aaaaa.io/8c4e6c9c5980fa6a460167779f9d76ed/8c4e6c9c5980fa6a460167779f9d76ed.m3u8
H4610-ori1826 上代 真由子,https://s3.aaaaa.io/bb178519f2a0d97e7c517aa25f011e82/bb178519f2a0d97e7c517aa25f011e82.m3u8
H4610-ori1899 久高 朋花,https://s3.aaaaa.io/b674c1cdfff50254abf2839e01b7f27c/b674c1cdfff50254abf2839e01b7f27c.m3u8
H4610-ori1831 溝口 佑依,https://s3.aaaaa.io/fa42349ede4eddddf58a1fac7b03554e/fa42349ede4eddddf58a1fac7b03554e.m3u8
H4610-ori1838 上浦 玲奈,https://s3.aaaaa.io/835dd513e7d51d4a6753cb22992a0828/835dd513e7d51d4a6753cb22992a0828.m3u8
H4610-ori1844 上浦 玲奈,https://s3.aaaaa.io/ffb0f66862de2ea50f7a7fae5b7445ff/ffb0f66862de2ea50f7a7fae5b7445ff.m3u8
H4610-ori1843 岩下 千聡,https://s3.aaaaa.io/cfd2f262726bbe1b622eafc338f53b03/cfd2f262726bbe1b622eafc338f53b03.m3u8
H4610-gol221 柏木 沙織,https://s3.aaaaa.io/204233cd97250bc1d56983129a6af75c/204233cd97250bc1d56983129a6af75c.m3u8
H4610-gol015 妹川 尚子,https://s3.aaaaa.io/496270ac8a765984a158a3ed029fd67d/496270ac8a765984a158a3ed029fd67d.m3u8
H4610-ori1869 藤井 保菜美,https://s3.aaaaa.io/8cd1f3a719b09f8ad6de16a1d4a7fc7e/8cd1f3a719b09f8ad6de16a1d4a7fc7e.m3u8
H4610-ori1858 藤井 保菜美,https://s3.aaaaa.io/3d0af492f143bba322bc3a8de4a083c2/3d0af492f143bba322bc3a8de4a083c2.m3u8
H4610-ori1868 神谷 夢奈,https://s3.aaaaa.io/4446310bd51f251295bbc613b84085c1/4446310bd51f251295bbc613b84085c1.m3u8
H4610-ori1884 梅村 悠亜,https://s3.aaaaa.io/410ed0c87efd798b1f36213481556d8c/410ed0c87efd798b1f36213481556d8c.m3u8
H4610-ori1866 梅村 悠亜,https://s3.aaaaa.io/8cc9f8eed2f1720b339d370f9efdb9b3/8cc9f8eed2f1720b339d370f9efdb9b3.m3u8
H4610-gol215 楠原 愛菜,https://s3.aaaaa.io/bf0a7189b9c3bbeb53baadf59e03b56d/bf0a7189b9c3bbeb53baadf59e03b56d.m3u8
H4610-gol219 楠原 愛菜,https://s3.aaaaa.io/ff61f3a48d9ed343aa5e3a48185e4293/ff61f3a48d9ed343aa5e3a48185e4293.m3u8
H4610-ori1892 大貫 千里,https://s3.aaaaa.io/05af290c359c3c9cb689b0a935ceca2e/05af290c359c3c9cb689b0a935ceca2e.m3u8
H4610-gol220 楠田 果奈,https://s3.aaaaa.io/36933019042854ba5589203ddde9e8ee/36933019042854ba5589203ddde9e8ee.m3u8
H4610-ori1888 寺坂 碧,https://s3.aaaaa.io/45a7449b70dc56265a9e7363b6303e72/45a7449b70dc56265a9e7363b6303e72.m3u8
H4610-ori1872 山重 ゆり枝,https://s3.aaaaa.io/3b9305e4851e9594ef088a521b3bfa1f/3b9305e4851e9594ef088a521b3bfa1f.m3u8
H4610-ori1815 永渕 祐美子,https://s3.aaaaa.io/de43dbd937d4a1c1593291fdefe39494/de43dbd937d4a1c1593291fdefe39494.m3u8
H4610-ori1890 清水 早佳,https://s3.aaaaa.io/7d76e5d4dc6f2b408e3e06c966ee3978/7d76e5d4dc6f2b408e3e06c966ee3978.m3u8
H4610-ori1878 筒井 智紗,https://s3.aaaaa.io/0f2a02b7003c642bfad1bf2205ec2286/0f2a02b7003c642bfad1bf2205ec2286.m3u8
H4610-ori1787 峯本 雅,https://s3.aaaaa.io/ddf39ac99d81a5baf30120f25a33d03f/ddf39ac99d81a5baf30120f25a33d03f.m3u8
H4610-ori1802 峯本 雅,https://s3.aaaaa.io/be5e257c8b3faf7f226b7730d78ccdd0/be5e257c8b3faf7f226b7730d78ccdd0.m3u8
H4610-ori1874 今枝 七衣,https://s3.aaaaa.io/1ed8b06283e3113da31c750df5251014/1ed8b06283e3113da31c750df5251014.m3u8
H4610-ori1613 三原 雅,https://s3.aaaaa.io/a523fe195860e2973c3614cccd68d0e3/a523fe195860e2973c3614cccd68d0e3.m3u8
H4610-gol200 岬 唯愛,https://s3.aaaaa.io/e7b54367606ed9664e2da0640bac52e4/e7b54367606ed9664e2da0640bac52e4.m3u8
H4610-gol196 岬 唯愛,https://s3.aaaaa.io/25e2419e9b86b3695a8d863a10dfe0b4/25e2419e9b86b3695a8d863a10dfe0b4.m3u8
H4610-ori1589 津山 雫,https://s3.aaaaa.io/f37ed466d6e5ca73c9fead8cfc8ed906/f37ed466d6e5ca73c9fead8cfc8ed906.m3u8
H4610-ori1870 大武 梨愛,https://s3.aaaaa.io/068dc300c0eea40fc53a4f2ef4fde87b/068dc300c0eea40fc53a4f2ef4fde87b.m3u8
H4610-ori1615 三原 雅,https://s3.aaaaa.io/62a11a53d8917990940ad3eec824bf5f/62a11a53d8917990940ad3eec824bf5f.m3u8
H4610-ki231112 神戸 まどか,https://s3.aaaaa.io/fdfceba90dc277620ca3182790277767/fdfceba90dc277620ca3182790277767.m3u8
H4610-ki190901 神戸 まどか,https://s3.aaaaa.io/4a95deca79de4e3b665fd74c199965c2/4a95deca79de4e3b665fd74c199965c2.m3u8
H4610-ori1845 惣田 雪音,https://s3.aaaaa.io/85e96d41129bf43072e422e4afee77c9/85e96d41129bf43072e422e4afee77c9.m3u8
H4610-ori1587 酒井 鈴,https://s3.aaaaa.io/c53bef10c265a2597c46ee010efec765/c53bef10c265a2597c46ee010efec765.m3u8
H4610-ori1579 広崎 雅,https://s3.aaaaa.io/76ee3026ead6f954171f0756d0592bca/76ee3026ead6f954171f0756d0592bca.m3u8
H4610-ki211230 岡 静子,https://s3.aaaaa.io/f52ab8d5c7e652f7a0e5c1cc678b9706/f52ab8d5c7e652f7a0e5c1cc678b9706.m3u8
H4610-ki241222 小畑 彩音,https://s3.aaaaa.io/59436aeebd453822c5a36d6ece28b11d/59436aeebd453822c5a36d6ece28b11d.m3u8
H4610-ori1663 桜 美幸,https://s3.aaaaa.io/8835df24bbdf1d4d0c67cba8acd8dee2/8835df24bbdf1d4d0c67cba8acd8dee2.m3u8
H4610-ki201215 赤崎 舞,https://s3.aaaaa.io/4c72f95f4c83a959fd124f09a142c62e/4c72f95f4c83a959fd124f09a142c62e.m3u8
H4610-ori1674 坂堂 蛍,https://s3.aaaaa.io/777715001d9955c05c83ea94ab8b6487/777715001d9955c05c83ea94ab8b6487.m3u8
H4610-ori1675 坂堂 蛍,https://s3.aaaaa.io/1ef64a2b5b111013eaf4458d7979446c/1ef64a2b5b111013eaf4458d7979446c.m3u8
H4610-ori1652 松戸 結,https://s3.aaaaa.io/c2268f90ebb4b26e7c050c6d93286914/c2268f90ebb4b26e7c050c6d93286914.m3u8
H4610-ori1660 桜 美幸,https://s3.aaaaa.io/2af28171510b30c95ee3bc688a0190c1/2af28171510b30c95ee3bc688a0190c1.m3u8
H4610-ori1875 梅村 愛里菜,https://s3.aaaaa.io/93ce355a249db65639475cb3d8b8d14d/93ce355a249db65639475cb3d8b8d14d.m3u8
H4610-ori1699 里木 栞,https://s3.aaaaa.io/21122c2ca050c62d96e83377c489bccf/21122c2ca050c62d96e83377c489bccf.m3u8
H0930-ori1059 井上 美佳,https://s3.aaaaa.io/978f01e5819dad1ec8383696d7d6cf0f/978f01e5819dad1ec8383696d7d6cf0f.m3u8
H0930-ori1064 井上 美佳,https://s3.aaaaa.io/72c28ab7690fc895fd3193c88fdced48/72c28ab7690fc895fd3193c88fdced48.m3u8
H0930-pla0089 相澤 真結,https://s3.aaaaa.io/1c63c6a8247135f595a6c5c8d39ec0f8/1c63c6a8247135f595a6c5c8d39ec0f8.m3u8
H0930-pla0088 相澤 真結,https://s3.aaaaa.io/855fb4d65e4968ab5a849db1cc033445/855fb4d65e4968ab5a849db1cc033445.m3u8
H0930-pla0075 松 涼子,https://s3.aaaaa.io/b48c09fcf64940a8f7c1b455a4f587ab/b48c09fcf64940a8f7c1b455a4f587ab.m3u8
H0930-pla0074 松 涼子,https://s3.aaaaa.io/d45979037cfcdf7e286453e2bb569e0f/d45979037cfcdf7e286453e2bb569e0f.m3u8
H0930-pla0009 片桐 舞,https://s3.aaaaa.io/06bcc563f115f3e44ad7c11b65ce12db/06bcc563f115f3e44ad7c11b65ce12db.m3u8
H0930-ori1468 夢野 春加,https://s3.aaaaa.io/cd73a3ee466df7fddf6259f9619f77a3/cd73a3ee466df7fddf6259f9619f77a3.m3u8
H0930-ori1284 山口 雪音,https://s3.aaaaa.io/b76b26d93d90fc2fc58d9a0fd8b306bb/b76b26d93d90fc2fc58d9a0fd8b306bb.m3u8
H0930-gol077 広野 望,https://s3.aaaaa.io/8e3ca1e7f419d93e8da7296892c3dfa0/8e3ca1e7f419d93e8da7296892c3dfa0.m3u8
H0930-orimrs476 田崎 遥,https://s3.aaaaa.io/e0c6931d3dd4a6b1bb47ee0d4b233e4a/e0c6931d3dd4a6b1bb47ee0d4b233e4a.m3u8
H0930-orimrs915 広田 紗彩,https://s3.aaaaa.io/8f8b79c1576e15276e37501c25d02a83/8f8b79c1576e15276e37501c25d02a83.m3u8
H0930-ori1533 立川 美野里,https://s3.aaaaa.io/4ee7380c351d1b951ed4415f05e182c8/4ee7380c351d1b951ed4415f05e182c8.m3u8
H0930-pla0052 坂田 実里,https://s3.aaaaa.io/ecf73b1faeb9424e6fb05866c7cab108/ecf73b1faeb9424e6fb05866c7cab108.m3u8
H0930-orimrs457 川瀬 佐奈恵,https://s3.aaaaa.io/617effa6451e4b6cc69421f8954eeebe/617effa6451e4b6cc69421f8954eeebe.m3u8
H0930-ori1049 杉野 友香,https://s3.aaaaa.io/84529562fe3a85d87c66d139c1f2de4f/84529562fe3a85d87c66d139c1f2de4f.m3u8
H0930-ori1301 笹本 晴子,https://s3.aaaaa.io/e25dbd7db83ea1266ba3c5eae37db917/e25dbd7db83ea1266ba3c5eae37db917.m3u8
H0930-ori1173 江川 仁美,https://s3.aaaaa.io/dacbb8f272585d2b1da871c572f8bea8/dacbb8f272585d2b1da871c572f8bea8.m3u8
H0930-ori1172 江川 仁美,https://s3.aaaaa.io/202bd16b1388c07028687dcc5c3cd4c7/202bd16b1388c07028687dcc5c3cd4c7.m3u8
H0930-pla0072 羽田 まなみ,https://s3.aaaaa.io/90729781c7c90e0eb687158517f0e5b4/90729781c7c90e0eb687158517f0e5b4.m3u8
H0930-pla0003 島津 史穂,https://s3.aaaaa.io/46ba5be27220d4fb98efaaf2bdc071d6/46ba5be27220d4fb98efaaf2bdc071d6.m3u8
H0930-ori1450 園田 鈴,https://s3.aaaaa.io/29c678cc7973d43957b34723a9bae455/29c678cc7973d43957b34723a9bae455.m3u8
H0930-ori1200 木口 ゆめ,https://s3.aaaaa.io/6455ddc7b08cde484afe0b87ba9c81f4/6455ddc7b08cde484afe0b87ba9c81f4.m3u8
H0930-ori1217 渡貫 香奈実,https://s3.aaaaa.io/7c8cd1a0748890d20ebe4d2ebf3bdf61/7c8cd1a0748890d20ebe4d2ebf3bdf61.m3u8
H0930-ori1270 広野 鈴菜,https://s3.aaaaa.io/c52bf729e44308a281bd014311aeab5b/c52bf729e44308a281bd014311aeab5b.m3u8
H0930-ori1210 舞島 弓佳,https://s3.aaaaa.io/073ea88ec797df93fc4da186a730ac0f/073ea88ec797df93fc4da186a730ac0f.m3u8
H0930-gol104 渋谷 祐実,https://s3.aaaaa.io/e31976d964e95d7a192a011c738371da/e31976d964e95d7a192a011c738371da.m3u8
H0930-orimrs500 栗山 薫,https://s3.aaaaa.io/dbe5b171ddd869a27c52f4e1c9e23d80/dbe5b171ddd869a27c52f4e1c9e23d80.m3u8
H0930-pla0010 片山 葵,https://s3.aaaaa.io/4a3cb94590748acbf7319ced6eded2fb/4a3cb94590748acbf7319ced6eded2fb.m3u8
H0930-ki260503 片山 葵,https://s3.aaaaa.io/6bd13e43bee278ef32b8742406d0e85d/6bd13e43bee278ef32b8742406d0e85d.m3u8
H0930-gol095 岡崎 美鈴,https://s3.aaaaa.io/5c9dfc7a87c06d6b1d0e7221540a6d1e/5c9dfc7a87c06d6b1d0e7221540a6d1e.m3u8
H0930-ori1408 東 葉子,https://s3.aaaaa.io/62b98f05b1b3024438b784a7f65de45f/62b98f05b1b3024438b784a7f65de45f.m3u8
C0930-hitozuma0966 前園 聡子,https://s3.aaaaa.io/1a260cf91a81a4cfc77b9a8520592c2a/1a260cf91a81a4cfc77b9a8520592c2a.m3u8
C0930-hitozuma1342 徳高 南那,https://s3.aaaaa.io/aaeecfedb6633aa871566aebdbb9700a/aaeecfedb6633aa871566aebdbb9700a.m3u8
C0930-hitozuma0212 竹田 奈緒,https://s3.aaaaa.io/7651a2cb6b84677f9cfa35de686b0286/7651a2cb6b84677f9cfa35de686b0286.m3u8
C0930-hitozuma0223 竹田 奈緒,https://s3.aaaaa.io/b0b7f983b71eb2da12d1433d69dded2c/b0b7f983b71eb2da12d1433d69dded2c.m3u8
C0930-pla0028 星野 夕子,https://s3.aaaaa.io/347f95b8841037f7c19e0a69deec525c/347f95b8841037f7c19e0a69deec525c.m3u8
C0930-hitozuma0798 菅山 ゆう,https://s3.aaaaa.io/c48bdb8cf9f221a3d162ed1783cac52f/c48bdb8cf9f221a3d162ed1783cac52f.m3u8
C0930-hitozuma1172 横橋 梓美,https://s3.aaaaa.io/9f1df8ca11c6d3618829efeb17cdfa95/9f1df8ca11c6d3618829efeb17cdfa95.m3u8
C0930-hitozuma1004 坂井 雪恵,https://s3.aaaaa.io/bba66edfdb53e3e15f411077b8e4fc4e/bba66edfdb53e3e15f411077b8e4fc4e.m3u8
C0930-hitozuma0872 三島 朱里,https://s3.aaaaa.io/7398aa93e47bab87069c9e3d56fae473/7398aa93e47bab87069c9e3d56fae473.m3u8
C0930-gol0043 松島 理恵子,https://s3.aaaaa.io/f69ffb91ce957083ec216168893fb1ba/f69ffb91ce957083ec216168893fb1ba.m3u8
C0930-chijyo0076 長畑 瑠美子,https://s3.aaaaa.io/bb3dfaff8da83a9acef1e7ca95c9bf94/bb3dfaff8da83a9acef1e7ca95c9bf94.m3u8
C0930-hitozuma0501 朝倉 琴美,https://s3.aaaaa.io/ee8bc8bc13c2cd263f6acf4ac1dfe44e/ee8bc8bc13c2cd263f6acf4ac1dfe44e.m3u8
C0930-pla0034 藤井 江梨,https://s3.aaaaa.io/ef588bc88e675745ca6fe4fef7936566/ef588bc88e675745ca6fe4fef7936566.m3u8
C0930-hitozuma0793 白沢 静,https://s3.aaaaa.io/8f55e68cec53f0f3b8a7b83e8f79dc25/8f55e68cec53f0f3b8a7b83e8f79dc25.m3u8
C0930-hitozuma1220 廣井 美加子,https://s3.aaaaa.io/0d17be9c8b7fc50aa4741ef4d30c1635/0d17be9c8b7fc50aa4741ef4d30c1635.m3u8
C0930-hitozuma1322 霜野 紗百合,https://s3.aaaaa.io/ab6b07ab962b0d4bdca3aadfa4fdc462/ab6b07ab962b0d4bdca3aadfa4fdc462.m3u8
C0930-gol0123 磯川 裕子,https://s3.aaaaa.io/c6fef3071a89303aa1eecf70f7172efa/c6fef3071a89303aa1eecf70f7172efa.m3u8
C0930-gol0052 上園 るか,https://s3.aaaaa.io/9460682795462ba589b0a447ab456058/9460682795462ba589b0a447ab456058.m3u8
C0930-hitozuma1337 目羅 友香利,https://s3.aaaaa.io/b2a4d5747b29bd0046b50705282c5404/b2a4d5747b29bd0046b50705282c5404.m3u8
C0930-pla0042 片山 葵,https://s3.aaaaa.io/a601125d2baddc3f87af00c3e7a9647a/a601125d2baddc3f87af00c3e7a9647a.m3u8
C0930-hitozuma0688 笹山 今日子,https://s3.aaaaa.io/1b7f40d90e8e608dcef8edbe06c8ad07/1b7f40d90e8e608dcef8edbe06c8ad07.m3u8
C0930-hitozuma0744 安野 真美,https://s3.aaaaa.io/7fe74c7c0d5fe8d8f310de20e2e0b6b7/7fe74c7c0d5fe8d8f310de20e2e0b6b7.m3u8
C0930-gol0041 浜田 絵梨,https://s3.aaaaa.io/94223dd421540e16dd0d497b0a797fe9/94223dd421540e16dd0d497b0a797fe9.m3u8
C0930-hitozuma0855 北見 唯奈,https://s3.aaaaa.io/1a30584b5fa4edbd19ae08c9e4e5ea42/1a30584b5fa4edbd19ae08c9e4e5ea42.m3u8
C0930-hitozuma0141 田原 眞澄,https://s3.aaaaa.io/464a6d8c370c771b405901d59d9dcd75/464a6d8c370c771b405901d59d9dcd75.m3u8
C0930-pla0047 佐川 絵里,https://s3.aaaaa.io/682612bd0b3fc6c058bebc73877e1e12/682612bd0b3fc6c058bebc73877e1e12.m3u8
C0930-hitozuma0804 多田 あい美,https://s3.aaaaa.io/0365c6d48448d298495419eb09721eaa/0365c6d48448d298495419eb09721eaa.m3u8
C0930-pla0021 長友 寛子,https://s3.aaaaa.io/514afd0f533ea3b2e036419361cf109e/514afd0f533ea3b2e036419361cf109e.m3u8
C0930-hitozuma1334 黒谷 祐奈,https://s3.aaaaa.io/b84e200b57b98325d1bea4f2999d6571/b84e200b57b98325d1bea4f2999d6571.m3u8
C0930-hitozuma1192 矢野 りみ,https://s3.aaaaa.io/0871ebfb6acd18abfff0d80d47335762/0871ebfb6acd18abfff0d80d47335762.m3u8
C0930-hitozuma0976 白井 ななこ,https://s3.aaaaa.io/d6e8ebc009539af3219d28b35d9da3be/d6e8ebc009539af3219d28b35d9da3be.m3u8
C0930-gol0028 今井 裕美子,https://s3.aaaaa.io/9c60c4559c1525a514a3986b37656d1b/9c60c4559c1525a514a3986b37656d1b.m3u8
C0930-pla0071 松 涼子,https://s3.aaaaa.io/1676a8140e0fcb341017d440e340cf8b/1676a8140e0fcb341017d440e340cf8b.m3u8
C0930-pla0072 松 涼子,https://s3.aaaaa.io/7507731e3973290a7ae4ce688899993f/7507731e3973290a7ae4ce688899993f.m3u8
C0930-hitozuma0122 松岡 恵理佳,https://s3.aaaaa.io/7a9a401906284fd321e7de56956f88ff/7a9a401906284fd321e7de56956f88ff.m3u8
C0930-pla0009 舘川 里奈,https://s3.aaaaa.io/1059c83bf3f6bf3980f2ee97c60810bb/1059c83bf3f6bf3980f2ee97c60810bb.m3u8
C0930-hitozuma0780 三又 さち,https://s3.aaaaa.io/3cd524881fec6d540ba104980e48c612/3cd524881fec6d540ba104980e48c612.m3u8
C0930-hitozuma0810 瀬野 光,https://s3.aaaaa.io/5f7606d20b5b6f8830ad12fdb3378d86/5f7606d20b5b6f8830ad12fdb3378d86.m3u8
C0930-hitozuma1089 東 葉子,https://s3.aaaaa.io/23dfae88b35a4a78617c522ee4291e66/23dfae88b35a4a78617c522ee4291e66.m3u8
C0930-hitozuma1386 横園 紗千,https://s3.aaaaa.io/805747d69112fe66af7d633dc5cb9d09/805747d69112fe66af7d633dc5cb9d09.m3u8
C0930-pla0067 羽田 まなみ,https://s3.aaaaa.io/993393315d8ce73e99d3fd7163708975/993393315d8ce73e99d3fd7163708975.m3u8
C0930-hitozuma0370 仲野 綾,https://s3.aaaaa.io/bf25b1186f6adf6d996995ac644a77e3/bf25b1186f6adf6d996995ac644a77e3.m3u8
C0930-hitozuma0886 篠原 亜衣里,https://s3.aaaaa.io/765f6f6b3493f9b980d2a3d59ee7df7d/765f6f6b3493f9b980d2a3d59ee7df7d.m3u8
C0930-hitozuma1351 平等 珠央,https://s3.aaaaa.io/4f4c0895496f6c4e30221e79ee8966a4/4f4c0895496f6c4e30221e79ee8966a4.m3u8
C0930-hitozuma0706 迅野 仁美,https://s3.aaaaa.io/6696909e73fb7e2ba747d80e0a3e784f/6696909e73fb7e2ba747d80e0a3e784f.m3u8
C0930-hitozuma0712 迅野 仁美,https://s3.aaaaa.io/d245a53a0e29a231fb814e4bff123821/d245a53a0e29a231fb814e4bff123821.m3u8
C0930-hitozuma1187 園田 鈴,https://s3.aaaaa.io/5fe6b4634dfeec24ffbf11cea25e09cc/5fe6b4634dfeec24ffbf11cea25e09cc.m3u8
C0930-hitozuma1201 園田 鈴,https://s3.aaaaa.io/c2312f52b5542ad16474eead5e3f8e50/c2312f52b5542ad16474eead5e3f8e50.m3u8
C0930-hitozuma1189 園田 鈴,https://s3.aaaaa.io/c39a04777f255fd56f2c6f5516969431/c39a04777f255fd56f2c6f5516969431.m3u8
C0930-hitozuma0875 暮岩 南,https://s3.aaaaa.io/c3daddeace0325eaf5d42bd8bc30d361/c3daddeace0325eaf5d42bd8bc30d361.m3u8
C0930-hitozuma1159 小川原 紫鶴,https://s3.aaaaa.io/bae5eeec8f17202e7acfc08d262f8a5e/bae5eeec8f17202e7acfc08d262f8a5e.m3u8
FNS-199 文化…与田りん,https://s3.aaaaa.io/ec6725b0327fa7430057e15a791ea09f/ec6725b0327fa7430057e15a791ea09f.m3u8
巨茹,http://krevonix.com/20240520/DN1ccCOX/index.m3u8
双仁,https://t26.cdn2020.com/video/m3u8/2022/01/19/56a11163/index.m3u8
jufe-131,https://t33.cdn2020.com/video/m3u8/2025/09/09/25fc50e8/index.m3u8
FC2PPV-4791300,https://t33.cdn2020.com/video/m3u8/2025/11/13/52a69578/index.m3u8
e嫂粉丝活动玩弄篇,https://t33.cdn2020.com/video/m3u8/2025/11/12/0a876f4c/index.m3u8
e嫂粉丝活动实战篇,https://t33.cdn2020.com/video/m3u8/2025/11/11/2a3c84ff/index.m3u8
e嫂巨乳性感女秘书,https://t33.cdn2020.com/video/m3u8/2025/11/08/d556eb9b/index.m3u8
e嫂女仆侍奉,https://t33.cdn2020.com/video/m3u8/2025/11/07/546905e0/index.m3u8
eyan-163,https://t33.cdn2020.com/video/m3u8/2025/11/13/d35857ec/index.m3u8
SONE-976,https://t33.cdn2020.com/video/m3u8/2025/11/13/240c05c9/index.m3u8
MIAD-948,https://t33.cdn2020.com/video/m3u8/2025/11/12/8c0a6253/index.m3u8
HHF-092,https://t33.cdn2020.com/video/m3u8/2025/11/12/63682031/index.m3u8
DANDY-936,https://t33.cdn2020.com/video/m3u8/2025/11/12/1be35bc0/index.m3u8
NHDTB-963,https://t33.cdn2020.com/video/m3u8/2025/11/12/d5be1dd2/index.m3u8
PPPE-260,https://t33.cdn2020.com/video/m3u8/2025/11/12/3d7dcfe7/index.m3u8
PPPE-255,https://t33.cdn2020.com/video/m3u8/2025/11/12/6695b62d/index.m3u8
ssni-979,https://t33.cdn2020.com/video/m3u8/2025/11/11/4f30ccf2/index.m3u8
juy-806,https://t33.cdn2020.com/video/m3u8/2025/11/11/e1e9a833/index.m3u8
DASS-776,https://t33.cdn2020.com/video/m3u8/2025/11/11/b329edd0/index.m3u8
NHDTB-961,https://t33.cdn2020.com/video/m3u8/2025/11/11/01d9f494/index.m3u8
ROYD-200,https://t33.cdn2020.com/video/m3u8/2025/11/11/4a93ab3e/index.m3u8
UMD-984,https://t33.cdn2020.com/video/m3u8/2025/11/11/eeb831ad/index.m3u8
HZGD-321,https://t33.cdn2020.com/video/m3u8/2025/11/10/d0e7afd7/index.m3u8
NHDTC-122,https://t33.cdn2020.com/video/m3u8/2025/11/10/64732aef/index.m3u8
FC2PPV-2363276,https://t33.cdn2020.com/video/m3u8/2025/11/09/cf23ca37/index.m3u8
adn-293,https://t33.cdn2020.com/video/m3u8/2025/11/08/39ba63a6/index.m3u8
GG-106,https://t33.cdn2020.com/video/m3u8/2025/11/08/8f313ac6/index.m3u8
BBTU-087,https://t33.cdn2020.com/video/m3u8/2025/11/08/bd7df09e/index.m3u8
FJIN-037,https://t33.cdn2020.com/video/m3u8/2025/11/08/7c7d43f8/index.m3u8
DVMM-145,https://t33.cdn2020.com/video/m3u8/2025/11/08/09565b57/index.m3u8
DVMM-143,https://t33.cdn2020.com/video/m3u8/2025/11/08/7f1a4081/index.m3u8
DASS-441,https://t33.cdn2020.com/video/m3u8/2025/11/07/df063af2/index.m3u8
FC2PPV-2466403,https://t33.cdn2020.com/video/m3u8/2025/11/07/12538a22/index.m3u8
顶级童颜女孩腿长腰细,https://t33.cdn2020.com/video/m3u8/2025/11/06/aa67b28b/index.m3u8
snis-462,https://t33.cdn2020.com/video/m3u8/2025/11/06/d4925346/index.m3u8
SNIS-309,https://t33.cdn2020.com/video/m3u8/2025/11/06/036bb696/index.m3u8
FC2PPV-2417006,https://t33.cdn2020.com/video/m3u8/2025/11/06/807b6ddd/index.m3u8
START-272,https://t33.cdn2020.com/video/m3u8/2026/01/02/ce232842/index.m3u8
pppd-913,https://t33.cdn2020.com/video/m3u8/2026/01/01/380c7c52/index.m3u8
NHDTC-149,https://t33.cdn2020.com/video/m3u8/2026/01/01/5a53719e/index.m3u8
DVMM-106,https://t33.cdn2020.com/video/m3u8/2026/01/01/dd97864f/index.m3u8
IPZZ-304,https://t33.cdn2020.com/video/m3u8/2026/01/01/cc651505/index.m3u8
LULU-299,https://t33.cdn2020.com/video/m3u8/2026/01/01/8d5e2fa8/index.m3u8
DASS-831,https://t33.cdn2020.com/video/m3u8/2025/12/31/12d8e555/index.m3u8
pppd-911,https://t33.cdn2020.com/video/m3u8/2025/12/31/403a0733/index.m3u8
SKMJ-700,https://t33.cdn2020.com/video/m3u8/2025/12/31/b4a08cc7/index.m3u8
NTRH-002,https://t33.cdn2020.com/video/m3u8/2025/12/31/69425255/index.m3u8
FC2PPV-4816832,https://t33.cdn2020.com/video/m3u8/2025/12/30/d859d07f/index.m3u8
NTRH-020,https://t33.cdn2020.com/video/m3u8/2025/12/30/6d495057/index.m3u8
326FCT-205,https://t33.cdn2020.com/video/m3u8/2025/12/30/2e0dc0e6/index.m3u8
DASS-402,https://t33.cdn2020.com/video/m3u8/2025/12/30/0c95c4de/index.m3u8
SSNI-845,https://t33.cdn2020.com/video/m3u8/2025/12/29/466b5559/index.m3u8
SSNI-865,https://t33.cdn2020.com/video/m3u8/2025/12/29/cbfa103e/index.m3u8
AKDLD-283,https://t33.cdn2020.com/video/m3u8/2025/12/29/08fea47e/index.m3u8
LULU-306,https://t33.cdn2020.com/video/m3u8/2025/12/28/a655085c/index.m3u8
豆传媒.DG56785.夏云.兄乱抽的,https://t33.cdn2020.com/video/m3u8/2026/01/20/3c534750/index.m3u8
豆传媒.DG56784.夏云.感医生下惑暴富小,https://t33.cdn2020.com/video/m3u8/2025/12/31/3b03be1c/index.m3u8
豆传媒.DG56783.喵喵.少的极致惑任你玩,https://t33.cdn2020.com/video/m3u8/2025/12/31/01733c43/index.m3u8
豆传媒.DG56782.喵喵.网红战非外被绑架内幕很惊,https://t33.cdn2020.com/video/m3u8/2025/12/31/724e4a57/index.m3u8
豆传媒.DG56781.佳琦.一暴富后势力眼表秒变我的小,https://t33.cdn2020.com/video/m3u8/2025/12/31/e5e6c241/index.m3u8
豆传媒.DG56780.佳琦.利成功拿下秘书,https://t33.cdn2020.com/video/m3u8/2025/12/31/066afff5/index.m3u8
豆传媒.DG56779.子莹.探花的捞金之路偷拍风上门少,https://t33.cdn2020.com/video/m3u8/2025/12/27/bb2546f5/index.m3u8
豆传媒.DG56778.梦悦.被老公的好兄弟玩弄有刺激又兴奋,https://t33.cdn2020.com/video/m3u8/2025/12/27/b1d7e58b/index.m3u8
豆传媒.DG56777.梦悦.揭秘表未知的一面下的荡,https://t33.cdn2020.com/video/m3u8/2025/12/27/51bbb967/index.m3u8
豆传媒.DG56774.小静.被闺蜜的父亲坏小,https://t33.cdn2020.com/video/m3u8/2025/12/14/18c3808e/index.m3u8
豆传媒.DG56773.小静.乱家庭把后的让给了儿子,https://t33.cdn2020.com/video/m3u8/2025/12/14/a2a37b34/index.m3u8
豆传媒.DG56772.林小漫.装惑小被满,https://t33.cdn2020.com/video/m3u8/2025/12/14/a7e121de/index.m3u8
豆传媒.DG56771.林小漫.,https://t33.cdn2020.com/video/m3u8/2025/12/14/7228e9d3/index.m3u8
豆传媒.DG56768.婷婷.拿捏隔壁美,https://t33.cdn2020.com/video/m3u8/2025/11/25/6255ff34/index.m3u8
豆传媒.DG56767.婷婷.同城初尝校花的,https://t33.cdn2020.com/video/m3u8/2025/11/25/21a9bb50/index.m3u8
豆传媒.DG5676.林沫.仆用征服她的粉蜜,https://t33.cdn2020.com/video/m3u8/2025/10/26/8e18dea3/index.m3u8
豆传媒.DG5675.林沫.试驾小米YU7户外无车感销售,https://t33.cdn2020.com/video/m3u8/2025/10/26/aaea2fdc/index.m3u8
豆传媒.IDG5674.林沫.探花奇遇记.意主播意外空降足引浆,https://t33.cdn2020.com/video/m3u8/2025/08/21/380350f0/index.m3u8
豆传媒.IDG5673.林沫.外卖小翻身记.趁虚而直捣黄龙,https://t33.cdn2020.com/video/m3u8/2025/08/21/bea1f5c2/index.m3u8
豆传媒.IDG5672.夏云.失业小子.被用计谋小子的,https://t33.cdn2020.com/video/m3u8/2025/08/15/d238802f/index.m3u8
豆传媒.IDG5671.夏云.借宿表家.趁机打桩心心念念的婊,https://t33.cdn2020.com/video/m3u8/2025/08/15/3b9c1b7f/index.m3u8
豆传媒.IDG5670.喵喵.工厂小伙.差阳错到美风介,https://t33.cdn2020.com/video/m3u8/2025/08/15/dc9cae48/index.m3u8
豆传媒.IDG5669.喵喵.报复轨前.同城探花遇高冷小子,https://t33.cdn2020.com/video/m3u8/2025/08/15/d495dfcd/index.m3u8
豆传媒.IDG5629.贝娜.用开发双马尾,https://av6k.com/uploads/allimg/2505/D-051306331H96e5229A1.jpg
豆传媒.IDG5555.静怡.抖音网红美声甜呻吟很销魂,https://t33.cdn2020.com/video/m3u8/2025/01/11/7bd3d2d3/index.m3u8
豆传媒.IDG5554.静怡.瑜伽少,https://t33.cdn2020.com/video/m3u8/2025/01/11/c752128d/index.m3u8
豆传媒.IDG5553.婉婉.双向奔赴一激慰藉躁动的望,https://t33.cdn2020.com/video/m3u8/2025/01/05/2ca4cae1/index.m3u8
豆传媒.IDG5552.婉婉.美儿媳偷偷和父亲激缠绵,https://t33.cdn2020.com/video/m3u8/2025/01/05/46a0f36d/index.m3u8
豆传媒.IDG5551.小乔.婊你的真的很紧,https://t33.cdn2020.com/video/m3u8/2024/12/27/92f1a3dc/index.m3u8
豆传媒.IDG5550.淋雪.荡小和我乱的秘密,https://t33.cdn2020.com/video/m3u8/2024/12/27/7b9ce101/index.m3u8
豆传媒.IDG5549.淋雪.失意美被同事暴力抽,https://t33.cdn2020.com/video/m3u8/2024/12/27/cc0ae9bf/index.m3u8
豆传媒.IDG5548.夏云.望友心不纯只认不认,https://t33.cdn2020.com/video/m3u8/2024/12/24/8821c7fa/index.m3u8
豆传媒.IDG5547.夏云.风流公公儿媳干柴烈火疯狂做,https://t33.cdn2020.com/video/m3u8/2024/12/24/8012063d/index.m3u8
豆传媒.IDG5546.莎梦.隔壁傲慢美沦为我的工具,https://t33.cdn2020.com/video/m3u8/2024/12/24/1790391a/index.m3u8
豆传媒.IDG5545.莎梦.绿奴友设计路友被好兄弟,https://t33.cdn2020.com/video/m3u8/2024/12/24/755b6eac/index.m3u8
豆传媒.IDG5544.喵喵.前友下和我再续缘只要688,https://t33.cdn2020.com/video/m3u8/2024/12/21/25c8851d/index.m3u8
豆传媒.IDG5543.喵喵.感班主任和18岁学生的不秘密,https://t33.cdn2020.com/video/m3u8/2024/12/21/d0611955/index.m3u8
豆传媒.IDG5542.靓靓.同城满足自己高潮的,https://t33.cdn2020.com/video/m3u8/2024/12/20/9544b73a/index.m3u8
豆传媒.IDG5541.小曼.擦边主播被父亲到高潮不断,https://t33.cdn2020.com/video/m3u8/2024/12/14/5c52c8e9/index.m3u8
豆传媒.IDG5540.小曼.未亡之不流外田,https://t33.cdn2020.com/video/m3u8/2024/12/14/05a3ae75/index.m3u8
豆传媒.IDG5539.琦琦.彩礼30万只需899,https://t33.cdn2020.com/video/m3u8/2024/12/14/6fb711c9/index.m3u8
豆传媒.IDG5538.靓靓.初恋学袜惑长腿,https://t33.cdn2020.com/video/m3u8/2024/12/14/f116506b/index.m3u8
豆传媒.IDG5537.萧雅.儿媳不能怀孕只能公公催助孕,https://t33.cdn2020.com/video/m3u8/2024/12/14/ed09e9a7/index.m3u8
豆传媒.IDG5536.萧雅.催让纯萝莉沦为望少,https://t33.cdn2020.com/video/m3u8/2024/12/14/83c509be/index.m3u8
豆传媒.IDG5535.子沫.魔继父让儿成为胯下玩物,https://t33.cdn2020.com/video/m3u8/2024/12/07/e8716833/index.m3u8
豆传媒.IDG5534.子沫.丈听隔壁老王他,https://t33.cdn2020.com/video/m3u8/2024/12/07/8c8a272c/index.m3u8
豆传媒.IDG5533.可可.差寂寞来,https://t33.cdn2020.com/video/m3u8/2024/12/07/fe244055/index.m3u8
豆传媒.IDG5532.可可.技术宅少无狂湿,https://t33.cdn2020.com/video/m3u8/2024/12/07/0f02130e/index.m3u8
豆传媒.IDG5531.沐沐.父子床上前后夹击被晕的美家教,https://t33.cdn2020.com/video/m3u8/2024/12/07/f6ebb391/index.m3u8
豆传媒.IDG5530.沐沐.弟弟的感友,https://t33.cdn2020.com/video/m3u8/2024/12/07/b92c0707/index.m3u8
豆传媒.IDG5529.婉婉.干爹干干儿对荡不堪目,https://t33.cdn2020.com/video/m3u8/2024/11/17/20096f54/index.m3u8
豆传媒.IDG5528.雅娜.漂亮相亲对像无内直流,https://t33.cdn2020.com/video/m3u8/2024/11/17/b241e55a/index.m3u8
豆传媒.IDG5527.雅娜.开小米SU7极品潮喷少,https://t33.cdn2020.com/video/m3u8/2024/11/17/992b8444/index.m3u8
豆传媒.IDG5526.梦琪.催精油按摩激发少对的渴望,https://t33.cdn2020.com/video/m3u8/2024/11/17/b1300873/index.m3u8
豆传媒.IDG5525.小冰.你对我答不理我让你高潮迭起,https://t33.cdn2020.com/video/m3u8/2024/11/17/d7962df3/index.m3u8
豆传媒.IDG5524.小冰.恶富二代下公司感文员,https://t33.cdn2020.com/video/m3u8/2024/11/14/1f7069cb/index.m3u8
豆传媒.IDG5523.小冰.强力伟增重新挽回望,https://t33.cdn2020.com/video/m3u8/2024/11/14/4c279a51/index.m3u8
豆传媒.IDG5522.小柒.跟踪狂发上门泻火,https://t33.cdn2020.com/video/m3u8/2024/11/27/28a110f7/index.m3u8
豆传媒.IDG5521.小柒.小侄的蜜被巴叔叔,https://t33.cdn2020.com/video/m3u8/2024/11/27/6e111a1d/index.m3u8
豆传媒.IDG5520.皮皮.感秘书私下为老板解决生理需求,https://t33.cdn2020.com/video/m3u8/2024/11/08/d5a972ec/index.m3u8
豆传媒.IDG5519.皮皮.抖音小网红,https://t33.cdn2020.com/video/m3u8/2024/11/08/32ae357e/index.m3u8
豆传媒.IDG5518.婉婉.独居公公伟加持强儿媳,https://t33.cdn2020.com/video/m3u8/2024/11/08/53d2c4f8/index.m3u8
豆传媒.IDG5517.小曼.催下绝美秘书主动又荡的舔,https://t33.cdn2020.com/video/m3u8/2024/11/08/a9e3664e/index.m3u8
豆传媒.IDG5516.小曼.激成功让老板娘臣服于胯下,https://t33.cdn2020.com/video/m3u8/2024/11/08/cda61e1e/index.m3u8
豆传媒.IDG5515.芳芳.偶遇好兄弟的感美娇,https://t33.cdn2020.com/video/m3u8/2024/11/01/16d06a2f/index.m3u8
豆传媒.IDG5514.芳芳.儿子的班主任被我成功,https://t33.cdn2020.com/video/m3u8/2024/11/01/8b64a99e/index.m3u8
豆传媒.IDG5513.小轩.强力伟征服痴小子,https://t33.cdn2020.com/video/m3u8/2024/11/01/893ce990/index.m3u8
豆传媒.IDG5512.小轩.催让冷淡弟弟,https://t33.cdn2020.com/video/m3u8/2024/11/01/38d8acae/index.m3u8
豆传媒.IDG5511.莉娜.外表甜美学生荡体服务,https://t33.cdn2020.com/video/m3u8/2024/10/27/89cb35c1/index.m3u8
豆传媒.IDG5510.莉娜.也有天,https://t33.cdn2020.com/video/m3u8/2024/10/27/9c879a34/index.m3u8
豆传媒.IDG5509.雅娜.外卖员极品少到潮喷,https://t33.cdn2020.com/video/m3u8/2024/10/27/d00b0623/index.m3u8
豆传媒.IDG5508.雅娜.极品尤物36D空,https://t33.cdn2020.com/video/m3u8/2024/10/27/7f336043/index.m3u8
豆传媒.IDG5507.夏云.年轻小恋上帅气儿子的巴,https://t33.cdn2020.com/video/m3u8/2024/10/12/91d19f8b/index.m3u8
豆传媒.IDG5506.如意.毕业工作成为老板的专属奴,https://t33.cdn2020.com/video/m3u8/2024/10/12/9e6df41e/index.m3u8
豆传媒.IDG5505.如意.都市打工深下班兼职上门服务,https://t33.cdn2020.com/video/m3u8/2024/10/17/65c9cfad/index.m3u8
豆传媒.IDG5504.莉娜.送外卖遇到的心动神居然在卖,https://t33.cdn2020.com/video/m3u8/2024/10/12/d061708a/index.m3u8
豆传媒.IDG5503.莉娜.为了弟弟的生活费被劫匪,https://t33.cdn2020.com/video/m3u8/2024/10/16/fdddadcd/index.m3u8
豆传媒.IDG5502.小婧.下催朋友的感小娇,https://t33.cdn2020.com/video/m3u8/2024/10/16/14cdbb7e/index.m3u8
豆传媒.IDG5501.小叶.和好兄弟一起3P美貌保姆,https://t33.cdn2020.com/video/m3u8/2024/10/17/a215ee1d/index.m3u8
豆传媒.IDG5500.瑶瑶.一发魂下感台球陪练,https://t33.cdn2020.com/video/m3u8/2024/10/12/9a9a2537/index.m3u8
豆传媒.IDG5499.瑶瑶.尾随多金少下财双收,https://t33.cdn2020.com/video/m3u8/2024/10/16/991ce152/index.m3u8
豆传媒.IDG5498.小婧.用激发冷淡的友,https://t33.cdn2020.com/video/m3u8/2024/09/30/9c421bb3/index.m3u8
豆传媒.IDG5497.小曼.琐惩罚漂亮室友,https://t33.cdn2020.com/video/m3u8/2024/10/01/e7983f34/index.m3u8
豆传媒.IDG5496.小曼.下子和兄弟一起3P才刺激,https://t33.cdn2020.com/video/m3u8/2024/09/30/f2da8541/index.m3u8
豆传媒.IDG5495.小柒.反差婊少前神后,https://t33.cdn2020.com/video/m3u8/2024/10/01/141fc77b/index.m3u8
豆传媒.IDG5494.小柒.萝莉弟的极品小,https://t33.cdn2020.com/video/m3u8/2024/09/30/563642f5/index.m3u8
豆传媒.IDG5493.文文.网车司机不良学生,https://t33.cdn2020.com/video/m3u8/2024/09/22/145816d5/index.m3u8
豆传媒.IDG5492.文文.反差秘书下班兼职做上门服务,https://t33.cdn2020.com/video/m3u8/2024/09/25/bbf4b0d2/index.m3u8
豆传媒.IDG5491.莹.小偷室强风,https://t33.cdn2020.com/video/m3u8/2024/09/22/db76fd4b/index.m3u8
豆传媒.IDG5490.莹.失恋醉酒卖,https://t33.cdn2020.com/video/m3u8/2024/09/25/47a27bd1/index.m3u8
豆传媒.IDG5489.惜月.引弟弟抠到潮喷,https://t33.cdn2020.com/video/m3u8/2024/09/25/d24c19c2/index.m3u8
豆传媒.IDG5488.惜月.下惩罚偷轨的,https://t33.cdn2020.com/video/m3u8/2024/09/22/cce7746d/index.m3u8
豆传媒.IDG5487.向珍.少自慰难消寂寞下修理工,https://t33.cdn2020.com/video/m3u8/2024/09/13/6373fa0f/index.m3u8
豆传媒.IDG5486.林梦.户外私拍模特上门服务,https://t33.cdn2020.com/video/m3u8/2024/09/04/ed0ecc25/index.m3u8
豆传媒.IDG5485.林梦.饥渴岳上平台卖求,https://t33.cdn2020.com/video/m3u8/2024/09/04/432063ed/index.m3u8
豆传媒.IDG5484.向珍.不良老板下给员工换取签单,https://t33.cdn2020.com/video/m3u8/2024/09/04/fb18fa81/index.m3u8
豆传媒.IDG5483.如烟.同城到老爸的风小,https://t33.cdn2020.com/video/m3u8/2024/09/04/aa89f5a3/index.m3u8
豆传媒.IDG5482.如烟.小区保安愤少业主,https://t33.cdn2020.com/video/m3u8/2024/09/04/f7ee8667/index.m3u8
豆传媒.IDG5481.琴.保镖到火难耐的总裁,https://t33.cdn2020.com/video/m3u8/2024/08/27/37707caf/index.m3u8
豆传媒.IDG5480.琴.科医生下班后患者,https://t33.cdn2020.com/video/m3u8/2024/08/27/12f6ea63/index.m3u8
豆传媒.IDG5479.佳玲.老公不在公公替我浇灭火,https://t33.cdn2020.com/video/m3u8/2024/08/27/81a73e36/index.m3u8
豆传媒.IDG5478.佳玲.下垂涎之久的风韵嫂,https://t33.cdn2020.com/video/m3u8/2024/08/27/8033d290/index.m3u8
豆传媒.IDG5477.梦柔.表心动神被拒一颗搞定,https://t33.cdn2020.com/video/m3u8/2024/08/22/db5ecce6/index.m3u8
豆传媒.IDG5476.梦柔.强犯用催凌辱他,https://t33.cdn2020.com/video/m3u8/2024/08/22/76ad8e3e/index.m3u8
豆传媒.IDG5475.半云.剧反转环卫工婊子,https://t33.cdn2020.com/video/m3u8/2024/08/22/26bae40d/index.m3u8
豆传媒.IDG5474.半云.感业主被保安轻松拿捏,https://t33.cdn2020.com/video/m3u8/2024/08/22/eddbdb3a/index.m3u8
豆传媒.IDG5473.妍姝.沦为好的奴隶,https://t33.cdn2020.com/video/m3u8/2024/08/16/558bba4d/index.m3u8
豆传媒.IDG5472.妍姝.绿奴下友让兄弟一起玩3P,https://t33.cdn2020.com/video/m3u8/2024/08/16/5d06ba87/index.m3u8
豆传媒.IDG5471.果果.网红主播线上装清纯线下变,https://t33.cdn2020.com/video/m3u8/2024/08/10/82f4a04a/index.m3u8
豆传媒.IDG5470.果果.合租室友瑜伽竟然下接客,https://t33.cdn2020.com/video/m3u8/2024/08/10/6354969b/index.m3u8
豆传媒.IDG5469.梦柔.留宿同学家他的寂寞小,https://t33.cdn2020.com/video/m3u8/2024/08/10/2b099269/index.m3u8
豆传媒.IDG5468.梦柔.美术模特学生,https://t33.cdn2020.com/video/m3u8/2024/08/10/16c4ea10/index.m3u8
豆传媒.IDG5467.莉莉.极品背着老公同城,https://t33.cdn2020.com/video/m3u8/2024/07/26/fde37713/index.m3u8
豆传媒.IDG5466.莉莉.用拯救隔壁的望,https://t33.cdn2020.com/video/m3u8/2024/07/26/576ed9af/index.m3u8
豆传媒.IDG5465.茜茜.反差教师下被同学各种姿势,https://t33.cdn2020.com/video/m3u8/2024/07/25/3081a4ad/index.m3u8
豆传媒.IDG5464.茜茜.同城上门小竟是青梅竹马的梦,https://t33.cdn2020.com/video/m3u8/2024/07/25/0fae2f73/index.m3u8
豆传媒.IDG5463.嘉嘉.代驾小势利眼车主,https://t33.cdn2020.com/video/m3u8/2024/07/25/86458866/index.m3u8
豆传媒.IDG5462.嘉嘉.同城到我的高冷家教,https://t33.cdn2020.com/video/m3u8/2024/07/25/33f8b352/index.m3u8
豆传媒.IDG5461.依兰.丈离世后公公用霸占了我,https://t33.cdn2020.com/video/m3u8/2024/07/16/6521291a/index.m3u8
豆传媒.IDG5460.依兰.体惩罚业绩不达标的美业务员,https://t33.cdn2020.com/video/m3u8/2024/07/16/e3b1d0ce/index.m3u8
豆传媒.IDG5459.梦柔.下卖友用她体还债,https://t33.cdn2020.com/video/m3u8/2024/07/16/039e6557/index.m3u8
豆传媒.IDG5458.梦柔.催眠师极品少,https://t33.cdn2020.com/video/m3u8/2024/07/16/436929c3/index.m3u8
豆传媒.IDG5456.菲媛.被无良好友激发潜藏的恋癖,https://t33.cdn2020.com/video/m3u8/2024/07/16/020dc52f/index.m3u8
豆传媒.IDG5455.莉莉.伪装误食化身贱,https://t33.cdn2020.com/video/m3u8/2024/07/11/a0b88049/index.m3u8
豆传媒.IDG5454.莉莉.的香汗起我的强烈,https://t33.cdn2020.com/video/m3u8/2024/07/11/9efbbeea/index.m3u8
豆传媒.IDG5453.棠.落榜书生红楼破处改霉运,https://t33.cdn2020.com/video/m3u8/2024/07/11/a91418f6/index.m3u8
豆传媒.IDG5452.棠.貌美娘子卖身青楼救相公,https://t33.cdn2020.com/video/m3u8/2024/07/11/9e15fbc5/index.m3u8
豆传媒.IDG5451.朵儿.同城感保洁员,https://t33.cdn2020.com/video/m3u8/2024/06/29/1b8c16dd/index.m3u8
豆传媒.IDG5450.芳芳.外卖员草惩罚差评,https://t33.cdn2020.com/video/m3u8/2024/06/29/700dcc0a/index.m3u8
豆传媒.IDG5449.小莲.西门官小金莲,https://t33.cdn2020.com/video/m3u8/2024/06/29/917fbcb8/index.m3u8
豆传媒.IDG5448.小莲.催之极乐双修,https://t33.cdn2020.com/video/m3u8/2024/06/29/0004be21/index.m3u8
豆传媒.IDG5447.芊梦.异地差网到分手多年的友,https://t33.cdn2020.com/video/m3u8/2024/06/07/ccfb4e23/index.m3u8
豆传媒.IDG5446.芊梦.趁备战高考偷她的初恋友,https://t33.cdn2020.com/video/m3u8/2024/06/07/cdc6c633/index.m3u8
豆传媒.IDG5445.沈佳吟.清纯学生到她高潮不断,https://t33.cdn2020.com/video/m3u8/2024/06/07/6e2fa8bd/index.m3u8
豆传媒.IDG5444.沈佳吟.不良少与班主任不激,https://t33.cdn2020.com/video/m3u8/2024/06/07/a30703b2/index.m3u8
豆传媒.IDG5443.若雨.怒下属的娇媚友,https://t33.cdn2020.com/video/m3u8/2024/05/31/9d65e9db/index.m3u8
豆传媒.IDG5442.念念.我和小的往秘密,https://t33.cdn2020.com/video/m3u8/2024/05/31/aa1e59d5/index.m3u8
豆传媒.IDG5441.念念.绿帽友为了钱让我做了外围,https://t33.cdn2020.com/video/m3u8/2024/05/31/4dc4fbd6/index.m3u8
豆传媒.IDG5440.梦柔.美用感体抵房租,https://t33.cdn2020.com/video/m3u8/2024/05/31/ddc524be/index.m3u8
豆传媒.IDG5439.梦柔.友报复我轨同城,https://t33.cdn2020.com/video/m3u8/2024/05/31/8bc353e6/index.m3u8
豆传媒.IDG5438.小优.合租房竟是上门小,https://t33.cdn2020.com/video/m3u8/2024/05/23/0bb0d4bb/index.m3u8
豆传媒.IDG5437.小优.同城竟然是自己的,https://t33.cdn2020.com/video/m3u8/2024/05/23/91653c06/index.m3u8
豆传媒.IDG5436.雨婷.职场小嫖老板的感秘书,https://t33.cdn2020.com/video/m3u8/2024/05/21/ce9b796d/index.m3u8
豆传媒.IDG5435.雨婷.我的是主播,https://t33.cdn2020.com/video/m3u8/2024/05/23/dd1667f0/index.m3u8
豆传媒.IDG5434.莎梦.极品外围让阳痿重振雄风,https://t33.cdn2020.com/video/m3u8/2024/05/12/c11cc9f4/index.m3u8
豆传媒.IDG5433.莎梦.赢钱带上兄弟同城娇喘,https://t33.cdn2020.com/video/m3u8/2024/05/23/3e819018/index.m3u8
豆传媒.IDG5432.雨婷.隔壁老王偷窃下,https://t33.cdn2020.com/video/m3u8/2024/05/12/b380483e/index.m3u8
豆传媒.IDG5431.雨婷.鬼老板下下属老婆,https://t33.cdn2020.com/video/m3u8/2024/05/12/c5e0e9a5/index.m3u8
豆传媒.IDG5430.朵儿.我的反差初恋友,https://t33.cdn2020.com/video/m3u8/2024/05/10/79454a22/index.m3u8
豆传媒.IDG5429.夏云.禽下弟,https://t33.cdn2020.com/video/m3u8/2024/05/12/e1e14961/index.m3u8
豆传媒.IDG5428.夏云.满足的福生活,https://t33.cdn2020.com/video/m3u8/2024/05/10/686f39ce/index.m3u8
豆传媒.IDG5427.若雨.真留不住的嫂子被我用物拿下,https://t33.cdn2020.com/video/m3u8/2024/05/10/3ecd98c4/index.m3u8
豆传媒.IDG5426.若雨.无法抵挡儿媳的绝美酥,https://t33.cdn2020.com/video/m3u8/2024/05/10/33b16312/index.m3u8
豆传媒.IDG5425.彤彤.高冷小子化身贱,https://t33.cdn2020.com/video/m3u8/2024/05/01/554b017d/index.m3u8
豆传媒.IDG5424.彤彤.用唤醒感内心的,https://t33.cdn2020.com/video/m3u8/2024/05/09/6b123d36/index.m3u8
豆传媒.IDG5423.朵儿.同城我的反差婊相亲对象,https://t33.cdn2020.com/video/m3u8/2024/05/01/22034e42/index.m3u8
豆传媒.IDG5422.王红娟.秘书的职场之路,https://t33.cdn2020.com/video/m3u8/2024/04/27/14d9e895/index.m3u8
豆传媒.IDG5421.王红娟.同城之兄弟的巨,https://t33.cdn2020.com/video/m3u8/2024/04/27/15f0371f/index.m3u8
豆传媒.IDG5420.松子.家的和她无能的丈,https://t33.cdn2020.com/video/m3u8/2024/04/19/d8cb2f49/index.m3u8
豆传媒.IDG5419.松子.意很久的跑腿小竟是我的对象,https://t33.cdn2020.com/video/m3u8/2024/04/12/4a611b8f/index.m3u8
豆传媒.IDG5418.张婷.学生异地寻欢.竟被清纯学破处,https://t33.cdn2020.com/video/m3u8/2024/04/12/de26968d/index.m3u8
豆传媒.IDG5417.张婷.我叫杨伟我不阳痿,https://t33.cdn2020.com/video/m3u8/2024/04/19/98c92220/index.m3u8
豆传媒.IDG5416.朦朦.社畜青年的极品OL友,https://t33.cdn2020.com/video/m3u8/2024/04/02/f968e6f9/index.m3u8
豆传媒.IDG5415.朦朦.重生之我的放荡生活,https://t33.cdn2020.com/video/m3u8/2024/04/02/6b4dd0ac/index.m3u8
豆传媒.IDG5414.小美.已婚少的下日记,https://t33.cdn2020.com/video/m3u8/2024/03/27/e774d793/index.m3u8
豆传媒.IDG5413.小美.隔壁被家暴的竟沦为我的,https://t33.cdn2020.com/video/m3u8/2024/03/27/6a243f26/index.m3u8
豆传媒.IDG5412.晓曼.同城会之一日体验友,https://t33.cdn2020.com/video/m3u8/2024/03/17/fbb94f4c/index.m3u8
豆传媒.IDG5411.晓曼.同城会之租个友回家拜年,https://t33.cdn2020.com/video/m3u8/2024/03/17/e3030710/index.m3u8
豆传媒.IDG5410.嘉仪.同城会绿帽老公看着我被客,https://t26.cdn2020.com/video/m3u8/2024/03/08/f08dc7f9/index.m3u8
豆传媒.IDG5408.小雨.同城会邻家小与我的小秘密,https://t26.cdn2020.com/video/m3u8/2024/03/08/af4e7889/index.m3u8
豆传媒.IDG5401.璐璐.体验红裙惑,https://t26.cdn2020.com/video/m3u8/2024/02/02/6d260f0f/index.m3u8
豆传媒.ID5400.慧敏.迟来的导演潜规则,https://t33.cdn2020.com/video/m3u8/2024/07/04/40e0b505/index.m3u8
豆传媒.ID5399.柔柔.我的榨汁姬老婆,https://t33.cdn2020.com/video/m3u8/2024/06/18/d14fdbc6/index.m3u8
豆传媒.ID5398.慧敏.洗车场,https://t33.cdn2020.com/video/m3u8/2024/06/07/1890c230/index.m3u8
豆传媒.IDG5396.丽萨.技师上门体验,https://t26.cdn2020.com/video/m3u8/2024/01/10/3983fb43/index.m3u8
豆传媒.IDG5391.婷婷.风美调教娘帅,https://t26.cdn2020.com/video/m3u8/2023/12/08/bce452d0/index.m3u8
豆传媒.IDG5390.露露.被同城小治愈的早,https://t26.cdn2020.com/video/m3u8/2023/11/30/dc0ada8f/index.m3u8
豆传媒.IDG5388.芳芳.外卖小刁蛮顾客,https://t26.cdn2020.com/video/m3u8/2023/11/25/8e758bae/index.m3u8
豆传媒.ID5385.米兰.高潮保险员,https://t33.cdn2020.com/video/m3u8/2024/05/21/db30a074/index.m3u8
豆传媒.ID5384.惠敏.如愿以偿的多换运动,https://t33.cdn2020.com/video/m3u8/2024/05/09/b7968de8/index.m3u8
豆传媒.ID5383.芷萱.偷心盗的完美任务,https://t33.cdn2020.com/video/m3u8/2024/04/23/6e405592/index.m3u8
豆传媒.ID5380.米兰.高冷文坛美竟然是个反差婊,https://t33.cdn2020.com/video/m3u8/2024/04/12/a2c9fd81/index.m3u8
豆传媒.ID5378.米兰.那天不小心上了同学的友,https://t26.cdn2020.com/video/m3u8/2024/01/04/161b5efd/index.m3u8
豆传媒.ID5377.米兰.身体力行的推销员,https://t26.cdn2020.com/video/m3u8/2024/01/04/f85976e6/index.m3u8
豆传媒.ID5376.米兰.恩好无赖竟然索要身体补偿,https://t26.cdn2020.com/video/m3u8/2023/12/16/fd546e72/index.m3u8
豆传媒.ID5375.晨沁.偷.绿奴丈居然看了,https://t26.cdn2020.com/video/m3u8/2024/01/18/0f383047/index.m3u8
豆传媒.ID5374.小乔.同学聚会再已为的学,https://t26.cdn2020.com/video/m3u8/2023/12/24/6980a38d/index.m3u8
豆传媒.ID5373.芷萱.美好友酣畅淋漓的精神抚慰,https://t26.cdn2020.com/video/m3u8/2023/12/08/e5ec8bcf/index.m3u8
豆传媒.ID5368.慧敏.保镖干上助理,https://t26.cdn2020.com/video/m3u8/2023/11/18/674e40c1/index.m3u8
豆传媒.ID5364.苗方.糜乱家庭调皮计上亲,https://t26.cdn2020.com/video/m3u8/2023/10/15/2429390c/index.m3u8
豆传媒.ID5359.晨沁.与外卖小一起3P调教,https://t26.cdn2020.com/video/m3u8/2023/09/29/f2d7cd51/index.m3u8
豆传媒.ID5358.湘湘.土味话引客厅偷,https://t26.cdn2020.com/video/m3u8/2023/09/23/390910da/index.m3u8
豆传媒.ID5357.乔安.乔安的献身36计,https://t26.cdn2020.com/video/m3u8/2023/09/21/529fd8a3/index.m3u8
豆传媒.ID5355.小洁.购房风波.临时假戏真做,https://t26.cdn2020.com/video/m3u8/2023/07/30/ad67cfc7/index.m3u8
豆传媒.ID5354.湘湘.感病火难耐引主治医师,https://t26.cdn2020.com/video/m3u8/2023/09/15/9d8179f7/index.m3u8
豆传媒.ID5350.惠敏.风尘与处弟弟的不之恋,https://t26.cdn2020.com/video/m3u8/2023/08/17/6ef3c3aa/index.m3u8
豆传媒.ID5349.惠敏.宅主播挑战赛(下),https://t26.cdn2020.com/video/m3u8/2023/09/03/7a627456/index.m3u8
豆传媒.ID5348.惠敏.宅主播挑战赛(上),https://t26.cdn2020.com/video/m3u8/2023/08/31/86af8648/index.m3u8
豆传媒.ID5346.芷萱.鸳梦重温(上),https://t26.cdn2020.com/video/m3u8/2023/08/17/3c793686/index.m3u8
豆传媒.ID5343.灵枝.装佬混住单身舍,https://t26.cdn2020.com/video/m3u8/2023/07/28/8aaf6912/index.m3u8
豆传媒.ID5339.阿柒.假冒日本引宅,https://t26.cdn2020.com/video/m3u8/2023/08/07/716981be/index.m3u8
豆传媒.ID5336.芳.致命轨之血设计师,https://t26.cdn2020.com/video/m3u8/2023/08/02/37437eba/index.m3u8
豆传媒.ID5331.惠敏.优拍摄时候阳痿导演亲自搏,https://t26.cdn2020.com/video/m3u8/2023/07/23/1cef8941/index.m3u8
豆传媒.ID5328.紫寒.惩罚兄弟的轨,https://t26.cdn2020.com/video/m3u8/2023/07/20/db39059f/index.m3u8
豆传媒.ID5327.雯茜.被第三者拯救的婚姻,https://t26.cdn2020.com/video/m3u8/2023/07/16/cd5a4f84/index.m3u8
豆传媒.ID5325.莉娜.子的好闺蜜借腹生子,https://t26.cdn2020.com/video/m3u8/2023/07/16/8ef7fd13/index.m3u8
豆传媒.ID5320.惠敏.厌食症孩的营养,https://t26.cdn2020.com/video/m3u8/2023/06/22/f852f269/index.m3u8
豆传媒.ID5318.凯丽.为了儿子上名校感少献身招生主任,https://t26.cdn2020.com/video/m3u8/2023/07/03/ca8f6699/index.m3u8
豆传媒.ID5316.觅嫣.父亲乱儿提高学习效率,https://t26.cdn2020.com/video/m3u8/2023/07/06/626936b8/index.m3u8
豆传媒.ID5315.觅嫣.单身成功恋的秘密,https://t26.cdn2020.com/video/m3u8/2023/06/29/ffde66e7/index.m3u8
豆传媒.ID5313.觅嫣.业主买房潜规则感销售,https://t26.cdn2020.com/video/m3u8/2023/06/19/a73863e4/index.m3u8
豆传媒.ID5312.婧儿.路边捡尸醉汉痴上位猛,https://t26.cdn2020.com/video/m3u8/2023/06/22/1532292c/index.m3u8
豆传媒.ID5308.瑶瑶.怪癖老板攻略已婚,https://t26.cdn2020.com/video/m3u8/2023/06/19/5b9740ba/index.m3u8
豆传媒.ID5307.灵枝.村主任上借种下田,https://t26.cdn2020.com/video/m3u8/2023/05/28/0af89115/index.m3u8
豆传媒.ID5306.紫寒.友被横刀夺,https://t26.cdn2020.com/video/m3u8/2023/05/20/83102df5/index.m3u8
豆传媒.ID5305.觅嫣.韵少引青涩足疗师,https://t26.cdn2020.com/video/m3u8/2023/06/08/8e6b8bed/index.m3u8
豆传媒.ID5304.小薇.资助学生变易,https://t26.cdn2020.com/video/m3u8/2023/06/16/885267c8/index.m3u8
豆传媒.ID5302.瑶瑶.腹他,https://t26.cdn2020.com/video/m3u8/2023/06/01/2a3da722/index.m3u8
豆传媒.ID5301.小洁.下催兄示火乱,https://t26.cdn2020.com/video/m3u8/2023/06/11/7fa8bdae/index.m3u8
豆传媒.ID5300.冬娜.将计就计嫖绿茶婊,https://t26.cdn2020.com/video/m3u8/2023/06/22/251f4bfb/index.m3u8
豆传媒.ID5298.静秋.高傲御内心渴望被蹂躏,https://t26.cdn2020.com/video/m3u8/2023/06/11/ac5e0013/index.m3u8
豆传媒.ID5294.惠敏.户外挑战乱party,https://t26.cdn2020.com/video/m3u8/2023/05/20/0a1864b6/index.m3u8
豆传媒.ID5293.小洁.幼师轨家长被捉在床,https://t33.cdn2020.com/video/m3u8/2023/05/07/47aa1d14/index.m3u8
豆传媒.ID5292.雯茜.友被强我却有了反应,https://t33.cdn2020.com/video/m3u8/2023/05/11/e4ea5b1a/index.m3u8
豆传媒.ID5291.雯茜.美上司的宠物,https://t26.cdn2020.com/video/m3u8/2023/05/20/f3a5dd42/index.m3u8
豆传媒.ID5290.小洁.背着老婆偷寄宿表,https://t26.cdn2020.com/video/m3u8/2023/05/20/408ab640/index.m3u8
豆传媒.ID5289.心萱.狂飙之徐江为子复仇强暴高启兰,https://t33.cdn2020.com/video/m3u8/2023/04/29/e60a2e6f/index.m3u8
豆传媒.ID5288.芳.闺蜜.百万网红惨遭陷害设崩塌,https://t33.cdn2020.com/video/m3u8/2023/04/29/eb569f53/index.m3u8
豆传媒.ID5287.婕珍.酷弄调教好老公,https://t33.cdn2020.com/video/m3u8/2023/05/14/caff5c17/index.m3u8
豆传媒.ID5286.琳怡.新婚醉酒新娘走错房,https://t33.cdn2020.com/video/m3u8/2023/04/29/8ea87807/index.m3u8
豆传媒.ID5285.琳怡.模特惨遭烂赌老公裸照还债,https://t33.cdn2020.com/video/m3u8/2023/05/14/2195bfb7/index.m3u8
豆传媒.ID5284.琳怡.相依为命的竟是小,https://t33.cdn2020.com/video/m3u8/2023/05/07/2139ceb3/index.m3u8
豆传媒.ID5283.喜鹊.禽父亲贱卖儿还债,https://t33.cdn2020.com/video/m3u8/2023/05/11/8527140e/index.m3u8
豆传媒.ID5282.小洁.学霸的补习课,https://t33.cdn2020.com/video/m3u8/2023/04/29/64d7bcef/index.m3u8
豆传媒.ID5281.小洁.学生富有,https://t33.cdn2020.com/video/m3u8/2023/04/24/0040f4c3/index.m3u8
豆传媒.ID5280.瑶瑶.替父上门讨债反被老赖耍流氓,https://t33.cdn2020.com/video/m3u8/2023/05/07/489b15ef/index.m3u8
豆传媒.ID5279.梦洁.感空被迫下援,https://t33.cdn2020.com/video/m3u8/2023/04/21/3ecef40b/index.m3u8
豆传媒.ID5278.夏绯.家教对学生家长的辅导,https://t33.cdn2020.com/video/m3u8/2023/05/07/32a86b56/index.m3u8
豆传媒.ID5277.董悦悦.旺盛的小子引内,https://t33.cdn2020.com/video/m3u8/2023/04/21/cee0d481/index.m3u8
豆传媒.ID5276.琳怡.载客顺风车.老婆失身被卖财两空,https://t33.cdn2020.com/video/m3u8/2023/04/21/2d4fe525/index.m3u8
豆传媒.ID5275.瑶瑶.感嫂复仇不成反被,https://t33.cdn2020.com/video/m3u8/2023/04/18/0022b450/index.m3u8
豆传媒.ID5274.瑶瑶.对叛逆弟弟体惩罚,https://t33.cdn2020.com/video/m3u8/2023/04/24/b60d4bdd/index.m3u8
豆传媒.ID5273.雯茜.扶弟魔身还债,https://t33.cdn2020.com/video/m3u8/2023/04/14/f58eb228/index.m3u8
豆传媒.ID5272.瑶瑶.上班嫖援郎是同事,https://t33.cdn2020.com/video/m3u8/2023/04/14/48e49328/index.m3u8
豆传媒.ID5271.婕珍.变态主伪装瘫痪强居家保姆,https://t33.cdn2020.com/video/m3u8/2023/04/14/fb06e93e/index.m3u8
豆传媒.ID5270.诗琪.乱主播一侍二,https://t33.cdn2020.com/video/m3u8/2023/04/18/6b1c0800/index.m3u8
豆传媒.ID5269.芯萱.美艳主持温泉会馆体验,https://t33.cdn2020.com/video/m3u8/2023/05/11/b6027aab/index.m3u8
豆传媒.ID5268.婕珍.隔壁老王厨房强上腴,https://t33.cdn2020.com/video/m3u8/2023/04/06/12733b8e/index.m3u8
豆传媒.ID5267.梦洁.禽们趁熟强上3P,https://t33.cdn2020.com/video/m3u8/2023/04/11/60ac9521/index.m3u8
豆传媒.ID5266.香茹.感模特遭遇魔摄影师,https://t33.cdn2020.com/video/m3u8/2023/04/06/b380a84e/index.m3u8
豆传媒.ID5265.琳怡.塑料引闺蜜友,https://t33.cdn2020.com/video/m3u8/2023/04/14/02122b72/index.m3u8
豆传媒.ID5264.琳怡.我的友竟是我的嫂子,https://t33.cdn2020.com/video/m3u8/2023/04/06/e95a4b7c/index.m3u8
豆传媒.ID5263.凌萱.替狱照顾感嫂子,https://t33.cdn2020.com/video/m3u8/2023/04/11/523a1609/index.m3u8
豆传媒.ID5262.张琪琪.请我吧,https://t33.cdn2020.com/video/m3u8/2023/04/04/97c5e95a/index.m3u8
豆传媒.ID5261.芸溪.狂飙II先亲程程后摸腿莽村李宏伟,https://t33.cdn2020.com/video/m3u8/2023/04/04/a63b88d9/index.m3u8
豆传媒.ID5260.张琪琪.我和兄弟把给轮了,https://t33.cdn2020.com/video/m3u8/2023/03/31/0b7ec432/index.m3u8
豆传媒.ID5259.婉婷.师生乱寂寞教师自己的学生,https://t33.cdn2020.com/video/m3u8/2023/04/04/1f108802/index.m3u8
豆传媒.ID5258.舒岚.全裸家政浪荡护理,https://t33.cdn2020.com/video/m3u8/2023/03/31/01086a62/index.m3u8
豆传媒.ID5257.诗琪.心机的计划,https://t33.cdn2020.com/video/m3u8/2023/04/06/fe19b1fe/index.m3u8
豆传媒.ID5256.芯萱.越狱逃犯沦为奴隶,https://t33.cdn2020.com/video/m3u8/2023/04/11/057726f2/index.m3u8
豆传媒.ID5255.雯茜.美客服上门售后惨遭调教,https://t33.cdn2020.com/video/m3u8/2023/04/04/2e7c1b2d/index.m3u8
豆传媒.ID5254.雯茜.包月无限次数极限,https://t33.cdn2020.com/video/m3u8/2023/03/25/b09b2c58/index.m3u8
豆传媒.ID5253.凌萱.社恐宅的援伴侣,https://t33.cdn2020.com/video/m3u8/2023/03/25/966e2709/index.m3u8
豆传媒.ID5252.凌萱.帮朋友引的少竟是自己老婆,https://t33.cdn2020.com/video/m3u8/2023/03/25/9fd751ea/index.m3u8
豆传媒.ID5251.夏绯.瑜伽的课程,https://t33.cdn2020.com/video/m3u8/2023/04/11/8d2b08c1/index.m3u8
豆传媒.ID5250.琪琪.烂赌老公贱卖,https://t33.cdn2020.com/video/m3u8/2023/03/31/f2c82163/index.m3u8
豆传媒.ID5249.凌萱.富二代强上巨按摩师,https://t33.cdn2020.com/video/m3u8/2023/03/22/77680922/index.m3u8
豆传媒.ID5248.婉婷.租客兼职外围偿房租,https://t33.cdn2020.com/video/m3u8/2023/03/22/e42e8bc7/index.m3u8
豆传媒.ID5247.婉婷.舔的逆袭学主动投怀送抱,https://t33.cdn2020.com/video/m3u8/2023/03/19/4696e6d8/index.m3u8
豆传媒.ID5246.姚茜.血衣天使之复仇,https://8bb881.cdnedge.live/file/avple-asserts/hls/6426cf69f25a0871d9657dad/playlist.m3u8
豆传媒.ID5245.芯萱.一日特派员之气优初体验,https://t33.cdn2020.com/video/m3u8/2023/03/22/2d5053e6/index.m3u8
豆传媒.ID5244.莉娜.风上司醉酒同事,https://t33.cdn2020.com/video/m3u8/2023/03/25/0181fea6/index.m3u8
豆传媒.ID5243.刘小珊.合租学的福生理课,https://t33.cdn2020.com/video/m3u8/2023/03/16/47064852/index.m3u8
豆传媒.ID5242.刘小姗.精虫上脑的感闺蜜,https://t33.cdn2020.com/video/m3u8/2023/03/14/c70717d2/index.m3u8
豆传媒.ID5241.茜茜.新婚前偷前友,https://t33.cdn2020.com/video/m3u8/2023/03/14/a40ac052/index.m3u8
豆传媒.ID5240.雯茜.感护士取精,https://t33.cdn2020.com/video/m3u8/2023/03/19/ad262fbe/index.m3u8
豆传媒.ID5239.雯茜.绿奴的极品,https://t33.cdn2020.com/video/m3u8/2023/03/12/7bd76f6f/index.m3u8
豆传媒.ID5238.凌萱.突袭蜜桃臀感小子,https://t33.cdn2020.com/video/m3u8/2023/03/12/389c8d8f/index.m3u8
豆传媒.ID5237.芳.作家的放荡绮想,https://t33.cdn2020.com/video/m3u8/2023/03/16/3c04e813/index.m3u8
豆传媒.ID5236.张琪琪.禽继父双飞,https://t33.cdn2020.com/video/m3u8/2023/03/09/eacfddac/index.m3u8
豆传媒.ID5235.季妍希.风小富婆驾驭宠争风吃醋,https://t33.cdn2020.com/video/m3u8/2023/03/12/0a3c4a6b/index.m3u8
豆传媒.ID5234.莉娜.风子趁老公醉酒乱居酒屋,https://t33.cdn2020.com/video/m3u8/2023/03/19/2f597e06/index.m3u8
豆传媒.ID5233.莉娜.爬上同事床绿奴老公喜得娃,https://t33.cdn2020.com/video/m3u8/2023/03/22/66f6e4a6/index.m3u8
豆传媒.ID5232.刘小姗.公公儿媳,https://t33.cdn2020.com/video/m3u8/2023/03/04/149b36c4/index.m3u8
豆传媒.ID5231.刘小珊.干上司捅兄弟都是放荡惹的祸,https://t33.cdn2020.com/video/m3u8/2023/03/09/fbe2c085/index.m3u8
豆传媒.ID5230.芳.激游戏硬上娘闺蜜,https://t33.cdn2020.com/video/m3u8/2023/03/04/da41783d/index.m3u8
豆传媒.ID5229.刘小姗.顶级时间管理.老婆闺蜜极限偷,https://t33.cdn2020.com/video/m3u8/2023/03/04/3a564435/index.m3u8
豆传媒.ID5228.张琪琪.实习仆为了通过考核用身体满足顾客,https://t33.cdn2020.com/video/m3u8/2023/03/04/0df7e946/index.m3u8
豆传媒.ID5227.夏露.田径教练侵运动员,https://t33.cdn2020.com/video/m3u8/2023/02/26/e16539c8/index.m3u8
豆传媒.ID5226.舒婷.狂飙之高启强与陈书婷的风花雪月,https://t33.cdn2020.com/video/m3u8/2023/02/26/5350068c/index.m3u8
豆传媒.ID5225.樱樱.自慰婚戒掉道粗挚友来相助,https://t33.cdn2020.com/video/m3u8/2023/02/26/04c0ae50/index.m3u8
豆传媒.ID5224.刘小姗.怀孕渣惨遭备胎友们轮报复,https://t33.cdn2020.com/video/m3u8/2023/02/26/7c9a11d5/index.m3u8
豆传媒.ID5223.芳.温泉馆风欠,https://t33.cdn2020.com/video/m3u8/2023/02/19/3262abe3/index.m3u8
豆传媒.ID5222.莉娜.初恋的最清澈,https://t33.cdn2020.com/video/m3u8/2023/02/19/380e6253/index.m3u8
豆传媒.ID5221.妍希.变态BOSS.捆绑调教新员工,https://t33.cdn2020.com/video/m3u8/2023/02/19/92af400c/index.m3u8
豆传媒.ID5220.妍希.侄偷拿舅舅私房钱被教育,https://t33.cdn2020.com/video/m3u8/2023/02/19/c366b5d2/index.m3u8
豆传媒.ID5219.心萱.被包养的学生.引老板司机,https://t33.cdn2020.com/video/m3u8/2023/02/13/98375cd9/index.m3u8
豆传媒.ID5218.舒云.裸聊接单.风引亲,https://t33.cdn2020.com/video/m3u8/2023/02/13/851c372d/index.m3u8
豆传媒.ID5217.心萱.公司酒会.秘书和老板私密偷,https://t33.cdn2020.com/video/m3u8/2023/02/13/5e6eefb4/index.m3u8
豆传媒.ID5216.夏露.开车老司机.潜规则美汔车销售员,https://t33.cdn2020.com/video/m3u8/2023/02/13/a29d5a5a/index.m3u8
豆传媒.ID5215.畇希.主治医生隐患者,https://t33.cdn2020.com/video/m3u8/2023/02/05/05bf6d9e/index.m3u8
豆传媒.ID5214.芯怡.兄弟争房手足相残.倒霉弟媳遭强,https://t33.cdn2020.com/video/m3u8/2023/02/13/c1c86c9d/index.m3u8
豆传媒.ID5213.季研希.放荡激潮喷.引酒保满足,https://t33.cdn2020.com/video/m3u8/2023/02/05/2a9fb633/index.m3u8
豆传媒.ID5212.畇希.衣天使化身奴隶,https://t33.cdn2020.com/video/m3u8/2023/02/05/9ddc2866/index.m3u8
豆传媒.ID5211.姚茜.咖啡馆搭讪服务员.调制浓蜜液,https://t33.cdn2020.com/video/m3u8/2023/02/05/e94cc84a/index.m3u8
豆传媒.ID5210.芯怡.醉酒强上小子,https://t33.cdn2020.com/video/m3u8/2023/02/05/98cc4c7c/index.m3u8
豆传媒.ID5209.夏露.美艳护士凌辱学长反被,https://t33.cdn2020.com/video/m3u8/2023/01/24/09e47c7a/index.m3u8
豆传媒.ID5208.姚茜.温泉老板娘.火热引健身教练,https://t33.cdn2020.com/video/m3u8/2023/01/24/526f1fc9/index.m3u8
豆传媒.ID5207.夏露.办公室偷.强上老板的小,https://t33.cdn2020.com/video/m3u8/2023/01/24/85b1be01/index.m3u8
豆传媒.ID5206 可比.乖儿给爸爸干一下,https://t33.cdn2020.com/video/m3u8/2023/01/24/3e1d7ff1/index.m3u8
豆传媒.ID5205.可比.霸凌,https://t33.cdn2020.com/video/m3u8/2023/01/24/e53444e9/index.m3u8
豆传媒.ID5204.心萱.研究生的调查,https://t33.cdn2020.com/video/m3u8/2023/01/24/f8c27e34/index.m3u8
豆传媒.ID5203.芯怡.饥渴父强上回家过年的儿,https://t33.cdn2020.com/video/m3u8/2023/01/24/dc422585/index.m3u8
豆传媒.ID5202.妍希.凌辱下属美,https://t33.cdn2020.com/video/m3u8/2023/01/24/fe483832/index.m3u8
豆传媒.ID5201.妍希.隔壁美成了我的言听计从奴隶,https://t33.cdn2020.com/video/m3u8/2023/01/24/a6752a0a/index.m3u8
91ZCM-014.李蓉蓉.曹穿越狠,https://t26.cdn2020.com/video/m3u8/2023/06/22/46222376/index.m3u8
91ZCM-015.李蓉蓉.硬上风白富美,https://t26.cdn2020.com/video/m3u8/2023/06/29/40bf48c5/index.m3u8
91BCM-001.李依依.少被邻居调教成,https://t33.cdn2020.com/video/m3u8/2022/11/10/62aca95c/index.m3u8
91BCM-002.白允儿.深夜我用安慰胸学,https://t33.cdn2020.com/video/m3u8/2022/11/14/423e8fe6/index.m3u8
91BCM-003.李依依.外旅游意外了一个美,https://t33.cdn2020.com/video/m3u8/2022/11/14/487dfb9b/index.m3u8
91BCM-004.莫夕慈.在老的面前她闺蜜,https://t33.cdn2020.com/video/m3u8/2022/11/15/d7f38b1a/index.m3u8
91BCM-005.优娜.英雄救美原来是我的相对象,https://t33.cdn2020.com/video/m3u8/2022/11/17/7d9a8cc4/index.m3u8
91BCM-006.白允儿.儿子的美颜幼儿园老师,https://t33.cdn2020.com/video/m3u8/2022/11/18/92ca94d8/index.m3u8
91BCM-007.优娜.拜金用偿还网贷,https://t33.cdn2020.com/video/m3u8/2022/11/25/08b6894b/index.m3u8
91BCM-008.白婷婷.和兄弟的假戏真做,https://t33.cdn2020.com/video/m3u8/2022/11/25/976bd772/index.m3u8
91BCM-009.白婷婷.丈夫的计谋,https://t33.cdn2020.com/video/m3u8/2022/11/25/8012b1e6/index.m3u8
91BCM-010.莫夕慈.毕业多年后再前,https://t33.cdn2020.com/video/m3u8/2022/11/26/55201a46/index.m3u8
91BCM-011.小柒.渣为借钱晕献给朋,https://t33.cdn2020.com/video/m3u8/2022/12/01/11b04275/index.m3u8
91BCM-012.希瑶.同学威胁我和她做,https://t33.cdn2020.com/video/m3u8/2022/12/01/c4052239/index.m3u8
91BCM-013.妍儿.半夜给老公戴帽,https://t33.cdn2020.com/video/m3u8/2022/12/08/70651c31/index.m3u8
91BCM-014.吴凯彤.房东和我激缠绵,https://t33.cdn2020.com/video/m3u8/2022/12/15/d425bec8/index.m3u8
91BCM-015.吴凯彤.职场少被的一天,https://t33.cdn2020.com/video/m3u8/2022/12/15/dc229d5e/index.m3u8
91BCM-016.妍儿.帽老公让自己老去,https://t33.cdn2020.com/video/m3u8/2022/12/08/170240c8/index.m3u8
91BCM-021.金宝娜.日系美少除灵,https://t33.cdn2020.com/video/m3u8/2022/12/21/9be01c10/index.m3u8
91BCM-022.金宝娜.高手称霸全国,https://t33.cdn2020.com/video/m3u8/2022/12/23/57534b1a/index.m3u8
91BCM-023.坏坏.警逆袭棒击,https://t33.cdn2020.com/video/m3u8/2023/01/06/f03dacd1/index.m3u8
91BCM-024.坏坏.五连,https://t33.cdn2020.com/video/m3u8/2023/01/07/c9a4a26b/index.m3u8
91BCM-025.莉娜.足选手足球星,https://t33.cdn2020.com/video/m3u8/2022/11/26/7b01216e/index.m3u8
91BCM-027.斑比.搜查,https://t33.cdn2020.com/video/m3u8/2023/01/10/55531cf8/index.m3u8
91BCM-028.斑比.网球教练的培训班,https://t33.cdn2020.com/video/m3u8/2023/01/11/6d10b63a/index.m3u8
91BCM-029.佳芯.快递小哥逆袭高管,https://t33.cdn2020.com/video/m3u8/2023/01/12/62b31d3e/index.m3u8
91BCM-032.斑比.侵犯房东太太的楼下房客,https://t33.cdn2020.com/video/m3u8/2023/02/23/ca9a1044/index.m3u8
91BCM-033.莉娜.趁闺蜜不注意诱她老公,https://t33.cdn2020.com/video/m3u8/2023/02/23/25bc293a/index.m3u8
91BCM-034.莉娜.让的房东成为我的,https://t33.cdn2020.com/video/m3u8/2023/02/26/58f63a4c/index.m3u8
91BCM-035.波尼.玩坏极品.制片尽,https://t33.cdn2020.com/video/m3u8/2023/03/09/e72e1210/index.m3u8
91BCM-036.波尼.沉溺的警花,https://t33.cdn2020.com/video/m3u8/2023/03/07/b9a15dc3/index.m3u8
91BCM-037.梁云菲.篮球教练的指导,https://t33.cdn2020.com/video/m3u8/2023/03/12/997c1563/index.m3u8
91BCM-038.梁芸菲.滴滴打之被榨干,https://t33.cdn2020.com/video/m3u8/2023/03/15/70540d1d/index.m3u8
91BCM-039.白小七.单遇上.学生直流,https://t33.cdn2020.com/video/m3u8/2023/03/24/99081984/index.m3u8
91BCM-040.白小七.家教街头搭讪一次成功,https://t33.cdn2020.com/video/m3u8/2023/03/25/e0d04420/index.m3u8
91BCM-041.白瞳瞳.空诱夫,https://t33.cdn2020.com/video/m3u8/2023/04/02/e23466da/index.m3u8
91BCM-042.白瞳瞳.多金美荡的堕落,https://t33.cdn2020.com/video/m3u8/2023/04/04/261c09ea/index.m3u8
91BCM-043.黎芷媗.职员解锁上司,https://t33.cdn2020.com/video/m3u8/2023/03/29/d0ab54bd/index.m3u8
91BCM-044.黎芷媗.天堂般的高潮.学生被牧师尽,https://t33.cdn2020.com/video/m3u8/2023/03/31/d85b3008/index.m3u8
91BCM-045.湘湘.兽理疗师上睡美,https://t33.cdn2020.com/video/m3u8/2023/04/06/7f003246/index.m3u8
91BCM-046.湘湘.随意完玩偶,https://t33.cdn2020.com/video/m3u8/2023/04/06/2c4bb4b4/index.m3u8
91BCM-047.李蓉蓉.小子误服老春,https://t33.cdn2020.com/video/m3u8/2023/04/07/456459c3/index.m3u8
91BCM-048.林嫣.为夫献绝少,https://t33.cdn2020.com/video/m3u8/2023/04/18/5626f919/index.m3u8
91BCM-049.林嫣.按摩院的激,https://t33.cdn2020.com/video/m3u8/2023/04/20/469dcb73/index.m3u8
91BCM-050.李蓉蓉.去世.孝顺儿子安慰,https://t33.cdn2020.com/video/m3u8/2023/04/21/93472702/index.m3u8
91BCM-051.李娜娜.清纯呆萌的机器,https://t33.cdn2020.com/video/m3u8/2023/04/28/a4253ec4/index.m3u8
91BCM-052.李娜娜.让兄弟报复妓老,https://t33.cdn2020.com/video/m3u8/2023/04/28/12dd4c34/index.m3u8
91BCM-055.孟若羽.诱家庭教师和我做,https://t33.cdn2020.com/video/m3u8/2023/05/07/2cbd3cfe/index.m3u8
91BCM-056.孟若羽.在调酒师胯下呻吟,https://t33.cdn2020.com/video/m3u8/2023/05/09/51ba1ef0/index.m3u8
91BCM-057.娃娃.酒店医生,https://t33.cdn2020.com/video/m3u8/2023/05/11/7508bdd3/index.m3u8
91BCM-054.娃娃.老的瑜伽老师,https://ja34l1.cdnedge.live/file/avple-asserts/hls/64572bd69915b71ab062ef3d/playlist.m3u8
91JCM-001.斑比.和儿子的初班主任,https://t33.cdn2020.com/video/m3u8/2022/10/29/9b140580/index.m3u8
91JCM-002.白允儿.半夜在兄弟家他,https://t33.cdn2020.com/video/m3u8/2022/10/22/a4bf6c7d/index.m3u8
91TCM-001.莉娜.打篮球受伤.啦啦队照顾我,https://t33.cdn2020.com/video/m3u8/2022/11/03/da3172a4/index.m3u8
91TCM-002.莉娜.沉赌博.一夜暴富房东儿讨好我,https://t33.cdn2020.com/video/m3u8/2022/11/09/be0dc82c/index.m3u8
91TCM-003.金宝娜.国足选秀失利.足球宝贝来安慰,https://t33.cdn2020.com/video/m3u8/2022/11/10/12a82139/index.m3u8
91TCM-004.金宝娜.扮装的运动辣被球员侵犯,https://t33.cdn2020.com/video/m3u8/2022/11/26/59b40055/index.m3u8
91TCM-005.斑比.可不可以放进去一下下就好.上,https://t33.cdn2020.com/video/m3u8/2022/11/23/4b978d61/index.m3u8
91TCM-006.斑比.可不可以放进去一下下就好.下,https://t33.cdn2020.com/video/m3u8/2022/12/14/dff2b664/index.m3u8
91TCM-007.佳芯.美艳老师罚校长儿子做,https://v7.slv525627.com/20251106/4MlxGij3/index.m3u8
91TCM-008.佳芯.寂寞痴.上闺蜜帅气的弟弟,https://t33.cdn2020.com/video/m3u8/2022/12/16/3f1853ac/index.m3u8
91TCM-009.唐芯.子的反击.抢我老公就找你,https://t33.cdn2020.com/video/m3u8/2023/01/24/2a08898c/index.m3u8
91TCM-010.唐芯.诱新来的绝美上司,https://t33.cdn2020.com/video/m3u8/2023/01/27/16f08066/index.m3u8
91CM-020.名媛.拼富吊凯子被识破.等待她的是怎样的结局,https://t33.cdn2020.com/video/m3u8/2020/11/24/987fabe3/index.m3u8
91CM-021.夜勤凌辱学生,https://t33.cdn2020.com/video/m3u8/2020/11/26/2c384af1/index.m3u8
91CM-024.真实拍摄计划一.真空跳蛋购物作战,https://t33.cdn2020.com/video/m3u8/2020/11/26/689bfe10/index.m3u8
91CM-025.真实拍摄计划二.跳蛋购物,https://t33.cdn2020.com/video/m3u8/2020/11/29/ecda0705/index.m3u8
91CM-026.,https://t33.cdn2020.com/video/m3u8/2020/12/15/a4a5d9c0/index.m3u8
91CM-027.金钱的诱.面对把的钞票.奇葩竟容许在自己面前被其它入射,https://t33.cdn2020.com/video/m3u8/2020/12/22/08af16eb/index.m3u8
91CM-028.少的窃癖,https://t33.cdn2020.com/video/m3u8/2020/12/18/2ecff1fa/index.m3u8
91CM-031.白晶晶.子的谎言,https://t33.cdn2020.com/video/m3u8/2020/12/28/a262eab0/index.m3u8
91CM-032.王有容.越狱,https://t33.cdn2020.com/video/m3u8/2020/12/29/0a62ea69/index.m3u8
91CM-034.王有容.沉沦,https://t33.cdn2020.com/video/m3u8/2021/01/07/f7d4ae8b/index.m3u8
91CM-036.七七.真实拍摄计划.模面试,https://t33.cdn2020.com/video/m3u8/2021/01/06/e299e506/index.m3u8
91CM-037.白晶晶.痛刻薄,https://t33.cdn2020.com/video/m3u8/2021/01/08/99195fdc/index.m3u8
1CM-063.聂小倩.消失的子,https://t33.cdn2020.com/video/m3u8/2021/03/20/2773d2c0/index.m3u8
91CM-064.文琪.真实拍摄计划之面试,https://t33.cdn2020.com/video/m3u8/2021/03/23/07b9444b/index.m3u8
91CM-065.玛丽莲.空喘息,https://t33.cdn2020.com/video/m3u8/2021/03/26/a40af15d/index.m3u8
91CM-066.杜鹃.辱之哀,https://t33.cdn2020.com/video/m3u8/2021/03/27/e224c2ad/index.m3u8
91CM-067.李茹.网贷,https://t33.cdn2020.com/video/m3u8/2021/03/31/9371c3a0/index.m3u8
91CM-068.玛丽莲.堕落,https://t33.cdn2020.com/video/m3u8/2021/04/11/873a8837/index.m3u8
91CM-069.玛丽莲.堕落2,https://t33.cdn2020.com/video/m3u8/2021/04/18/4dab0166/index.m3u8
91CM-070.玛丽莲 韩小雅.堕落3,https://t33.cdn2020.com/video/m3u8/2021/04/25/cc144631/index.m3u8
91CM-071.玛丽莲.堕落4,https://t33.cdn2020.com/video/m3u8/2021/05/02/ae06f898/index.m3u8
91CM-072.聂小倩.儿的试探,https://t33.cdn2020.com/video/m3u8/2021/04/03/4124379e/index.m3u8
91CM-073.聂小倩 杜鹃.逃亡的兄,https://t33.cdn2020.com/video/m3u8/2021/04/03/f4792074/index.m3u8
91CM-074.Rae.真实拍摄计划.优面试2,https://t33.cdn2020.com/video/m3u8/2021/04/06/8ea4762d/index.m3u8
91CM-075.何苗.轨1,https://t33.cdn2020.com/video/m3u8/2021/04/08/ba88c7ba/index.m3u8
91CM-076.白晶晶.轨2,https://t33.cdn2020.com/video/m3u8/2021/04/09/5f4013b9/index.m3u8
91CM-077.白晶晶 何苗.轨3,https://t33.cdn2020.com/video/m3u8/2021/04/10/75959d73/index.m3u8
91CM-078.黄雪纯.真实拍摄计划.腼腆少,https://t33.cdn2020.com/video/m3u8/2021/04/09/3cdaeef0/index.m3u8
91CM-079.田恬.继与儿,https://t33.cdn2020.com/video/m3u8/2021/04/15/dfcbf6b4/index.m3u8
91CM-080.李琼.继与儿2,https://t33.cdn2020.com/video/m3u8/2021/04/16/a966a047/index.m3u8
91CM-082.张晴.护士,https://t33.cdn2020.com/video/m3u8/2021/04/15/c7aa3ce9/index.m3u8
91CM-083.聂小倩.换1,https://t33.cdn2020.com/video/m3u8/2021/04/20/b900209d/index.m3u8
91CM-084.董小宛.换2,https://t33.cdn2020.com/video/m3u8/2021/04/21/548570ab/index.m3u8
91CM-085.何苗.失足贼,https://t33.cdn2020.com/video/m3u8/2021/04/23/ab52bfac/index.m3u8
91CM-086.丁香.房东的秘,https://t33.cdn2020.com/video/m3u8/2021/04/24/84448c14/index.m3u8
91CM-087.林凤娇.间谍的秘,https://t33.cdn2020.com/video/m3u8/2021/04/27/2f91ffa6/index.m3u8
91CM-088.刘颖儿.消失的,https://t33.cdn2020.com/video/m3u8/2021/04/28/9ef7b6f2/index.m3u8
91CM-089.聂小倩.被报复的小,https://t33.cdn2020.com/video/m3u8/2021/04/30/98a6f033/index.m3u8
91CM-090.杨思敏.侵犯老板,https://t33.cdn2020.com/video/m3u8/2021/05/01/eb698426/index.m3u8
91CM-091.伊蒂.饥渴的洋妞,https://t33.cdn2020.com/video/m3u8/2021/05/05/d3402a43/index.m3u8
91CM-092.何苗.上错轿车找对郎,https://t33.cdn2020.com/video/m3u8/2021/05/06/bab3e931/index.m3u8
91CM-093.杨思敏.搭讪美,https://t33.cdn2020.com/video/m3u8/2021/05/07/a5345f8f/index.m3u8
91CM-094.李琼.可恶岳,https://t33.cdn2020.com/video/m3u8/2021/05/09/588b6a55/index.m3u8
91CM-095.台湾一夜.因为愧疚将自己献给,https://t33.cdn2020.com/video/m3u8/2021/05/10/a856d24a/index.m3u8
91CM-096.白晶晶.诈骗报复,https://t33.cdn2020.com/video/m3u8/2021/05/11/69878f4e/index.m3u8
91CM-097.刘颖儿.失忆小,https://t33.cdn2020.com/video/m3u8/2021/05/12/fe2e998c/index.m3u8
91CM-098.戚小怜.嫖错妓,https://t33.cdn2020.com/video/m3u8/2021/05/13/9d6b9387/index.m3u8
91CM-099.帽先生.粉真实计划.老在前被,https://t33.cdn2020.com/video/m3u8/2021/05/16/af6e66f3/index.m3u8
91CM-100.丁香.算命先生,https://t33.cdn2020.com/video/m3u8/2021/05/22/7a683931/index.m3u8
91CM-101.杨柳.朋的,https://t33.cdn2020.com/video/m3u8/2021/05/16/468dac87/index.m3u8
91CM-102.杨思敏.交换,https://t33.cdn2020.com/video/m3u8/2021/05/19/db9c0ebc/index.m3u8
91CM-103.何雨.善良的小子,https://t33.cdn2020.com/video/m3u8/2021/05/20/085a44f2/index.m3u8
91CM-105.韩小雅.信的,https://t33.cdn2020.com/video/m3u8/2021/05/26/9948dd62/index.m3u8
91CM-106.李琼.的新1,https://t33.cdn2020.com/video/m3u8/2021/05/27/67fdbeee/index.m3u8
91CM-107.戚小怜.的新2,https://t33.cdn2020.com/video/m3u8/2021/05/28/6a7343eb/index.m3u8
91CM-108.李琼 戚小怜.的新3,https://t33.cdn2020.com/video/m3u8/2021/05/29/6c2a780f/index.m3u8
91CM-109.李琼 戚小怜 黄雪纯.的新4,https://t33.cdn2020.com/video/m3u8/2021/05/31/ae331f18/index.m3u8
91CM-110.杨柳.教师,https://t33.cdn2020.com/video/m3u8/2021/06/01/4e56ce65/index.m3u8
91CM-111.张晴.考研的,https://t33.cdn2020.com/video/m3u8/2021/06/03/1dd90cf7/index.m3u8
91CM-112.林雨露.道士下山,https://t33.cdn2020.com/video/m3u8/2021/06/05/c847f889/index.m3u8
91CM-113.何苗.贪官的子,https://t33.cdn2020.com/video/m3u8/2021/06/05/4c209fe1/index.m3u8
91CM-114.李丽.恸哭小,https://t33.cdn2020.com/video/m3u8/2021/06/09/fcfc2136/index.m3u8
91CM-115.戚小怜.神奇物语.宠物香,https://t33.cdn2020.com/video/m3u8/2021/06/10/a599328e/index.m3u8
91CM-116.陈若瑶.离婚委托,https://t33.cdn2020.com/video/m3u8/2021/06/11/afd2db0b/index.m3u8
91CM-117.孟菲菲.荔枝,https://t33.cdn2020.com/video/m3u8/2021/06/13/08bd5663/index.m3u8
91CM-118.林妙可.合租的少,https://t33.cdn2020.com/video/m3u8/2021/06/12/0250ae74/index.m3u8
91CM-119.杨柳 何苗 白晶晶.伏魔,https://t33.cdn2020.com/video/m3u8/2021/06/14/49daf894/index.m3u8
91CM-120.萧诗颖.通缉犯的报复,https://t33.cdn2020.com/video/m3u8/2021/06/18/375861a9/index.m3u8
91CM-121.林凤娇.子的野望.上,https://t33.cdn2020.com/video/m3u8/2021/06/18/c013856b/index.m3u8
91CM-122.林凤娇 黄雪纯.子的野望.下,https://t33.cdn2020.com/video/m3u8/2021/06/21/c3d134ee/index.m3u8
91CM-124.林妙可.三胎计划,https://t33.cdn2020.com/video/m3u8/2021/06/23/ee59e786/index.m3u8
91CM-125.丁香.儿媳,https://t33.cdn2020.com/video/m3u8/2021/06/25/b701a336/index.m3u8
91CM-126.杨思敏.继的劝慰,https://t33.cdn2020.com/video/m3u8/2021/06/25/89fbc9e5/index.m3u8
91CM-127.林凤娇.一夜,https://t33.cdn2020.com/video/m3u8/2021/06/26/bf0bf29f/index.m3u8
91CM-128.杨柳.弟跟我吧,https://t33.cdn2020.com/video/m3u8/2021/06/27/f1b95ad7/index.m3u8
91CM-129.李娜.盲弟弟,https://t33.cdn2020.com/video/m3u8/2021/06/30/1e0d431d/index.m3u8
91CM-130.李美丽.学渣的救赎,https://t33.cdn2020.com/video/m3u8/2021/07/01/580dad2c/index.m3u8
91CM-131.何苗.保姆.考试压力保姆来解压,https://t33.cdn2020.com/video/m3u8/2021/07/02/fe86041c/index.m3u8
91CM-132.陈若瑶.息子的.老公车祸昏不醒.公公代儿照顾儿媳,https://t33.cdn2020.com/video/m3u8/2021/07/03/9986abcd/index.m3u8
91CM-133.白晶晶.小三的遭遇.头老公轨.安排马仔报复小三,https://t33.cdn2020.com/video/m3u8/2021/07/04/496148d1/index.m3u8
91CM-134.李雪.兄弟的新,https://t33.cdn2020.com/video/m3u8/2021/07/07/9c799b19/index.m3u8
91CM-135.黄雪纯.被下的儿,https://t33.cdn2020.com/video/m3u8/2021/07/09/f9c7f911/index.m3u8
91CM-136.何苗.欧洲杯.一样的足球不一样的看球方式,https://t33.cdn2020.com/video/m3u8/2021/07/09/969e3819/index.m3u8
91CM-137.温馨.真实计划外拍遭遇,https://t33.cdn2020.com/video/m3u8/2021/07/10/acbabd34/index.m3u8
91CM-138.谢雨彤.继与我,https://t33.cdn2020.com/video/m3u8/2021/07/11/8ce6f6d5/index.m3u8
91CM-139.萧蔷.空的兼职,https://t33.cdn2020.com/video/m3u8/2021/07/14/f6c37017/index.m3u8
91CM-141.杨柳.卡在洗衣机的,https://t33.cdn2020.com/video/m3u8/2021/07/16/2558226e/index.m3u8
91CM-142.吉娜.意利留学生的兼职,https://t33.cdn2020.com/video/m3u8/2021/07/17/55dc668a/index.m3u8
91CM-143.白晶晶.王的调教,https://t33.cdn2020.com/video/m3u8/2021/07/18/eb7daed3/index.m3u8
91CM-144.林凤娇.蓝颜知己,https://t26.cdn2020.com/video/m3u8/2021/07/21/3f6a5dbc/index.m3u8
91CM-145.戚小怜.少的报答,https://t26.cdn2020.com/video/m3u8/2021/07/22/d5323426/index.m3u8
91CM-149.谢语彤.家教老师,https://t26.cdn2020.com/video/m3u8/2021/07/28/3f40205e/index.m3u8
91CM-151.袁可妮.贤惠的子,https://t26.cdn2020.com/video/m3u8/2021/07/30/93f0d95d/index.m3u8
91CM-153.何苗.再遇潘金莲,https://t26.cdn2020.com/video/m3u8/2021/08/01/934e4c5b/index.m3u8
91CM-155.白晶晶.不孕的子,https://t26.cdn2020.com/video/m3u8/2021/08/04/ae653d08/index.m3u8
91CM-157.安娜.华料理.你压榨我工资.我你的老,https://t26.cdn2020.com/video/m3u8/2021/08/06/ce3110d2/index.m3u8
91CM-158.杨桃.婚.你你的老.我玩我的小鲜,https://t26.cdn2020.com/video/m3u8/2021/08/07/f8e27ed8/index.m3u8
91CM-159.陈美惠.东京故事之我的表,https://t26.cdn2020.com/video/m3u8/2021/08/08/cdb85dc1/index.m3u8
91CM-161.吉娜.被拐卖的外国美,https://t26.cdn2020.com/video/m3u8/2021/08/11/1f97dd04/index.m3u8
91CM-162.张子瑜.小的沦陷,https://t26.cdn2020.com/video/m3u8/2021/08/12/e44ec01d/index.m3u8
91CM-164.邓玉莲.小.伯结婚用房.小借住我家,https://t26.cdn2020.com/video/m3u8/2021/08/14/debd013d/index.m3u8
91CM-165.卢珊珊.重逢.曾经的那么真.现在的那么深,https://t26.cdn2020.com/video/m3u8/2021/08/14/608659e7/index.m3u8
91CM-166.潘甜甜.七夕.91节专题独家奉献,https://t26.cdn2020.com/video/m3u8/2021/08/14/50b13da7/index.m3u8
91CM-167.吴语菲.差之旅.变对手同事变,https://t26.cdn2020.com/video/m3u8/2021/08/17/f616917d/index.m3u8
91CM-169.林雨露.礼物.这是一份送给嫖娼的的礼物,https://t26.cdn2020.com/video/m3u8/2021/08/19/29fdbaab/index.m3u8
91CM-170.谢语彤.穿越到王者荣耀的世界.第一集,https://t26.cdn2020.com/video/m3u8/2021/08/20/48b5ae1a/index.m3u8
91CM-171.陈萌.合租.无法回房的他却成了我的,https://t26.cdn2020.com/video/m3u8/2021/08/21/185505ac/index.m3u8
91CM-173.杜娟.恋癖.义风韵犹存.之心愈演愈烈,https://t26.cdn2020.com/video/m3u8/2021/08/24/7ea436f0/index.m3u8
91CM-176.李师师..哥被抓.子沦为小弟们的便器,https://t26.cdn2020.com/video/m3u8/2021/08/27/7f38ca4e/index.m3u8
91CM-177.林凤娇.慈禧秘史.慈禧夺权享受万千宠,https://t33.cdn2020.com/video/m3u8/2021/08/28/a9cec9f2/index.m3u8
91CM-179.谢语彤.穿越到王者荣耀的世界.第二集,https://t33.cdn2020.com/video/m3u8/2021/09/01/c7a2f387/index.m3u8
91CM-180.王蓉.冷雨夜.淋湿躲雨做射整晚,https://t33.cdn2020.com/video/m3u8/2021/09/11/e887d19f/index.m3u8
91CM-181.金巧巧.猎头诱术,https://t33.cdn2020.com/video/m3u8/2021/09/17/09c9ac8d/index.m3u8
91CM-182.潘甜甜.手机的秘,https://t33.cdn2020.com/video/m3u8/2021/09/04/d662110b/index.m3u8
91CM-183.杨思敏.房客的子,https://t33.cdn2020.com/video/m3u8/2021/09/09/c6e9c4c4/index.m3u8
91CM-184.林凤娇.教师节特辑.为师表.高冷教师遭叛逆学生轮,https://t33.cdn2020.com/video/m3u8/2021/09/10/2e57bc8f/index.m3u8
91CM-185.苏然.被玷污的秘书,https://t33.cdn2020.com/video/m3u8/2021/09/15/ee01a392/index.m3u8
91CM-186.卢珊珊.在初夜,https://t33.cdn2020.com/video/m3u8/2021/09/19/240f0e0b/index.m3u8
91CM-187.刘玥.租房交易,https://t33.cdn2020.com/video/m3u8/2021/09/25/4c4fd782/index.m3u8
91CM-188.谢语彤.童顔秘堕落日记,https://t33.cdn2020.com/video/m3u8/2021/09/25/ed16b849/index.m3u8
91CM-189.戚小怜.帽受,https://t33.cdn2020.com/video/m3u8/2021/09/30/159dd5f6/index.m3u8
91CM-190.潘甜甜.AV引退.少的悔悟,https://t33.cdn2020.com/video/m3u8/2021/10/01/520a11da/index.m3u8
91CM-191.美乐蒂·雏.白妖姬.吸北欧名模,https://t33.cdn2020.com/video/m3u8/2021/10/05/ce3692bf/index.m3u8
91CM-192.卢珊珊.在日落时.轨激发无尽,https://t33.cdn2020.com/video/m3u8/2021/10/06/c799d11a/index.m3u8
91CM-193.苏然.老公请原谅我,https://t33.cdn2020.com/video/m3u8/2021/10/10/614f328b/index.m3u8
91CM-194.刘小雯.兄弟我子,https://t33.cdn2020.com/video/m3u8/2021/10/14/497346ee/index.m3u8
91CM-195.金巧巧.特殊治疗,https://t33.cdn2020.com/video/m3u8/2021/10/16/b5924cbc/index.m3u8
91CM-196.王蓉.少的赌,https://t33.cdn2020.com/video/m3u8/2021/10/21/f2464601/index.m3u8
91CM-197.张子瑜.离婚谈判,https://t33.cdn2020.com/video/m3u8/2021/10/23/69faf706/index.m3u8
91CM-198.卢珊珊.在午夜.开衩旗袍台球桌上狂飙,https://t33.cdn2020.com/video/m3u8/2021/10/28/6cec6cdd/index.m3u8
91CM-199.李曼丽.子助我升职,https://t33.cdn2020.com/video/m3u8/2021/10/30/8aafd046/index.m3u8
91CM-200.徐美娇.邻居.弯饥渴少,https://t33.cdn2020.com/video/m3u8/2021/11/04/4e52bc7e/index.m3u8
91CM-201.陆雪琪.私玩物.颜值神3P超刺激,https://t33.cdn2020.com/video/m3u8/2021/11/06/7f24954d/index.m3u8
91CM-202.张晴.寂寞.勾引外卖小哥直,https://t33.cdn2020.com/video/m3u8/2021/11/13/926297db/index.m3u8
91CM-203.杜娟.的鼓励.沉沦在儿子粗壮的棒,https://t33.cdn2020.com/video/m3u8/2021/11/15/8b296113/index.m3u8
91CM-204.白雪.清纯同学,https://t26.cdn2020.com/video/m3u8/2021/11/19/7e864fd4/index.m3u8
91CM-206.林丽.借贷偿,https://t26.cdn2020.com/video/m3u8/2021/11/24/8316f157/index.m3u8
91CM-207.陆雪琪.的春天,https://t26.cdn2020.com/video/m3u8/2021/11/27/4365cd3c/index.m3u8
91CM-208.梁如意.屈辱的美,https://t26.cdn2020.com/video/m3u8/2021/12/01/af36a4c9/index.m3u8
91CM-211.白晶晶.娘的蜕变(上集),https://t26.cdn2020.com/video/m3u8/2021/12/11/c56c216d/index.m3u8
91CM-213.白晶晶 李丽.娘的蜕变(下集),https://t26.cdn2020.com/video/m3u8/2021/12/19/eaae627c/index.m3u8
91CM-214.萧悦儿.JK租客,https://t26.cdn2020.com/video/m3u8/2021/12/22/4fbdc830/index.m3u8
91CM-215.叶柔.深夜嫖美腿车模,https://t26.cdn2020.com/video/m3u8/2021/12/31/744f8dc4/index.m3u8
91CM-218.何小丽.油按摩,https://t26.cdn2020.com/video/m3u8/2021/12/29/61699ce9/index.m3u8
91CM-220.董欣.坠-上,https://t26.cdn2020.com/video/m3u8/2022/01/08/6cb568fc/index.m3u8
91CM-221.梁如意.李雷和韩梅梅,https://t26.cdn2020.com/video/m3u8/2022/01/14/5da2979c/index.m3u8
91CM-226.唐月琴 董欣.坠-下,https://t26.cdn2020.com/video/m3u8/2022/01/23/a8020817/index.m3u8
91CM-250.小艺.端午节特辑.粽.将美细致包裹,https://t33.cdn2020.com/video/m3u8/2022/06/04/3799b14f/index.m3u8
91CM-255.叶莲娜 丽.同的快乐,https://t33.cdn2020.com/video/m3u8/2023/05/07/f5edf340/index.m3u8
91MS-001.金巧巧.优面试一.91新試鏡.下部主你來定,https://t26.cdn2020.com/video/m3u8/2021/08/21/4f4f0f44/index.m3u8
91MS-003.王蓉.优面试三,https://t33.cdn2020.com/video/m3u8/2021/08/29/59421fec/index.m3u8
91MS-004.优面试四,https://t33.cdn2020.com/video/m3u8/2021/08/31/c1e60658/index.m3u8
91MS-005.苏然.优面试五,https://t33.cdn2020.com/video/m3u8/2021/09/02/efad3451/index.m3u8
91MS-006.优面试六,https://t33.cdn2020.com/video/m3u8/2021/09/07/371f8c06/index.m3u8
91MS-007.溫婉.的.成随时想干,https://t33.cdn2020.com/video/m3u8/2021/09/14/f746765e/index.m3u8
91MS-008.36D巨的,https://t33.cdn2020.com/video/m3u8/2021/09/23/d5650410/index.m3u8
91MS-009.陈悠悠.童颜少AV志愿.喜欢兽交渴望激烈,https://t33.cdn2020.com/video/m3u8/2021/09/28/12b502eb/index.m3u8
91MS-010.李曼丽.170CM长腿御,https://t33.cdn2020.com/video/m3u8/2021/10/12/a57a0d02/index.m3u8
91MS-011.徐洛瑶.语文教师,https://t33.cdn2020.com/video/m3u8/2021/10/19/c161f107/index.m3u8
91MS-012.夏玉玲.E罩杯巨郎,https://t33.cdn2020.com/video/m3u8/2021/10/26/45031930/index.m3u8
91MS-013.李萍.极品轻熟.验失禁快堕落,https://t33.cdn2020.com/video/m3u8/2021/11/02/1206d792/index.m3u8
91MS-014.唐倩.巨清纯萌,https://t33.cdn2020.com/video/m3u8/2021/11/11/288f3999/index.m3u8
91PCM-001.蒂洁.清纯系JK学生.像极了初恋,https://t26.cdn2020.com/video/m3u8/2023/11/10/51b5c43b/index.m3u8
91PCM-005.季妍希.放荡的救援,https://t26.cdn2020.com/video/m3u8/2023/11/14/4df22dc0/index.m3u8
91PCM-008.温芮欣.好家教的乱辅导,https://t33.cdn2020.com/video/m3u8/2023/12/24/d01c78e3/index.m3u8
91PCM-009.岚可彤.小模外送榨服务,https://t26.cdn2020.com/video/m3u8/2023/12/24/896fde06/index.m3u8
91PCM-010.岚可彤.极乐圣诞夜.气质美沦为玩物,https://t26.cdn2020.com/video/m3u8/2023/12/27/99cd0bbb/index.m3u8
GDCM-003.余丽.子行计划1,https://t26.cdn2020.com/video/m3u8/2022/04/12/f89a6e1b/index.m3u8
GDCM-004.云朵.家教的奖励,https://t26.cdn2020.com/video/m3u8/2022/04/17/18db6835/index.m3u8
GDCM-006.余丽.子行计划2,https://t26.cdn2020.com/video/m3u8/2022/05/08/378cde5d/index.m3u8
GDCM-008.董欣.劳模理疗师.上,https://t26.cdn2020.com/video/m3u8/2022/05/01/5d1d1f7e/index.m3u8
GDCM-009.董欣.劳模理疗师.下,https://t26.cdn2020.com/video/m3u8/2022/05/01/dfe32a8a/index.m3u8
GDCM-011.茉莉 白英.别样的健,https://t26.cdn2020.com/video/m3u8/2022/05/28/5f8019b0/index.m3u8
GDCM-012.云朵.邻居网红,https://t33.cdn2020.com/video/m3u8/2022/06/19/51d0624a/index.m3u8
GDCM-013.林洋.尾随胁迫双马尾少,https://t33.cdn2020.com/video/m3u8/2022/06/13/b1e485c2/index.m3u8
GDCM-014.陶杏儿.绑匪美计,https://t33.cdn2020.com/video/m3u8/2022/06/14/d6ff2b3a/index.m3u8
GDCM-016.苏雅兰.最喜吞好熟,https://t33.cdn2020.com/video/m3u8/2022/06/25/e76ebad5/index.m3u8
GDCM-017.叶子红.带去嫖娼玩3P惨被抓,https://t33.cdn2020.com/video/m3u8/2022/07/05/e13bd857/index.m3u8
GDCM-018.林洋.时间静止,https://t33.cdn2020.com/video/m3u8/2022/07/06/32c08dfd/index.m3u8
GDCM-019.茉莉 白英.双飞带货主播及助理,https://t33.cdn2020.com/video/m3u8/2022/07/09/58d8a52b/index.m3u8
GDCM-020.陶杏儿 王玥.双飞制服花,https://t33.cdn2020.com/video/m3u8/2022/07/18/dc6dd24b/index.m3u8
GDCM-021.王玥.拜少,https://t33.cdn2020.com/video/m3u8/2022/07/25/e8b4d243/index.m3u8
GDCM-022.林洋.被赶门的赤裸,https://t33.cdn2020.com/video/m3u8/2022/07/31/756bb1c8/index.m3u8
GDCM-023.林洋.荡的舅,https://t33.cdn2020.com/video/m3u8/2022/08/04/5f4ee73f/index.m3u8
GDCM-024.王玥.被侵犯多次的主播,https://t33.cdn2020.com/video/m3u8/2022/08/07/dfdeed4a/index.m3u8
GDCM-025.王玥.世界奇妙物语,https://t33.cdn2020.com/video/m3u8/2022/08/20/0628c856/index.m3u8
GDCM-026.薛梦琪.咖啡厅的放荡,https://t33.cdn2020.com/video/m3u8/2022/08/20/ee4acdba/index.m3u8
GDCM-027.李蕊.的秘,https://t33.cdn2020.com/video/m3u8/2022/08/24/f2525c1f/index.m3u8
GDCM-028.薛梦琪.咖啡厅的放荡.下,https://t33.cdn2020.com/video/m3u8/2022/08/31/04187c6b/index.m3u8
GDCM-029.刘嘉佳.继的儿,https://t33.cdn2020.com/video/m3u8/2022/09/04/4aaa7e6f/index.m3u8
GDCM-030.张佳晨.雨夜里轨邻居,https://t33.cdn2020.com/video/m3u8/2022/09/07/8581763d/index.m3u8
GDCM-031.小捷.秋特辑.嫦娥奔月吴刚逆袭,https://t33.cdn2020.com/video/m3u8/2022/09/12/4ecca408/index.m3u8
GDCM-032.程媛媛.新晋优首次挑战,https://t33.cdn2020.com/video/m3u8/2022/09/14/3323b03d/index.m3u8
GDCM-033.程媛媛.气勾引哥哥,https://t33.cdn2020.com/video/m3u8/2022/09/17/976e48bf/index.m3u8
GDCM-034.李蕊.新来的室是我初恋,https://t33.cdn2020.com/video/m3u8/2022/09/28/764f8fa4/index.m3u8
GDCM-035.莉娜.伪装者代号91.上集,https://t33.cdn2020.com/video/m3u8/2022/10/02/c42b3beb/index.m3u8
GDCM-036.莉娜.伪装者代号91.下集,https://t33.cdn2020.com/video/m3u8/2022/10/05/2689d1df/index.m3u8
GDCM-037.张佳晨.把子献给行长,https://t33.cdn2020.com/video/m3u8/2022/10/13/ba22fe70/index.m3u8
GDCM-038.艾贝.健教练勾引学员肛交射,https://t33.cdn2020.com/video/m3u8/2022/10/16/e921e562/index.m3u8
GDCM-040.吉娜.报复轨.子的,https://t33.cdn2020.com/video/m3u8/2022/10/27/68fa07a3/index.m3u8
GDCM-041.希瑶.帽扣在你头上,https://t33.cdn2020.com/video/m3u8/2022/11/03/a7b47ecc/index.m3u8
GDCM-043.白允儿 吴恺彤.双11特辑.单的复仇,https://t33.cdn2020.com/video/m3u8/2022/11/11/74639244/index.m3u8
GDCM-045.Rona.国足雄起之不可失,https://t33.cdn2020.com/video/m3u8/2022/11/23/c631e857/index.m3u8
GDCM-047.菜.疫邻居诱清纯,https://t33.cdn2020.com/video/m3u8/2023/02/16/17c6ad9f/index.m3u8
GDCM-052.莉娜.黄飞鸿与十三.上集,https://t33.cdn2020.com/video/m3u8/2023/05/03/e2f73afc/index.m3u8
GDCM-053.莉娜.黄飞鸿与十三.下集,https://t33.cdn2020.com/video/m3u8/2023/05/05/57da4e26/index.m3u8
GDCM-054.张群.饥渴的.上集,https://t26.cdn2020.com/video/m3u8/2023/08/15/68a3ffa4/index.m3u8
GDCM-059.曼语.空豪华上服务,https://t26.cdn2020.com/video/m3u8/2023/10/27/76b2c583/index.m3u8
GDCM-060.陈梦洁.醉酒老公误把子当小三,https://t26.cdn2020.com/video/m3u8/2023/11/14/78b3262f/index.m3u8
GDCM-066.米欧.周处三害,https://t33.cdn2020.com/video/m3u8/2024/07/04/4172f5c6/index.m3u8
91FHT-001.粉红兔.的惊喜,https://t26.cdn2020.com/video/m3u8/2021/08/16/0be27e36/index.m3u8
OM-001.佳芯.极乐圣诞.圣诞老的坏孩名单,https://t33.cdn2020.com/video/m3u8/2022/12/28/e089dad7/index.m3u8
OM-002.Lilit.元旦特别企划.战,https://t33.cdn2020.com/video/m3u8/2023/01/05/cfe4f5d8/index.m3u8
OM-003.邓紫晴.在囧途之台囧.二傻征之城,https://t33.cdn2020.com/video/m3u8/2023/01/26/60666f9e/index.m3u8
OM-004.梁芸菲.钢铁猛变萌,https://t33.cdn2020.com/video/m3u8/2023/03/05/955c23df/index.m3u8
WMOG-001.小.喷姬的潮吹释放,https://t26.cdn2020.com/video/m3u8/2023/09/07/9db5459f/index.m3u8
WMOG-003.明日花香.呆萌医生的上门服务,https://t26.cdn2020.com/video/m3u8/2023/09/18/3c6ebac0/index.m3u8
WMOG-004.小.甜美幼教贷款,https://t26.cdn2020.com/video/m3u8/2023/09/21/59671f9a/index.m3u8
WMOG-006.小.秘书的诱,https://t26.cdn2020.com/video/m3u8/2023/10/18/0c51df07/index.m3u8
WMOG-007.小小酱.清纯袜,https://t26.cdn2020.com/video/m3u8/2023/11/05/0935241d/index.m3u8
WMOG-008.小敏儿.室服的诱,https://t26.cdn2020.com/video/m3u8/2023/11/08/f5e50795/index.m3u8
WMOG-010.小.调教反差E瑜伽教练,https://t26.cdn2020.com/video/m3u8/2023/11/23/882416b8/index.m3u8
WMOG-011.小.小游记,https://t26.cdn2020.com/video/m3u8/2023/12/10/9f8ddbf5/index.m3u8
WMOG-016.小.喷娃,https://t26.cdn2020.com/video/m3u8/2024/02/16/b6b4c0fe/index.m3u8
WMOG-017.小.SM调教,https://t26.cdn2020.com/video/m3u8/2024/02/23/94818a35/index.m3u8
WMOG-019.小.E销售的全交易,https://t33.cdn2020.com/video/m3u8/2024/03/30/247eab91/index.m3u8
WMOG-021.小敏儿.甜蜜少找房记,https://v2024.sysybf.com/20241123/E2uz1WiJ/index.m3u8
WM-25031.嘉琪.少的饥渴望老公不在家贪恋小叔子的棒,https://t33.cdn2020.com/video/m3u8/2023/02/01/a8aa3cd1/index.m3u8
WM-25032.嘉琪.极品材瑜伽老师被,https://t33.cdn2020.com/video/m3u8/2023/02/01/f1132dbc/index.m3u8
WM-25033.欣欣.医生的诱,https://t33.cdn2020.com/video/m3u8/2023/02/01/9523f00b/index.m3u8
WM-25036.百合.校园,https://t33.cdn2020.com/video/m3u8/2023/02/01/ff70131c/index.m3u8
WM-25039.薇薇.清纯邻家小,https://t33.cdn2020.com/video/m3u8/2023/02/01/096b2023/index.m3u8
WM-25041.瑶瑶.面试,https://t33.cdn2020.com/video/m3u8/2023/02/08/46977454/index.m3u8
维秘传媒.小泽珍珍.实习生岗位保卫站,https://t33.cdn2020.com/video/m3u8/2023/02/01/5c0ed0c6/index.m3u8
维秘传媒.优米酱.原味萝莉,https://t33.cdn2020.com/video/m3u8/2023/01/31/bf3059d9/index.m3u8
维秘传媒.晚晚酱.荡猫咪终极调教,https://t33.cdn2020.com/video/m3u8/2023/01/31/8d908cde/index.m3u8
维秘传媒.NANA.荡修之修对棒的渴望,https://t33.cdn2020.com/video/m3u8/2023/01/31/fb9949d7/index.m3u8
维秘传媒.cola.嫩萝莉毕业,https://t33.cdn2020.com/video/m3u8/2023/01/31/de3c09bd/index.m3u8
维秘传媒.熙雅.世界杯的盛宴,https://t33.cdn2020.com/video/m3u8/2023/01/31/b815f59d/index.m3u8
维秘传媒.小桃.代孕的播种流程,https://t33.cdn2020.com/video/m3u8/2023/01/31/1c9e924f/index.m3u8
维秘传媒.酥酥.勾引修理工.白浆直流,https://t33.cdn2020.com/video/m3u8/2023/01/31/5a9fc10c/index.m3u8
维秘传媒.丸丸兔.上旗袍.子的诱,https://t33.cdn2020.com/video/m3u8/2023/01/31/9dece226/index.m3u8
维秘传媒.冉冉学.极品夜店王的侍奉,https://t33.cdn2020.com/video/m3u8/2023/01/31/fb1aa778/index.m3u8
维秘传媒.香菜公主.小货独特按摩,https://t33.cdn2020.com/video/m3u8/2023/01/31/aa8e5031/index.m3u8
维秘传媒.菲欧娜.奴的调教,https://t33.cdn2020.com/video/m3u8/2023/01/26/bddb00b4/index.m3u8
YMCM-001.芷萱.穿越唐朝翻武则天,https://t26.cdn2020.com/video/m3u8/2023/09/04/fe6a0eb7/index.m3u8
QQCM-006.甜心.专属仆.我的处理射专用仆,https://t26.cdn2020.com/video/m3u8/2022/04/13/25e7bc59/index.m3u8
QQCM-007.兰心洁.子愉悦乱伦,https://t26.cdn2020.com/video/m3u8/2022/04/07/2d4076fe/index.m3u8
QQCM-014.茉莉 兰心洁.白特烦恼之白菜换2,https://t26.cdn2020.com/video/m3u8/2022/05/01/12895f59/index.m3u8
QQCM-015.茉莉 兰心洁 蒋梦琳.白特烦恼之白菜换3.终极篇,https://t26.cdn2020.com/video/m3u8/2022/05/15/df7a2b38/index.m3u8
QQCM-017.兰心洁.金牌销售的秘,https://t26.cdn2020.com/video/m3u8/2022/05/24/7b118950/index.m3u8
QQCM-018.李小萤 家政,https://t33.cdn2020.com/video/m3u8/2022/06/09/bf326155/index.m3u8
QQCM-019.叶子红.阴差错的乱伦,https://t33.cdn2020.com/video/m3u8/2022/07/15/63ea9095/index.m3u8
QQCM-020.林洋.继的秘,https://t33.cdn2020.com/video/m3u8/2022/08/11/caf6fec7/index.m3u8
QQCM-021.叶子红.上实习生,https://t33.cdn2020.com/video/m3u8/2022/08/14/8a97481d/index.m3u8
QQOG-002.粉.油光白极品萝莉,https://t33.cdn2020.com/video/m3u8/2022/10/11/181d5b3e/index.m3u8
QQOG-003.粉.浴室镜子前极致,https://t33.cdn2020.com/video/m3u8/2022/10/11/67278475/index.m3u8
QQOG-004.小敏儿.把套路上床干,https://t33.cdn2020.com/video/m3u8/2022/10/13/700305d6/index.m3u8
QQOG-006.粉.青春学纹反差婊,https://t33.cdn2020.com/video/m3u8/2022/10/26/0f221fb3/index.m3u8
QQOG-007.粉.诱小野猫,https://t33.cdn2020.com/video/m3u8/2022/10/26/50fbdc0c/index.m3u8
QQOG-009.小敏儿.COS麻衣的学生,https://t33.cdn2020.com/video/m3u8/2022/11/02/329404e4/index.m3u8
QQOG-010.小敏儿.学生日的庆生,https://t33.cdn2020.com/video/m3u8/2022/09/07/637bc8a2/index.m3u8
QQOG-011.粉.御尤物沦为主玩物,https://v202510.ddcdnbf.com/20251101/OvmjLdIC/index.m3u8
QQOG-012.粉.健后的次元运动,https://t33.cdn2020.com/video/m3u8/2022/11/15/47546ed1/index.m3u8
QQQOG-014.粉.光花园草地的沐浴,https://t33.cdn2020.com/video/m3u8/2022/11/29/eb5c7f75/index.m3u8
QQOG-015.粉.与萝莉共享温泉之旅,https://jptgpic.bdpsjp.com/m3u8/qqog015/index_domain.m3u8
QQOG-016.亿米.上了我的车,https://fqm3u8.com/20241214/uI1vLiSL/1100kb/hls/index.m3u8
QQOG-018.小敏儿.梦境仆专属,https://t33.cdn2020.com/video/m3u8/2023/03/06/36b51eef/index.m3u8
QQOG-019.西门庆.家教上门帮我射,https://t33.cdn2020.com/video/m3u8/2023/02/17/b44e4039/index.m3u8
QQOG-020.西门庆.校花与棒,https://t33.cdn2020.com/video/m3u8/2023/03/06/2af09777/index.m3u8
QQOG-022.小敏儿.初音未来的陪玩服务,https://t33.cdn2020.com/video/m3u8/2022/12/06/3ea20b7a/index.m3u8
QQOG-023.冉冉学.观赛后的玩物,https://t33.cdn2020.com/video/m3u8/2023/03/06/fd220c41/index.m3u8
QQOG-024.冉冉学.老板的长腿风秘书,https://t33.cdn2020.com/video/m3u8/2023/03/03/428de7da/index.m3u8
QQOG-026.冉冉学.二学勾引家教老师,https://t33.cdn2020.com/video/m3u8/2023/03/03/4b9a4b72/index.m3u8
QQOG-028.冉冉学.撸管必看极品尤物趣诱,https://t33.cdn2020.com/video/m3u8/2023/03/03/b0b7ae8e/index.m3u8
QQOG-029.小敏儿.下学暗恋的同學,https://t33.cdn2020.com/video/m3u8/2023/02/01/9312f731/index.m3u8
QQOG-030.特污兔.嫩的射,https://t33.cdn2020.com/video/m3u8/2023/02/01/ab9d607f/index.m3u8
QQOG-031.小敏儿.潜规则公司网红,https://t33.cdn2020.com/video/m3u8/2023/02/01/5c3d5081/index.m3u8
QQOG-032.cola酱.撸管必须验白虎仆,https://t33.cdn2020.com/video/m3u8/2023/02/01/fc52c8cb/index.m3u8
QQOG-033.冉冉学.清純系反差,https://t33.cdn2020.com/video/m3u8/2023/02/17/1683927d/index.m3u8
QQOG-034.冉冉学.二学被醉猥亵,https://t33.cdn2020.com/video/m3u8/2023/02/01/df1278f9/index.m3u8
QQOG-035.冉冉学.淘宝腿模,https://t33.cdn2020.com/video/m3u8/2023/02/01/185e4479/index.m3u8
QQOG-036.冉冉学.04年极品白嫩足,https://t33.cdn2020.com/video/m3u8/2023/02/01/18ac5bce/index.m3u8
QQOG-038.小敏儿.醉酒后的上司,https://t33.cdn2020.com/video/m3u8/2023/02/23/60c574f9/index.m3u8
QQOG-039.Nina.滴滴司机的实录,https://t33.cdn2020.com/video/m3u8/2023/02/26/5cff1fea/index.m3u8
QQOG-040.cola酱.无耻白浆学生,https://t33.cdn2020.com/video/m3u8/2023/02/26/54376d40/index.m3u8
QQOG-041.小敏儿.萝莉同桌跟我在床上补习,https://t33.cdn2020.com/video/m3u8/2023/02/28/0beffb22/index.m3u8
QQOG-042.小敏儿.反差学床上的另一面,https://t33.cdn2020.com/video/m3u8/2023/03/07/13526ba8/index.m3u8
QQOG-043.特污兔.特殊瑜伽教学,https://t33.cdn2020.com/video/m3u8/2023/03/10/c23bec19/index.m3u8
QQOG-044.cola酱.诱甜蜜,https://t33.cdn2020.com/video/m3u8/2023/03/14/28dcb7df/index.m3u8
QQOG-045.冉冉学.蹂躏03年校花,https://t33.cdn2020.com/video/m3u8/2023/03/19/b36f98f9/index.m3u8
QQOG-046.特污兔.寂寞自慰.被舍窗台,https://t33.cdn2020.com/video/m3u8/2023/03/19/f86ffd2b/index.m3u8
QQOG-047.小敏儿.把小的小满液,https://t33.cdn2020.com/video/m3u8/2023/03/24/a354c3ce/index.m3u8
QQOG-048.cola酱.护士为痿病制射,https://t33.cdn2020.com/video/m3u8/2023/03/25/b5638c91/index.m3u8
QQOG-049.小猫咪.干爹的便器,https://t33.cdn2020.com/video/m3u8/2023/03/31/7a882ba4/index.m3u8
QQOG-050.樱桃.老师的罚,https://t33.cdn2020.com/video/m3u8/2023/04/13/49bf0e9c/index.m3u8
FSOG-113.小玩子.上日本巨技师,https://t26.cdn2020.com/video/m3u8/2023/08/15/e34a85ff/index.m3u8
FSOG-108.小敏儿.美少的午后生活,https://t26.cdn2020.com/video/m3u8/2023/07/04/0b313940/index.m3u8
FSOG-107.小玩子.巨搜查官,https://t26.cdn2020.com/video/m3u8/2023/06/30/8d2acf13/index.m3u8
FSOG-010.小鹿酱.职场潜规则,https://t33.cdn2020.com/video/m3u8/2022/07/12/832c4478/index.m3u8
FSOG-009.粉.租赁的附加服务,https://t33.cdn2020.com/video/m3u8/2022/07/09/9b425812/index.m3u8
FSOG-008.粉.二学的液注,https://t33.cdn2020.com/video/m3u8/2022/07/07/d0122483/index.m3u8
FSOG-007.不见星空.甜美萌生日遭醉,https://t33.cdn2020.com/video/m3u8/2022/07/07/2d080b62/index.m3u8
FSOG-006.许木学长.美浴缸激,https://t33.cdn2020.com/video/m3u8/2022/07/06/648aa7e3/index.m3u8
FSOG-005.许木学长.醉酒室,https://t33.cdn2020.com/video/m3u8/2022/07/06/dd3bf573/index.m3u8
FSOG-004.不见星空.可仆服务,https://t33.cdn2020.com/video/m3u8/2022/06/30/213edab6/index.m3u8
FSOG-003.许木学长.御为献还债,https://t33.cdn2020.com/video/m3u8/2022/06/30/8f96c2cc/index.m3u8
FSOG-002.粉.游戏洛丽塔,https://t33.cdn2020.com/video/m3u8/2022/06/30/751fbfbd/index.m3u8
FSOG-001.粉.夹粉嫩小学,https://fqm3u8.com/20241212/FUnn8qXZ/1100kb/hls/index.m3u8
QDOG-024.小敏儿.cos猫娘的小福利,https://t26.cdn2020.com/video/m3u8/2023/06/11/ade99078/index.m3u8
QDOG-023.樱桃.寂寞新娘上外卖小哥,https://t26.cdn2020.com/video/m3u8/2023/06/01/0c237d9f/index.m3u8
QDOG-022.小敏儿.熟睡的室,https://t33.cdn2020.com/video/m3u8/2023/05/28/eec6d32d/index.m3u8
QDOG-020.樱桃.蜗居小牛偿房租,https://t33.cdn2020.com/video/m3u8/2023/05/17/629ad920/index.m3u8
QDOG-018.小敏儿.反差萝莉睡前服务,https://t33.cdn2020.com/video/m3u8/2023/05/07/28c705fe/index.m3u8
QDOG-016.樱桃.外卖小仆,https://t33.cdn2020.com/video/m3u8/2023/04/25/105f0cdf/index.m3u8
QDOG-015.cola酱.的骑士,https://t33.cdn2020.com/video/m3u8/2023/04/24/b486ba76/index.m3u8
QDOG-014.冉冉学.172级品高跟御,https://t33.cdn2020.com/video/m3u8/2023/04/24/0b3488c3/index.m3u8
QDOG-013.楚留香.36D室,https://t33.cdn2020.com/video/m3u8/2023/04/14/fb60e263/index.m3u8
QDOG-012.小敏儿.旗袍装蜜桃臀尤物,https://t33.cdn2020.com/video/m3u8/2023/04/13/90a34e7c/index.m3u8
QDOG-011.楚留香.高172空服务,https://t33.cdn2020.com/video/m3u8/2023/04/06/6392d1e7/index.m3u8
QDOG-010.91兔兔.饥渴反差学生,https://t33.cdn2020.com/video/m3u8/2023/03/31/c0e00bff/index.m3u8
QDOG-009.cola酱.主动的,https://t33.cdn2020.com/video/m3u8/2023/03/24/5a915be3/index.m3u8
QDOG-008.cola酱.骑娇弱台,https://t33.cdn2020.com/video/m3u8/2023/02/16/81da0673/index.m3u8
QDOG-006.cola酱.最佳撸点纯享版,https://t33.cdn2020.com/video/m3u8/2023/02/01/fc73dd29/index.m3u8
QDOG-005.cola酱.除魔修的堕落仪式,https://t33.cdn2020.com/video/m3u8/2023/02/17/4cad783c/index.m3u8
QDOG-004.cola酱.圣诞的奇妙验,https://t33.cdn2020.com/video/m3u8/2023/02/17/1412617d/index.m3u8
QDOG-003.cola酱.被包养的足球宝贝,https://t33.cdn2020.com/video/m3u8/2023/02/17/0f5b1200/index.m3u8
QDOG-002.粉.户外挑战开车过程玩跳蛋x车震,https://t33.cdn2020.com/video/m3u8/2023/02/17/aaa25225/index.m3u8
QDOG-001.粉.粉佳的极品美,https://t33.cdn2020.com/video/m3u8/2022/12/08/3f45ec04/index.m3u8
DAD-034.小林杏.爸气十足EP50,https://t33.cdn2020.com/video/m3u8/2024/08/29/a79a7737/index.m3u8
DAD-033.橫井智美.爸气十足EP49,https://t33.cdn2020.com/video/m3u8/2024/04/14/effa850f/index.m3u8
DAD-032.齐藤丽.爸气十足EP48,https://t33.cdn2020.com/video/m3u8/2024/03/17/43dc850d/index.m3u8
DAD-028.金井莉央.爸气十足EP44,https://t26.cdn2020.com/video/m3u8/2023/11/25/09eb3e55/index.m3u8
DAD-027.小林瑤子.爸气十足EP43,https://t26.cdn2020.com/video/m3u8/2023/11/12/a5f9de34/index.m3u8
DAD-026.緒方かなえ.爸气十足EP42,https://t26.cdn2020.com/video/m3u8/2023/11/05/b61902d3/index.m3u8
DAD-023.青山ひかる.爸气十足EP39,https://t26.cdn2020.com/video/m3u8/2023/10/13/feb4a3e2/index.m3u8
DAD-020.上原桃.爸气十足EP36,https://t26.cdn2020.com/video/m3u8/2023/09/16/345442d2/index.m3u8
DAD-019.竹莉莉.爸气十足EP35,https://t26.cdn2020.com/video/m3u8/2023/09/09/b807dbc1/index.m3u8
DAD-018.室井优.爸气十足EP34,https://t26.cdn2020.com/video/m3u8/2023/09/02/ede00617/index.m3u8
DAD-015.爸气十足EP31,https://t26.cdn2020.com/video/m3u8/2023/08/07/123f2091/index.m3u8
DAD-013.爸气十足EP29,https://t26.cdn2020.com/video/m3u8/2023/07/23/6805b0b8/index.m3u8
DAD-012.冰室梨花.爸气十足EP28,https://t26.cdn2020.com/video/m3u8/2023/07/16/fd097c54/index.m3u8
DAD-007.爸气十足EP23,https://t33.cdn2020.com/video/m3u8/2023/05/14/dab7cb30/index.m3u8
DAD-006.爸气十足EP22,https://t33.cdn2020.com/video/m3u8/2023/05/07/282a067d/index.m3u8
DAD-005.美樱.爸气十足EP21,https://t33.cdn2020.com/video/m3u8/2023/04/24/fb45a013/index.m3u8
DAD-004.小日向花恋.爸气十足EP20,https://t33.cdn2020.com/video/m3u8/2023/04/11/18fc4940/index.m3u8
DAD-003.条莉.爸气十足EP19,https://t33.cdn2020.com/video/m3u8/2023/03/24/0bb402bd/index.m3u8
DAD-002.望月优奈.爸气十足EP18,https://t33.cdn2020.com/video/m3u8/2023/03/15/9d49a653/index.m3u8
DAD-001.浅尾美羽.爸气十足EP17,https://t33.cdn2020.com/video/m3u8/2023/02/23/555c89a4/index.m3u8
TZ-209.岡本もも.极上风俗侍奉,https://t33.cdn2020.com/video/m3u8/2026/03/05/cec3b7e2/index.m3u8
TZ-208.月野静.月野静的伊豆SEXY之旅,https://t33.cdn2020.com/video/m3u8/2026/02/21/ccafad39/index.m3u8
TZ-207.伊东濑.和日本甜的横滨着之旅,https://t33.cdn2020.com/video/m3u8/2026/02/13/be35ff8d/index.m3u8
TZ-205.七瀬恋.用陷阱夺走了的,https://t33.cdn2020.com/video/m3u8/2025/09/17/42451b1e/index.m3u8
TZ-204.伊藤小春.超痴射停不下来,https://t33.cdn2020.com/video/m3u8/2025/09/05/f0fff176/index.m3u8
TZ-203.井美咲.巨乱颤液横飞,https://t33.cdn2020.com/video/m3u8/2025/08/22/89ae1921/index.m3u8
TZ-202.Eren.混血少射到爽,https://t33.cdn2020.com/video/m3u8/2025/08/01/552d85d6/index.m3u8
TZ-181.樱花实录EP26.酒店幽会湿少,https://t33.cdn2020.com/video/m3u8/2025/01/08/676b8390/index.m3u8
TZ-180.樱花实录EP25.射少,https://t33.cdn2020.com/video/m3u8/2024/12/26/1d31cc8d/index.m3u8
TZ-179.樱花实录EP24.着少白虎美,https://t33.cdn2020.com/video/m3u8/2024/12/20/c13d3d51/index.m3u8
TZ-178.樱花实录EP23下.4P车轮战,https://t33.cdn2020.com/video/m3u8/2024/11/27/ebe24eaa/index.m3u8
TZ-178.樱花实录EP23上.4P激,https://t33.cdn2020.com/video/m3u8/2024/11/21/8c29adfa/index.m3u8
TZ-177.樱花实录EP22.4P乱交射,https://t33.cdn2020.com/video/m3u8/2024/11/14/a58b6a7e/index.m3u8
TZ-176.樱花实录EP21.地铁偶遇短裙JK,https://t33.cdn2020.com/video/m3u8/2024/11/07/8957b643/index.m3u8
TZ-175.伊藤小春.樱花实录EP20.射致樱花,https://t33.cdn2020.com/video/m3u8/2024/10/31/22fa7d38/index.m3u8
TZ-174.樱花实录EP19.射蒙面巨,https://t33.cdn2020.com/video/m3u8/2024/10/23/c540be37/index.m3u8
TZ-173.樱花实录EP18.射清纯少,https://t33.cdn2020.com/video/m3u8/2024/10/16/00382ab6/index.m3u8
TZ-172.樱花实录EP17.三P射,https://t33.cdn2020.com/video/m3u8/2024/10/09/18231401/index.m3u8
TZ-171.樱花实录EP16.陪酒拍摄初验,https://t33.cdn2020.com/video/m3u8/2024/10/03/eef65635/index.m3u8
TZ-170.樱花实录EP15.日本辣带回家,https://t33.cdn2020.com/video/m3u8/2024/09/26/fcec18b6/index.m3u8
TZ-169.樱花实录EP14.3P射白虎嫩,https://t33.cdn2020.com/video/m3u8/2024/09/19/dc568cbd/index.m3u8
TZ-168.樱花实录EP13.秘会,https://t33.cdn2020.com/video/m3u8/2024/09/13/b0d76e69/index.m3u8
TZ-167.野遥香.樱花实录EP12.短发辣无套射,https://t33.cdn2020.com/video/m3u8/2024/08/15/ea307a2e/index.m3u8
TZ-166.樱花实录EP11.浓厚,https://t33.cdn2020.com/video/m3u8/2024/08/08/773078da/index.m3u8
TZ-165.田奈奈.樱花实录EP10.酒店会,https://t33.cdn2020.com/video/m3u8/2024/08/01/4993fa27/index.m3u8
TZ-164.樱花实录EP9.纯少3P,https://t33.cdn2020.com/video/m3u8/2024/07/26/dd08ad41/index.m3u8
TZ-163.樱花实录EP8.JK少双飞记,https://t33.cdn2020.com/video/m3u8/2024/07/19/e2dbfd4f/index.m3u8
TZ-162.NAMI.樱花实录EP7.仆4P作战,https://t33.cdn2020.com/video/m3u8/2024/07/11/1ae2f6c7/index.m3u8
TZ-161.KOYUKI.樱花实录EP6.4P岛国,https://t33.cdn2020.com/video/m3u8/2024/07/04/b6861746/index.m3u8
TZ-160.AIKO.樱花实录EP5.孕按摩3P,https://t33.cdn2020.com/video/m3u8/2024/06/29/16ffc0f1/index.m3u8
TZ-159.芹泽由纪.竹莉莉.闺蜜双飞带樱花回家,https://t33.cdn2020.com/video/m3u8/2024/06/21/cb3bd01e/index.m3u8
TZ-158.菅本有纪.深夜电车痴梦,https://t33.cdn2020.com/video/m3u8/2024/06/14/727a0855/index.m3u8
TZ-157.佐佐木野.樱花实录EP4.风俗上门面试,https://t33.cdn2020.com/video/m3u8/2024/06/07/fb0ffb57/index.m3u8
TZ-156.野遥香.樱花实录EP3.金发辣激,https://t33.cdn2020.com/video/m3u8/2024/05/30/86203981/index.m3u8
TZ-155.竹下麻衣.应召郎上门服务,https://t33.cdn2020.com/video/m3u8/2024/05/23/523be4ad/index.m3u8
TZ-154.七瀬恋.你的专属仆贴心的白嫩仆,https://t33.cdn2020.com/video/m3u8/2024/05/09/d1bb291a/index.m3u8
TZ-153.天音美纱.日本少VS欧美巨根,https://t33.cdn2020.com/video/m3u8/2024/05/03/52589b83/index.m3u8
TZ-152.竹下麻衣.樱花实录EP2.深夜搭讪少,https://t33.cdn2020.com/video/m3u8/2024/04/27/80f0e52c/index.m3u8
TZ-151.美腿巨3P战.双子兄弟,https://t33.cdn2020.com/video/m3u8/2024/04/17/5bc0345b/index.m3u8
TZ-150.芹泽由纪.日本少COSPLAY原神,https://t33.cdn2020.com/video/m3u8/2024/04/12/39f39551/index.m3u8
TZ-149.田奈奈.樱花实录EP1.处童贞毕业,https://t33.cdn2020.com/video/m3u8/2024/04/06/7d0f60bb/index.m3u8
TZ-148.南瑠奈.与混血的,https://6m7d1.cdnedge.live/file/avple-asserts/hls/66040e2c93385d2c0ab570a9/playlist.m3u8
TZ-147.北条玲香.和室潜入搜查官,https://l87ul1.cdnedge.live/file/avple-asserts/hls/6600cfcafe177e743527bb59/playlist.m3u8
TZ-146.菅本有纪.日本超美花魁.第一视角沉浸验,https://t33.cdn2020.com/video/m3u8/2024/03/13/644fe91b/index.m3u8
TZ-138.天音美纱.双子兄弟EP6.3P战巨根挑战,https://t26.cdn2020.com/video/m3u8/2024/01/17/ce79e7c8/index.m3u8
TZ-135.变态干爹的调教,https://t26.cdn2020.com/video/m3u8/2023/12/28/21f97787/index.m3u8
TZ-132.月野静.别墅潜入搜查官,https://t26.cdn2020.com/video/m3u8/2023/12/07/b396a801/index.m3u8
TZ-131.柚木诗.兔子按摩院EP7,https://t26.cdn2020.com/video/m3u8/2023/11/30/89903c6f/index.m3u8
TZ-129.室井优.新开发超纯学生,https://t26.cdn2020.com/video/m3u8/2023/11/18/0c81a1a1/index.m3u8
TZ-126-2.侣搭讪游戏(下) 不知道的秘,https://t26.cdn2020.com/video/m3u8/2023/10/27/9359a7ca/index.m3u8
TZ-125.真希波.南兰.全裸3P家族,https://t26.cdn2020.com/video/m3u8/2023/10/11/95d79fb2/index.m3u8
TZ-124.原圣子.职场法则 岛国神,https://t26.cdn2020.com/video/m3u8/2023/10/05/5f179317/index.m3u8
TZ-122.七濑恋.我们的定,https://t26.cdn2020.com/video/m3u8/2023/09/21/a4bbae4f/index.m3u8
TZ-120.绫波丽.优私生活公开,https://t26.cdn2020.com/video/m3u8/2023/09/06/51735be6/index.m3u8
TZ-119.石川律子.乱钢琴教师的私生活,https://t26.cdn2020.com/video/m3u8/2023/08/31/b677045c/index.m3u8
TZ-115.望月优奈.变态公公调教儿媳,https://t26.cdn2020.com/video/m3u8/2023/08/02/d8ef06e0/index.m3u8
TZ-114.天音美纱.户外特辑之岩洞荒野求,https://t26.cdn2020.com/video/m3u8/2023/07/19/37e7a6c0/index.m3u8
TZ-113.绫波丽.我的百变,https://t26.cdn2020.com/video/m3u8/2023/07/12/12126ee3/index.m3u8
TZ-112.原圣子.兔子按摩院EP6.国宝极K杯巨,https://t26.cdn2020.com/video/m3u8/2023/07/06/b716b22d/index.m3u8
TZ-111.羽月萌音.日式油按摩上门服务,https://t26.cdn2020.com/video/m3u8/2023/07/28/343c726a/index.m3u8
TZ-110.小岛凛.节巨儿,https://t26.cdn2020.com/video/m3u8/2023/06/16/b5d9fa65/index.m3u8
TZ-108.绫波丽.痴与植物丈夫,https://t26.cdn2020.com/video/m3u8/2023/05/28/930b2ffc/index.m3u8
TZ-106.条莉.节特别篇给儿子的礼物,https://t33.cdn2020.com/video/m3u8/2023/05/11/3b3e3761/index.m3u8
TZ-105.原圣子.岛国特泡泡浴EP4.K杯神美享受,https://t33.cdn2020.com/video/m3u8/2023/05/05/3114e7f0/index.m3u8
TZ-104.白石麻衣.兔子按摩院EP5.巨技师贴服务,https://t33.cdn2020.com/video/m3u8/2023/04/28/a3b52dfe/index.m3u8
TZ-103.真希波.酒醉捡回家EP4.寂寞OL深夜谈心,https://t33.cdn2020.com/video/m3u8/2023/04/21/87289463/index.m3u8
TZ-102.凌波丽.兔子按摩院EP4.颜值神激烈,https://t33.cdn2020.com/video/m3u8/2023/04/14/faeaed75/index.m3u8
TZ-101.美樱.突然袭击乱入3P,https://t33.cdn2020.com/video/m3u8/2023/04/07/c0d87b85/index.m3u8
TZ-099.浅尾美羽.春之夜与她一夜久难忘,https://t33.cdn2020.com/video/m3u8/2023/03/23/0266a92f/index.m3u8
TZ-098.增田枫.与的一天,https://t33.cdn2020.com/video/m3u8/2023/03/16/54d9ddc9/index.m3u8
TZ-097.香月怜.痴社长的玩物,https://t33.cdn2020.com/video/m3u8/2023/03/09/ae6abc66/index.m3u8
TZ-096.美樱.债偿,https://t33.cdn2020.com/video/m3u8/2023/02/26/de4ac4ca/index.m3u8
TZ-095.白石麻衣.兔子按摩院EP3.极品,https://t33.cdn2020.com/video/m3u8/2023/03/01/b6f1d675/index.m3u8
TZ-094.绫波丽.主播,https://t33.cdn2020.com/video/m3u8/2023/02/19/035f0516/index.m3u8
TZ-093.香月怜.好呻吟,https://t33.cdn2020.com/video/m3u8/2023/02/08/3bc2dbf8/index.m3u8
TZ-093.筱崎沙罗.好呻吟,https://t33.cdn2020.com/video/m3u8/2023/02/05/4af69bed/index.m3u8
TZ-092.真希波.学班花实录,https://t33.cdn2020.com/video/m3u8/2023/02/05/c9872abe/index.m3u8
TZ-091.天音美纱.岛国特泡泡浴EP3,https://t33.cdn2020.com/video/m3u8/2023/01/19/d4d85505/index.m3u8
TZ-090.明日香.兔子按摩院EP1.,https://t33.cdn2020.com/video/m3u8/2023/01/13/fe8d35ae/index.m3u8
TZ-089.樱井美里.爸气十足EP16.巨美的,https://t33.cdn2020.com/video/m3u8/2023/01/05/0a0096e0/index.m3u8
TZ-086.七原菜菜子.爸气十足EP15,https://t33.cdn2020.com/video/m3u8/2022/12/21/f5853d44/index.m3u8
TZ-085.绫波丽.给前的订婚礼物,https://t33.cdn2020.com/video/m3u8/2022/12/08/3f9936ee/index.m3u8
TZ-084.我的美国,https://t33.cdn2020.com/video/m3u8/2022/12/01/c8b177c5/index.m3u8
TZ-083.日本高生上门援交,https://t33.cdn2020.com/video/m3u8/2022/11/25/bfe0c227/index.m3u8
TZ-082.绫波丽.酒醉捡回家EP3.肆意玩弄巨OL,https://t33.cdn2020.com/video/m3u8/2022/11/17/a72c9fb8/index.m3u8
TZ-081.明日香.按摩院,https://t33.cdn2020.com/video/m3u8/2022/11/10/7fd9b04a/index.m3u8
TZ-080.天音美纱.爸气十足EP14.白虎巨细腰,https://t33.cdn2020.com/video/m3u8/2022/11/03/fea17fad/index.m3u8
TZ-079.七濑恋.空贴服务,https://t33.cdn2020.com/video/m3u8/2022/10/27/394b8c36/index.m3u8
TZ-078-02.我的机器.下篇,https://t33.cdn2020.com/video/m3u8/2022/10/20/47282dec/index.m3u8
TZ-078-01.我的机器.上篇,https://t33.cdn2020.com/video/m3u8/2022/10/13/61625046/index.m3u8
TZ-077.绫波丽.朋的幻想,https://t33.cdn2020.com/video/m3u8/2022/10/06/0ed2fe28/index.m3u8
TZ-076.望月优奈.海贼王REO同COSPLAY,https://t33.cdn2020.com/video/m3u8/2022/10/06/4ff17848/index.m3u8
TZ-075-02.绫波丽.秋团圆.下篇,https://t33.cdn2020.com/video/m3u8/2022/09/22/9dc817b0/index.m3u8
TZ-075-01.绫波丽.秋团圆.上篇,https://t33.cdn2020.com/video/m3u8/2022/09/15/58c01cf6/index.m3u8
TZ-074.望月优奈.恩我师从开始,https://t33.cdn2020.com/video/m3u8/2022/09/09/c7413052/index.m3u8
TZ-073.樱井美里.极致享受日式泡泡浴,https://t33.cdn2020.com/video/m3u8/2022/09/03/c60f71ba/index.m3u8
TZ-072.爸气十足EP13.会金发巨学生,https://t33.cdn2020.com/video/m3u8/2022/08/25/a7773b7b/index.m3u8
TZ-071.丽香.优面试现场实录.为求工作献导演,https://t33.cdn2020.com/video/m3u8/2022/08/20/70ea8d83/index.m3u8
TZ-070-EP4.桥本菜.真希波..滴滴打.直达高潮天堂的共乘之旅,https://t33.cdn2020.com/video/m3u8/2022/09/26/200cec66/index.m3u8
TZ-070-EP3.桥本菜.真希波..接受吧落败的飞,https://t33.cdn2020.com/video/m3u8/2022/09/19/116931a4/index.m3u8
TZ-070-EP2.桥本菜.真希波.终极惩罚.队接力.急速射交棒,https://t33.cdn2020.com/video/m3u8/2022/09/12/088f8bf5/index.m3u8
TZ-070-EP1.桥本菜.真希波..终极惩罚.落败者的4P激战,https://t33.cdn2020.com/video/m3u8/2022/09/04/f0f9efce/index.m3u8
TZ-069.七濑恋.养育之恩以相报,https://t33.cdn2020.com/video/m3u8/2021/01/13/a397bae2/index.m3u8
TZ-068.绫波丽.湿夜,https://t33.cdn2020.com/video/m3u8/2022/08/07/dcf22a61/index.m3u8
TZ-067.绫波丽.爸气十足EP12,https://t33.cdn2020.com/video/m3u8/2022/07/28/197f4133/index.m3u8
TZ-066.橘美也.好挑战赛,https://t33.cdn2020.com/video/m3u8/2022/07/21/4128236c/index.m3u8
TZ-065.野惠子.替夫还债,https://t33.cdn2020.com/video/m3u8/2022/07/15/d54c6824/index.m3u8
TZ-064.酒井.酒醉捡回家EP2,https://t33.cdn2020.com/video/m3u8/2022/07/07/7a0b53a5/index.m3u8
TZ-063.绫波丽.机初验,https://t33.cdn2020.com/video/m3u8/2022/07/01/3ab12848/index.m3u8
TZ-062-02.樱井美里.两天一夜持续侵犯.后篇,https://t33.cdn2020.com/video/m3u8/2022/06/23/3fc909a7/index.m3u8
TZ-062-01.樱井美里.两天一夜持续侵犯.前篇,https://t33.cdn2020.com/video/m3u8/2022/06/16/3adfa17f/index.m3u8
TZ-061.明日香.上门按摩东瀛,https://t33.cdn2020.com/video/m3u8/2022/06/09/defd27ee/index.m3u8
TZ-058.绫波丽.土下座痴OL.奉仕谢罪,https://t26.cdn2020.com/video/m3u8/2022/05/20/3e1dc57f/index.m3u8
TZ-050.明日香.东京故事EP8.蒙眼手铐3P,https://t26.cdn2020.com/video/m3u8/2022/03/15/682ecb24/index.m3u8
TZ-048.明日香.樱井美里.痴3P后篇.激榨,https://t26.cdn2020.com/video/m3u8/2022/03/10/1cf2f450/index.m3u8
TZ-046.羽月萌音.街头搭讪小猫,https://t26.cdn2020.com/video/m3u8/2022/02/23/5edf380e/index.m3u8
TZ-045.明日香.东京故事EP6.机虽好不如,https://t26.cdn2020.com/video/m3u8/2022/02/17/de20e672/index.m3u8
TZ-044.明日香.东京故事EP5.意乱发,https://t26.cdn2020.com/video/m3u8/2022/02/10/b6d5bced/index.m3u8
TZ-042.樱井美里.过年前篇.巨领红包,https://t26.cdn2020.com/video/m3u8/2022/02/07/0c7f8933/index.m3u8
TZ-041.野惠子.岛国仆为你服务,https://t26.cdn2020.com/video/m3u8/2022/01/20/cfb723db/index.m3u8
TZ-040.双子兄弟EP4.巨少疯狂榨,https://t26.cdn2020.com/video/m3u8/2022/01/13/081d936c/index.m3u8
TZ-029.宫泽蓝.双子兄弟EP3.王求不满,https://t33.cdn2020.com/video/m3u8/2021/11/11/61c3e350/index.m3u8
PS035.青木零.雨天搭讪岛国,https://t26.cdn2020.com/video/m3u8/2023/12/24/3bdfb1fa/index.m3u8
PS031.板仓宁宁.留学少网吧,https://t26.cdn2020.com/video/m3u8/2023/11/01/1e900907/index.m3u8
PS030.田香.搭讪失恋少邻居,https://t33.cdn2020.com/video/m3u8/2023/05/03/5be30355/index.m3u8
PS029.齐藤丽.咖啡店搭讪温柔,https://t33.cdn2020.com/video/m3u8/2023/04/18/a703c32c/index.m3u8
PS028.小熊汐里.深夜家少带回家,https://t33.cdn2020.com/video/m3u8/2023/04/02/ab426671/index.m3u8
PS027.秋山理惠.初验日本会软件,https://t33.cdn2020.com/video/m3u8/2023/03/10/a8a3cdf2/index.m3u8
PS026.柚木诗.阪远征关西少指导,https://t33.cdn2020.com/video/m3u8/2023/02/13/01fe2c66/index.m3u8
PS025.筱崎沙罗.我的外国冤种兄弟4P作战,https://t33.cdn2020.com/video/m3u8/2023/01/13/bde6dc85/index.m3u8
PS023.桥本菜.搭讪传单打工,https://t33.cdn2020.com/video/m3u8/2022/12/17/39c3284f/index.m3u8
PS022.天音美纱.飞镖店搭讪美少,https://t33.cdn2020.com/video/m3u8/2022/12/09/52cf4cfc/index.m3u8
PS021.冰室梨花.技师上门服务,https://t33.cdn2020.com/video/m3u8/2022/12/04/d7f3c5a4/index.m3u8
PS020.南兰.车站搭讪金发辣,https://t33.cdn2020.com/video/m3u8/2022/11/26/0ddf691f/index.m3u8
PS019.吉冈双叶.S极神舌连续榨,https://t33.cdn2020.com/video/m3u8/2022/11/18/da19589c/index.m3u8
PS018.七原菜菜子.见超学生,https://t33.cdn2020.com/video/m3u8/2022/11/11/472f74b4/index.m3u8
PS017.条莉.激3P巨家政,https://t33.cdn2020.com/video/m3u8/2022/11/08/95f1a25c/index.m3u8
PS016.莫奈.保时捷美修车记,https://t33.cdn2020.com/video/m3u8/2022/10/29/5f43a69c/index.m3u8
PS015.小泽丽.搭讪混血兔郎,https://t33.cdn2020.com/video/m3u8/2022/10/21/68a4f7ef/index.m3u8
PS014.高岛薰.遭遇调教王,https://t33.cdn2020.com/video/m3u8/2022/10/16/a95b9c0e/index.m3u8
PS013.藤田美绪.搭讪风邻居,https://t33.cdn2020.com/video/m3u8/2022/10/08/7f62c79e/index.m3u8
PS012.椎名未央.求不满上门求,https://t33.cdn2020.com/video/m3u8/2022/10/01/b49f0bc6/index.m3u8
PS011.濑户杏奈.上门服务童贞毕业,https://t33.cdn2020.com/video/m3u8/2022/09/25/50b68110/index.m3u8
PS009.浅尾美羽.搭讪清纯高生,https://t33.cdn2020.com/video/m3u8/2022/09/10/b3b3ae52/index.m3u8
PS008.绫波丽.搭讪最美神,https://t33.cdn2020.com/video/m3u8/2022/09/03/aaed3a9e/index.m3u8
PS007.浅仓静香.搭讪巨美少,https://t33.cdn2020.com/video/m3u8/2022/08/26/26479221/index.m3u8
PS005.竹下麻衣.搭讪纹学生,https://t33.cdn2020.com/video/m3u8/2022/08/14/dfd989c8/index.m3u8
PS004.神谷怜.街头搭讪酒后少,https://t33.cdn2020.com/video/m3u8/2022/07/25/4aa05fbb/index.m3u8
PS003.铃木美樱.海边搭讪多高生,https://t33.cdn2020.com/video/m3u8/2022/07/15/fcd2e462/index.m3u8
PS002.七濑恋.搭讪早稻田学生,https://t33.cdn2020.com/video/m3u8/2022/07/01/834908c0/index.m3u8
PS001.真希波.搭讪20岁日本辣,https://t33.cdn2020.com/video/m3u8/2022/06/17/3f7bea72/index.m3u8
兔子先生.樱井美里.日本金莲领我回家.万圣节紧急企画,https://t33.cdn2020.com/video/m3u8/2021/10/31/c30062bc/index.m3u8
JDKR052.青木澪.与阪网奔现东京酒店,https://t26.cdn2020.com/video/m3u8/2024/01/24/f5a0f5c4/index.m3u8
JDKR034.寂寞的失恋学,https://t26.cdn2020.com/video/m3u8/2023/06/27/6d377cdc/index.m3u8
JDKR033.学告白,https://t26.cdn2020.com/video/m3u8/2023/06/25/d017a3a5/index.m3u8
JDKR031.安西梦.抗日奇侠.借住同事,https://t33.cdn2020.com/video/m3u8/2023/04/18/24a35541/index.m3u8
JDKR030.香月怜.抗日.我的家庭健教练,https://t33.cdn2020.com/video/m3u8/2023/04/14/3a8ccd5d/index.m3u8
JDKR029.小熊汐里.东抗日.配对软件爸爸活,https://t33.cdn2020.com/video/m3u8/2023/04/13/92544c1d/index.m3u8
JDKR028.相泽优奈.抗日奇侠.前求复合被,https://t33.cdn2020.com/video/m3u8/2023/04/09/3c52244f/index.m3u8
JDKR027.神谷怜.抗日奇侠.自慰室,https://t33.cdn2020.com/video/m3u8/2023/03/29/f1bf91cb/index.m3u8
JDKR026.抗日奇侠.醉酒同事,https://t33.cdn2020.com/video/m3u8/2023/03/25/91305712/index.m3u8
JDKR024.桥本菜.抗日奇侠.拍前,https://t33.cdn2020.com/video/m3u8/2023/03/22/8b22f1de/index.m3u8
JDKR023.抗日奇侠.停上门服务,https://t33.cdn2020.com/video/m3u8/2023/04/09/4947b019/index.m3u8
JDKR022.明步奈.抗日奇侠.上门油按摩,https://t33.cdn2020.com/video/m3u8/2023/04/06/68efd191/index.m3u8
JDKR021.抗日奇侠.怒邻居老,https://t33.cdn2020.com/video/m3u8/2023/04/02/0505e834/index.m3u8
JDKR020.抗日奇侠.阪见网,https://t33.cdn2020.com/video/m3u8/2023/03/31/b5fdb393/index.m3u8
JDKR019.天音美纱.抗日奇侠.诱房客,https://t33.cdn2020.com/video/m3u8/2023/03/19/75a140fc/index.m3u8
JDKR018.七濑恋.抗日奇侠.仆专门店验,https://t33.cdn2020.com/video/m3u8/2023/03/16/928ed1b0/index.m3u8
JDKR017.吉冈双叶.抗日奇侠.交专门店,https://t33.cdn2020.com/video/m3u8/2023/03/14/11073147/index.m3u8
JDKR016.南兰.抗日奇侠.教日本学文,https://t33.cdn2020.com/video/m3u8/2023/03/12/a2404845/index.m3u8
JDKR015.金井莉央.抗日.推特网,https://t33.cdn2020.com/video/m3u8/2023/03/09/9ee39ca8/index.m3u8
JDKR013.增田枫.抗日.媚家政,https://t33.cdn2020.com/video/m3u8/2023/03/06/6864b712/index.m3u8
JDKR012.本桥香澄.抗日.爸爸活,https://t33.cdn2020.com/video/m3u8/2023/03/06/46618a18/index.m3u8
JDKR011.藤谷麻里奈.趣风俗店,https://t33.cdn2020.com/video/m3u8/2023/02/28/3e961e5e/index.m3u8
JDKR005.冰室梨花.我射了我的日语语老师,https://t33.cdn2020.com/video/m3u8/2022/11/18/d35c2c74/index.m3u8
JDKR004.望月优奈.抗日奇侠.NO4.忘记交电费的邻居,https://t33.cdn2020.com/video/m3u8/2022/11/15/eaf2a55b/index.m3u8
JDKR003.抗日奇侠.NO3.私拍日本单纯的白虎嫩,https://t33.cdn2020.com/video/m3u8/2022/11/10/059ab604/index.m3u8
JDKR001.藤田美绪.抗日奇侠.NO1.我射了日本丰韵的兼职,https://t33.cdn2020.com/video/m3u8/2022/11/09/04c1456c/index.m3u8
JDXYX037.黎芷萱.高傲上司被下属,https://t26.cdn2020.com/video/m3u8/2023/12/22/0325a5c5/index.m3u8
JDXYX030.芹泽由纪 临时借宿的小婊,https://t26.cdn2020.com/video/m3u8/2023/12/16/2375bf00/index.m3u8
JDXYX028.香月怜.帮我的处朋子,https://t26.cdn2020.com/video/m3u8/2023/11/08/3ad1eb46/index.m3u8
JDXYX027.林思妤.处的搭讪计划,https://t33.cdn2020.com/video/m3u8/2023/01/29/fe0d89b2/index.m3u8
JDXYX026.小婕.叛徒神器.货只在神器,https://t33.cdn2020.com/video/m3u8/2023/01/27/058929c7/index.m3u8
JDXYX025.相泽悠奈.帮同学课后补习,https://t33.cdn2020.com/video/m3u8/2022/11/29/823f53fd/index.m3u8
JDXYX024.坏坏.老师帮帮我,https://t33.cdn2020.com/video/m3u8/2022/12/01/98aef966/index.m3u8
JDXYX023.夕慈.清纯巨同学帮我破处,https://t33.cdn2020.com/video/m3u8/2022/11/26/46e3c266/index.m3u8
JDXYX022.昀希.货OL用纾解,https://t33.cdn2020.com/video/m3u8/2022/11/25/49abb18f/index.m3u8
JDXYX021.真希波.安慰酒醉好,https://t33.cdn2020.com/video/m3u8/2022/11/23/d610ea33/index.m3u8
JDXYX020.南兰.诱导师,https://t33.cdn2020.com/video/m3u8/2022/11/19/e1313210/index.m3u8
JDXYX019.七濑恋.我的专属仆,https://t33.cdn2020.com/video/m3u8/2022/11/10/fc1cfe86/index.m3u8
JDXYX018.七原菜菜子.鬼侵犯儿,https://t33.cdn2020.com/video/m3u8/2022/11/09/e13ffc11/index.m3u8
JDXYX017.冰室梨花.霸道的迫日常,https://t33.cdn2020.com/video/m3u8/2022/11/09/fe245f12/index.m3u8
JDXYX016.玥玥.远房戚的不伦,https://t33.cdn2020.com/video/m3u8/2022/11/08/a28aa5e6/index.m3u8
JDXYX015.林思妤.小资缴不房租被房东侵犯,https://t33.cdn2020.com/video/m3u8/2022/11/03/d01f9a11/index.m3u8
JDXYX014.汁汁.陪酒郎,https://t33.cdn2020.com/video/m3u8/2022/09/19/d73472fa/index.m3u8
JDXYX012.王白富美,https://t33.cdn2020.com/video/m3u8/2022/09/12/5cf97a12/index.m3u8
JDXYX011.斑斑.变态病患护士,https://t33.cdn2020.com/video/m3u8/2022/09/12/a76ebf58/index.m3u8
JDXYX010.白沛瑶.棒债狠裸贷少,https://t33.cdn2020.com/video/m3u8/2022/09/12/0648109f/index.m3u8
JDXYX009.林可晴.看黄片受不了竟泄,https://t33.cdn2020.com/video/m3u8/2022/09/12/a8977abd/index.m3u8
JDXYX008.吴文淇.裸模特被上到高潮,https://t33.cdn2020.com/video/m3u8/2022/09/12/4ec63c2a/index.m3u8
JDXYX007.坏坏.NTR小厨娘,https://t33.cdn2020.com/video/m3u8/2022/09/04/bb287df1/index.m3u8
JDXYX006.林可晴.激多会,https://t33.cdn2020.com/video/m3u8/2022/09/04/47d1b4f0/index.m3u8
JDXYX005.小日向花恋.同城会学生,https://t33.cdn2020.com/video/m3u8/2022/08/23/f06460ea/index.m3u8
JDXYX004.长谷川.线下哟啪仆,https://t33.cdn2020.com/video/m3u8/2022/08/20/94190c7e/index.m3u8
JDXYX003.清洛.帽偶遇前,https://t33.cdn2020.com/video/m3u8/2022/08/23/fe4bc17b/index.m3u8
JDXYX002.小影.下班后的财务变郎,https://t33.cdn2020.com/video/m3u8/2022/07/27/458d05fd/index.m3u8
JDXYX001.兔小白.火舞战术士反被,https://t33.cdn2020.com/video/m3u8/2022/07/25/fe5598e8/index.m3u8
JDYP042.林思妤.啪HOT到家,https://t33.cdn2020.com/video/m3u8/2022/09/19/c11321f5/index.m3u8
JDYP041.坏坏.双向补充蛋白质,https://t33.cdn2020.com/video/m3u8/2022/09/19/bb0c6d8b/index.m3u8
JDYP040.七濑恋.哟啪游戏陪玩,https://t33.cdn2020.com/video/m3u8/2022/09/14/0cd286db/index.m3u8
JDYP039.冬月结衣.啪优教学,https://t33.cdn2020.com/video/m3u8/2022/09/12/fb20267a/index.m3u8
JDYP038.真希波.啪瑜伽教练,https://t33.cdn2020.com/video/m3u8/2022/09/04/57de82eb/index.m3u8
JDYP037.林思妤.啪AV优梦想成真,https://t33.cdn2020.com/video/m3u8/2022/09/04/14254793/index.m3u8
JDYP036.陆斑比.叙旧表啪兼职,https://t33.cdn2020.com/video/m3u8/2022/09/03/3f19b28f/index.m3u8
JDYP035.望月优奈.啪衣设计师,https://t33.cdn2020.com/video/m3u8/2022/09/03/fe236058/index.m3u8
JDYP034.神谷怜.啪美术老师,https://t33.cdn2020.com/video/m3u8/2022/08/31/bdac90ac/index.m3u8
JDYP033.小泽丽.啪桌球,https://t33.cdn2020.com/video/m3u8/2022/08/30/be31a39e/index.m3u8
JDYP032.凌波丽.啪网红,https://t33.cdn2020.com/video/m3u8/2022/07/31/4e21c24e/index.m3u8
JDYP031.竹下麻衣.啪老师,https://t33.cdn2020.com/video/m3u8/2022/08/23/b12cdec5/index.m3u8
JDYP030.神谷怜.啪学生,https://t33.cdn2020.com/video/m3u8/2022/08/23/a31c054f/index.m3u8
JDYP029.娜娜.啪前,https://t33.cdn2020.com/video/m3u8/2022/08/23/be3a8d22/index.m3u8
JDYP028.高岛薰.哟啪上司,https://t33.cdn2020.com/video/m3u8/2022/07/18/00503cf9/index.m3u8
JJDYP026.小影.销售的第二工作,https://t33.cdn2020.com/video/m3u8/2022/07/15/7d24f7ff/index.m3u8
JDYP025.清洛.因啪而开挂的生2,https://t33.cdn2020.com/video/m3u8/2022/08/23/febe891b/index.m3u8
JDYP024.吉吉.相KTV,https://t33.cdn2020.com/video/m3u8/2022/07/12/ea19b068/index.m3u8
JDYP023.米娅.厨房,https://t33.cdn2020.com/video/m3u8/2022/07/11/0642a15f/index.m3u8
JDYP022.Aida.运之才,https://t33.cdn2020.com/video/m3u8/2022/07/07/afe67852/index.m3u8
JDYP021.吉吉.台球助教,https://t33.cdn2020.com/video/m3u8/2022/07/06/e7a09bb5/index.m3u8
JDYP020.清洛.因啪而开挂的生1,https://t33.cdn2020.com/video/m3u8/2022/07/05/351adc75/index.m3u8
JDYP019.米娅.冒牌啪,https://t33.cdn2020.com/video/m3u8/2022/07/05/8e21524a/index.m3u8
JDYP018.雨妍.白领为客户啪子,https://t33.cdn2020.com/video/m3u8/2022/07/05/49a9dc94/index.m3u8
JDYP017.吉吉.总裁上啪求刺激,https://t33.cdn2020.com/video/m3u8/2022/07/01/242fcefb/index.m3u8
JDYP016.KK.桃家政,https://t33.cdn2020.com/video/m3u8/2022/06/30/90bfc2e4/index.m3u8
JDYP015.清洛.啪代驾,https://t33.cdn2020.com/video/m3u8/2022/06/28/e745c06e/index.m3u8
JDYP014.米娅.,https://t33.cdn2020.com/video/m3u8/2022/06/25/e38c697a/index.m3u8
JDYP013.奈奈.边玩游戏边啪,https://t33.cdn2020.com/video/m3u8/2022/06/23/b6e68839/index.m3u8
JDYP012.吉吉.前任一哭现任未必输,https://t33.cdn2020.com/video/m3u8/2022/06/21/708ad082/index.m3u8
JDYP011.米娅.机啪嫩搐,https://t33.cdn2020.com/video/m3u8/2022/07/01/f3818435/index.m3u8
JDYP010.吉吉.侣啪考验,https://t33.cdn2020.com/video/m3u8/2022/06/16/0920f0b9/index.m3u8
JDYP009.KK.纪实司机啪嫩模,https://t33.cdn2020.com/video/m3u8/2022/06/17/e31152e6/index.m3u8
JDYP008.安安.子帮丈夫,https://t33.cdn2020.com/video/m3u8/2022/06/09/8984ddd5/index.m3u8
JDYP007.Aida.农民工啪小嫩,https://t33.cdn2020.com/video/m3u8/2022/06/05/1a58872a/index.m3u8
JDYP004.米娅.啪到了,https://t26.cdn2020.com/video/m3u8/2022/05/28/0339ce39/index.m3u8
JD150.苡若.十三号星期五.杰森02,https://t33.cdn2020.com/video/m3u8/2023/05/18/e95e469e/index.m3u8
JD149.苡若.十三号星期五.杰森01,https://t33.cdn2020.com/video/m3u8/2023/05/13/26a0e2c1/index.m3u8
JD148.心萱.就算被老公发现也没关系.我和公公是真,https://t33.cdn2020.com/video/m3u8/2023/05/10/2c10c9be/index.m3u8
JD147.可菲.新娘结婚日让新郎戴帽,https://t33.cdn2020.com/video/m3u8/2023/04/29/4ecf27a8/index.m3u8
JD146.晨曦.超级电脑工具02,https://t33.cdn2020.com/video/m3u8/2023/04/28/2081b625/index.m3u8
JD144.香月怜.冲绳旅行.下集,https://t33.cdn2020.com/video/m3u8/2023/04/20/2168b8a6/index.m3u8
JD143.MOMO.童子军在捷运失去童子,https://t33.cdn2020.com/video/m3u8/2023/04/18/4a3de4f0/index.m3u8
JD142.晨曦.超级电脑工具01,https://t33.cdn2020.com/video/m3u8/2023/04/18/23f91fd4/index.m3u8
JD141.香月怜.冲绳旅行.上集,https://t33.cdn2020.com/video/m3u8/2023/04/09/5bc70b69/index.m3u8
JD140.昀希.欢乐小丑的幻想02,https://t33.cdn2020.com/video/m3u8/2023/04/09/320b3f96/index.m3u8
JD139.心萱.世界末日前夕的最后,https://t33.cdn2020.com/video/m3u8/2023/04/02/6392e284/index.m3u8
JD138.心萱.确诊了还是想做,https://t33.cdn2020.com/video/m3u8/2023/03/31/ef942b2c/index.m3u8
JD137.昀希.欢乐小丑的幻想01,https://t33.cdn2020.com/video/m3u8/2023/03/27/93ddb7de/index.m3u8
JD136.心萱.好想征服我那霸道的朋,https://t33.cdn2020.com/video/m3u8/2023/03/19/10917196/index.m3u8
JD135.坏坏.宠服侍刚下班的老,https://t33.cdn2020.com/video/m3u8/2023/03/12/10b6b09e/index.m3u8
JD134.心萱.夺回秋雅,https://t33.cdn2020.com/video/m3u8/2023/01/16/e24a91ad/index.m3u8
JD133.小雪.实习生的抉择,https://t33.cdn2020.com/video/m3u8/2022/12/01/7649638b/index.m3u8
JD132.汁汁.的叹息,https://t33.cdn2020.com/video/m3u8/2022/09/19/8f160f78/index.m3u8
JD131.樱井美里.浅尾美羽.江之岛恋(下),https://t33.cdn2020.com/video/m3u8/2022/07/27/c3d050cc/index.m3u8
JD130.桥本菜.真希波.藤田美绪.高桥熏.夜勤病栋(下),https://t33.cdn2020.com/video/m3u8/2022/06/19/5580662c/index.m3u8
JD129.樱井美里.浅尾美羽.江之岛恋(上),https://t33.cdn2020.com/video/m3u8/2022/07/18/dca25287/index.m3u8
JD128.吉吉.麻辣教师GTO,https://t33.cdn2020.com/video/m3u8/2022/07/31/cac99c1f/index.m3u8
JD127.樱井美里.圣地巡礼之搭讪波霸,https://t33.cdn2020.com/video/m3u8/2022/06/30/8dd79fe3/index.m3u8
JD126.七濑恋.怦然心动的小,https://t33.cdn2020.com/video/m3u8/2022/06/22/14d48528/index.m3u8
JD125.米娅.复仇者联盟.神奇侠VS美国队长,https://t33.cdn2020.com/video/m3u8/2022/06/13/80727673/index.m3u8
JD124.Aida.美少被美容师套路,https://t33.cdn2020.com/video/m3u8/2022/06/13/5428b839/index.m3u8
JD123.射表.悄悄上了喜裸睡表的床,https://t33.cdn2020.com/video/m3u8/2022/06/09/a4d7884f/index.m3u8
JD122.桥本菜.真希波.藤田美绪.高桥熏.夜勤病栋(上),https://t33.cdn2020.com/video/m3u8/2022/06/05/e3e65202/index.m3u8
JD121.桥本菜.子轮啪家庭教师,https://t33.cdn2020.com/video/m3u8/2022/06/04/f18193c3/index.m3u8
JD120.优优.你是我的眼之为献,https://t26.cdn2020.com/video/m3u8/2022/06/01/fdb0b2b4/index.m3u8
JD119.苏小小.隐退作品.你是我的眼,https://t33.cdn2020.com/video/m3u8/2022/06/04/fbc6deb2/index.m3u8
JD116.欣欣.闷求不满3,https://t26.cdn2020.com/video/m3u8/2022/05/25/5bef3e8e/index.m3u8
JD107.王晶晶.我的是,https://t33.cdn2020.com/video/m3u8/2022/08/11/670d3f22/index.m3u8
JD105.董欣.东按摩院.第一称视角带你临其境受极致验,https://t26.cdn2020.com/video/m3u8/2022/04/15/0ded9797/index.m3u8
JD101.我的是,https://pg2z71.cdnedge.live/file/avple-asserts/hls/63e4ee7372d51e77e837515b/playlist.m3u8
JD100.苏小小.疫无间有,https://t26.cdn2020.com/video/m3u8/2021/12/26/505a7365/index.m3u8
JD096.张晴.闷求不满2,https://t26.cdn2020.com/video/m3u8/2022/03/13/5f464ee9/index.m3u8
JD095.芳芳.我的老公在乌克兰.闷借酒消愁,https://t26.cdn2020.com/video/m3u8/2022/03/12/cec61966/index.m3u8
JD093.绫波丽.街头搭讪岛国美.自慰高潮主动求,https://t26.cdn2020.com/video/m3u8/2022/03/02/5da2d0a8/index.m3u8
JD089.萧悦儿.万万没想到之魔法少,https://t26.cdn2020.com/video/m3u8/2021/12/19/6c8b7a2f/index.m3u8
JD087.小舞.空阿莲的合租生活,https://t26.cdn2020.com/video/m3u8/2021/12/14/70aea41b/index.m3u8
JD084.林凤娇.逆袭之农民工,https://t26.cdn2020.com/video/m3u8/2021/12/02/34db055d/index.m3u8
JD081.辣辣.小鹿.吸九尾狐,https://t26.cdn2020.com/video/m3u8/2021/11/21/a56fabb0/index.m3u8
JD078.王小思.闷求不满.制服调教,https://t33.cdn2020.com/video/m3u8/2021/11/15/837baaaf/index.m3u8
JD077.张晴.道心,https://t33.cdn2020.com/video/m3u8/2021/11/13/14ffd03b/index.m3u8
JD076.可可.我是帽奴,https://t33.cdn2020.com/video/m3u8/2021/11/11/f4ba3946/index.m3u8
JD075.梁如意.美丽的儿媳.儿子不行就让我这公公满足你,https://t33.cdn2020.com/video/m3u8/2021/11/07/6c34d96c/index.m3u8
JD074.夏夏.美丽的继,https://t33.cdn2020.com/video/m3u8/2021/11/04/9dfa315a/index.m3u8
JD073.巨调教嫩.3P无套射后入,https://t33.cdn2020.com/video/m3u8/2021/10/31/10665b8a/index.m3u8
JD072.小白.金瓶梅.西门官奴家还要,https://t33.cdn2020.com/video/m3u8/2021/10/30/d9f6e2bb/index.m3u8
JD071.小美.咒怨之诅咒之家,https://t33.cdn2020.com/video/m3u8/2021/10/22/c90c9fcf/index.m3u8
JD070.克莱儿.万万没想到之白蛇传,https://t33.cdn2020.com/video/m3u8/2021/10/02/8a0dfe62/index.m3u8
JD069.上学生的.当美遇上渣老师,https://t33.cdn2020.com/video/m3u8/2021/09/30/836eb99d/index.m3u8
JD068.晓晓.Summer.赤裸特工,https://t33.cdn2020.com/video/m3u8/2021/10/17/cd2d8158/index.m3u8
JD067.小敏.小楠.上错花轿嫁对郎(下),https://t33.cdn2020.com/video/m3u8/2021/10/14/363040d1/index.m3u8
JD066.小楠.上错花轿嫁对郎(上),https://t33.cdn2020.com/video/m3u8/2021/09/28/1bee93b7/index.m3u8
JD065.布玛.囡囡.东北往事之白虎,https://t33.cdn2020.com/video/m3u8/2021/09/27/98c5d218/index.m3u8
JD064.杨思敏.嫦娥奔月.但愿长久千里共婵娟,https://t33.cdn2020.com/video/m3u8/2021/09/23/58df1fec/index.m3u8
JD063.乐乐.健,https://t33.cdn2020.com/video/m3u8/2021/09/25/7bd55242/index.m3u8
JD062.林雨露.东北往事之仙跳,https://t33.cdn2020.com/video/m3u8/2021/09/21/209a56a3/index.m3u8
JD061.囡囡.东北往事之风云,https://t33.cdn2020.com/video/m3u8/2021/09/19/ed5b849e/index.m3u8
JD060.知画.兄弟的老之,https://t33.cdn2020.com/video/m3u8/2021/09/15/c3993c5a/index.m3u8
JD059.杨思敏.百万交易.当你有钱时我的心里已经住着别,https://t33.cdn2020.com/video/m3u8/2021/09/12/d521106a/index.m3u8
JD058.囡囡.知画.邻家之隔壁张叔给我破处,https://t33.cdn2020.com/video/m3u8/2021/09/07/50e31fd9/index.m3u8
JD057.夏天.我的茶,https://t33.cdn2020.com/video/m3u8/2021/09/05/4299e70d/index.m3u8
JD056.真子丹面试粉,https://t33.cdn2020.com/video/m3u8/2021/08/31/cd70c10e/index.m3u8
JD055.凌雨萱.道风云之吃,https://t33.cdn2020.com/video/m3u8/2021/08/28/5a092b4b/index.m3u8
JD053.许诺.团之类高质量相记,https://t26.cdn2020.com/video/m3u8/2021/08/18/e318b697/index.m3u8
JD048.秋霞.少为救老公.诱王局长,https://t26.cdn2020.com/video/m3u8/2021/08/09/db8c9ec4/index.m3u8
JD047.克莱儿.百变神克莱尔.我的老师为何这么好看,https://t26.cdn2020.com/video/m3u8/2021/08/06/8b4720e4/index.m3u8
JD046.凌雨萱.原始社会好.美考古博士梦回石器时代,https://t26.cdn2020.com/video/m3u8/2021/08/05/c3e069ef/index.m3u8
JD044.克莱儿.诱ID.多重格为而,https://t26.cdn2020.com/video/m3u8/2021/07/30/fec11c5e/index.m3u8
JD043.秋霞.团有你之子图鉴.风尘子从良再下海,https://t26.cdn2020.com/video/m3u8/2021/07/29/dd11ae5a/index.m3u8
JD040.艾咪.克莱儿.找替.鬼化租客,https://t33.cdn2020.com/video/m3u8/2021/07/18/35fc4d31/index.m3u8
JD039.雪见.爸爸谢谢你收养我,https://t33.cdn2020.com/video/m3u8/2021/07/10/224efe31/index.m3u8
JD038.玲珑.雪见.雪卉.苏小小,https://t33.cdn2020.com/video/m3u8/2021/07/04/174b39a1/index.m3u8
JD036.雪见.倚天屠龙记,https://t33.cdn2020.com/video/m3u8/2021/06/26/353a4cb3/index.m3u8
JD035.苏小小.我的学生时代,https://t33.cdn2020.com/video/m3u8/2021/06/21/f3b838ff/index.m3u8
JD034.苏小小.雪卉.借种.两气神.双飞验轮番射,https://t33.cdn2020.com/video/m3u8/2021/06/15/78ee0782/index.m3u8
JD033.雪卉.天龙八部之逍遥圣,https://t33.cdn2020.com/video/m3u8/2021/06/10/c2c29fb8/index.m3u8
JD032.秦可欣.草莓味ㄦ林家小,https://t33.cdn2020.com/video/m3u8/2021/05/28/5df7449d/index.m3u8
JD031.苏小小.轨的子,https://t33.cdn2020.com/video/m3u8/2021/06/05/3b589214/index.m3u8
JD030.胡蓉蓉.唐昕怡.叶梦语.球战,https://t33.cdn2020.com/video/m3u8/2021/05/31/2bd92221/index.m3u8
JD029.苏小小.间谍7号,https://t33.cdn2020.com/video/m3u8/2021/05/23/8b3e033a/index.m3u8
JD028.胡蓉蓉.西取之儿国,https://t33.cdn2020.com/video/m3u8/2021/05/13/06f565f4/index.m3u8
JD027.苏小小.神雕侠侣,https://t33.cdn2020.com/video/m3u8/2021/05/21/8effedc1/index.m3u8
JD026.叶梦语.西取之三白骨,https://t33.cdn2020.com/video/m3u8/2021/05/20/dfe2194f/index.m3u8
JD025.雪见.叛逆学生.老师你好帅不要离开我,https://t33.cdn2020.com/video/m3u8/2021/05/10/270ec6b8/index.m3u8
JD024.胡蓉蓉.叶梦语.尸走,https://t33.cdn2020.com/video/m3u8/2021/05/16/7e82efc5/index.m3u8
JD023.雪见.过户.为了婚房委曲求全,https://t33.cdn2020.com/video/m3u8/2021/05/09/8f845633/index.m3u8
JD022.玲珑.苏小小.众筹夺花魁.三重帝王梦,https://t33.cdn2020.com/video/m3u8/2021/04/18/5c1ab2de/index.m3u8
JD020.玲珑.诱技师,https://t33.cdn2020.com/video/m3u8/2021/04/15/de8a748f/index.m3u8
JD019.苏小小.小子与植物夫,https://t33.cdn2020.com/video/m3u8/2021/04/11/99284479/index.m3u8
JD018.苏小小.房东与房客,https://t33.cdn2020.com/video/m3u8/2021/04/05/128a50d2/index.m3u8
JD017.雪卉.那一夜.那个孩上了我老的床,https://t33.cdn2020.com/video/m3u8/2021/04/03/b44cc42c/index.m3u8
JD016.胡蓉蓉.葫芦娃,https://t33.cdn2020.com/video/m3u8/2021/04/12/1830260d/index.m3u8
JD015.雪见.销售美的成功之路,https://t33.cdn2020.com/video/m3u8/2021/03/27/cc92d1fc/index.m3u8
JD014.玲珑.我的小,https://t33.cdn2020.com/video/m3u8/2021/02/20/f86fe613/index.m3u8
JD013.玲珑.我的机器,https://t33.cdn2020.com/video/m3u8/2021/02/19/d19743e2/index.m3u8
JD012.张芸熙.东新闻播报台.玩弄巨主播,https://t33.cdn2020.com/video/m3u8/2021/02/12/1ca1c2ec/index.m3u8
JD011.雪卉.玲珑.雪见.逆袭之民国传奇,https://t33.cdn2020.com/video/m3u8/2021/02/12/a9289893/index.m3u8
JD010.小悠.初为,https://t33.cdn2020.com/video/m3u8/2021/02/07/0c35b689/index.m3u8
JD009.雪见.爸爸的,https://t33.cdn2020.com/video/m3u8/2021/02/02/c1d93e76/index.m3u8
JD008.苏小小.那些年一起追过的孩,https://t33.cdn2020.com/video/m3u8/2021/01/30/9de97193/index.m3u8
JD007.雪卉.的,https://t33.cdn2020.com/video/m3u8/2021/01/23/6bb3a512/index.m3u8
JD006.兮颜.我的家教老师,https://t33.cdn2020.com/video/m3u8/2021/01/21/d77485f9/index.m3u8
JD005.雪见.叔叔与侄,https://t33.cdn2020.com/video/m3u8/2021/01/21/3b0a7436/index.m3u8
JD003.苏小小.的,https://t33.cdn2020.com/video/m3u8/2021/01/12/3dbc82b2/index.m3u8
JD002.梦瑶.我的东经历,https://t33.cdn2020.com/video/m3u8/2021/01/12/5ae041af/index.m3u8
JDMZ005.条莉.学生上老师,https://t33.cdn2020.com/video/m3u8/2022/11/18/79bbdec7/index.m3u8
JDMZ004.望月优奈.学的诱,https://t33.cdn2020.com/video/m3u8/2022/11/10/8cdb43c3/index.m3u8
JDMZ003.同学假扮老师PLAY同学,https://t33.cdn2020.com/video/m3u8/2022/11/09/aa461228/index.m3u8
JDMZ002.老公的同事上了我,https://t33.cdn2020.com/video/m3u8/2022/11/08/393c76d4/index.m3u8
JDMZ001.冰室梨花.曼紫依颜按摩师,https://t33.cdn2020.com/video/m3u8/2022/11/08/0d20cce6/index.m3u8
JDTY030.苏茜.逆袭之凌辱拜金,https://t33.cdn2020.com/video/m3u8/2022/12/21/6676934b/index.m3u8
JDTY029.苏茜.把刚学毕业的家教搞上床,https://t33.cdn2020.com/video/m3u8/2022/11/26/0c3edb03/index.m3u8
JDTY028.苏宁儿.嫩报复老公,https://t33.cdn2020.com/video/m3u8/2022/12/16/eb37955b/index.m3u8
JDTY027.苏宁儿.上我的漂亮房东,https://t33.cdn2020.com/video/m3u8/2022/11/26/125e8243/index.m3u8
JDTY026.增田枫.暗恋神.成为我的指导老师,https://t33.cdn2020.com/video/m3u8/2022/12/21/11044e8e/index.m3u8
JDTY025.吴文淇.要弟弟帮她解饥渴,https://t33.cdn2020.com/video/m3u8/2022/11/26/a8d74cc9/index.m3u8
JDTY024.吉原亚希.外表清纯的荡儿,https://t33.cdn2020.com/video/m3u8/2022/12/15/9cb49134/index.m3u8
JDTY023.吴文淇.表好会吹让我忍不住,https://t33.cdn2020.com/video/m3u8/2022/11/25/11b49667/index.m3u8
JDTY022.娃娃.我的荡儿好会摇,https://t33.cdn2020.com/video/m3u8/2022/11/18/ae6405f8/index.m3u8
JDTY021.小婕.用满足饥渴的,https://t33.cdn2020.com/video/m3u8/2022/11/25/5e76007b/index.m3u8
JDTY020.小婕.公媳激乱伦致怀孕生子,https://t33.cdn2020.com/video/m3u8/2022/11/15/63094de9/index.m3u8
JDTY019.李微微.荡外甥被到高潮,https://t33.cdn2020.com/video/m3u8/2022/11/25/d9818d72/index.m3u8
JDTY018.李微微.初休验要求哥哥放进来,https://t33.cdn2020.com/video/m3u8/2022/11/14/9d2657de/index.m3u8
JDTY017.吴文淇.趁哥哥不在爬进子的被窝,https://t33.cdn2020.com/video/m3u8/2022/11/26/f577c8a6/index.m3u8
JDTY016.吴文淇.侄子硬上荡小姑,https://t33.cdn2020.com/video/m3u8/2022/11/11/fad74b6b/index.m3u8
JDTY015.唐雨霏.波涛汹涌的无法忍受的奇耻,https://t33.cdn2020.com/video/m3u8/2022/11/25/13c3b0f3/index.m3u8
JDTY014.苡若.弟的国王游戏,https://t33.cdn2020.com/video/m3u8/2022/11/23/a29cca3a/index.m3u8
JDTY013.茶茶.趁爸不在家兄乱伦,https://t33.cdn2020.com/video/m3u8/2022/11/23/ae93e474/index.m3u8
JDTY012.白熙雨.子乱伦用填满,https://t33.cdn2020.com/video/m3u8/2022/11/26/54f96d96/index.m3u8
JDTY011.林玥玥.我的嫩小,https://t33.cdn2020.com/video/m3u8/2022/11/18/e7e738da/index.m3u8
JDTY010.白熙雨.胸美健反被教练,https://t33.cdn2020.com/video/m3u8/2022/12/25/8b8afb5a/index.m3u8
JDTY009.白熙雨.我的足球宝贝,https://t33.cdn2020.com/video/m3u8/2022/12/04/6ab358bb/index.m3u8
JDTY008.唐雨霏.巷子里攻占单车美小,https://t33.cdn2020.com/video/m3u8/2022/12/23/23fa8d0a/index.m3u8
JDTY007.唐雨霏.野外露记,https://t33.cdn2020.com/video/m3u8/2022/12/04/c41ae953/index.m3u8
JDTY006.莉娜.老的一直勾引我,https://t33.cdn2020.com/video/m3u8/2022/12/08/895d709f/index.m3u8
JDTY005.昀希.地缚灵老鬼玩弄健,https://t33.cdn2020.com/video/m3u8/2022/11/28/70332389/index.m3u8
JDTY004.昀希.拍主管在办公室自慰,https://t33.cdn2020.com/video/m3u8/2022/12/04/846f69a5/index.m3u8
JDTY003.莉娜.科学奇迹敏质,https://t33.cdn2020.com/video/m3u8/2022/11/28/ca2ab392/index.m3u8
JDTY002.莉娜.守寡贵诱管家,https://t33.cdn2020.com/video/m3u8/2022/12/01/e67d4344/index.m3u8
JDTY001.莉娜.理学教授学生,https://t33.cdn2020.com/video/m3u8/2022/11/29/47c632da/index.m3u8
JDBC081.都可可.给钱就能的拜金,https://t26.cdn2020.com/video/m3u8/2023/09/23/1155d649/index.m3u8
JDBC078.桃子.逆袭神送嫩,https://t26.cdn2020.com/video/m3u8/2023/09/12/c63fd08a/index.m3u8
JDBC077.婉青.一心想被房东包养的房客,https://t26.cdn2020.com/video/m3u8/2023/09/09/bddc288a/index.m3u8
JDBC073.希汶.半夜把气民宿老板娘得娇喘不息,https://t26.cdn2020.com/video/m3u8/2023/08/27/619a5648/index.m3u8
JDBC072.妍希.风湿小娃被翻,https://t26.cdn2020.com/video/m3u8/2023/08/24/70844cbd/index.m3u8
JDBC069.李微微.教授对学生的生物教学,https://t26.cdn2020.com/video/m3u8/2023/07/06/ba47e972/index.m3u8
JDBC068.林可菲.虚荣主播主动献处膜,https://t26.cdn2020.com/video/m3u8/2023/07/04/b3780002/index.m3u8
JDBC067.小婕.银行理专被变态客户,https://t26.cdn2020.com/video/m3u8/2023/06/30/19869e0d/index.m3u8
JDBC065.小婕.美按摩师为钱卖自己的,https://t26.cdn2020.com/video/m3u8/2023/06/27/97d5f636/index.m3u8
JDBC064.咪咪.趁朋喝醉她的异国,https://t26.cdn2020.com/video/m3u8/2023/06/25/392e72cf/index.m3u8
JDBC062.季妍希.把理发师按在床上,https://t26.cdn2020.com/video/m3u8/2023/06/21/86c7bd82/index.m3u8
JDBC061.斑斑.荡信贷业务员的诱,https://t26.cdn2020.com/video/m3u8/2023/06/19/6271b5fe/index.m3u8
JDBC059.坏坏.邻居来我家当家教,https://t26.cdn2020.com/video/m3u8/2023/06/14/07d50bdf/index.m3u8
JDBC056.优娜.为了借钱只好把儿献给兄弟,https://t26.cdn2020.com/video/m3u8/2023/06/08/edef823a/index.m3u8
JDBC055.吴文淇.极致美胸.小职员诱经理,https://t26.cdn2020.com/video/m3u8/2023/06/03/9ffcedc4/index.m3u8
JDBC054.黎芷媗.嫩背着丈夫去借,https://t26.cdn2020.com/video/m3u8/2023/07/13/9a7aaa9b/index.m3u8
JDBC051.苡若.我的荡小叫声真好听,https://t33.cdn2020.com/video/m3u8/2023/04/29/c37c680c/index.m3u8
JDBC050.宛冰.OL舅让我液不断射,https://t33.cdn2020.com/video/m3u8/2023/04/25/22e781a1/index.m3u8
JDBC049.湘湘.夫趁老不在自闭小子,https://t33.cdn2020.com/video/m3u8/2023/04/24/b3fc04eb/index.m3u8
JDBC048.宛冰.阿我不想努力了,https://t33.cdn2020.com/video/m3u8/2023/04/21/8a289a53/index.m3u8
JDBC047.坏坏.趁哥不在上寂寞,https://t33.cdn2020.com/video/m3u8/2023/04/20/2c50efe7/index.m3u8
JDBC046.湘湘.伯利诱我.用报答养育之恩,https://t33.cdn2020.com/video/m3u8/2023/04/18/cb8b4ed7/index.m3u8
JDBC045.坏坏.被下属侵犯的主管,https://t33.cdn2020.com/video/m3u8/2023/04/14/66cf8e86/index.m3u8
JDBC044.温芮欣.上合的,https://t33.cdn2020.com/video/m3u8/2023/04/13/5db135cd/index.m3u8
JDBC043.仙儿媛.家政婊子用子勾引我,https://t33.cdn2020.com/video/m3u8/2023/04/11/3cb01005/index.m3u8
JDBC042.温芮欣.第一次外打工的单纯傻,https://t33.cdn2020.com/video/m3u8/2023/04/07/d0d6a364/index.m3u8
JDBC041.仙儿媛.孩子惹祸害被迫偿赎罪,https://t33.cdn2020.com/video/m3u8/2023/04/06/e16ee5d0/index.m3u8
JDBC040.白熙雨.到府电工,https://t33.cdn2020.com/video/m3u8/2023/04/02/04bf0e3f/index.m3u8
JDBC039.李微微.经理硬上俏丽下属,https://t33.cdn2020.com/video/m3u8/2023/03/31/176a6721/index.m3u8
JDBC038.白熙雨.快递员碰到正在自慰的荡OL,https://t33.cdn2020.com/video/m3u8/2023/03/29/1137dcfd/index.m3u8
JDBC037.李微微.荡用学习健康教育,https://t33.cdn2020.com/video/m3u8/2023/03/25/375730b2/index.m3u8
JDBC036.优娜.美按摩师变成我的宠物,https://t33.cdn2020.com/video/m3u8/2023/03/24/df329dad/index.m3u8
JDBC035.季妍希.穷小子翻.拜金前秒倒追,https://t33.cdn2020.com/video/m3u8/2023/03/22/56add0c2/index.m3u8
JDBC034.优娜.可表被我调教成娃,https://t33.cdn2020.com/video/m3u8/2023/03/19/b5f44f2c/index.m3u8
JDBC033.季妍希.逮到机会上隔壁的傲娇婊子,https://t33.cdn2020.com/video/m3u8/2023/03/19/40d5d522/index.m3u8
JDBC031.宛冰.渴望婿棒的丈娘,https://t33.cdn2020.com/video/m3u8/2023/03/14/a5a61cd4/index.m3u8
JDBC030.苡若.子乱伦.午被儿子硬上,https://t33.cdn2020.com/video/m3u8/2023/03/12/f55ba6f8/index.m3u8
JDBC029.宛冰.为了业绩.卖自己的房仲,https://t33.cdn2020.com/video/m3u8/2023/03/09/7de6cf9c/index.m3u8
JDBC028.斑斑.意外私闯的醉酒小,https://t33.cdn2020.com/video/m3u8/2023/03/07/b0cf1d53/index.m3u8
JDBC027.王以欣.禽兽爸爸上醉酒儿,https://t33.cdn2020.com/video/m3u8/2023/03/04/40740203/index.m3u8
JDBC026.斑斑.上隔壁的清纯盲,https://t33.cdn2020.com/video/m3u8/2023/03/02/d6b5c4fe/index.m3u8
JDBC025.王以欣.粗心的小护士引狼入室,https://t33.cdn2020.com/video/m3u8/2023/02/28/1659aa60/index.m3u8
JDBC024.晨曦.OL.被修理工霸王硬上弓,https://t33.cdn2020.com/video/m3u8/2023/02/26/0a2617c7/index.m3u8
JDBC023.小婕.我的拜金前任,https://t33.cdn2020.com/video/m3u8/2023/02/26/b87e7c9f/index.m3u8
JDBC022.晨曦.美空求我帮她止痒,https://t33.cdn2020.com/video/m3u8/2023/02/23/4b4f40ee/index.m3u8
JDBC021.小婕.爸爸欠高利贷.儿惨遭侵犯,https://t33.cdn2020.com/video/m3u8/2023/02/19/5feaeb3e/index.m3u8
JDBC020.湘湘.变态经理催眠秘书,https://t33.cdn2020.com/video/m3u8/2023/02/16/a749670c/index.m3u8
JDBC019.静静.趁爸不在家兄做,https://t33.cdn2020.com/video/m3u8/2023/02/15/08bad689/index.m3u8
JDBC018.湘湘.AI智能机器沦为我的奴,https://t33.cdn2020.com/video/m3u8/2023/02/13/d48f85e5/index.m3u8
JDBC017.静静.下让哥哥我的处,https://t33.cdn2020.com/video/m3u8/2023/02/11/ca51a021/index.m3u8
JDBC016.斑斑.帽怒老闺蜜,https://t33.cdn2020.com/video/m3u8/2023/02/11/6d2db25e/index.m3u8
JDBC015.吴文淇.侄诱上有钱叔叔,https://t33.cdn2020.com/video/m3u8/2023/02/11/62d0b167/index.m3u8
JDBC014.斑斑.把裸家政按在床上猛,https://t33.cdn2020.com/video/m3u8/2023/02/11/729e047c/index.m3u8
JDBC013.吴文淇.我的荡.里塞跳蛋,https://t33.cdn2020.com/video/m3u8/2023/01/31/daa84c90/index.m3u8
JDBC012.静静.用棒怒野蛮前,https://t33.cdn2020.com/video/m3u8/2023/01/28/0b47d602/index.m3u8
JDBC011.小婕.我的是我的,https://t33.cdn2020.com/video/m3u8/2023/01/27/cd15bd51/index.m3u8
JDBC010.静静.与宠物沟通师的,https://t33.cdn2020.com/video/m3u8/2023/01/26/8a4050f6/index.m3u8
JDBC009.小婕.叫叫到.乱伦带上岸,https://t33.cdn2020.com/video/m3u8/2023/01/20/0a66c5a4/index.m3u8
JDBC008.吴文淇.被的禽兽爸爸下,https://t33.cdn2020.com/video/m3u8/2023/01/20/6c91c93e/index.m3u8
JDBC007.仙儿媛.乱伦小叔子,https://t33.cdn2020.com/video/m3u8/2023/01/17/a0a3040b/index.m3u8
JDBC006.吴文淇.变态继染指眼疾继,https://t33.cdn2020.com/video/m3u8/2023/01/16/f82ab763/index.m3u8
JDBC005.仙儿媛.美少用实现梦想,https://t33.cdn2020.com/video/m3u8/2023/01/13/99f63436/index.m3u8
JDBC004.静静.诱生病的哥哥,https://t33.cdn2020.com/video/m3u8/2023/01/11/3d2f19c4/index.m3u8
JDBC003.吴文淇.美特务夺取机.失败反被上,https://t33.cdn2020.com/video/m3u8/2023/01/11/94e9195e/index.m3u8
JDBC002.静静.被家教夺走处之,https://t33.cdn2020.com/video/m3u8/2023/01/06/fd1bd6bf/index.m3u8
JDBC001.吴文淇.我的18岁生日破处愿望,https://t33.cdn2020.com/video/m3u8/2023/01/05/f113ecfd/index.m3u8
JDYA024.白允儿.到朋的,https://t33.cdn2020.com/video/m3u8/2023/03/31/9d86baac/index.m3u8
JDYA023.苡若.到的诊疗室相,https://t33.cdn2020.com/video/m3u8/2023/04/07/acb19e9b/index.m3u8
JDYA022.RONA.职切磋,https://t33.cdn2020.com/video/m3u8/2023/03/24/74d08de2/index.m3u8
JDYA021.湘湘.单纯邻家孩被失禁,https://t33.cdn2020.com/video/m3u8/2023/03/22/66e6be88/index.m3u8
JDYA020.斑比.嫩孩双齐开,https://t33.cdn2020.com/video/m3u8/2023/04/06/b4d85355/index.m3u8
JDYA019.RONA.寂寞与儿子的不伦交媾,https://t33.cdn2020.com/video/m3u8/2023/03/22/acac4b1d/index.m3u8
JDYA018.宛冰.委曲少的NTR复仇,https://t33.cdn2020.com/video/m3u8/2023/03/22/3e816d17/index.m3u8
JDYA017.何安汝.纯少遭表榨,https://t33.cdn2020.com/video/m3u8/2023/03/22/07357e0d/index.m3u8
JDYA016.白允儿.袜癖翻神,https://t33.cdn2020.com/video/m3u8/2023/02/26/f2c45b20/index.m3u8
JDYA015.季妍希.文静反差深喉吞茎,https://t33.cdn2020.com/video/m3u8/2023/03/22/9203eafb/index.m3u8
JDYA014.白允儿.狠巨风韵美,https://t33.cdn2020.com/video/m3u8/2023/02/13/b62a5841/index.m3u8
JDYA013.优娜.优等生的羞耻秘,https://t33.cdn2020.com/video/m3u8/2023/02/11/a532ad54/index.m3u8
JDYA012.李娜娜.巨少被下海,https://t33.cdn2020.com/video/m3u8/2023/01/17/28a0d189/index.m3u8
JDYA011.白允儿.同学推荐的邀,https://t33.cdn2020.com/video/m3u8/2023/01/10/9d1348e7/index.m3u8
JDYA009.吴文淇.到邻居空,https://t33.cdn2020.com/video/m3u8/2022/12/25/f897cf0d/index.m3u8
JDYA008.仙儿媛.处空帮自已破处,https://t33.cdn2020.com/video/m3u8/2022/12/06/a5a272df/index.m3u8
JDYA007.吴文淇.高学历毕业生兼职还债,https://t33.cdn2020.com/video/m3u8/2022/12/01/74b42201/index.m3u8
JDYA006.小婕.到寂寞少,https://t33.cdn2020.com/video/m3u8/2022/12/23/0cba7614/index.m3u8
JDYA005.仙儿媛.御空虚寂寞的夜晚,https://t33.cdn2020.com/video/m3u8/2022/12/21/9b139340/index.m3u8
JDYA004.吴文淇.到自已的神,https://t33.cdn2020.com/video/m3u8/2022/12/21/69e4f476/index.m3u8
JDYA003.小婕.学生兼职做,https://t33.cdn2020.com/video/m3u8/2022/12/14/73507f4f/index.m3u8
JDYA002.李灵儿.到高暗恋神来搞我,https://t33.cdn2020.com/video/m3u8/2022/11/28/9894bafc/index.m3u8
JDYA001.李灵儿.客户居然是弟弟,https://t33.cdn2020.com/video/m3u8/2022/11/25/7f7b70fe/index.m3u8
JDYL027.李娜娜.神降临献神器,https://t33.cdn2020.com/video/m3u8/2023/02/19/83077824/index.m3u8
JDYL026.小婕.同事在旧房让我,https://t33.cdn2020.com/video/m3u8/2023/02/16/f3fd0b92/index.m3u8
JDYL025.李娜娜.兄冲到高潮,https://t33.cdn2020.com/video/m3u8/2023/02/15/2af04685/index.m3u8
JDYL024.小婕.哥哥猛的到喷,https://t33.cdn2020.com/video/m3u8/2023/02/13/b044b7eb/index.m3u8
JDYL023.佳芯.叫叫到,https://t33.cdn2020.com/video/m3u8/2023/02/11/d781fd63/index.m3u8
JDYL022.佳芯.我和后的秘2,https://t33.cdn2020.com/video/m3u8/2023/02/11/9bd7381a/index.m3u8
JDYL021.小婕.货游戏神童,https://t33.cdn2020.com/video/m3u8/2023/01/27/30c528bb/index.m3u8
JDYL020.李娜娜.斯文长叔叔.对我疼有加,https://t33.cdn2020.com/video/m3u8/2023/01/26/e54fb8c5/index.m3u8
JDYL019.佳芯.老公把我送给上司,https://t33.cdn2020.com/video/m3u8/2023/01/26/e6fd79e6/index.m3u8
JDYL018.佳芯.兄弟侵犯我的,https://t33.cdn2020.com/video/m3u8/2023/01/26/a43583eb/index.m3u8
JDYL017.佳芯.为了嫁入豪门.求外卖员自已,https://t33.cdn2020.com/video/m3u8/2023/01/17/7f44dccd/index.m3u8
JDYL016.佳芯.快递员侵犯主播,https://t33.cdn2020.com/video/m3u8/2023/01/11/d0626d34/index.m3u8
JDYL015.佳芯.的秘,https://t33.cdn2020.com/video/m3u8/2023/02/23/0092cb85/index.m3u8
JDYL014.佳芯.主播应聘面试被侵犯,https://t33.cdn2020.com/video/m3u8/2023/01/17/f9d6f70e/index.m3u8
JDYL013.佳芯.货空兼职主播,https://t33.cdn2020.com/video/m3u8/2023/02/26/d84f53ce/index.m3u8
JDYL012.吴文淇.直播清纯直播主,https://t33.cdn2020.com/video/m3u8/2022/11/18/26a2e08e/index.m3u8
JDYL011.吴恺彤.主播上蜘蛛侠,https://t33.cdn2020.com/video/m3u8/2022/09/04/26fccfdf/index.m3u8
JDYL010.仙儿媛.月亮恩仇录,https://t33.cdn2020.com/video/m3u8/2022/09/04/ed938bed/index.m3u8
JDYL009.直播增知术,https://t33.cdn2020.com/video/m3u8/2022/09/03/59c511d0/index.m3u8
JDYL008.挑战面试官,https://t33.cdn2020.com/video/m3u8/2022/09/03/2b283969/index.m3u8
JDYL007.林可晴.东京故事,https://t33.cdn2020.com/video/m3u8/2022/09/03/6e169827/index.m3u8
JDYL006.备胎的反击,https://t33.cdn2020.com/video/m3u8/2022/08/31/728f6a7c/index.m3u8
JDYL005.吉吉.第一次做的哥,https://t33.cdn2020.com/video/m3u8/2022/07/27/ed5a146b/index.m3u8
JDYL004.小影.八号当铺,https://t33.cdn2020.com/video/m3u8/2022/08/23/ee2951f6/index.m3u8
JDYL003.清洛.现代潘金莲,https://t33.cdn2020.com/video/m3u8/2022/08/23/e17088b9/index.m3u8
JDYL002.吉吉.上闺蜜,https://t33.cdn2020.com/video/m3u8/2022/08/23/03c78018/index.m3u8
JDYL001.吉吉.榜一哥上主播被直播,https://t33.cdn2020.com/video/m3u8/2022/07/15/f7ea3cbe/index.m3u8
JDMY040.克莱儿.囡囡第四十集,https://t26.cdn2020.com/video/m3u8/2021/12/19/441fddc5/index.m3u8
JDMY037.克莱儿.囡囡第三十七集,https://t26.cdn2020.com/video/m3u8/2021/12/14/6deb5e27/index.m3u8
JDMY033.克莱儿.囡囡第三十三集,https://t26.cdn2020.com/video/m3u8/2021/12/02/73485e7e/index.m3u8
JDMY032.克莱儿.囡囡第三十二集,https://t26.cdn2020.com/video/m3u8/2021/11/28/f7c17431/index.m3u8
JDMY030.克莱儿.囡囡第三十集,https://t26.cdn2020.com/video/m3u8/2021/11/27/cbc20182/index.m3u8
JDMY029.克莱儿.囡囡第二十九集,https://t26.cdn2020.com/video/m3u8/2021/11/25/7d85514a/index.m3u8
JDMY027.克莱儿.囡囡第二十七集,https://t26.cdn2020.com/video/m3u8/2021/11/19/ef05f977/index.m3u8
JDMY024.克莱儿.囡囡第二十四集,https://t33.cdn2020.com/video/m3u8/2021/11/13/ed4c6a33/index.m3u8
JDMY023.克莱儿.囡囡第二十三集,https://t33.cdn2020.com/video/m3u8/2021/11/11/ec12af90/index.m3u8
JDMY022.克莱儿.囡囡第二十二集,https://t33.cdn2020.com/video/m3u8/2021/11/09/c0dcb681/index.m3u8
JDMY021.克莱儿.囡囡第二十一集,https://t33.cdn2020.com/video/m3u8/2021/11/07/92be4c75/index.m3u8
JDMY020.克莱儿.囡囡第二十集,https://t33.cdn2020.com/video/m3u8/2021/11/04/94cd5f77/index.m3u8
JDMY019.克莱儿.囡囡第十九集,https://t33.cdn2020.com/video/m3u8/2021/10/31/717e47fa/index.m3u8
JDMY018.克莱儿.囡囡第十八集,https://t33.cdn2020.com/video/m3u8/2021/10/30/8e1c167a/index.m3u8
JDMY017.克莱儿.囡囡第十七集,https://t33.cdn2020.com/video/m3u8/2021/10/30/42b526d0/index.m3u8
JDMY016.克莱儿.囡囡第十六集,https://t33.cdn2020.com/video/m3u8/2021/10/26/8c5226ab/index.m3u8
JDMY015.克莱儿.囡囡第十五集,https://t33.cdn2020.com/video/m3u8/2021/10/22/184242a4/index.m3u8
JDMY014.克莱儿.囡囡第十四集,https://t33.cdn2020.com/video/m3u8/2021/10/21/a5aecce0/index.m3u8
JDMY013.克莱儿.囡囡第十三集,https://t33.cdn2020.com/video/m3u8/2021/10/19/d469c2a9/index.m3u8
JDMY012.克莱儿.囡囡第十二集,https://t33.cdn2020.com/video/m3u8/2021/10/16/d725bd04/index.m3u8
JDMY011.克莱儿.囡囡第十一集,https://t33.cdn2020.com/video/m3u8/2021/10/13/c1a8ebaf/index.m3u8
JDMY010.克莱儿.囡囡第十集,https://t33.cdn2020.com/video/m3u8/2021/10/11/d2475114/index.m3u8
JDMY009.克莱儿.囡囡第九集,https://t33.cdn2020.com/video/m3u8/2021/10/06/dcdc678a/index.m3u8
JDMY008.克莱儿.囡囡第八集,https://t33.cdn2020.com/video/m3u8/2021/10/06/523b6cc5/index.m3u8
JDMY007.克莱儿.囡囡第七集,https://t33.cdn2020.com/video/m3u8/2021/10/06/b4e06e47/index.m3u8
JDMY006.克莱儿.囡囡第六集,https://t33.cdn2020.com/video/m3u8/2021/10/06/14d7c2c3/index.m3u8
JDMY005.克莱儿.囡囡第五集,https://t33.cdn2020.com/video/m3u8/2021/10/06/7cb48abb/index.m3u8
JDMY004.克莱儿.囡囡第四集,https://t33.cdn2020.com/video/m3u8/2021/10/06/0a8c1bd4/index.m3u8
JDMY003.克莱儿.囡囡第三集,https://t33.cdn2020.com/video/m3u8/2021/10/06/13668b7b/index.m3u8
JDMY002.克莱儿.囡囡第二集,https://t33.cdn2020.com/video/m3u8/2021/10/06/0d5f47e6/index.m3u8
JDMY001.克莱儿.囡囡第一集,https://t33.cdn2020.com/video/m3u8/2021/10/06/b9b4b9ff/index.m3u8
JDYG033.COS娜美满足好宅心愿,https://t33.cdn2020.com/video/m3u8/2024/12/15/2cea7c37/index.m3u8
JDYG032.看房反被房东上,https://t33.cdn2020.com/video/m3u8/2024/12/15/118eb404/index.m3u8
JDYG031.隐形,https://t33.cdn2020.com/video/m3u8/2024/12/08/bac32dde/index.m3u8
JDYG030.用换心愿,https://t33.cdn2020.com/video/m3u8/2024/12/08/c515792d/index.m3u8
JDYG027.车震派对2,https://t33.cdn2020.com/video/m3u8/2024/11/24/2ca39685/index.m3u8
JDYG026.车震派对,https://t33.cdn2020.com/video/m3u8/2024/11/22/ea813a56/index.m3u8
JDYG025.痴主播与榜一粉直播间,https://t33.cdn2020.com/video/m3u8/2024/11/19/314d0781/index.m3u8
JDYG024.货室与我的果发生奇妙连接,https://t33.cdn2020.com/video/m3u8/2024/11/14/17c0a041/index.m3u8
JDYG023.变态写真摄影师,https://t33.cdn2020.com/video/m3u8/2024/11/11/26441990/index.m3u8
JDYG022.在私训教练家被,https://t33.cdn2020.com/video/m3u8/2024/11/07/e051b3ee/index.m3u8
JDYG020.差后,https://t33.cdn2020.com/video/m3u8/2024/10/31/0026ecf5/index.m3u8
JDYG019.位开发2,https://t33.cdn2020.com/video/m3u8/2024/10/27/4f20e7ad/index.m3u8
JDYG018.位开发,https://t33.cdn2020.com/video/m3u8/2024/10/26/650826f8/index.m3u8
JDYG017.荡房东,https://t33.cdn2020.com/video/m3u8/2024/10/21/ad6a22b1/index.m3u8
JDYG016.与摄影师穿越时空的,https://t33.cdn2020.com/video/m3u8/2024/10/17/f9c70863/index.m3u8
JDYG015.牧师,https://t33.cdn2020.com/video/m3u8/2024/10/13/29db20e8/index.m3u8
JDYG014.纸醉金,https://t33.cdn2020.com/video/m3u8/2024/10/10/76d888b4/index.m3u8
JDYG013.我们三,https://t33.cdn2020.com/video/m3u8/2024/10/09/42d61165/index.m3u8
JDYG012.街头素采访.我可以去你家吗,https://t33.cdn2020.com/video/m3u8/2024/10/09/8fd6b488/index.m3u8
JDYG009.波鬼的贱瑜伽,https://t33.cdn2020.com/video/m3u8/2024/09/22/6fb38eea/index.m3u8
JDYG003.伦敦少遗失手机私影片流,https://t26.cdn2020.com/video/m3u8/2023/08/12/8883dc43/index.m3u8
JDAM001.坏坏.AV片场的梳化,https://t33.cdn2020.com/video/m3u8/2022/10/13/6e9be138/index.m3u8
JDTC001.清洛.兼多职的美老师,https://t33.cdn2020.com/video/m3u8/2022/07/25/0e55c8ea/index.m3u8
JDTC002.薛梦琪.网司机教学,https://t33.cdn2020.com/video/m3u8/2022/09/09/b77be1e0/index.m3u8
JDTYC005.乐奈子.艺校美面试被浅规则,https://t33.cdn2020.com/video/m3u8/2022/08/25/12476903/index.m3u8
JDTYC004.尤莉.是博主,https://t33.cdn2020.com/video/m3u8/2022/08/24/489cf199/index.m3u8
JDTYC003.椿芽.失意少以偿债,https://t33.cdn2020.com/video/m3u8/2022/07/18/4ce4bdf2/index.m3u8
JDTYC002.爽爽.驯养我的兄弟,https://t33.cdn2020.com/video/m3u8/2022/07/15/35cc90a8/index.m3u8
JDTYC001.丽丽.私事之表的小秘,https://t33.cdn2020.com/video/m3u8/2022/07/15/ab67bb9e/index.m3u8
JDSY050.变态物业VS露癖,https://t33.cdn2020.com/video/m3u8/2022/09/03/791aeaa9/index.m3u8
JDSY049.邻居被辱回忆录,https://t33.cdn2020.com/video/m3u8/2022/08/28/76dbaac4/index.m3u8
JDSY048.香菱.我的老师我的,https://t33.cdn2020.com/video/m3u8/2022/08/28/51d93712/index.m3u8
JDSY047.香菱.我的小是棋牌神,https://t33.cdn2020.com/video/m3u8/2022/08/28/3d838e7c/index.m3u8
JDSY046.棋牌郎线下空降潮吹ING,https://t33.cdn2020.com/video/m3u8/2022/08/26/6912b01e/index.m3u8
JDSY045.清洛.18岁高生被到,https://t33.cdn2020.com/video/m3u8/2022/06/23/e6cca29b/index.m3u8
JDSY044.奈奈.实习医生被,https://t33.cdn2020.com/video/m3u8/2022/06/13/60162f4a/index.m3u8
JDSY043.Aida.拜金被相对像,https://t33.cdn2020.com/video/m3u8/2022/08/23/f5d14350/index.m3u8
JDSY042.兔小白.天降喜乞丐少,https://t33.cdn2020.com/video/m3u8/2022/06/05/c1e5d4ca/index.m3u8
JDSY041.安安.年轻少孕检被入,https://t26.cdn2020.com/video/m3u8/2022/06/02/e3191c48/index.m3u8
JDSY039.米娅.摄影师骗模特,https://t26.cdn2020.com/video/m3u8/2022/05/28/8d443f13/index.m3u8
JDSY033.Aida.近相破处弟弟,https://t26.cdn2020.com/video/m3u8/2022/05/15/5986f55c/index.m3u8
JDSY032.兔小白.商战之间谍,https://t26.cdn2020.com/video/m3u8/2022/05/13/80cc8789/index.m3u8
JDSY027.草莓.温柔家教帮学生破处,https://t26.cdn2020.com/video/m3u8/2022/05/24/5139eacc/index.m3u8
JDSY026.咪.学生微信群里被叫卖,https://t26.cdn2020.com/video/m3u8/2022/05/01/b9247b21/index.m3u8
JDSY025.妲己.老的瑜伽老师,https://t26.cdn2020.com/video/m3u8/2022/04/30/ca9976c1/index.m3u8
JDSY022.林凤娇.叫叫到到高潮,https://t26.cdn2020.com/video/m3u8/2022/04/23/51fc91cb/index.m3u8
JDSY020.艾丽.子酒店同住乱伦,https://t26.cdn2020.com/video/m3u8/2022/04/21/4360cc43/index.m3u8
JDSY019.邦妮.巨小安慰继子被哭,https://t26.cdn2020.com/video/m3u8/2022/04/20/a1bbdf54/index.m3u8
JDSY018.艾咪.住家小保姆,https://t33.cdn2020.com/video/m3u8/2022/08/23/381928aa/index.m3u8
JDSY017.杨思敏.帽老公看着我被小叔,https://t26.cdn2020.com/video/m3u8/2022/04/20/14c1b31e/index.m3u8
JDSY015.妲己.微信到混血辣疯狂干,https://t26.cdn2020.com/video/m3u8/2022/04/15/545cb5ed/index.m3u8
JDSY013.妲己.香菱.特殊门诊两个医生,https://t26.cdn2020.com/video/m3u8/2022/04/03/448b3f4e/index.m3u8
JDSY012.杨思敏.货车司机上年轻的小子,https://t26.cdn2020.com/video/m3u8/2022/04/03/0b71d8c3/index.m3u8
JDSY011.菲菲.和健教练激换了好多姿势,https://t26.cdn2020.com/video/m3u8/2022/04/01/2ae4a79e/index.m3u8
JDSY009.瑶瑶.被怒叛逆儿,https://t33.cdn2020.com/video/m3u8/2022/03/31/b0fe05e1/index.m3u8
JDSY008.墨涵.寂寞小上受伤儿子,https://t26.cdn2020.com/video/m3u8/2022/03/29/dafb5a87/index.m3u8
JDSY005.瑶贝.空调修理工清高少,https://t26.cdn2020.com/video/m3u8/2022/03/23/b53f6e6d/index.m3u8
JDSY003.丽纵小姑上快递员到高,https://t26.cdn2020.com/video/m3u8/2022/03/18/3b16fb87/index.m3u8
JDY001.Rona.派遣按摩师的交易,https://t33.cdn2020.com/video/m3u8/2023/03/14/34bc3bf7/index.m3u8
XKVP111.凌波丽.外卖员竟是学同学,https://t33.cdn2020.com/video/m3u8/2024/09/01/5fb10dda/index.m3u8
XKVP097.真希波.酒店与偶遇失恋,https://t33.cdn2020.com/video/m3u8/2024/08/19/f270909a/index.m3u8
XKVP096.冬月结衣.日语家教老师的文化传播,https://t33.cdn2020.com/video/m3u8/2024/08/19/560bc81d/index.m3u8
XKVP095.神谷怜.日系医生交服务患者极致服务,https://t33.cdn2020.com/video/m3u8/2024/08/15/b41b309f/index.m3u8
XKVP003.香菱.冷艳教师惨遭学渣,https://t33.cdn2020.com/video/m3u8/2024/04/30/1a73cd5b/index.m3u8
XKVP002.佳芯.替气.狠轨的,https://t33.cdn2020.com/video/m3u8/2024/04/30/7b4409d3/index.m3u8
XKVP001.依颂.的悲哀-心神献暴发户胯下呻吟,https://t33.cdn2020.com/video/m3u8/2024/04/27/36c52209/index.m3u8
XKG094.依颂.和讨厌的上司差,https://t33.cdn2020.com/video/m3u8/2023/01/19/871f7915/index.m3u8
XKG058.桥本菜.吃旧.我那吃棒的初恋,https://t33.cdn2020.com/video/m3u8/2022/11/15/566bab4e/index.m3u8
XKG054.凌波丽.给钱就干外送小送上门,https://t33.cdn2020.com/video/m3u8/2022/11/08/9909b8c1/index.m3u8
XKG040.真希波.酒店过夜硬上乱入美少,https://t33.cdn2020.com/video/m3u8/2022/09/17/a1e12f67/index.m3u8
XKG039.冬月结衣.与清纯家教的秘日语教学,https://t33.cdn2020.com/video/m3u8/2022/09/12/4e970d6c/index.m3u8
XKG038.神谷怜.极品医生的特殊服务,https://t33.cdn2020.com/video/m3u8/2022/09/12/27dae2a6/index.m3u8
XKG003.吴心语.极品在家轮流被,https://t26.cdn2020.com/video/m3u8/2022/04/15/26f1f9d2/index.m3u8
XKG001.肖云.放纵.小叔小子,https://t26.cdn2020.com/video/m3u8/2022/03/12/49c4816b/index.m3u8
XKGA041.梅子.垂涎已久的美室成为我下便器,https://t26.cdn2020.com/video/m3u8/2023/10/22/400d4724/index.m3u8
XKGA040.昀希.哥哥对我的18岁成教育,https://t26.cdn2020.com/video/m3u8/2023/10/20/1ff06c9e/index.m3u8
XKGA036.小琦.与寂寞少的深入交流二三事,https://t26.cdn2020.com/video/m3u8/2023/10/08/27e43ffe/index.m3u8
XKGA035.湘湘.小侄诱导叔叔入自己,https://t26.cdn2020.com/video/m3u8/2023/10/08/c58a9171/index.m3u8
XKGA034.宋可.真侣游戏.刺激贯彻到底,https://t26.cdn2020.com/video/m3u8/2023/10/08/3e7908f6/index.m3u8
XKGA033.溏芯.痴榨游戏.食客,https://t26.cdn2020.com/video/m3u8/2023/10/02/1abf0538/index.m3u8
XKGA026.季妍希.与足球宝贝不断交合,https://t26.cdn2020.com/video/m3u8/2023/09/16/9735bb0e/index.m3u8
XKGA024.柔伊.用钱诱吃我的棒,https://t26.cdn2020.com/video/m3u8/2023/09/11/5e6eed68/index.m3u8
XKGA022.季妍希.长腿兔郎牌桌诱我深入,https://t26.cdn2020.com/video/m3u8/2023/09/09/f45e6882/index.m3u8
XKGA019.白允儿.宅恐怖厕所之旅,https://t26.cdn2020.com/video/m3u8/2023/09/01/0515ca1e/index.m3u8
XKGA017.白允儿.模特写真实录,https://t26.cdn2020.com/video/m3u8/2023/08/25/4ac2b6bc/index.m3u8
XKGA015.王程程.拍摄做视频送给老公做生日礼物,https://t26.cdn2020.com/video/m3u8/2023/08/21/59286a86/index.m3u8
XKGA013.波妮.痴班长诱同学深入,https://t26.cdn2020.com/video/m3u8/2023/08/19/347334fe/index.m3u8
XKGA010.珠珠.瞒着备胎与疯狂做,https://t26.cdn2020.com/video/m3u8/2023/08/12/2c56d900/index.m3u8
XKGA007.桥本菜.重温白月光温暖紧,https://t26.cdn2020.com/video/m3u8/2023/08/05/e0f3f437/index.m3u8
XKGA005.李丹彤.无法满足的望少深夜墙,https://t26.cdn2020.com/video/m3u8/2023/07/28/e14503e4/index.m3u8
XKGA002.冬月结衣.极品萝莉超日系.日语家教发,https://t26.cdn2020.com/video/m3u8/2023/07/21/80c99da7/index.m3u8
XKTC017.冰室梨花.唤醒失忆,https://t33.cdn2020.com/video/m3u8/2022/11/02/461bf32b/index.m3u8
XKTC016.望月优奈.哥兽下纯,https://t33.cdn2020.com/video/m3u8/2022/10/22/bd436370/index.m3u8
XKTC011.条莉.寂寞不已风丈娘勾引婿,https://t33.cdn2020.com/video/m3u8/2022/10/13/982fd8de/index.m3u8
XKTC010.白熙雨.业主的秘,https://t33.cdn2020.com/video/m3u8/2022/10/08/7a169453/index.m3u8
XKTC009.罗娜.为了弟弟工作结老板为他招妓,https://t33.cdn2020.com/video/m3u8/2022/09/24/3f685752/index.m3u8
XKTC008.神谷怜.主播勾引披萨外送员,https://t33.cdn2020.com/video/m3u8/2022/09/24/f3bd0c3d/index.m3u8
XKTC007.真希波.胆包天公公趁儿子差硬上儿媳,https://t33.cdn2020.com/video/m3u8/2022/09/24/951768ab/index.m3u8
XKTC006.香菱.下海援交日记,https://t33.cdn2020.com/video/m3u8/2022/09/15/a6cd03e8/index.m3u8
XKTC005.林霞.下海援交日记,https://t33.cdn2020.com/video/m3u8/2022/09/14/122b4d42/index.m3u8
XKTC004.樱桃.请兄弟嫖娼,https://t33.cdn2020.com/video/m3u8/2022/09/14/293370a6/index.m3u8
XKTC003.橙子.校花神援交记,https://t33.cdn2020.com/video/m3u8/2022/09/09/c423fdde/index.m3u8
XKTC002.汁汁.共享,https://t33.cdn2020.com/video/m3u8/2022/09/09/387aa899/index.m3u8
XKTC001.李丹彤.的反转生.又到初恋,https://t33.cdn2020.com/video/m3u8/2022/09/09/29bb2acf/index.m3u8
XKYP009.橙子.同学会我闻到了昔日班花上的荡气息,https://t33.cdn2020.com/video/m3u8/2022/09/09/b9546f7d/index.m3u8
XKYP008.条莉.室的秘,https://t33.cdn2020.com/video/m3u8/2022/09/14/c298f6ea/index.m3u8
XKYP006.樱井美里.差艳遇邂逅日本一夜,https://t33.cdn2020.com/video/m3u8/2022/08/14/93fa3aab/index.m3u8
XKYP005.桥本菜.哟啪日本超甜豆,https://t33.cdn2020.com/video/m3u8/2022/08/14/641045db/index.m3u8
XKYP003.香菱.啪刚下海的高生,https://t33.cdn2020.com/video/m3u8/2022/08/07/71d117cb/index.m3u8
PMD006.辉月杏梨.尾行调教实录,https://t33.cdn2020.com/video/m3u8/2021/11/13/3f7bdc89/index.m3u8
PMD005.陈圆圆.暴我的一日.猥琐粉行入神,https://t33.cdn2020.com/video/m3u8/2021/09/19/dcc34cf0/index.m3u8
PMD004.陈圆圆.粉突袭作战.突袭神解锁姿势,https://t33.cdn2020.com/video/m3u8/2021/10/02/0627c7b4/index.m3u8
PMD003.陈圆圆.三亚企划EP02.,https://t26.cdn2020.com/video/m3u8/2021/08/15/0ac82e04/index.m3u8
PMD002.疫威胁,https://t33.cdn2020.com/video/m3u8/2021/04/27/fe45c812/index.m3u8
PMD001.辉月杏梨.东京故事3.告白心动的他,https://t33.cdn2020.com/video/m3u8/2021/05/20/4c174c1d/index.m3u8
PMD001.辉月杏梨.东京故事2.日本留学生的恋美梦,https://t33.cdn2020.com/video/m3u8/2021/05/02/b7c23a93/index.m3u8
PMD001.辉月杏梨.东京故事.日本留学生的恋美梦,https://t33.cdn2020.com/video/m3u8/2021/03/22/765275bf/index.m3u8
JDSY-054.用安慰伤的,https://t33.cdn2020.com/video/m3u8/2024/08/06/f4be4622/index.m3u8
JDSY-053.社畜叔偶遇神待少,https://t33.cdn2020.com/video/m3u8/2024/08/05/bf309d97/index.m3u8
JDSY-052.陪玩小公主.陪玩陪吃陪打,https://t33.cdn2020.com/video/m3u8/2024/08/05/6a325b07/index.m3u8
JDSY-051.凌辱调教醉酒,https://t33.cdn2020.com/video/m3u8/2024/08/05/a9aff14d/index.m3u8
JDSY-030.苦社畜报复.高冷巨主管,https://t33.cdn2020.com/video/m3u8/2024/05/31/3abe8d6e/index.m3u8
JDSY-029.无聊小弟.撞见洗澡,https://t33.cdn2020.com/video/m3u8/2024/05/31/dde3eea8/index.m3u8
JDSY-028.寻求4P开苞的货处,https://t33.cdn2020.com/video/m3u8/2024/05/30/61a16db9/index.m3u8
JDSY-027.诱征服.高冷老板娘,https://t33.cdn2020.com/video/m3u8/2024/05/30/4a63afdb/index.m3u8
JDSY-026.苏樱花.推特百万UP主.童颜巨第二部,https://t33.cdn2020.com/video/m3u8/2024/05/23/460ccce3/index.m3u8
JDSY-025.皮皮.台湾网红.被骗缅北下海拍片,https://t33.cdn2020.com/video/m3u8/2024/05/23/2d421a7c/index.m3u8
JDSY-024.风小主播.房东来打,https://t33.cdn2020.com/video/m3u8/2024/05/18/2fa4f41a/index.m3u8
JDSY-023.苏樱花.推特百万UP主.童颜巨吃,https://t33.cdn2020.com/video/m3u8/2024/05/16/0ac9e521/index.m3u8
JDSY-022.给老公拍A片.看着自己打手枪,https://t33.cdn2020.com/video/m3u8/2024/05/14/273e9fa1/index.m3u8
JDSY-021.小.巨娘车震后.又去电影院做,https://t33.cdn2020.com/video/m3u8/2024/05/12/cd079b3b/index.m3u8
JDSY-020.极品榨汁姬.猛小,https://t33.cdn2020.com/video/m3u8/2024/05/10/d8ad941e/index.m3u8
JDSY-019.酒后怒.小,https://t33.cdn2020.com/video/m3u8/2024/05/10/ace4ff77/index.m3u8
JDSY-018.调教呆萌介,https://t33.cdn2020.com/video/m3u8/2024/05/09/18e9eb14/index.m3u8
JDSY-017.窥家政美少,https://t33.cdn2020.com/video/m3u8/2024/05/09/abb58a19/index.m3u8
JDSY-016.樱桃.AV剧组乱的秘,https://t33.cdn2020.com/video/m3u8/2024/05/03/f46662e3/index.m3u8
JDSY-015.果冻.爸爸在我的屁眼里喷射,https://t33.cdn2020.com/video/m3u8/2024/05/03/73729d26/index.m3u8
JDSY-014.采液的小护士,https://t33.cdn2020.com/video/m3u8/2024/04/30/3f0bbdb7/index.m3u8
JDSY-013.少.合租渣,https://t33.cdn2020.com/video/m3u8/2024/04/30/8b2ffd32/index.m3u8
JDSY-012.夜袭AV优,https://t33.cdn2020.com/video/m3u8/2024/04/27/2ffd3461/index.m3u8
JDSY-011.果冻.我要做公公的,https://t33.cdn2020.com/video/m3u8/2024/04/27/1dd0218c/index.m3u8
JDSY-010.洛丽塔陪玩小.特殊订单双飞,https://t33.cdn2020.com/video/m3u8/2024/04/20/9e6eca3e/index.m3u8
JDSY-009.瑶瑶.台湾家教.勾引处学生,https://t33.cdn2020.com/video/m3u8/2024/04/19/eba82e79/index.m3u8
JDSY-008.富相要求验货.少射美荡,https://t33.cdn2020.com/video/m3u8/2024/04/16/38c32c98/index.m3u8
JDSY-007.猎冰伟哥归来.美交荡诱骑乘,https://t33.cdn2020.com/video/m3u8/2024/04/14/ffe03223/index.m3u8
JDSY-006.司语.清纯少.欠债偿,https://t33.cdn2020.com/video/m3u8/2024/04/12/225bb599/index.m3u8
JDSY-005.贡献老.升职加薪,https://t33.cdn2020.com/video/m3u8/2024/04/17/9a1e1ab1/index.m3u8
JDSY-004.小S.养成记,https://t33.cdn2020.com/video/m3u8/2024/04/17/00c66363/index.m3u8
JDSY-003.小的海边露日记,https://t33.cdn2020.com/video/m3u8/2024/04/16/97e1a7cc/index.m3u8
JDSY-002.夫需要你的小,https://t33.cdn2020.com/video/m3u8/2024/04/14/f7b124aa/index.m3u8
JDSY-001.金钱诱.斧头帮的,https://t33.cdn2020.com/video/m3u8/2024/04/14/fb0763f9/index.m3u8
QDYP014.莉娜.女,https://t33.cdn2020.com/video/m3u8/2022/11/15/498f2974/index.m3u8
QDYP013.斑斑.,https://t33.cdn2020.com/video/m3u8/2022/11/15/41981bb3/index.m3u8
QDYP012.李娜娜.道具,https://t33.cdn2020.com/video/m3u8/2022/11/03/061c311b/index.m3u8
QDYP011.RONA.曾经同学,https://t33.cdn2020.com/video/m3u8/2022/11/17/a6381616/index.m3u8
QDYP010.坏坏.趁子生病啪,https://t33.cdn2020.com/video/m3u8/2022/11/17/e626606c/index.m3u8
QDYP009.熙熙.狂,https://t33.cdn2020.com/video/m3u8/2022/11/23/88e169eb/index.m3u8
QDYP008.小婕.制服少女,https://t33.cdn2020.com/video/m3u8/2022/11/23/da9f9c3e/index.m3u8
QDYP007.苡若.我到亲姐,https://t33.cdn2020.com/video/m3u8/2022/11/17/6da54a54/index.m3u8
QDYP005.林思妤朋友,https://t33.cdn2020.com/video/m3u8/2022/11/11/8175099f/index.m3u8
QDYP004.艾玛.的日记,https://t33.cdn2020.com/video/m3u8/2022/11/17/8574c04f/index.m3u8
QDYP003.玥伶.第一小姐姐,https://t33.cdn2020.com/video/m3u8/2022/11/03/72c7ea91/index.m3u8
QDYP002.金宝娜.哎呦金主管,https://t33.cdn2020.com/video/m3u8/2022/11/03/300e1b36/index.m3u8
QDYP001.翁雨澄.车模,https://t33.cdn2020.com/video/m3u8/2022/11/17/8a6ae137/index.m3u8
QD012.洁咪.为用其极,https://t33.cdn2020.com/video/m3u8/2022/10/21/e5887107/index.m3u8
QD011.莉娜.你是劫财还是劫,https://t33.cdn2020.com/video/m3u8/2022/10/21/57a3df75/index.m3u8
QD010.沫诗婷.真实试镜偷拍,https://t33.cdn2020.com/video/m3u8/2022/10/21/44af8f37/index.m3u8
QD009.洁咪.隐形药水偷看姐姐洗澡,https://t33.cdn2020.com/video/m3u8/2022/10/21/d53b32f7/index.m3u8
QD008.坏坏.虫虫危机火身,https://t33.cdn2020.com/video/m3u8/2022/10/21/b17d186b/index.m3u8
QD007.陆斑比.哥哥的生理实验室,https://t33.cdn2020.com/video/m3u8/2022/10/21/3a363772/index.m3u8
QD006.林思妤.干到一半外送员加入,https://t33.cdn2020.com/video/m3u8/2022/10/21/a891fd6a/index.m3u8
QD005.仙儿媛.脱衣论命奶头预言,https://t33.cdn2020.com/video/m3u8/2022/10/21/b09eb7cc/index.m3u8
QD004.莉娜.少阿姨错床,https://t33.cdn2020.com/video/m3u8/2022/10/21/cd49c83d/index.m3u8
QD003.金宝娜.小明的美女老师,https://t33.cdn2020.com/video/m3u8/2022/10/21/3ccf77ec/index.m3u8
QD002.金宝娜.捷运痴汉偷袭,https://t33.cdn2020.com/video/m3u8/2022/10/21/69661444/index.m3u8
QD001.翁雨澄.酱油少,https://t33.cdn2020.com/video/m3u8/2022/10/21/774add43/index.m3u8
QDSP002.孟若羽.假仙跳.点数在手跟我走,https://t33.cdn2020.com/video/m3u8/2022/10/21/95164fbd/index.m3u8
QDSP001.金宝娜.好味落汤鸡,https://t33.cdn2020.com/video/m3u8/2022/10/21/5d6bba8a/index.m3u8
QDKY002.孟若羽.棋牌争霸赛,https://t33.cdn2020.com/video/m3u8/2022/11/03/cb3dac35/index.m3u8
QDKY001.李娜娜.美女荷官送到家,https://t33.cdn2020.com/video/m3u8/2022/11/15/59944cac/index.m3u8
QDED031.把友捆在她,https://t33.cdn2020.com/video/m3u8/2022/11/19/47a20b5b/index.m3u8
QDED025.和台版小波多野结,https://t33.cdn2020.com/video/m3u8/2023/04/21/3ddc98fd/index.m3u8
QDED020.学生小香干翻,https://t33.cdn2020.com/video/m3u8/2022/11/17/6ceab52c/index.m3u8
QDED019.家政小咪做家的好们,https://t33.cdn2020.com/video/m3u8/2022/11/18/75c78cf0/index.m3u8
QDED018.工作太忙許久沒打幹一場,https://t33.cdn2020.com/video/m3u8/2022/11/18/8e43b2b8/index.m3u8
QDED015.电视节目占有率难看只好来,https://t33.cdn2020.com/video/m3u8/2022/11/17/f93873e3/index.m3u8
QDED014.暗黑邱比生,https://t33.cdn2020.com/video/m3u8/2022/11/19/5fe586c7/index.m3u8
QDED011.第一次身材丰满的美甲师,https://t33.cdn2020.com/video/m3u8/2022/11/15/6cfa00d3/index.m3u8
QDED010.美丽新同学小希,https://t33.cdn2020.com/video/m3u8/2022/11/19/1fe61a4c/index.m3u8
QDED008.美腿女神米欧与小钢,https://t33.cdn2020.com/video/m3u8/2022/11/18/3b98453a/index.m3u8
QDED007.魔摄影师大翻天,https://t33.cdn2020.com/video/m3u8/2022/11/18/9f707dab/index.m3u8
QDED006.萌少女比初验,https://t33.cdn2020.com/video/m3u8/2022/11/19/0ca144bd/index.m3u8
QDED005.极品纸春了,https://t33.cdn2020.com/video/m3u8/2022/11/19/53307c7c/index.m3u8
QDED002.靜靜.來台北玩順便探訪就炮,https://t33.cdn2020.com/video/m3u8/2022/11/18/6ffee616/index.m3u8
QDZH023.感高释放,https://t33.cdn2020.com/video/m3u8/2022/11/18/fe9fb046/index.m3u8
QDZH022.爆操酒店保洁员,https://t33.cdn2020.com/video/m3u8/2022/11/18/0ce5612e/index.m3u8
QDZH021.少打麻将输进去,https://t33.cdn2020.com/video/m3u8/2022/11/17/b4dce4e5/index.m3u8
QDZH020.干翻袜小偷,https://t33.cdn2020.com/video/m3u8/2022/11/15/5393ce0b/index.m3u8
QDZH019.老板爆操小网红,https://t33.cdn2020.com/video/m3u8/2022/11/11/b10e775c/index.m3u8
QDZH018.舞蹈老师应聘,https://t33.cdn2020.com/video/m3u8/2022/11/17/2dae9584/index.m3u8
QDZH017.为退押金玩弄,https://t33.cdn2020.com/video/m3u8/2022/11/19/b78d5fdd/index.m3u8
QDZH016.秘书醉酒被司机迫,https://t33.cdn2020.com/video/m3u8/2022/11/19/5b13c25e/index.m3u8
QDZH015.工程师被献身,https://t33.cdn2020.com/video/m3u8/2022/11/19/196e4286/index.m3u8
QDZH014.售楼小姐客户,https://t33.cdn2020.com/video/m3u8/2022/11/23/b8e6e621/index.m3u8
QDZH013.过生前缘,https://t33.cdn2020.com/video/m3u8/2022/11/15/8bafbcae/index.m3u8
QDZH012.A女面试记,https://t33.cdn2020.com/video/m3u8/2022/11/23/e9cba26f/index.m3u8
QDZH011.情欲哥哥硬,https://t33.cdn2020.com/video/m3u8/2022/11/19/d19131a6/index.m3u8
QDZH010.萌欠高利贷,https://t33.cdn2020.com/video/m3u8/2022/11/15/5e83ed8e/index.m3u8
QDZH009.快递小哥,https://t33.cdn2020.com/video/m3u8/2022/11/19/dc261219/index.m3u8
QDZH008.隔壁求帮忙,https://t33.cdn2020.com/video/m3u8/2022/11/15/4ed7a7c1/index.m3u8
QDZH007.表补课被表哥操,https://t33.cdn2020.com/video/m3u8/2022/11/18/18f4d2c7/index.m3u8
QDZH006.荡女护工,https://t33.cdn2020.com/video/m3u8/2022/11/17/a05c6a91/index.m3u8
QDZH005.为了借钱,https://t33.cdn2020.com/video/m3u8/2022/11/17/3f45e780/index.m3u8
QDZH003.佣陪小姐散心,https://t33.cdn2020.com/video/m3u8/2022/11/18/78a6a8d3/index.m3u8
QDZH002.老婆不在家继,https://t33.cdn2020.com/video/m3u8/2022/11/17/7c4f4d2d/index.m3u8
QDZH001.妈妈饥渴难耐诱奸儿子,https://t33.cdn2020.com/video/m3u8/2022/11/03/4b22fff5/index.m3u8
QDSS014.女神.招嫖技师,https://t33.cdn2020.com/video/m3u8/2022/11/23/5ac4f685/index.m3u8
QDSS013.女神.极品轨,https://t33.cdn2020.com/video/m3u8/2022/11/19/92de2ce4/index.m3u8
QDSS012.女神.考研的最后一关,https://t33.cdn2020.com/video/m3u8/2022/11/19/89423ffe/index.m3u8
QDSS011.女神.迷奸高冷美女,https://t33.cdn2020.com/video/m3u8/2022/11/15/7f10a096/index.m3u8
QDSS010.女神.邂逅图书馆,https://t33.cdn2020.com/video/m3u8/2022/11/19/76282cf3/index.m3u8
QDSS009.女神.健身事,https://t33.cdn2020.com/video/m3u8/2022/11/23/7bdabb58/index.m3u8
QDSS008.女神.内饥渴女老板,https://t33.cdn2020.com/video/m3u8/2022/11/19/df3e4313/index.m3u8
QDSS007.女神.女司的另一面,https://t33.cdn2020.com/video/m3u8/2022/11/11/a23a1cda/index.m3u8
QDSS006.女神.拍写真的陷阱,https://t33.cdn2020.com/video/m3u8/2022/11/18/d874c64f/index.m3u8
QDSS004.女神.看黄片来感觉了,https://t33.cdn2020.com/video/m3u8/2022/11/19/64b482a7/index.m3u8
QDSS003.女神.趁了她,https://t33.cdn2020.com/video/m3u8/2022/11/18/96235546/index.m3u8
QDSS002.女神.青春发现,https://t33.cdn2020.com/video/m3u8/2022/11/17/ddab062a/index.m3u8
QDSS001.女神.黑诱惑,https://t33.cdn2020.com/video/m3u8/2022/11/23/d90ebc23/index.m3u8
MOMO.利用權讓我,https://t33.cdn2020.com/video/m3u8/2024/09/03/da163dc1/index.m3u8
內衣模特的清純日本,https://t33.cdn2020.com/video/m3u8/2024/08/29/94f321af/index.m3u8
MOMO.SS級完美超害羞,https://t33.cdn2020.com/video/m3u8/2024/08/16/b3cd9e93/index.m3u8
MOMO.關燈比較刺激,https://t33.cdn2020.com/video/m3u8/2024/09/01/ce5f204f/index.m3u8
XVSR-140 岸あ,https://t33.cdn2020.com/video/m3u8/2022/07/15/4e7f72af/index.m3u8
PZZ-778 圧倒的カレン,https://t33.cdn2020.com/video/m3u8/2026/02/13/abad163f/index.m3u8
IPZZ-703かけ祭り,https://t33.cdn2020.com/video/m3u8/2026/01/16/62279ec6/index.m3u8
FNS-181 同棲生与田りん,https://t33.cdn2020.com/video/m3u8/2026/02/11/2b9ac023/index.m3u8
HMN-520 昔、貧かすみ,https://t33.cdn2020.com/video/m3u8/2024/01/31/12dd2be1/index.m3u8
MIDV-383 私のな,https://t33.cdn2020.com/video/m3u8/2023/07/22/390f416b/index.m3u8
SSIS-798 愛一花,https://t33.cdn2020.com/video/m3u8/2023/09/12/c5a7a594/index.m3u8
ABW-097 天然汁 120％ 71,https://t33.cdn2020.com/video/m3u8/2023/07/06/530d3d53/index.m3u8
JUL-087 今夜、僕レイコ,https://t33.cdn2020.com/video/m3u8/2022/10/15/fe56fa54/index.m3u8
MIAB-556 帆,https://t33.cdn2020.com/video/m3u8/2025/10/31/f1ba7dbf/index.m3u8
CAWD-871 オンナ 超イカセSEX！,https://t33.cdn2020.com/video/m3u8/2025/10/19/ea3dcf5f/index.m3u8
MIDA-271 【女オ,https://t33.cdn2020.com/video/m3u8/2025/09/11/58f951a6/index.m3u8
SONE-434 潮吹き女王くるHow to SEX,https://t33.cdn2020.com/video/m3u8/2025/10/03/046d1ce0/index.m3u8
PRED-708 How t山岸あや花,https://t33.cdn2020.com/video/m3u8/2025/11/12/afeab6f8/index.m3u8
IPZZ-677 手がカレン,https://t33.cdn2020.com/video/m3u8/2025/10/20/7c57d33a/index.m3u8
IPZZ-655 チート級媚薬ン,https://t33.cdn2020.com/video/m3u8/2025/09/21/5acb052f/index.m3u8
IPZZ-435 まくった,https://t33.cdn2020.com/video/m3u8/2025/09/16/71d96b7b/index.m3u8
IPZZ-261 「奥さ員カレン,https://t33.cdn2020.com/video/m3u8/2026/02/12/cddf48c7/index.m3u8
IPZZ-242 教育実習カレン,https://t33.cdn2020.com/video/m3u8/2026/02/16/8c54018a/index.m3u8
IPZZ-170 楓カ再び。,https://t33.cdn2020.com/video/m3u8/2023/12/10/3e64a0c5/index.m3u8
FSDSS-627 もっレモン,https://t33.cdn2020.com/video/m3u8/2023/08/01/933c4dee/index.m3u8
FSDSS-615 彼女の姉田中レモン,https://t33.cdn2020.com/video/m3u8/2023/07/26/a8856101/index.m3u8
FSDSS-610 最高レモン,https://t33.cdn2020.com/video/m3u8/2023/05/31/4350129f/index.m3u8
FSDSS-609 圧’ AVデビュー,https://t33.cdn2020.com/video/m3u8/2023/05/03/47a28e2e/index.m3u8
IPX-867 カレン先ン,https://t33.cdn2020.com/video/m3u8/2022/05/20/27ae5125/index.m3u8
IPX-811 -媚薬 楓カレン,https://t33.cdn2020.com/video/m3u8/2022/02/17/5c7b1d71/index.m3u8
IPX-776 身代わレン,https://t33.cdn2020.com/video/m3u8/2022/01/13/190ebb5f/index.m3u8
IPX-758 あなた楓カレン,https://t33.cdn2020.com/video/m3u8/2021/11/18/736df1f5/index.m3u8
IPX-742 楓カンズエステ,https://t33.cdn2020.com/video/m3u8/2021/10/20/f38b7000/index.m3u8
IPX-689 ぬほカレン,https://t33.cdn2020.com/video/m3u8/2021/08/09/cd3db9e3/index.m3u8
IPX-673 純谷,https://t33.cdn2020.com/video/m3u8/2021/08/08/76107a8f/index.m3u8
IPX-658 新 逆楓カレン,https://t33.cdn2020.com/video/m3u8/2026/01/31/2d9a5bbc/index.m3u8
IPX-641 旦頂カレン,https://t33.cdn2020.com/video/m3u8/2026/01/20/59f2fc93/index.m3u8
IPX-627 大好た 楓カレン,https://t33.cdn2020.com/video/m3u8/2025/12/19/69b98f8e/index.m3u8
IPX-612 生徒と映像 楓カレン,https://t33.cdn2020.com/video/m3u8/2026/01/03/5ae4aef4/index.m3u8
IPX-596 美人家庭 楓カレン,https://t33.cdn2020.com/video/m3u8/2021/02/27/255abb48/index.m3u8
IPX-580 禁欲の果てカレン,https://t33.cdn2020.com/video/m3u8/2020/12/28/c4232a44/index.m3u8
IPX-534 ぬン,https://t33.cdn2020.com/video/m3u8/2020/12/19/29667924/index.m3u8
IPX-528 ぬほ楓カレン,https://t33.cdn2020.com/video/m3u8/2020/09/19/0e26531c/index.m3u8
IPX-451 凌●解カレン,https://t33.cdn2020.com/video/m3u8/2026/01/15/5d326ed7/index.m3u8
IPX-427 おじさんカレン,https://t33.cdn2020.com/video/m3u8/2020/09/03/ef95bd39/index.m3u8
IPX-398 出張楓カレン,https://t33.cdn2020.com/video/m3u8/2026/01/06/b5fb51f9/index.m3u8
IPX-383 射精ホヤホヤレン,https://t33.cdn2020.com/video/m3u8/2020/09/03/ff976170/index.m3u8
IPX-334 ピュア美少ナー 楓カレン,https://t33.cdn2020.com/video/m3u8/2023/01/08/2eea84bc/index.m3u8
IPX-320 絶頂84回！ランス絶頂FUCK 楓カレン,https://t33.cdn2020.com/video/m3u8/2026/02/07/6a1426fb/index.m3u8
IPX-305 瞬ン 私がなかった…,https://t33.cdn2020.com/video/m3u8/2023/06/13/ebe93eb8/index.m3u8
IPX-291 ピュア美少接吻とセックス 楓カレン,https://jkunnzyx.com/20230301/5KWwQUfH/hls/index.m3u8
IPX-278 白衣の神対応然も！ 楓カレン,https://t33.cdn2020.com/video/m3u8/2019/07/24/4b2df664/index.m3u8
IPX-484 彼女 楓カレン,https://t33.cdn2020.com/video/m3u8/2023/06/24/ba6bd43c/index.m3u8
AMATEUREURO,http://xionggroup.uk:2347/livehttpplay?channel_id=18209
BlondeTeen,http://xionggroup.uk:2347/livehttpplay?channel_id=18210
BlondeTeen2,http://xionggroup.uk:2347/livehttpplay?channel_id=18211
Brazzers,http://xionggroup.uk:2347/livehttpplay?channel_id=18212
FakeAgent,http://xionggroup.uk:2347/livehttpplay?channel_id=18213
FakeHostel,http://xionggroup.uk:2347/livehttpplay?channel_id=18214
FAKEhubFullScene,http://xionggroup.uk:2347/livehttpplay?channel_id=18215
FilthyKings,http://xionggroup.uk:2347/livehttpplay?channel_id=18216
FilthyTaboo,http://xionggroup.uk:2347/livehttpplay?channel_id=18217
HOTWIFEXXX,http://xionggroup.uk:2347/livehttpplay?channel_id=18218
princess,http://xionggroup.uk:2347/livehttpplay?channel_id=18219
princess1,http://xionggroup.uk:2347/livehttpplay?channel_id=18220
princess2,http://xionggroup.uk:2347/livehttpplay?channel_id=18221
PublicAgent,http://xionggroup.uk:2347/livehttpplay?channel_id=18222
ASIA,http://xionggroup.uk:2347/livehttpplay?channel_id=18223
ASIA2,http://xionggroup.uk:2347/livehttpplay?channel_id=18224
asia3,http://xionggroup.uk:2347/livehttpplay?channel_id=18225
asia4,http://xionggroup.uk:2347/livehttpplay?channel_id=18226
asia5,http://xionggroup.uk:2347/livehttpplay?channel_id=18227
asia6,http://xionggroup.uk:2347/livehttpplay?channel_id=18228
asia7,http://xionggroup.uk:2347/livehttpplay?channel_id=18229
asia8,http://xionggroup.uk:2347/livehttpplay?channel_id=18230
asia9,http://xionggroup.uk:2347/livehttpplay?channel_id=18231
asia10,http://xionggroup.uk:2347/livehttpplay?channel_id=18232
asia11,http://xionggroup.uk:2347/livehttpplay?channel_id=18233
asia12,http://xionggroup.uk:2347/livehttpplay?channel_id=18234
asia13,http://xionggroup.uk:2347/livehttpplay?channel_id=18235
asia14,http://xionggroup.uk:2347/livehttpplay?channel_id=18236
asia15,http://xionggroup.uk:2347/livehttpplay?channel_id=18237
asia16,http://xionggroup.uk:2347/livehttpplay?channel_id=18238
asia17,http://xionggroup.uk:2347/livehttpplay?channel_id=18239
asia18,http://xionggroup.uk:2347/livehttpplay?channel_id=18240
asia19,http://xionggroup.uk:2347/livehttpplay?channel_id=18241
asia20,http://xionggroup.uk:2347/livehttpplay?channel_id=18242
asia21,http://xionggroup.uk:2347/livehttpplay?channel_id=18243
CUS,http://xionggroup.uk:2347/livehttpplay?channel_id=18244
HMN,http://xionggroup.uk:2347/livehttpplay?channel_id=18245
MDYD,http://xionggroup.uk:2347/livehttpplay?channel_id=18246
MSD2,http://xionggroup.uk:2347/livehttpplay?channel_id=18247
PONDO,http://xionggroup.uk:2347/livehttpplay?channel_id=18248
PONDO2,http://xionggroup.uk:2347/livehttpplay?channel_id=18249
XKG,http://xionggroup.uk:2347/livehttpplay?channel_id=18250
MSD,http://xionggroup.uk:2347/livehttpplay?channel_id=18251
10周年紀念特別篇著名演員,https://t33.cdn2020.com/video/m3u8/2024/10/03/922abb2b/index.m3u8
18歲美少看似清純實際很蕩,https://t33.cdn2020.com/video/m3u8/2024/04/14/5f5c3a43/index.m3u8
21發顏在美少臉-小阪七香,https://t33.cdn2020.com/video/m3u8/2024/08/22/079edb65/index.m3u8
3P解禁生初次絕頂-希島理,https://t33.cdn2020.com/video/m3u8/2024/06/17/234e28de/index.m3u8
3P初體驗-希志野,https://t33.cdn2020.com/video/m3u8/2024/03/28/e3b42001/index.m3u8
3年A班真由老師-希美真由,https://t33.cdn2020.com/video/m3u8/2024/07/25/5bc55bd8/index.m3u8
AV偶像攝影會-葵司,https://t33.cdn2020.com/video/m3u8/2024/06/25/5bfec828/index.m3u8
AV引退倒計時-佳澄果穗,https://t33.cdn2020.com/video/m3u8/2024/08/30/bb4b0874/index.m3u8
AV隱退作-架乃由羅,https://t33.cdn2020.com/video/m3u8/2024/09/16/28f2dbc0/index.m3u8
BBQ醉酒NTR-桃乃木かな,https://t33.cdn2020.com/video/m3u8/2024/04/27/012cdf5e/index.m3u8
FSDSS-474,https://t33.cdn2020.com/video/m3u8/2024/06/17/17684b6b/index.m3u8
K罩杯的秘書被社長-凪光,https://t33.cdn2020.com/video/m3u8/2024/08/09/48bf65dd/index.m3u8
NTR的救贖-架乃由羅,https://t33.cdn2020.com/video/m3u8/2024/08/25/cf8dfb68/index.m3u8
跟住在空屋絶倫的舌吻的,https://t33.cdn2020.com/video/m3u8/2024/04/12/52b9685b/index.m3u8
按摩棒猜謎挑戰-鈴木心春,https://t33.cdn2020.com/video/m3u8/2024/09/24/3d5bc14c/index.m3u8
暗戀的生是的朋友-希島野,https://t33.cdn2020.com/video/m3u8/2024/07/19/f7a20dec/index.m3u8
傲嬌的白領-倉木華,https://t33.cdn2020.com/video/m3u8/2024/10/08/cf9a6c90/index.m3u8
傲嬌可的學生會長-RIO,https://t33.cdn2020.com/video/m3u8/2024/06/25/b616ce65/index.m3u8
把裡的-RARA,https://t33.cdn2020.com/video/m3u8/2024/09/30/3239a783/index.m3u8
把患者躺在自己的新鮮部,https://t33.cdn2020.com/video/m3u8/2024/05/03/7791e6c5/index.m3u8
把積蓄已久濃厚的全部發吧,https://t33.cdn2020.com/video/m3u8/2024/09/18/252f6e36/index.m3u8
把極品優培養成類寵物,https://t33.cdn2020.com/video/m3u8/2024/09/15/e30379b6/index.m3u8
把深的子折磨到深處-明裡紬,https://t33.cdn2020.com/video/m3u8/2024/04/27/e70fb971/index.m3u8
白虎被鄙視的公公迫高到懷孕,https://t33.cdn2020.com/video/m3u8/2024/06/07/29187dfe/index.m3u8
白咲花的變身,https://t33.cdn2020.com/video/m3u8/2024/08/16/86ef152b/index.m3u8
白天在公司是高傲嚴厲的司-星野娜美,https://t33.cdn2020.com/video/m3u8/2024/09/09/eb40d083/index.m3u8
白皙溫柔美的,https://t33.cdn2020.com/video/m3u8/2024/05/10/05e6252a/index.m3u8
百合川沒有前戲突然開始的,https://t33.cdn2020.com/video/m3u8/2024/04/27/73b9e724/index.m3u8
班裡的土味子-水卜櫻,https://t33.cdn2020.com/video/m3u8/2024/06/25/04690fbe/index.m3u8
搬到隔壁的那對夫的-野野浦暖,https://t33.cdn2020.com/video/m3u8/2024/09/28/8641f958/index.m3u8
搬到隔壁的漂亮新婚-鈴村裡,https://t33.cdn2020.com/video/m3u8/2024/07/16/041ae0ce/index.m3u8
搬到隔壁來的那對情侶的巨友,https://t33.cdn2020.com/video/m3u8/2024/08/20/6a3ff9c1/index.m3u8
阪美惠乃突然被的無套視覺盛宴,https://t33.cdn2020.com/video/m3u8/2024/05/23/882fd6a4/index.m3u8
辦公室OL淪為東熱汁們的便器隨意,https://t33.cdn2020.com/video/m3u8/2024/05/18/02e4b279/index.m3u8
辦公室美OL濕潤的絲連褲襪,https://t33.cdn2020.com/video/m3u8/2024/07/19/ed0bbaeb/index.m3u8
半醉半醒SEX-希美真由,https://t33.cdn2020.com/video/m3u8/2024/06/30/a0f5a3ca/index.m3u8
幫助處們童貞畢業的巨美-乃乃果花,https://t33.cdn2020.com/video/m3u8/2024/05/19/209f9a78/index.m3u8
保險員冴君麻衣子最擅長用體推銷,https://t33.cdn2020.com/video/m3u8/2024/06/19/2bcf50ad/index.m3u8
報復司-小川阿佐美,https://t33.cdn2020.com/video/m3u8/2024/05/30/53fe6180/index.m3u8
暴虐校淩辱-希島理,https://t33.cdn2020.com/video/m3u8/2024/06/18/3ad911f3/index.m3u8
被30根棒的亂交,https://t33.cdn2020.com/video/m3u8/2024/08/01/0fcba0f1/index.m3u8
被NTR癖-二宮光,https://t33.cdn2020.com/video/m3u8/2024/07/26/6b7389ba/index.m3u8
被NTR燒烤同學會-神宮寺奈緒,https://t33.cdn2020.com/video/m3u8/2024/03/12/a8483a9a/index.m3u8
被傲嬌狂妄的叫來-小野六花,https://t33.cdn2020.com/video/m3u8/2024/07/04/32a01f7f/index.m3u8
被逼著做極度羞恥的泳裝模特,https://t33.cdn2020.com/video/m3u8/2024/06/07/e59fa2f2/index.m3u8
被變態子犯的髮美-古川伊織,https://t33.cdn2020.com/video/m3u8/2024/06/30/f661b62f/index.m3u8
被不良學生們盯的美教師,https://t33.cdn2020.com/video/m3u8/2024/05/19/6a259f83/index.m3u8
被部長行犯墮落的-希島裡,https://t33.cdn2020.com/video/m3u8/2024/06/30/010ae991/index.m3u8
被徹底玩弄到高升天-八木奈奈,https://t33.cdn2020.com/video/m3u8/2024/03/26/252e7609/index.m3u8
被癡架乃由羅蹂躪連16次制術,https://t33.cdn2020.com/video/m3u8/2024/06/06/83e55fd1/index.m3u8
被催眠洗腦-桃乃木香奈,https://t33.cdn2020.com/video/m3u8/2024/06/04/b1ee8aed/index.m3u8
被量包圍-村悠華,https://t33.cdn2020.com/video/m3u8/2024/07/11/6da0adc7/index.m3u8
被電車癡漢盯墮落的美-天海翼,https://t33.cdn2020.com/video/m3u8/2024/06/14/98ad3395/index.m3u8
被店長犯的未婚-石原莉奈,https://t33.cdn2020.com/video/m3u8/2024/03/20/b4ccad97/index.m3u8
被盯的OL-希崎潔西嘉,https://t33.cdn2020.com/video/m3u8/2024/04/19/ff32855a/index.m3u8
被奪走的清純子-芽森滴,https://t33.cdn2020.com/video/m3u8/2024/09/03/2176ad29/index.m3u8
被幹到墮落後-小川阿佐美,https://t33.cdn2020.com/video/m3u8/2024/05/21/59815ba9/index.m3u8
被隔壁巨根鄰居犯覺醒的美,https://t33.cdn2020.com/video/m3u8/2024/10/10/a59c45d9/index.m3u8
被閨蜜老公犯墮落的-立花美涼,https://t33.cdn2020.com/video/m3u8/2024/10/10/124eb5c0/index.m3u8
被棒幹到失去意識-筱田步美,https://t33.cdn2020.com/video/m3u8/2024/03/17/9b3724b4/index.m3u8
被繼父弄到頭高的我-宮下玲奈,https://t33.cdn2020.com/video/m3u8/2024/05/10/af9f0f61/index.m3u8
被監禁當作家畜奴隸調教的短髮美-希島理,https://t33.cdn2020.com/video/m3u8/2024/07/16/1f049741/index.m3u8
被監禁束縛-Unpai,https://t33.cdn2020.com/video/m3u8/2024/07/19/f69b1d68/index.m3u8
被絕頂開發體位迷的-神宮寺奈緒,https://t33.cdn2020.com/video/m3u8/2024/04/30/0c4a39c9/index.m3u8
被垃圾佬軟禁成為便器的高生,https://t33.cdn2020.com/video/m3u8/2024/08/16/b24bbe0c/index.m3u8
被老公老闆暴的第七天-楓芙,https://t33.cdn2020.com/video/m3u8/2024/07/04/1e3dfeba/index.m3u8
被的美教師-希美真由,https://t33.cdn2020.com/video/m3u8/2024/06/30/d1f37ab7/index.m3u8
被的游泳部實習教育顧問-楓可憐,https://t33.cdn2020.com/video/m3u8/2024/03/26/d27ee1cb/index.m3u8
被調教墮落為-希島理,https://t33.cdn2020.com/video/m3u8/2024/06/18/b44180e4/index.m3u8
被美OL拒絕後的肥豬-立花美涼,https://t33.cdn2020.com/video/m3u8/2024/04/07/fdc351ea/index.m3u8
被迷藥迷暈-松島楓,https://t33.cdn2020.com/video/m3u8/2024/03/27/fec25781/index.m3u8
被包圍-兒玉七海,https://t33.cdn2020.com/video/m3u8/2024/10/08/5f06784f/index.m3u8
被友賣掉後被的OL-橋未久,https://t33.cdn2020.com/video/m3u8/2024/10/04/5352a35b/index.m3u8
被朋友的美誘惑-天海翼,https://t33.cdn2020.com/video/m3u8/2024/07/25/fa1034bd/index.m3u8
被朋友管理-橋未久,https://t33.cdn2020.com/video/m3u8/2024/09/25/05b48c6f/index.m3u8
被暴後失憶-本田岬,https://t33.cdn2020.com/video/m3u8/2024/10/12/b15ec656/index.m3u8
被犯快感的-小川阿佐美,https://t33.cdn2020.com/video/m3u8/2024/05/21/103ca134/index.m3u8
被犯的圖書管理員-希崎潔西嘉,https://t33.cdn2020.com/video/m3u8/2024/06/07/4f6f86c1/index.m3u8
被犯的圖書管理員-希志野,https://t33.cdn2020.com/video/m3u8/2024/05/08/9b3f14e0/index.m3u8
被犯的溫泉野外露-小川阿佐美,https://t33.cdn2020.com/video/m3u8/2024/06/04/96b66ff0/index.m3u8
被犯過度的教師-前田香織,https://t33.cdn2020.com/video/m3u8/2024/10/03/060ccd38/index.m3u8
被犯調教成了-立花美涼,https://t33.cdn2020.com/video/m3u8/2024/10/10/c7a625a4/index.m3u8
被禽獸繼父和混繼兄犯玩弄的可孩,https://t33.cdn2020.com/video/m3u8/2024/06/18/7e250c05/index.m3u8
被禽獸老師爆卻無能為力-小島南,https://t33.cdn2020.com/video/m3u8/2024/05/19/d0e1419a/index.m3u8
被蹂躪的-天海翼,https://t33.cdn2020.com/video/m3u8/2024/08/15/9999d0ac/index.m3u8
被三個巨美腿護士壓榨30次,https://t33.cdn2020.com/video/m3u8/2024/09/18/674d2a8e/index.m3u8
他弟弟幹到高的美寡-希崎潔西嘉,https://t33.cdn2020.com/video/m3u8/2024/04/27/760aef57/index.m3u8
逃獄者犯調教的美OL-希島理,https://t33.cdn2020.com/video/m3u8/2024/06/18/94d83bc7/index.m3u8
被調教成服侍棒的風俗-石原莉奈,https://t33.cdn2020.com/video/m3u8/2024/03/26/b806708a/index.m3u8
被猥瑣部長灌醉帶回家的美OL,https://t33.cdn2020.com/video/m3u8/2024/09/25/388b4a88/index.m3u8
被喜歡交的的學生隨時隨地的交,https://t33.cdn2020.com/video/m3u8/2024/07/19/4b890f5d/index.m3u8
被喜歡宅的辣了-神木麗,https://t33.cdn2020.com/video/m3u8/2024/05/12/5d63b829/index.m3u8
被下圈套的學生遭到癡漢們,https://t33.cdn2020.com/video/m3u8/2024/10/03/2f30d44e/index.m3u8
被下藥後拍下視頻的巨OL-沖田杏梨,https://t33.cdn2020.com/video/m3u8/2024/10/12/38d1e232/index.m3u8
被修理工犯的在老公面前被幹到高,https://t33.cdn2020.com/video/m3u8/2024/06/12/492b41c7/index.m3u8
被學生墮落身心完全破碎的教師,https://t33.cdn2020.com/video/m3u8/2024/07/25/827527c7/index.m3u8
被義父RAPE後的清純-河北彩伽,https://t33.cdn2020.com/video/m3u8/2024/10/05/fc4b9c78/index.m3u8
被蕩的破處了-UNPAI,https://t33.cdn2020.com/video/m3u8/2024/10/09/b43824b1/index.m3u8
被魔叔叔姦的美-本田岬,https://t33.cdn2020.com/video/m3u8/2024/09/15/bacc01a1/index.m3u8
被抓住淪為奴隸的記者-希島理,https://t33.cdn2020.com/video/m3u8/2024/07/19/bce11100/index.m3u8
被自己厭惡的叔-桃乃木香奈,https://t33.cdn2020.com/video/m3u8/2024/03/28/e750cec9/index.m3u8
被最美麗的吮吸的快感-楓可憐,https://t33.cdn2020.com/video/m3u8/2024/06/17/b0a91634/index.m3u8
本能的四本番-原瑞穗,https://t33.cdn2020.com/video/m3u8/2024/09/04/93434b0a/index.m3u8
本山茉莉洗的乾乾淨淨接受子注,https://t33.cdn2020.com/video/m3u8/2024/05/10/b928533d/index.m3u8
本想教訓廢物下屬卻被爽的絲司,https://t33.cdn2020.com/video/m3u8/2024/05/10/9dae2528/index.m3u8
笨拙經理足球部篇-天海翼,https://t33.cdn2020.com/video/m3u8/2024/07/19/af82f2e3/index.m3u8
比基尼孩士美容院-逢澤美優,https://t33.cdn2020.com/video/m3u8/2024/09/16/0fbb94c2/index.m3u8
比友還的店長棒-本鄉,https://t33.cdn2020.com/video/m3u8/2024/06/17/a3430f8c/index.m3u8
比起子我更擅長交-楓花戀,https://t33.cdn2020.com/video/m3u8/2024/05/03/a977cbcb/index.m3u8
畢業儀式結束後-希島理,https://t33.cdn2020.com/video/m3u8/2024/08/09/978a72ba/index.m3u8
閉門不的訪問支援服務-小湊四葉,https://t33.cdn2020.com/video/m3u8/2024/08/01/274bfe69/index.m3u8
邊走邊做可優-希美真由,https://t33.cdn2020.com/video/m3u8/2024/07/19/3094591c/index.m3u8
變成的彩花,https://t33.cdn2020.com/video/m3u8/2024/08/28/2f376b8a/index.m3u8
變態抖S癡-明裡紬,https://t33.cdn2020.com/video/m3u8/2024/07/26/4a2008d2/index.m3u8
變態鄰居綁架監禁美,https://t33.cdn2020.com/video/m3u8/2024/07/26/cb7cf833/index.m3u8
便當店的光小-青空光,https://t33.cdn2020.com/video/m3u8/2024/08/12/c4950293/index.m3u8
便利店打工的子-伊藤舞雪,https://t33.cdn2020.com/video/m3u8/2024/08/19/afbf9b6e/index.m3u8
便利店兼職主-青空光,https://t33.cdn2020.com/video/m3u8/2024/04/07/f8819128/index.m3u8
賓館瘋狂做-希美真由,https://t33.cdn2020.com/video/m3u8/2024/08/01/6f789ce4/index.m3u8
波多野結衣空天使系列接受挑戰,https://t33.cdn2020.com/video/m3u8/2024/06/09/98af6ce0/index.m3u8
波多野結衣突然現在粉絲面試送福利,https://t33.cdn2020.com/video/m3u8/2024/06/06/844cc95f/index.m3u8
不穿褲的S屬小美,https://t33.cdn2020.com/video/m3u8/2024/06/19/ef6691a1/index.m3u8
不穿褲的教師-橋未久,https://t33.cdn2020.com/video/m3u8/2024/10/03/97b79389/index.m3u8
不穿褲的教師-小川阿佐美,https://t33.cdn2020.com/video/m3u8/2024/06/06/e1fef77f/index.m3u8
不管何時何地都馬做的傭-伊東千奈美,https://t33.cdn2020.com/video/m3u8/2024/04/02/ae7a0bd2/index.m3u8
不會拒絕的被動-希志野,https://t33.cdn2020.com/video/m3u8/2024/04/30/fe54289e/index.m3u8
不會停下的掃除交-小島南,https://t33.cdn2020.com/video/m3u8/2024/08/20/83af3e5f/index.m3u8
不起眼部下的副業是泡泡浴-希島裡,https://t33.cdn2020.com/video/m3u8/2024/10/08/3d9319a4/index.m3u8
不去課的淳樸學生-水卜櫻,https://t33.cdn2020.com/video/m3u8/2024/08/14/465d6cd2/index.m3u8
不擅長拒絕的美-天海翼,https://t33.cdn2020.com/video/m3u8/2024/07/19/268075f4/index.m3u8
不受控制的與兒子的朋友絕倫交尾,https://t33.cdn2020.com/video/m3u8/2024/08/28/6fb7fbdc/index.m3u8
不停高-希志野,https://t33.cdn2020.com/video/m3u8/2024/05/03/174deb12/index.m3u8
不需要劇本和完美的情-伊東千奈美,https://t33.cdn2020.com/video/m3u8/2024/10/01/cb9a8a95/index.m3u8
不要在這裡在裡面-藤森裡穂,https://t33.cdn2020.com/video/m3u8/2024/09/17/2c46b4b6/index.m3u8
餐館的員工被同事們調教,https://t33.cdn2020.com/video/m3u8/2024/04/17/b08cca40/index.m3u8
殘酷的漏尿-未步奈奈,https://t33.cdn2020.com/video/m3u8/2024/09/13/efed57ca/index.m3u8
測試可虎牙優-初川南,https://t33.cdn2020.com/video/m3u8/2024/03/20/0ee2d303/index.m3u8
曾經稱之為主的-栗山莉緒,https://t33.cdn2020.com/video/m3u8/2024/10/11/9ec99fc6/index.m3u8
超膽丁字褲的亂誘惑-天海翼,https://t33.cdn2020.com/video/m3u8/2024/08/30/bc25ae18/index.m3u8
超型新的飯店濃密-白咲花,https://t33.cdn2020.com/video/m3u8/2024/07/19/50bfff78/index.m3u8
超高級風俗小-小島南,https://t33.cdn2020.com/video/m3u8/2024/03/20/d0a34047/index.m3u8
超豪華服務説明螢幕前的你爆-松島楓,https://t33.cdn2020.com/video/m3u8/2024/03/15/04ae8ccb/index.m3u8
超級可的幼齒蘿莉貓娘美少,https://t33.cdn2020.com/video/m3u8/2024/04/17/f7d52023/index.m3u8
超級狂歡亂交-初川南,https://t33.cdn2020.com/video/m3u8/2024/03/27/c8a795b8/index.m3u8
超級搜查官-八木奈奈,https://t33.cdn2020.com/video/m3u8/2024/08/31/5e5d58a9/index.m3u8
超級興奮的體-八掛海,https://t33.cdn2020.com/video/m3u8/2024/08/27/d0401f0f/index.m3u8
超級自慰協助-三悠亞,https://t33.cdn2020.com/video/m3u8/2024/08/05/64006472/index.m3u8
超可虎牙AV優-初川南,https://t33.cdn2020.com/video/m3u8/2024/03/23/29e21af3/index.m3u8
超可蘿莉友的溫泉旅行-櫻由羅,https://t33.cdn2020.com/video/m3u8/2024/08/30/8b95009b/index.m3u8
超爽吹-小島みなみ,https://t33.cdn2020.com/video/m3u8/2024/03/20/97fb047a/index.m3u8
超蕩癡老師的語診所-希崎潔西嘉,https://t33.cdn2020.com/video/m3u8/2024/06/04/aa397b1c/index.m3u8
吹限制解除-八掛海,https://t33.cdn2020.com/video/m3u8/2024/05/26/98be8839/index.m3u8
沉迷感美容按摩的-夏目彩春,https://t33.cdn2020.com/video/m3u8/2024/09/13/633aece5/index.m3u8
沉溺在AV優朋友的主觀之無法自拔,https://t33.cdn2020.com/video/m3u8/2024/04/20/a455389c/index.m3u8
沉溺在絕倫的背德美OL的欲白皮書,https://t33.cdn2020.com/video/m3u8/2024/09/22/5cd813d7/index.m3u8
趁楚楚可憐的美熟睡她-栗山莉緒,https://t33.cdn2020.com/video/m3u8/2024/10/05/9b9be78d/index.m3u8
趁著父母不在家-小倉由菜,https://t33.cdn2020.com/video/m3u8/2024/03/29/0ac7ef05/index.m3u8
成功拍攝完全私影片,https://t33.cdn2020.com/video/m3u8/2024/08/01/e58b014e/index.m3u8
成式同學會NTR-七澤美亞,https://t33.cdn2020.com/video/m3u8/2024/06/06/fe501850/index.m3u8
成限定幼稚園可的美教師-希志野,https://t33.cdn2020.com/video/m3u8/2024/04/30/9808855e/index.m3u8
成為教師後感受到的真摯純-三悠亞,https://t33.cdn2020.com/video/m3u8/2024/08/01/9e831e43/index.m3u8
癡迷于朋友的-楓可憐,https://t33.cdn2020.com/video/m3u8/2024/08/05/51b80228/index.m3u8
癡OL的絲襪美腿誘惑-小川阿佐美,https://t33.cdn2020.com/video/m3u8/2024/06/06/d1a0c542/index.m3u8
癡奉仕-裡美尤利婭,https://t33.cdn2020.com/video/m3u8/2024/03/15/fa92ee9d/index.m3u8
充滿高貴存在感-希島理,https://t33.cdn2020.com/video/m3u8/2024/06/25/41f05148/index.m3u8
醜聞搭訕被帶回家-希崎潔西嘉,https://t33.cdn2020.com/video/m3u8/2024/10/04/bcb3a3e0/index.m3u8
差處的破紀錄暴雨-楓可憐,https://t33.cdn2020.com/video/m3u8/2024/06/07/b1f7f9a9/index.m3u8
差跟年騷擾主管住進同間房,https://t33.cdn2020.com/video/m3u8/2024/05/03/dc0a905e/index.m3u8
軌的-椎名由奈,https://t33.cdn2020.com/video/m3u8/2024/09/12/1959a0d4/index.m3u8
其不意安排優進來,https://t33.cdn2020.com/video/m3u8/2024/06/21/71a5818b/index.m3u8
其不意突然襲擊-希島理,https://t33.cdn2020.com/video/m3u8/2024/07/04/4be9dc0e/index.m3u8
初次嘗試深喉的美豔少,https://t33.cdn2020.com/video/m3u8/2024/04/27/63061f9e/index.m3u8
初戀友過於完美的感身體-神木麗,https://t33.cdn2020.com/video/m3u8/2024/05/12/682a9e02/index.m3u8
處的我和初戀可友-小島南,https://t33.cdn2020.com/video/m3u8/2024/03/12/6c4b7b54/index.m3u8
穿白襯衫,https://t33.cdn2020.com/video/m3u8/2024/04/07/5102451e/index.m3u8
穿緊洋裝的店員-小宵虎南,https://t33.cdn2020.com/video/m3u8/2024/08/09/4a45d5a7/index.m3u8
穿各種情趣制服的高級-冬月かえで,https://t33.cdn2020.com/video/m3u8/2024/09/30/fc53b93b/index.m3u8
穿制服並來一場青春-仲村美羽,https://t33.cdn2020.com/video/m3u8/2024/06/25/9cf46513/index.m3u8
穿著透明泳衣來到公共游泳池的學生,https://t33.cdn2020.com/video/m3u8/2024/09/24/be0a8dfa/index.m3u8
穿著感衣制服的服務小-石原莉奈,https://t33.cdn2020.com/video/m3u8/2024/03/15/cc56591e/index.m3u8
穿著貞帶的-希美真由,https://t33.cdn2020.com/video/m3u8/2024/07/19/8b6a8264/index.m3u8
純和風美少-水菜麗,https://t33.cdn2020.com/video/m3u8/2024/05/08/f8b84ff7/index.m3u8
純天然孩AV道-東雲美玲,https://t33.cdn2020.com/video/m3u8/2024/06/18/72baf7a8/index.m3u8
刺激您五感的豪華自慰協助-miru,https://t33.cdn2020.com/video/m3u8/2024/08/06/c0413ffa/index.m3u8
從濕漉漉的小穴裡流來的白濁汁,https://t33.cdn2020.com/video/m3u8/2024/09/03/be8805d4/index.m3u8
從鄉下搬到東京的純潔-宮島芽衣,https://t33.cdn2020.com/video/m3u8/2024/08/01/e033fa74/index.m3u8
從丈夫葬禮的第二天開始-本莊鈴,https://t33.cdn2020.com/video/m3u8/2024/07/04/0c6bb334/index.m3u8
錯過了末班電車-川越仁子,https://t33.cdn2020.com/video/m3u8/2024/10/09/8cf95fd7/index.m3u8
錯過末班車的打工-佐山,https://t33.cdn2020.com/video/m3u8/2024/09/15/8d678ce9/index.m3u8
錯過末班車住進後輩家裡-河北彩花,https://t33.cdn2020.com/video/m3u8/2024/08/09/5e7090d3/index.m3u8
打工點可溫柔又可靠的前輩-宇野美玲,https://t33.cdn2020.com/video/m3u8/2024/06/25/7ec6b990/index.m3u8
打工孩的居家服-水蔔櫻,https://t33.cdn2020.com/video/m3u8/2024/09/16/80c394f7/index.m3u8
雞巴患者語手觸診-仲村みう,https://t33.cdn2020.com/video/m3u8/2024/08/15/88871706/index.m3u8
亂交解禁-新有菜,https://t33.cdn2020.com/video/m3u8/2024/03/28/ed878d35/index.m3u8
亂交-前田香織,https://t33.cdn2020.com/video/m3u8/2024/09/04/7fe6c96a/index.m3u8
亂交-希美真由,https://t33.cdn2020.com/video/m3u8/2024/07/04/65dca22e/index.m3u8
屁股攻擊-天海翼,https://t33.cdn2020.com/video/m3u8/2024/06/12/02eabbfb/index.m3u8
嫂的過激誘惑-希志野,https://t33.cdn2020.com/video/m3u8/2024/05/18/6c38d283/index.m3u8
叔想跟我盡情接吻嗎-早阪姬,https://t33.cdn2020.com/video/m3u8/2024/09/18/12b24a9d/index.m3u8
單身赴任的時候-夏目彩春,https://t33.cdn2020.com/video/m3u8/2024/08/16/af8e6cc5/index.m3u8
當紅花旦的十種絢麗風格表演嘗試-河北彩花,https://t33.cdn2020.com/video/m3u8/2024/08/20/77d894ae/index.m3u8
當我比原計劃提前一天差回來時,https://t33.cdn2020.com/video/m3u8/2024/06/19/77d4de2b/index.m3u8
當我父母外旅行時-小野六花,https://t33.cdn2020.com/video/m3u8/2024/08/06/9941ee15/index.m3u8
當我和兒時的朋友一起玩SM時,https://t33.cdn2020.com/video/m3u8/2024/08/30/68929ce1/index.m3u8
當著老公面被犯報復的美,https://t33.cdn2020.com/video/m3u8/2024/06/17/a455bd32/index.m3u8
到素粉絲家獻服務-橋未久,https://t33.cdn2020.com/video/m3u8/2024/08/01/b292608f/index.m3u8
第一次體驗是三悠亞,https://t33.cdn2020.com/video/m3u8/2024/07/26/1bbf27c8/index.m3u8
點了個極品小要和我一起玩3P,https://t33.cdn2020.com/video/m3u8/2024/06/11/a7b7ae4b/index.m3u8
東熱猛決定流給她,https://t33.cdn2020.com/video/m3u8/2024/04/23/c98a7bbd/index.m3u8
都不會聲求救的乖乖孩-架乃由羅,https://t33.cdn2020.com/video/m3u8/2024/07/16/854ea488/index.m3u8
都市OL的情事-希崎潔西嘉,https://t33.cdn2020.com/video/m3u8/2024/03/31/bd3d8cce/index.m3u8
兜襠布教師的羞恥-青木玲,https://t33.cdn2020.com/video/m3u8/2024/08/30/e1de52dc/index.m3u8
獨自潛解救質-橋未久,https://t33.cdn2020.com/video/m3u8/2024/09/25/b37fdc3f/index.m3u8
獨自一單挑禁欲團隊的究極癡-小川阿佐美,https://t33.cdn2020.com/video/m3u8/2024/05/30/4f133708/index.m3u8
對30歲還保持童貞的弟弟感到同情,https://t33.cdn2020.com/video/m3u8/2024/10/07/58a5e3ca/index.m3u8
對不起老公-林由奈,https://t33.cdn2020.com/video/m3u8/2024/05/19/a470f524/index.m3u8
對面房間讓我爆擼的巨寫真偶像,https://t33.cdn2020.com/video/m3u8/2024/05/18/b3205684/index.m3u8
對學員發情的健身教練-原瑞穂,https://t33.cdn2020.com/video/m3u8/2024/03/23/934314e5/index.m3u8
墮落的家庭教師-乃乃果花,https://t33.cdn2020.com/video/m3u8/2024/06/29/7cc91b3c/index.m3u8
惡魔烏賊不會停止激烈的FUCK-野野浦暖,https://t33.cdn2020.com/video/m3u8/2024/04/23/68f9adc1/index.m3u8
惡NTR-椎名由奈,https://t33.cdn2020.com/video/m3u8/2024/08/09/b9ff40c8/index.m3u8
惡的不同意誘惑-紗倉真奈,https://t33.cdn2020.com/video/m3u8/2024/08/08/1257b49c/index.m3u8
兒時的青梅竹馬-新有菜,https://t33.cdn2020.com/video/m3u8/2024/06/11/2bd9cf8f/index.m3u8
兒子的足球教練是我以前的,https://t33.cdn2020.com/video/m3u8/2024/08/14/6150d604/index.m3u8
法律實習生被監禁調教-伊藤舞雪,https://t33.cdn2020.com/video/m3u8/2024/04/17/3f63dc12/index.m3u8
反復幹高-希志あいの,https://t33.cdn2020.com/video/m3u8/2024/05/11/087a30b8/index.m3u8
廢材下屬對待霸道司的調教,https://t33.cdn2020.com/video/m3u8/2024/05/16/8445737e/index.m3u8
粉小穴被注滿-鈴村裡,https://t33.cdn2020.com/video/m3u8/2024/08/23/b31b3a8d/index.m3u8
粉絲感謝祭潑-天海翼,https://t33.cdn2020.com/video/m3u8/2024/07/26/2ecd33b5/index.m3u8
豐滿美麗的陰戶風俗塔-新ありな,https://t33.cdn2020.com/video/m3u8/2024/10/04/f366495f/index.m3u8
夫吵架離家走被媽媽朋友群約來,https://t33.cdn2020.com/video/m3u8/2024/04/17/79804040/index.m3u8
服從教師-立花美涼,https://t33.cdn2020.com/video/m3u8/2024/03/27/757564a5/index.m3u8
服用媚藥後的無止境高-小島南,https://t33.cdn2020.com/video/m3u8/2024/07/27/da847aac/index.m3u8
俘虜你的最高峰沙龍-河北彩花,https://t33.cdn2020.com/video/m3u8/2024/08/25/c6dbf491/index.m3u8
父親的-本田岬,https://t33.cdn2020.com/video/m3u8/2024/10/10/4eb6356a/index.m3u8
副職AV道-松下紗栄子,https://t33.cdn2020.com/video/m3u8/2024/08/01/334b5808/index.m3u8
感度暴增初體驗-櫻由羅,https://t33.cdn2020.com/video/m3u8/2024/08/19/ec1ebe04/index.m3u8
剛開公司不久的我-七澤米亞,https://t33.cdn2020.com/video/m3u8/2024/05/19/286fd0f0/index.m3u8
港區孩成為贏家-小倉由菜,https://t33.cdn2020.com/video/m3u8/2024/07/25/764b6e4c/index.m3u8
高191次-小阪七香,https://t33.cdn2020.com/video/m3u8/2024/07/19/0bbef422/index.m3u8
高貴美捜査官被電車癡漢媚藥,https://t33.cdn2020.com/video/m3u8/2024/04/06/61495c65/index.m3u8
高嶺之花的甜點師-八掛海,https://t33.cdn2020.com/video/m3u8/2024/09/04/0d508473/index.m3u8
高挑神酣暢淋漓的多次,https://t33.cdn2020.com/video/m3u8/2024/05/31/7032f956/index.m3u8
哥哥又硬了,https://t33.cdn2020.com/video/m3u8/2024/05/26/5b3e1c07/index.m3u8
隔壁的學生最喜歡的事是做-天海翼,https://t33.cdn2020.com/video/m3u8/2024/06/17/671769e1/index.m3u8
隔壁的是我最崇拜的明星-RIO,https://t33.cdn2020.com/video/m3u8/2024/06/18/761e6f71/index.m3u8
隔壁新搬來的美-希崎潔西嘉,https://t33.cdn2020.com/video/m3u8/2024/05/08/b8e8389b/index.m3u8
個硬的辣被玩弄到崩壞為止-流川夕,https://t33.cdn2020.com/video/m3u8/2024/04/17/4274e01f/index.m3u8
各種角扮演都能用騎乘位榨,https://t33.cdn2020.com/video/m3u8/2024/04/23/67249225/index.m3u8
給我看私處我就原諒你-七澤美亞,https://t33.cdn2020.com/video/m3u8/2024/03/31/9ea95262/index.m3u8
跟不講話的圖書館員猛烈打-水蔔櫻,https://t33.cdn2020.com/video/m3u8/2024/07/19/1747fafb/index.m3u8
跟公司同事喝酒並喝醉的癡主管,https://t33.cdn2020.com/video/m3u8/2024/08/22/5a385c7a/index.m3u8
跟素子獨處一整天-涼森玲夢,https://t33.cdn2020.com/video/m3u8/2024/05/10/a73018d2/index.m3u8
跟討厭的主管差溫泉館住進同間房,https://t33.cdn2020.com/video/m3u8/2024/05/01/22f15824/index.m3u8
跟年主管一起差-玉七海,https://t33.cdn2020.com/video/m3u8/2024/07/25/9735447e/index.m3u8
跟蹤狂狼-希志野,https://t33.cdn2020.com/video/m3u8/2024/04/19/ce97ffa2/index.m3u8
工作癡-瀧本雫葉,https://t33.cdn2020.com/video/m3u8/2024/08/25/040bae55/index.m3u8
工作癡系禦vol.03-柚月亞衣,https://t33.cdn2020.com/video/m3u8/2024/08/10/67725091/index.m3u8
公司後輩想和有婚約的我留下一點回憶,https://t33.cdn2020.com/video/m3u8/2024/09/13/21de9b07/index.m3u8
公司OL的身體誘惑指-楓花戀,https://t33.cdn2020.com/video/m3u8/2024/05/21/a252692d/index.m3u8
宮下華奈進診所被無良醫生欺騙玩弄,https://t33.cdn2020.com/video/m3u8/2024/04/19/f8e5e238/index.m3u8
共處一室NTR-青空光,https://t33.cdn2020.com/video/m3u8/2024/09/21/aa5df704/index.m3u8
供應商傲慢社長連續-栗山莉緒,https://t33.cdn2020.com/video/m3u8/2024/08/12/df8b0fd5/index.m3u8
古川伊織原檔合集,https://t33.cdn2020.com/video/m3u8/2024/04/06/0747c4f6/index.m3u8
骨感美的高難度雜技,https://t33.cdn2020.com/video/m3u8/2024/06/14/d2dad6ef/index.m3u8
寡老公對不起-小川阿佐美,https://t33.cdn2020.com/video/m3u8/2024/05/08/851b063e/index.m3u8
閨蜜把未婚夫和我分享,https://t33.cdn2020.com/video/m3u8/2024/03/15/4d33fa35/index.m3u8
國寶級臉-葵司,https://t33.cdn2020.com/video/m3u8/2024/05/03/d3a50386/index.m3u8
果然我還是喜歡子-森日向子,https://t33.cdn2020.com/video/m3u8/2024/09/15/3c7f5d88/index.m3u8
過了關燈時間的交-紗倉真菜,https://t33.cdn2020.com/video/m3u8/2024/05/03/6a300916/index.m3u8
害羞到不行的M屬,https://t33.cdn2020.com/video/m3u8/2024/03/23/d1b68701/index.m3u8
汗流浹背的體育系3場實戰,https://t33.cdn2020.com/video/m3u8/2024/08/20/72133e3e/index.m3u8
好極品美OL波多野結衣,https://t33.cdn2020.com/video/m3u8/2024/05/11/6931b7f6/index.m3u8
好又聰明的爆家庭老師-乃乃果花,https://t33.cdn2020.com/video/m3u8/2024/03/12/ef20d46a/index.m3u8
好心邀請修理工進屋休息的美-希島理,https://t33.cdn2020.com/video/m3u8/2024/06/14/ad1d2fb9/index.m3u8
喝酒後成為接吻惡魔-七澤美亞,https://t33.cdn2020.com/video/m3u8/2024/09/16/a7633960/index.m3u8
喝了春藥後優根本沒有活路-裡美尤利婭,https://t33.cdn2020.com/video/m3u8/2024/09/05/5aed9cc6/index.m3u8
喝醉後體誘惑我和同事-西宮夢,https://t33.cdn2020.com/video/m3u8/2024/09/09/02c92760/index.m3u8
喝醉酒之後在旁邊半的青梅竹馬-西宮夢,https://t33.cdn2020.com/video/m3u8/2024/09/18/0e3d2497/index.m3u8
和SS級美少旅行的最後一日,https://t33.cdn2020.com/video/m3u8/2024/04/19/e2aef683/index.m3u8
和白虎嫩穴優有賀由的情趣,https://t33.cdn2020.com/video/m3u8/2024/05/08/dea53646/index.m3u8
和表久違的再會-古川穗香,https://t33.cdn2020.com/video/m3u8/2024/06/07/4fa69000/index.m3u8
和超嫩的美少在泳池邊盡情玩耍-葵司,https://t33.cdn2020.com/video/m3u8/2024/06/29/a034a395/index.m3u8
和癡忘我做-小川阿佐美,https://t33.cdn2020.com/video/m3u8/2024/06/04/89408b13/index.m3u8
和處下屬同房被雨水打濕的身體是最棒的春藥,https://t33.cdn2020.com/video/m3u8/2024/10/06/e2ef3462/index.m3u8
和橋未久同時高絕頂吧,https://t33.cdn2020.com/video/m3u8/2024/09/25/8515bc47/index.m3u8
和町會長之間的情契約-二宮光,https://t33.cdn2020.com/video/m3u8/2024/05/12/65e49180/index.m3u8
和喝的爛醉超可的短髮美瘋狂打,https://t33.cdn2020.com/video/m3u8/2024/07/04/c834904a/index.m3u8
和家的溫泉旅行-神宮寺奈緒,https://t33.cdn2020.com/video/m3u8/2024/06/04/db7f7cae/index.m3u8
和的友-山岸逢花,https://t33.cdn2020.com/video/m3u8/2024/06/04/10bb44ed/index.m3u8
和可友交換體相互融合的濃密,https://t33.cdn2020.com/video/m3u8/2024/04/19/88d3e4be/index.m3u8
和空的溫泉旅行-松下紗榮子,https://t33.cdn2020.com/video/m3u8/2024/08/08/632a55d5/index.m3u8
和老公同血型的表弟偷偷備孕-三宮椿,https://t33.cdn2020.com/video/m3u8/2024/08/22/5a5bf5b9/index.m3u8
和美汗流浹背酣暢淋漓的-希崎潔西嘉,https://t33.cdn2020.com/video/m3u8/2024/04/06/cb3d4f88/index.m3u8
和明星友的甜蜜同居生活-RIO,https://t33.cdn2020.com/video/m3u8/2024/07/16/c16229d2/index.m3u8
和友青山未來的完全主觀視角做,https://t33.cdn2020.com/video/m3u8/2024/05/18/5bc5bc38/index.m3u8
和青梅竹馬開玩笑地玩起遊戲後,https://t33.cdn2020.com/video/m3u8/2024/09/01/e7f587e3/index.m3u8
和天海翼的甜蜜戀扮演企劃,https://t33.cdn2020.com/video/m3u8/2024/07/25/b0fe8e51/index.m3u8
和天海翼一起去的情合宿旅行,https://t33.cdn2020.com/video/m3u8/2024/07/26/9c3ed653/index.m3u8
和希美真由的甜蜜戀扮演企劃,https://t33.cdn2020.com/video/m3u8/2024/07/25/d9df9be8/index.m3u8
和相當乖巧忠誠的巨秘書激情做,https://t33.cdn2020.com/video/m3u8/2024/04/14/f82b5b53/index.m3u8
和一起班的同事多次軌,https://t33.cdn2020.com/video/m3u8/2024/06/09/98011885/index.m3u8
和已婚背德的相-田奈奈,https://t33.cdn2020.com/video/m3u8/2024/05/12/1d9ec33c/index.m3u8
和長的很像混血兒的辣做粉穴,https://t33.cdn2020.com/video/m3u8/2024/04/14/2870c105/index.m3u8
和年叔水濃密的接吻-白咲花,https://t33.cdn2020.com/video/m3u8/2024/09/26/3c3c20d9/index.m3u8
和最的數年後的再會-河北彩花,https://t33.cdn2020.com/video/m3u8/2024/08/16/32d238d1/index.m3u8
和最的異地戀的友希志野久別重逢,https://t33.cdn2020.com/video/m3u8/2024/04/30/cea3f75e/index.m3u8
黒弾FUCK-佳澄果穂,https://t33.cdn2020.com/video/m3u8/2024/09/23/251e0989/index.m3u8
道頭-朝日奈明,https://t33.cdn2020.com/video/m3u8/2024/08/16/1d88d9d0/index.m3u8
道老的悲慘的生-立花美涼,https://t33.cdn2020.com/video/m3u8/2024/09/17/65213d59/index.m3u8
髮戴著眼鏡的部下-櫻空桃,https://t33.cdn2020.com/video/m3u8/2024/09/21/b6749519/index.m3u8
絲巨教師勾引-小宵こなん,https://t33.cdn2020.com/video/m3u8/2024/09/16/6a19f1a6/index.m3u8
絲小惡魔-八掛海,https://t33.cdn2020.com/video/m3u8/2024/05/05/24e9de4f/index.m3u8
呼叫後的即刻舐-櫻空桃,https://t33.cdn2020.com/video/m3u8/2024/06/04/8a025fae/index.m3u8
呼叫鈴24小時OK-希島理,https://t33.cdn2020.com/video/m3u8/2024/06/25/683c960b/index.m3u8
護士友-石原莉奈,https://t33.cdn2020.com/video/m3u8/2024/03/23/61198584/index.m3u8
護士裝雪白子-水蔔櫻,https://t33.cdn2020.com/video/m3u8/2024/08/25/4444c75e/index.m3u8
話題十足的美運動員-本鄉,https://t33.cdn2020.com/video/m3u8/2024/08/08/77f9951c/index.m3u8
歡迎來到世界最高級泡泡店-天海翼,https://t33.cdn2020.com/video/m3u8/2024/07/25/4cf3ec5b/index.m3u8
喚醒本能的濃厚4組-小島南,https://t33.cdn2020.com/video/m3u8/2024/04/07/6b2f34a6/index.m3u8
喚醒本能的四種激烈行為-葵司,https://t33.cdn2020.com/video/m3u8/2024/05/26/ede29076/index.m3u8
恍惚的高臉忘我般快感3本番,https://t33.cdn2020.com/video/m3u8/2024/05/03/cf05918f/index.m3u8
回家的諜戰片-希志あいの,https://t33.cdn2020.com/video/m3u8/2024/05/12/bf9c5cea/index.m3u8
婚前同學會-楓可憐,https://t33.cdn2020.com/video/m3u8/2024/07/04/b49ee398/index.m3u8
混小偷劫財又劫,https://t33.cdn2020.com/video/m3u8/2024/05/03/3a5e389e/index.m3u8
混血神的激情四本番-Rio,https://t33.cdn2020.com/video/m3u8/2024/03/27/47be3aa5/index.m3u8
混血神的極品屁股-Rio,https://t33.cdn2020.com/video/m3u8/2024/06/29/da2e33db/index.m3u8
活塞追逐-八掛海,https://t33.cdn2020.com/video/m3u8/2024/08/06/35b5eb49/index.m3u8
激絕頂SEX-八掛海,https://t33.cdn2020.com/video/m3u8/2024/06/17/64f6b8fd/index.m3u8
激烈高-彩美旬果,https://t33.cdn2020.com/video/m3u8/2024/08/05/0ca39581/index.m3u8
激烈鬼畜制-美之島惠理,https://t33.cdn2020.com/video/m3u8/2024/04/19/cfbd5f27/index.m3u8
極品OL百多繪美裡和社長的,https://t33.cdn2020.com/video/m3u8/2024/05/23/d2d07f91/index.m3u8
極品風俗娘輕鬆駕馭溫柔,https://t33.cdn2020.com/video/m3u8/2024/06/17/4b9efdf0/index.m3u8
極品絲短髮尤物-裡美尤利婭,https://t33.cdn2020.com/video/m3u8/2024/10/03/6a48e857/index.m3u8
極品絲混血癡白領的誘惑-Rio,https://t33.cdn2020.com/video/m3u8/2024/06/17/0fce5012/index.m3u8
極品賽車模特任魚-希崎潔西嘉,https://t33.cdn2020.com/video/m3u8/2024/05/19/765eb6b5/index.m3u8
極品誘惑癡的手交語催法,https://t33.cdn2020.com/video/m3u8/2024/06/06/1f348d0a/index.m3u8
極其敏感容易吹的僕-天海翼,https://t33.cdn2020.com/video/m3u8/2024/07/25/59b9c6ee/index.m3u8
極挑逗技術-本鄉,https://t33.cdn2020.com/video/m3u8/2024/04/19/b9e4b4e5/index.m3u8
極致感的絲襪美腿-森日向子,https://t33.cdn2020.com/video/m3u8/2024/08/19/015e0864/index.m3u8
即將結婚的可孩-希美真由,https://t33.cdn2020.com/video/m3u8/2024/06/30/4569218d/index.m3u8
即使高也不會停止的激FUCK-鈴之家鈴,https://t33.cdn2020.com/video/m3u8/2024/08/06/73f874e1/index.m3u8
即使你高了也不會停止-涼森玲夢,https://t33.cdn2020.com/video/m3u8/2024/05/26/f31dcbaa/index.m3u8
即使了10發-河北彩花,https://t33.cdn2020.com/video/m3u8/2024/08/31/a07da20d/index.m3u8
既然是下流老師-楓芙,https://t33.cdn2020.com/video/m3u8/2024/06/09/8756a004/index.m3u8
祭脫衣舞老師姦學園-辰巳唯,https://t33.cdn2020.com/video/m3u8/2024/06/17/55dc902c/index.m3u8
家教嚴格的白虎小美有賀由,https://t33.cdn2020.com/video/m3u8/2024/05/10/8a6c65bb/index.m3u8
家庭老師的玲奈,https://t33.cdn2020.com/video/m3u8/2024/09/27/10b4ce90/index.m3u8
假裝睡覺時被你的弟弟多次-miru,https://t33.cdn2020.com/video/m3u8/2024/03/31/2b3c6266/index.m3u8
健身美骨感身材做,https://t33.cdn2020.com/video/m3u8/2024/05/03/02806f67/index.m3u8
江波亮北條麻妃攜手榨幹你的,https://t33.cdn2020.com/video/m3u8/2024/05/23/b42c4f4d/index.m3u8
將AV優有賀由宅急送到你家任你無套,https://t33.cdn2020.com/video/m3u8/2024/05/18/cee2bcb7/index.m3u8
將敏感度提升到最-八木奈奈,https://t33.cdn2020.com/video/m3u8/2024/06/30/cdf0b050/index.m3u8
將整根棒吞真空吮吸-初川南,https://t33.cdn2020.com/video/m3u8/2024/08/05/a0863cd9/index.m3u8
交了朋友之後突然可以3秒,https://t33.cdn2020.com/video/m3u8/2024/06/25/c27ed0ba/index.m3u8
交了一個溫柔又穩定的友-伊藤舞雪,https://t33.cdn2020.com/video/m3u8/2024/09/24/3e02694f/index.m3u8
交融體濃密SEX-河北彩花,https://t33.cdn2020.com/video/m3u8/2024/08/22/da231a4c/index.m3u8
交融體-小阪七香,https://t33.cdn2020.com/video/m3u8/2024/07/19/1a3efc37/index.m3u8
矯正院株式會社犯罪員改造-小川阿佐美,https://t33.cdn2020.com/video/m3u8/2024/06/04/26c45fd1/index.m3u8
叫你如何搭訕子-山岸綺花,https://t33.cdn2020.com/video/m3u8/2024/10/03/80da88ba/index.m3u8
叫修理工來家誘惑他自己的,https://t33.cdn2020.com/video/m3u8/2024/04/20/5ba4886c/index.m3u8
街隨便找個跪下來求他自己,https://t33.cdn2020.com/video/m3u8/2024/05/10/b065fb72/index.m3u8
結婚紀念日被姦戴貞帶的-RIO,https://t33.cdn2020.com/video/m3u8/2024/04/30/9025b001/index.m3u8
哺期在娘家-小宵虎南,https://t33.cdn2020.com/video/m3u8/2024/06/25/47be7cd0/index.m3u8
離婚後回家變成單親母親,https://t33.cdn2020.com/video/m3u8/2024/08/22/4f289d88/index.m3u8
借採訪的名義把有韻味的給了,https://t33.cdn2020.com/video/m3u8/2024/04/19/8ba5c2a9/index.m3u8
今天到你家來做-希崎潔西嘉,https://t33.cdn2020.com/video/m3u8/2024/04/12/85e14f40/index.m3u8
今天也是被後輩在長裙裡偷偷貼身騎乘,https://t33.cdn2020.com/video/m3u8/2024/08/27/b37a2bbf/index.m3u8
金牌銷售員的床推銷-希崎潔西嘉,https://t33.cdn2020.com/video/m3u8/2024/06/07/30eb0829/index.m3u8
緊密高-七澤米亞,https://t33.cdn2020.com/video/m3u8/2024/08/14/5f5d289d/index.m3u8
緊身超短裙教師-橋未久,https://t33.cdn2020.com/video/m3u8/2024/09/06/992956fc/index.m3u8
緊身皮衣下是個敏感得身體,https://t33.cdn2020.com/video/m3u8/2024/05/08/834e304d/index.m3u8
緊束縛住的葵,https://t33.cdn2020.com/video/m3u8/2024/06/09/6e7872db/index.m3u8
儘管我心的朋友在我面前被我的老闆,https://t33.cdn2020.com/video/m3u8/2024/09/15/5f63a239/index.m3u8
盡情抽超可虎牙優-初川南,https://t33.cdn2020.com/video/m3u8/2024/03/15/d7e2b3d1/index.m3u8
盡情地睡姦後-西宮ゆめ,https://t33.cdn2020.com/video/m3u8/2024/03/28/bd1143ae/index.m3u8
進擊的4次實戰-金松季歩,https://t33.cdn2020.com/video/m3u8/2024/10/11/6a3ec19f/index.m3u8
禁斷介護-本田岬,https://t33.cdn2020.com/video/m3u8/2024/09/06/cb0b665f/index.m3u8
禁欲300天后的優-夢乃華,https://t33.cdn2020.com/video/m3u8/2024/10/06/e5060c19/index.m3u8
經理是籃球社團公用的玩具-希島理,https://t33.cdn2020.com/video/m3u8/2024/06/12/57833fd4/index.m3u8
經歷過職場變為癡的OL波多野結衣後篇,https://t33.cdn2020.com/video/m3u8/2024/06/06/def7658a/index.m3u8
經歷過職場變為癡的OL波多野結衣前篇,https://t33.cdn2020.com/video/m3u8/2024/05/26/cefe1302/index.m3u8
橫流無限升天高-神木麗,https://t33.cdn2020.com/video/m3u8/2024/06/12/8fd04f2d/index.m3u8
飲記錄-本莊鈴,https://t33.cdn2020.com/video/m3u8/2024/04/06/78164eb0/index.m3u8
子被榨幹為止的反復-櫻由羅,https://t33.cdn2020.com/video/m3u8/2024/09/17/813a2862/index.m3u8
究極癡小野寺梨紗三個穴都渴望被玩弄,https://t33.cdn2020.com/video/m3u8/2024/05/10/8f7d3a7e/index.m3u8
究極的美臀癖-冬月楓,https://t33.cdn2020.com/video/m3u8/2024/08/31/188ed903/index.m3u8
究極的美臀癖-美雪麗絲,https://t33.cdn2020.com/video/m3u8/2024/08/20/f08cf66d/index.m3u8
究極屁股豪華240分鐘-希島理,https://t33.cdn2020.com/video/m3u8/2024/07/16/fb9b1949/index.m3u8
久別重逢後迫不及待的,https://t33.cdn2020.com/video/m3u8/2024/04/27/f062f8b6/index.m3u8
酒吧NTR-水戸香奈,https://t33.cdn2020.com/video/m3u8/2024/08/08/448fb641/index.m3u8
居然遇見了經理部的OL-明裡䌷,https://t33.cdn2020.com/video/m3u8/2024/07/27/21ad1f38/index.m3u8
巨根-夢乃華,https://t33.cdn2020.com/video/m3u8/2024/08/19/9ac695a6/index.m3u8
巨暴露制服-奧田咲,https://t33.cdn2020.com/video/m3u8/2024/07/04/59ca85a8/index.m3u8
巨放題-彩美旬果,https://t33.cdn2020.com/video/m3u8/2024/08/27/a8d637f8/index.m3u8
巨肥臀日本AV優挑戰的巨棒,https://t33.cdn2020.com/video/m3u8/2024/08/31/d54b7d7e/index.m3u8
巨美長澤梓的感風俗服務,https://t33.cdn2020.com/video/m3u8/2024/04/17/734beeef/index.m3u8
巨耶誕節搞怪暴走-神木麗,https://t33.cdn2020.com/video/m3u8/2024/05/08/0e14d85c/index.m3u8
巨教師的教學-沖田杏梨,https://t33.cdn2020.com/video/m3u8/2024/09/15/6370d3b7/index.m3u8
巨學生穿著競技泳衣的甜蜜誘惑,https://t33.cdn2020.com/video/m3u8/2024/09/24/50e4b8b6/index.m3u8
巨清純教師-本田岬,https://t33.cdn2020.com/video/m3u8/2024/10/10/c2faae65/index.m3u8
拒絕不了不停被搞的美-並木優,https://t33.cdn2020.com/video/m3u8/2024/08/19/2e578266/index.m3u8
絕對不能暴露的場所做-希美真由,https://t33.cdn2020.com/video/m3u8/2024/08/06/67a96277/index.m3u8
絕對不能原諒不倫-三宮椿,https://t33.cdn2020.com/video/m3u8/2024/03/26/e01c2d6e/index.m3u8
絕對癡的誘惑-希崎潔西嘉,https://t33.cdn2020.com/video/m3u8/2024/05/19/5abd794c/index.m3u8
絕對服從的秘書-涼森玲夢,https://t33.cdn2020.com/video/m3u8/2024/06/04/b657e54b/index.m3u8
絕對讓你想再來一發的掃除交-橫山美雪,https://t33.cdn2020.com/video/m3u8/2024/09/23/84b10694/index.m3u8
絕對忠實秘書-野野浦暖,https://t33.cdn2020.com/video/m3u8/2024/08/01/f23b86d6/index.m3u8
絕美豪少主觀視角究極侍奉-松下紗栄子,https://t33.cdn2020.com/video/m3u8/2024/08/14/43218519/index.m3u8
絕美藝-金松季歩,https://t33.cdn2020.com/video/m3u8/2024/08/01/9a0dc5aa/index.m3u8
看到勃起棒就撲來的亂護士,https://t33.cdn2020.com/video/m3u8/2024/08/08/3ad0d2a2/index.m3u8
看到結婚戒指就會濕了-miru,https://t33.cdn2020.com/video/m3u8/2024/07/11/ff160128/index.m3u8
可短發呆萌優-希美真由,https://t33.cdn2020.com/video/m3u8/2024/06/30/119e5e70/index.m3u8
可警官的逮捕-希美真由,https://t33.cdn2020.com/video/m3u8/2024/07/19/9bdbf2c4/index.m3u8
可又蕩的OL跟她去開房間,https://t33.cdn2020.com/video/m3u8/2024/08/09/03e7cf82/index.m3u8
可又蕩的後輩OL-桃乃木香奈,https://t33.cdn2020.com/video/m3u8/2024/09/09/31dbe027/index.m3u8
可以盡情享受宅小穴-架乃由羅,https://t33.cdn2020.com/video/m3u8/2024/04/19/1824de3e/index.m3u8
-小川阿佐美,https://t33.cdn2020.com/video/m3u8/2024/10/03/48252aec/index.m3u8
交NTR-西宮夢,https://t33.cdn2020.com/video/m3u8/2024/08/09/74bb5a36/index.m3u8
交顏-河北彩花,https://t33.cdn2020.com/video/m3u8/2024/05/19/0ff5d3ce/index.m3u8
9連發-櫻空桃,https://t33.cdn2020.com/video/m3u8/2024/05/05/be78957f/index.m3u8
快要結婚的教師被學生-橋未久,https://t33.cdn2020.com/video/m3u8/2024/09/26/e6dffa1e/index.m3u8
快要結婚的新教師-小川阿佐美,https://t33.cdn2020.com/video/m3u8/2024/05/30/a9074b7f/index.m3u8
狂亂的友-miru,https://t33.cdn2020.com/video/m3u8/2024/08/08/b332bb7f/index.m3u8
捆綁拘束美和兄弟們一起享用,https://t33.cdn2020.com/video/m3u8/2024/04/30/840d818f/index.m3u8
捆綁198次-miru,https://t33.cdn2020.com/video/m3u8/2024/10/07/a2e20d1c/index.m3u8
捆綁調教和服,https://t33.cdn2020.com/video/m3u8/2024/04/27/317804a9/index.m3u8
拉麵店的員工-希美真由,https://t33.cdn2020.com/video/m3u8/2024/07/25/fbaf177c/index.m3u8
來看房子的新婚夫-青空光,https://t33.cdn2020.com/video/m3u8/2024/09/04/50e3bd46/index.m3u8
來體驗拍片的美麗輕熟被多根棒,https://t33.cdn2020.com/video/m3u8/2024/06/21/19a3fdca/index.m3u8
來自風俗的樸素-星宮一花,https://t33.cdn2020.com/video/m3u8/2024/05/26/070cfe9a/index.m3u8
來自美總裁的鼓勵-凪光,https://t33.cdn2020.com/video/m3u8/2024/07/04/bdc91dbc/index.m3u8
老爸帶回家的美後媽-裡美尤利婭,https://t33.cdn2020.com/video/m3u8/2024/08/19/786f4ad2/index.m3u8
老爸再婚帶來的超可葵司,https://t33.cdn2020.com/video/m3u8/2024/06/18/cfc7b457/index.m3u8
老公安排絕倫按摩師-桃乃木香奈,https://t33.cdn2020.com/video/m3u8/2024/09/21/78f01a93/index.m3u8
老公不想做欲求不滿的鈴木裡美,https://t33.cdn2020.com/video/m3u8/2024/06/14/fc591578/index.m3u8
老公不在家-桃乃木香奈,https://t33.cdn2020.com/video/m3u8/2024/06/07/8f94739e/index.m3u8
老公海外差的二十天-天海翼,https://t33.cdn2020.com/video/m3u8/2024/09/03/01ebaac1/index.m3u8
老公請你原諒我-冬月楓,https://t33.cdn2020.com/video/m3u8/2024/03/12/166d420a/index.m3u8
老婆被粉絲成便器-七澤美亞,https://t33.cdn2020.com/video/m3u8/2024/07/25/c1361322/index.m3u8
老婆最近早才會回來-明裡紬,https://t33.cdn2020.com/video/m3u8/2024/07/26/4216094c/index.m3u8
老師畢業後和我約會好嗎-希島理,https://t33.cdn2020.com/video/m3u8/2024/03/26/318965df/index.m3u8
立花美涼骰子搖到幾就要被幾根棒,https://t33.cdn2020.com/video/m3u8/2024/06/19/b056b4d5/index.m3u8
立花美涼無碼作品,https://t33.cdn2020.com/video/m3u8/2024/03/23/2f77723a/index.m3u8
兩個孩子的辣媽網紅-紗倉真菜,https://t33.cdn2020.com/video/m3u8/2024/07/26/776e90d4/index.m3u8
兩位神甜蜜的主觀同居生活,https://t33.cdn2020.com/video/m3u8/2024/05/05/9463f549/index.m3u8
鄰家誘的-松島楓,https://t33.cdn2020.com/video/m3u8/2024/05/19/5dfab9fa/index.m3u8
淩辱美秘書-小川阿佐美,https://t33.cdn2020.com/video/m3u8/2024/05/19/b89287c6/index.m3u8
淩辱美體偶-沖田杏梨,https://t33.cdn2020.com/video/m3u8/2024/10/12/266b326e/index.m3u8
露癡-橋未,https://t33.cdn2020.com/video/m3u8/2024/08/01/561f466e/index.m3u8
露特殊企劃在公共場合前交,https://t33.cdn2020.com/video/m3u8/2024/04/27/07153c14/index.m3u8
露挑戰-橋未久,https://t33.cdn2020.com/video/m3u8/2024/08/15/23c34926/index.m3u8
淪為電車癡漢的俘虜-河北彩花,https://t33.cdn2020.com/video/m3u8/2024/07/27/1e9f9214/index.m3u8
淪為道玩物的極品-三宮椿,https://t33.cdn2020.com/video/m3u8/2024/09/26/c4e86b65/index.m3u8
淪為欲奴隸的蝶-希島理,https://t33.cdn2020.com/video/m3u8/2024/06/30/52cadbd3/index.m3u8
蘿莉美少鍛煉素優技,https://t33.cdn2020.com/video/m3u8/2024/04/27/ffb30167/index.m3u8
瞞著老公和情去溫泉旅行瘋狂做,https://t33.cdn2020.com/video/m3u8/2024/05/03/99801fa3/index.m3u8
瞞著友來面試風俗小-希崎潔西嘉,https://t33.cdn2020.com/video/m3u8/2024/05/30/ccfee977/index.m3u8
瞞著友在風俗店做-天海翼,https://t33.cdn2020.com/video/m3u8/2024/06/12/6c9502ed/index.m3u8
滿是棒的亂交-仲村美由,https://t33.cdn2020.com/video/m3u8/2024/07/04/70b3b4a9/index.m3u8
滿意度滿分的新泡泡浴郎,https://t33.cdn2020.com/video/m3u8/2024/09/15/8879f0c1/index.m3u8
貓步毒藥西園寺鈴央,https://t33.cdn2020.com/video/m3u8/2024/06/19/dbb614eb/index.m3u8
冒失護士的情看護-天海翼,https://t33.cdn2020.com/video/m3u8/2024/06/17/78e750ed/index.m3u8
沒沒小的青梅竹馬-小島南,https://t33.cdn2020.com/video/m3u8/2024/08/01/4c85b1b3/index.m3u8
沒想到我們這麼合拍-美園和花,https://t33.cdn2020.com/video/m3u8/2024/09/26/70df79c5/index.m3u8
沒有時間限制的樂園-希島裡,https://t33.cdn2020.com/video/m3u8/2024/03/28/ec344827/index.m3u8
沒有事先通知AV優突然擊瞬間,https://t33.cdn2020.com/video/m3u8/2024/06/22/85c04b7b/index.m3u8
每天被我責駡的部下-新有菜,https://t33.cdn2020.com/video/m3u8/2024/05/11/dcecccfb/index.m3u8
每天穿著情的絲襪的社員,https://t33.cdn2020.com/video/m3u8/2024/08/31/0045826e/index.m3u8
每天對應社長命令的忠實秘書-美之嶋惠理,https://t33.cdn2020.com/video/m3u8/2024/10/06/9b55c07b/index.m3u8
美巨尻-星野娜美,https://t33.cdn2020.com/video/m3u8/2024/09/04/c96d095f/index.m3u8
美麗小猥瑣的飼養-芽森滴,https://t33.cdn2020.com/video/m3u8/2024/09/26/5707977f/index.m3u8
美麗喪-森澤佳,https://t33.cdn2020.com/video/m3u8/2024/10/08/e54a81bb/index.m3u8
美魔媽媽朋友相遇偷情不倫-森沢かな,https://t33.cdn2020.com/video/m3u8/2024/09/13/ff25c4bb/index.m3u8
美寡柔嫩的肌膚-小川阿佐美,https://t33.cdn2020.com/video/m3u8/2024/06/04/c08a29c8/index.m3u8
美的理崩壞-天海翼,https://t33.cdn2020.com/video/m3u8/2024/03/26/d3000797/index.m3u8
美司差時發現了我的屌-森澤佳奈,https://t33.cdn2020.com/video/m3u8/2024/08/15/0b8192d7/index.m3u8
美圖書館員想忘去的過去-希島理,https://t33.cdn2020.com/video/m3u8/2024/06/17/1adc9a0b/index.m3u8
美主播被偷拍的恥辱的身體-石原莉奈,https://t33.cdn2020.com/video/m3u8/2024/04/14/a0f27efe/index.m3u8
美家庭教師-河北彩花,https://t33.cdn2020.com/video/m3u8/2024/08/30/f2bac841/index.m3u8
美律師-希島理,https://t33.cdn2020.com/video/m3u8/2024/07/04/a27eee5a/index.m3u8
美容沙龍店被偷拍-希崎潔西嘉,https://t33.cdn2020.com/video/m3u8/2024/05/26/aed0ebde/index.m3u8
美全露學園祭-櫻空桃,https://t33.cdn2020.com/video/m3u8/2024/06/04/3b05c41d/index.m3u8
美微露-天使萌,https://t33.cdn2020.com/video/m3u8/2024/07/04/d9e44cd1/index.m3u8
美正被下安眠藥酒醉流狂,https://t33.cdn2020.com/video/m3u8/2024/03/28/024368c2/index.m3u8
美少被畜生後爹賣給有錢肥豬當便器,https://t33.cdn2020.com/video/m3u8/2024/09/24/673f3e9c/index.m3u8
美少看護-小島南,https://t33.cdn2020.com/video/m3u8/2024/04/02/b3743e1b/index.m3u8
美少完全予約制-原瑞穂,https://t33.cdn2020.com/video/m3u8/2024/09/22/6652457a/index.m3u8
美腿空-星宮一花,https://t33.cdn2020.com/video/m3u8/2024/05/11/28f40fcd/index.m3u8
美臀品嘗老公以外的棒,https://t33.cdn2020.com/video/m3u8/2024/05/31/89781a1a/index.m3u8
美豔熟羽月希首次被開發肛門,https://t33.cdn2020.com/video/m3u8/2024/04/02/2498b151/index.m3u8
系可優瀬奈真緒露粉鮑嗷嗷待,https://t33.cdn2020.com/video/m3u8/2024/04/14/9528c61b/index.m3u8
媚藥催眠陶醉-天海翼,https://t33.cdn2020.com/video/m3u8/2024/03/17/dd26dbfd/index.m3u8
媚藥和催眠術的結合-希崎潔西嘉,https://t33.cdn2020.com/video/m3u8/2024/06/07/3103031c/index.m3u8
媚藥覺醒絕頂-楓可憐,https://t33.cdn2020.com/video/m3u8/2024/09/17/44bf8199/index.m3u8
夢開始的地方-葵,https://t33.cdn2020.com/video/m3u8/2024/08/05/c38aba51/index.m3u8
夢乃華,https://t33.cdn2020.com/video/m3u8/2024/06/06/65eaf4c1/index.m3u8
夢想的避孕套-森日向子,https://t33.cdn2020.com/video/m3u8/2024/06/30/38a13ee8/index.m3u8
迷你短裙誘惑教師-希島理,https://t33.cdn2020.com/video/m3u8/2024/06/14/53e0367d/index.m3u8
秘密捜査官-天海翼,https://t33.cdn2020.com/video/m3u8/2024/06/22/6728b7e7/index.m3u8
秘密捜査官-希美真由,https://t33.cdn2020.com/video/m3u8/2024/06/14/f441870d/index.m3u8
秘密搜查官-並木優,https://t33.cdn2020.com/video/m3u8/2024/08/20/d78e3190/index.m3u8
秘密搜查官-希崎潔西嘉,https://t33.cdn2020.com/video/m3u8/2024/04/16/f9f997df/index.m3u8
秘密搜查官-羽田,https://t33.cdn2020.com/video/m3u8/2024/09/05/d5d4ecdc/index.m3u8
面對突然不續約的AV優-天海翼,https://t33.cdn2020.com/video/m3u8/2024/03/12/c664a477/index.m3u8
明裡紬的交,https://t33.cdn2020.com/video/m3u8/2024/05/21/d25b2a8a/index.m3u8
明明是我的初戀在鄉下-石原希望,https://t33.cdn2020.com/video/m3u8/2024/05/10/deb09016/index.m3u8
模特級身材美百多繪美裡,https://t33.cdn2020.com/video/m3u8/2024/04/27/550a8ac1/index.m3u8
目睹喪自慰-石川澪,https://t33.cdn2020.com/video/m3u8/2024/05/30/f15553f4/index.m3u8
都憧憬的司-松下紗容子,https://t33.cdn2020.com/video/m3u8/2024/08/15/eed8c0c1/index.m3u8
理療店裡H的泡泡浴技師-神木麗,https://t33.cdn2020.com/video/m3u8/2024/06/14/a7dd0f6d/index.m3u8
優突然從背後沖來直接,https://t33.cdn2020.com/video/m3u8/2024/05/18/42679b0f/index.m3u8
向害羞的少-涼森玲夢,https://t33.cdn2020.com/video/m3u8/2024/08/27/1443544d/index.m3u8
衣模特兒NTR-西宮夢,https://t33.cdn2020.com/video/m3u8/2024/09/13/8e940dd6/index.m3u8
能夠多次做的絕倫-櫻空桃,https://t33.cdn2020.com/video/m3u8/2024/06/09/dd17e086/index.m3u8
你為我種下的的種子-桃乃木香奈,https://t33.cdn2020.com/video/m3u8/2024/07/27/07dc2836/index.m3u8
你真的要在這裡幹我嗎-石川澪,https://t33.cdn2020.com/video/m3u8/2024/08/31/a3cc4091/index.m3u8
逆兔郎的風俗天堂-櫻空桃,https://t33.cdn2020.com/video/m3u8/2024/08/09/68013231/index.m3u8
年末年初-淺野こころ,https://t33.cdn2020.com/video/m3u8/2024/08/12/230acfc4/index.m3u8
年輕子的軌-松本一香,https://t33.cdn2020.com/video/m3u8/2024/10/05/ca53e3be/index.m3u8
濃厚接吻和SEX-天海翼,https://t33.cdn2020.com/video/m3u8/2024/07/16/6512b4fc/index.m3u8
濃厚唾交-河北彩花,https://t33.cdn2020.com/video/m3u8/2024/08/19/f19fa66a/index.m3u8
濃厚顏十連發SP-松下紗榮子,https://t33.cdn2020.com/video/m3u8/2024/08/15/991022ad/index.m3u8
濃密的-希崎潔西嘉,https://t33.cdn2020.com/video/m3u8/2024/06/09/1c75137a/index.m3u8
濃密接吻泡泡浴-神宮寺奈緒,https://t33.cdn2020.com/video/m3u8/2024/10/07/0eed463d/index.m3u8
奴隸泡泡浴墮落的美教師,https://t33.cdn2020.com/video/m3u8/2024/06/18/2ec0948c/index.m3u8
白領工作了一天回家只想要做個熱烈的,https://t33.cdn2020.com/video/m3u8/2024/05/31/75b16847/index.m3u8
兒的未婚夫居然是前友-水戶香奈,https://t33.cdn2020.com/video/m3u8/2024/09/15/1fc5b189/index.m3u8
教師RAPE-乃乃果花,https://t33.cdn2020.com/video/m3u8/2024/03/17/438f4bcc/index.m3u8
教師殘虐體解剖教室-本田岬,https://t33.cdn2020.com/video/m3u8/2024/09/18/bc71ab4a/index.m3u8
尻-小島南,https://t33.cdn2020.com/video/m3u8/2024/03/31/4fb057b2/index.m3u8
尻泳衣-小島南,https://t33.cdn2020.com/video/m3u8/2024/04/07/481567c3/index.m3u8
老師跟學生家長外遇-竹有紀,https://t33.cdn2020.com/video/m3u8/2024/09/13/5682ea7c/index.m3u8
老師失禁與吹的濕透-橋未久,https://t33.cdn2020.com/video/m3u8/2024/08/06/2ed708d4/index.m3u8
朋友超可的虎牙其實是個小惡魔,https://t33.cdn2020.com/video/m3u8/2024/04/16/1e6a1b1c/index.m3u8
朋友的-希美真由,https://t33.cdn2020.com/video/m3u8/2024/08/28/dc9739b4/index.m3u8
僕裝的喵喵-小島南,https://t33.cdn2020.com/video/m3u8/2024/03/23/014c78b7/index.m3u8
潛搜查官任務失敗後屈辱的每天,https://t33.cdn2020.com/video/m3u8/2024/08/01/628973fa/index.m3u8
司是個情狂-希崎潔西嘉,https://t33.cdn2020.com/video/m3u8/2024/04/27/7356d40c/index.m3u8
友的不穿衣誘惑我-水蔔櫻,https://t33.cdn2020.com/video/m3u8/2024/06/30/3877a23a/index.m3u8
友的是知名抖音網紅-早阪姬,https://t33.cdn2020.com/video/m3u8/2024/07/25/14097298/index.m3u8
友洗完澡不穿罩-神木麗,https://t33.cdn2020.com/video/m3u8/2024/09/05/6351c833/index.m3u8
子校生癡漢電車-希美真由,https://t33.cdn2020.com/video/m3u8/2024/07/04/96d0af08/index.m3u8
拍攝完成後繼續找有賀由幹一,https://t33.cdn2020.com/video/m3u8/2024/05/11/d646c637/index.m3u8
配送-希美真由,https://t33.cdn2020.com/video/m3u8/2024/07/25/26206a9e/index.m3u8
朋友的媽媽古瀬玲勾引我她,https://t33.cdn2020.com/video/m3u8/2024/04/12/4a62f785/index.m3u8
朋友死後他的老婆就是我的玩物,https://t33.cdn2020.com/video/m3u8/2024/04/27/12ccb4d2/index.m3u8
騙老公說對做沒興趣的-希美真由,https://t33.cdn2020.com/video/m3u8/2024/06/17/55d12bdd/index.m3u8
平時在公司很文靜的美OL-星野娜美,https://t33.cdn2020.com/video/m3u8/2024/08/30/a52f36b1/index.m3u8
子被發小NTR的故事-川越由依,https://t33.cdn2020.com/video/m3u8/2024/03/31/ed335b19/index.m3u8
欺騙可優本次是緩慢交企劃,https://t33.cdn2020.com/video/m3u8/2024/03/27/7a974f6e/index.m3u8
前司的頭調教成為早洩體質-八木奈奈,https://t33.cdn2020.com/video/m3u8/2024/04/30/94d241da/index.m3u8
欠債不還的教師被找門三穴起開還債,https://t33.cdn2020.com/video/m3u8/2024/04/19/dff1157e/index.m3u8
暴楚楚可憐的白領-小島南,https://t33.cdn2020.com/video/m3u8/2024/03/26/73ea235d/index.m3u8
姦秘密搜查官-小川阿佐美,https://t33.cdn2020.com/video/m3u8/2024/05/18/6f6bfe9c/index.m3u8
姦學園-小島南,https://t33.cdn2020.com/video/m3u8/2024/04/06/7a6b97a9/index.m3u8
硬司和處部下在差處共處一室,https://t33.cdn2020.com/video/m3u8/2024/06/04/662c1c6e/index.m3u8
犯欲求不滿的巨鈴木裡,https://t33.cdn2020.com/video/m3u8/2024/05/31/c92e488c/index.m3u8
輕輕地挑逗他敏感的雞巴-石川澪,https://t33.cdn2020.com/video/m3u8/2024/06/30/731a417f/index.m3u8
清純學生被棒到噴停不下來,https://t33.cdn2020.com/video/m3u8/2024/06/12/ccc3096e/index.m3u8
情趣王江波亮讓你欲仙欲死,https://t33.cdn2020.com/video/m3u8/2024/05/16/c283abdb/index.m3u8
情的豪華套房-立花美涼,https://t33.cdn2020.com/video/m3u8/2024/09/06/3ffcecde/index.m3u8
請不要擼太狠哦-本鄉,https://t33.cdn2020.com/video/m3u8/2024/06/25/6fd469b9/index.m3u8
請家來犯我的子-Rio,https://t33.cdn2020.com/video/m3u8/2024/04/02/0cd9afb2/index.m3u8
請犯我的子吧-希美真由,https://t33.cdn2020.com/video/m3u8/2024/09/05/851cd07c/index.m3u8
請犯我的子吧-希志野,https://t33.cdn2020.com/video/m3u8/2024/05/08/ba09104d/index.m3u8
請犯我的子-天海翼,https://t33.cdn2020.com/video/m3u8/2024/07/26/55492ab1/index.m3u8
請在子宮裡吧-八掛海,https://t33.cdn2020.com/video/m3u8/2024/07/25/65030b05/index.m3u8
請用棒羞辱我吧-葵司,https://t33.cdn2020.com/video/m3u8/2024/07/11/6291825b/index.m3u8
慶祝解禁-新有菜,https://t33.cdn2020.com/video/m3u8/2024/09/04/b2db87f0/index.m3u8
求婚前夜的不倫-葵司,https://t33.cdn2020.com/video/m3u8/2024/03/28/6da2f51b/index.m3u8
去士按摩店時-水川潤,https://t33.cdn2020.com/video/m3u8/2024/09/07/92b29a74/index.m3u8
全日常-涼森玲夢,https://t33.cdn2020.com/video/m3u8/2024/07/26/b5e2dead/index.m3u8
全身浸透汗水的-竹有紀,https://t33.cdn2020.com/video/m3u8/2024/08/08/a6902dc6/index.m3u8
全神貫注舐棒的高生-石川澪,https://t33.cdn2020.com/video/m3u8/2024/07/16/406fd3f1/index.m3u8
燃盡的一夜情契約-本鄉,https://t33.cdn2020.com/video/m3u8/2024/05/19/b5d6ce80/index.m3u8
讓巨肥臀AV優親手掰開鮮嫩多汁的小穴,https://t33.cdn2020.com/video/m3u8/2024/09/03/7f3d25e6/index.m3u8
讓開心的深喉嚨交-miru,https://t33.cdn2020.com/video/m3u8/2024/06/04/b398c968/index.m3u8
讓欲火焚身的巨-奧田咲,https://t33.cdn2020.com/video/m3u8/2024/09/23/57860a43/index.m3u8
讓你永生難忘的的體驗-三悠亞,https://t33.cdn2020.com/video/m3u8/2024/08/08/c9071ee7/index.m3u8
讓瞬間勃起的最棒交-桃乃木香奈,https://t33.cdn2020.com/video/m3u8/2024/05/30/425fc883/index.m3u8
讓我變廢柴的癡友-山岸逢花,https://t33.cdn2020.com/video/m3u8/2024/06/04/6060599f/index.m3u8
讓小穴破壞的無限抽-楓花戀,https://t33.cdn2020.com/video/m3u8/2024/09/21/0b686581/index.m3u8
格主導的處理充氣娃娃售,https://t33.cdn2020.com/video/m3u8/2024/09/16/148d9090/index.m3u8
美聲甜超可宿舍管理員-小島南,https://t33.cdn2020.com/video/m3u8/2024/03/17/b9e8d641/index.m3u8
被NTR蒙面派對-三宮椿,https://t33.cdn2020.com/video/m3u8/2024/04/17/6ecca681/index.m3u8
波多野結衣被司捆綁犯,https://t33.cdn2020.com/video/m3u8/2024/06/09/136a62e3/index.m3u8
服從侍奉-小川阿佐美,https://t33.cdn2020.com/video/m3u8/2024/05/21/a0684709/index.m3u8
教師癡漢電車-青木玲,https://t33.cdn2020.com/video/m3u8/2024/09/04/14608aef/index.m3u8
教師-希美真由,https://t33.cdn2020.com/video/m3u8/2024/06/22/13b99a0f/index.m3u8
通勤癡漢電車-本田岬,https://t33.cdn2020.com/video/m3u8/2024/10/10/89d5662e/index.m3u8
猥褻診療室-明裡紬,https://t33.cdn2020.com/video/m3u8/2024/07/27/8eaa6056/index.m3u8
自宅美容院-明裡紬,https://t33.cdn2020.com/video/m3u8/2024/03/28/3611b7b8/index.m3u8
自宅沙龍-楓可憐,https://t33.cdn2020.com/video/m3u8/2024/06/09/3938d33d/index.m3u8
生初次到達高的另一側-河北彩花,https://t33.cdn2020.com/video/m3u8/2024/08/10/b796027d/index.m3u8
生第一次解禁被-彩美旬果,https://t33.cdn2020.com/video/m3u8/2024/08/08/3a62c522/index.m3u8
認真的辦公室郎掉驚魂癡漢池,https://t33.cdn2020.com/video/m3u8/2024/08/09/741c4692/index.m3u8
日後將于未來成為AV優-早阪姬,https://t33.cdn2020.com/video/m3u8/2024/07/11/e3a5f4f6/index.m3u8
棒突襲-瀧澤蘿拉,https://t33.cdn2020.com/video/m3u8/2024/10/12/c3f7c13b/index.m3u8
彈巨尻衝擊享受屁股的視覺震撼,https://t33.cdn2020.com/video/m3u8/2024/06/04/1ab51a33/index.m3u8
感AV-奧田咲,https://t33.cdn2020.com/video/m3u8/2024/08/27/6030d712/index.m3u8
感腿的絕對領域-Unpai,https://t33.cdn2020.com/video/m3u8/2024/09/16/25a926a2/index.m3u8
絲足交癡的秘密賤-宮下玲奈,https://t33.cdn2020.com/video/m3u8/2024/08/14/05265895/index.m3u8
體炸彈松本芽依紅繩亂交,https://t33.cdn2020.com/video/m3u8/2024/06/21/67269e80/index.m3u8
如果喜歡我的話-七澤米亞,https://t33.cdn2020.com/video/m3u8/2024/09/27/823b9a97/index.m3u8
房感帶高少巨偏AV-宇野みれい,https://t33.cdn2020.com/video/m3u8/2024/07/25/f94cd705/index.m3u8
賽車郎的誘惑-希崎潔西嘉,https://t33.cdn2020.com/video/m3u8/2024/05/18/2c0e854c/index.m3u8
賽車郎的誘惑-RIO,https://t33.cdn2020.com/video/m3u8/2024/04/16/b5b26667/index.m3u8
賽車郎的誘惑-裡美尤利婭,https://t33.cdn2020.com/video/m3u8/2024/10/03/df42756a/index.m3u8
三浦春佳多次白漿和子混合抽,https://t33.cdn2020.com/video/m3u8/2024/06/14/bb1b21c1/index.m3u8
散發著費洛蒙的誘美腿-明裡紬,https://t33.cdn2020.com/video/m3u8/2024/08/28/2683693b/index.m3u8
散發著費洛蒙的誘美腿-明裡紬,https://t33.cdn2020.com/video/m3u8/2024/08/28/e2b12ca4/index.m3u8
喪失底線的小惡魔-伊東千奈美,https://t33.cdn2020.com/video/m3u8/2024/10/01/574bc6d9/index.m3u8
情老闆-星宮一花,https://t33.cdn2020.com/video/m3u8/2024/06/25/e7e8648a/index.m3u8
技術伺候一個-葵司,https://t33.cdn2020.com/video/m3u8/2024/09/21/ed9213c5/index.m3u8
曬我引以為傲的子-神宮寺奈緒,https://t33.cdn2020.com/video/m3u8/2024/08/08/86a589b8/index.m3u8
山手栞街搭訕車爆後帶回賓館直接,https://t33.cdn2020.com/video/m3u8/2024/04/20/93b11115/index.m3u8
司派我差然後把我老婆調教成便器,https://t33.cdn2020.com/video/m3u8/2024/05/30/7c846604/index.m3u8
原亞衣超高級泡泡浴侍奉服務,https://t33.cdn2020.com/video/m3u8/2024/05/11/bda6ebc3/index.m3u8
原亞衣初次下馬無套,https://t33.cdn2020.com/video/m3u8/2024/06/19/0991d1f2/index.m3u8
原亞衣三穴齊開做,https://t33.cdn2020.com/video/m3u8/2024/04/17/fc470bdb/index.m3u8
稍微一點刺激就失禁吹的超敏感僕,https://t33.cdn2020.com/video/m3u8/2024/06/14/4af42db0/index.m3u8
設定腳本一切都沒有-七沢美亞,https://t33.cdn2020.com/video/m3u8/2024/10/09/698c671d/index.m3u8
社區的串姦-星宮一花,https://t33.cdn2020.com/video/m3u8/2024/10/01/98d74c79/index.m3u8
社團的老師是我們的處理寵物-冬月楓,https://t33.cdn2020.com/video/m3u8/2024/09/18/862cc5e1/index.m3u8
社團顧問-天海翼,https://t33.cdn2020.com/video/m3u8/2024/03/20/9a3b0a72/index.m3u8
社團已經玩厭-希島理,https://t33.cdn2020.com/video/m3u8/2024/08/09/84abb586/index.m3u8
完之後-早阪姬,https://t33.cdn2020.com/video/m3u8/2024/08/25/f1a1ea6a/index.m3u8
依賴改善治療心-青空光,https://t33.cdn2020.com/video/m3u8/2024/09/09/bcacba20/index.m3u8
身材S級優雨宮琴音之本氣陶醉,https://t33.cdn2020.com/video/m3u8/2024/05/03/dbf705b3/index.m3u8
身高172cm美少-小阪七香,https://t33.cdn2020.com/video/m3u8/2024/07/26/4b237751/index.m3u8
身體蕩抽動-河北彩花,https://t33.cdn2020.com/video/m3u8/2024/09/07/cb37db21/index.m3u8
深情的搖晃支撐刺激著你的感官-山岸逢花,https://t33.cdn2020.com/video/m3u8/2024/05/12/47db99d1/index.m3u8
深情接吻和深情的交-河北彩花,https://t33.cdn2020.com/video/m3u8/2024/08/28/39139d87/index.m3u8
什麽要在這裡做-本鄉,https://t33.cdn2020.com/video/m3u8/2024/08/12/8af4d727/index.m3u8
神級美的交技巧完全展現-羽田,https://t33.cdn2020.com/video/m3u8/2024/08/23/289f32b1/index.m3u8
聖的瘋狂蕩深喉嚨體驗-二葉惠麻,https://t33.cdn2020.com/video/m3u8/2024/10/12/c54f6aa2/index.m3u8
失戀獨自旅行-西宮夢,https://t33.cdn2020.com/video/m3u8/2024/10/10/74e38786/index.m3u8
失去理的年教師-宇野美憐,https://t33.cdn2020.com/video/m3u8/2024/04/19/10835b8a/index.m3u8
濕答答的雞雞-西宮夢,https://t33.cdn2020.com/video/m3u8/2024/04/27/9f89cbfa/index.m3u8
十年來一直單戀的同班同學-miru,https://t33.cdn2020.com/video/m3u8/2024/08/08/fe5d2f7e/index.m3u8
十年之後再次遇見-葵司,https://t33.cdn2020.com/video/m3u8/2024/06/30/94bd4df9/index.m3u8
實際一直喜歡的-東雲美玲,https://t33.cdn2020.com/video/m3u8/2024/10/06/5a2d4695/index.m3u8
史最混亂-楓芙,https://t33.cdn2020.com/video/m3u8/2024/04/12/cd0aee50/index.m3u8
受盡淩辱的短髮美主播-希美真由,https://t33.cdn2020.com/video/m3u8/2024/06/29/f16963ca/index.m3u8
舒服到身體扭曲瘋狂高升天-宮下玲奈,https://t33.cdn2020.com/video/m3u8/2024/09/16/b258db46/index.m3u8
熟北條麻妃,https://t33.cdn2020.com/video/m3u8/2024/04/30/c963c997/index.m3u8
暑假來東京玩的處弟弟-西宮夢,https://t33.cdn2020.com/video/m3u8/2024/07/26/10787835/index.m3u8
雙食癡帶回家,https://t33.cdn2020.com/video/m3u8/2024/09/18/c1f775cc/index.m3u8
雙重醜聞被搭訕後帶回家的天海翼,https://t33.cdn2020.com/video/m3u8/2024/09/06/6115fe8a/index.m3u8
誰都憧憬的OL週末母日記,https://t33.cdn2020.com/video/m3u8/2024/06/25/f0b7e815/index.m3u8
水穀心音水交融濃厚,https://t33.cdn2020.com/video/m3u8/2024/05/05/8f7df30f/index.m3u8
水手服捜査官-小島南,https://t33.cdn2020.com/video/m3u8/2024/03/26/89d8039a/index.m3u8
水野朝陽東京熱,https://t33.cdn2020.com/video/m3u8/2024/03/15/60ca2b5f/index.m3u8
順從候補生-彩美旬果,https://t33.cdn2020.com/video/m3u8/2024/09/23/b985aaf4/index.m3u8
瞬殺一擊顏-天海翼,https://t33.cdn2020.com/video/m3u8/2024/07/04/5be2746f/index.m3u8
四肢修長的美身體被撫犯,https://t33.cdn2020.com/video/m3u8/2024/08/10/cc8f98c4/index.m3u8
素亂交感謝祭-小川阿佐美,https://t33.cdn2020.com/video/m3u8/2024/05/26/7f37dd3d/index.m3u8
素孩借給你-原瑞穂,https://t33.cdn2020.com/video/m3u8/2024/09/17/4d8647d7/index.m3u8
素童貞的我第一次交到了最棒的朋友,https://t33.cdn2020.com/video/m3u8/2024/07/04/add1c25f/index.m3u8
素顏SEX紀錄片-河北彩花,https://t33.cdn2020.com/video/m3u8/2024/08/30/3156d1ec/index.m3u8
雖然很討厭公公-葵司,https://t33.cdn2020.com/video/m3u8/2024/08/09/5bf077e7/index.m3u8
雖然是老公的爸爸-森日向子,https://t33.cdn2020.com/video/m3u8/2024/10/05/d0fa37d3/index.m3u8
隨便找個路就讓他和真白梨拍片忍住就能,https://t33.cdn2020.com/video/m3u8/2024/06/21/26d12f09/index.m3u8
探訪石和溫泉的神木麗,https://t33.cdn2020.com/video/m3u8/2024/05/26/41bf5d5d/index.m3u8
桃型美尻的誘惑-橋未久,https://t33.cdn2020.com/video/m3u8/2024/09/25/18830977/index.m3u8
體溫吐息融合的-鈴村裡,https://t33.cdn2020.com/video/m3u8/2024/06/29/e8430ebb/index.m3u8
體全部釋放的量吹-逢澤美優,https://t33.cdn2020.com/video/m3u8/2024/08/25/0f53d83f/index.m3u8
天然成分由來-鈴村裡,https://t33.cdn2020.com/video/m3u8/2024/08/23/348010f9/index.m3u8
啜啜的蕩護士-河北彩花,https://t33.cdn2020.com/video/m3u8/2024/03/12/a5be4776/index.m3u8
挑戰的巨優-奧田咲,https://t33.cdn2020.com/video/m3u8/2024/08/25/b979ed7b/index.m3u8
同房逆NTR-櫻空桃,https://t33.cdn2020.com/video/m3u8/2024/09/05/da83a8c8/index.m3u8
同居誘惑我的-橋未久,https://t33.cdn2020.com/video/m3u8/2024/09/22/77893838/index.m3u8
同期進公司的同事成了接吻狂-miru,https://t33.cdn2020.com/video/m3u8/2024/03/29/8c97b93e/index.m3u8
偷偷摸摸到野外打-希志野,https://t33.cdn2020.com/video/m3u8/2024/04/27/a5e57e80/index.m3u8
突擊到宅訪問-神木麗,https://t33.cdn2020.com/video/m3u8/2024/05/19/db3d4a33/index.m3u8
突破極限的SEX-流川夕,https://t33.cdn2020.com/video/m3u8/2024/07/11/9136574c/index.m3u8
突如其來的暴風雨-櫻空桃,https://t33.cdn2020.com/video/m3u8/2024/07/04/95158f72/index.m3u8
突襲AV優瞬間現-希志野,https://t33.cdn2020.com/video/m3u8/2024/04/07/6f7039e0/index.m3u8
圖書館被下媚藥-小島南,https://t33.cdn2020.com/video/m3u8/2024/04/27/6a4fdb0c/index.m3u8
塗超多潤滑和巨白虎-鈴木心春,https://t33.cdn2020.com/video/m3u8/2024/09/04/5994c812/index.m3u8
塗滿全身的春藥和無休止的交-Unpai,https://t33.cdn2020.com/video/m3u8/2024/08/10/b39e85bf/index.m3u8
兔年要看兔郎-七澤美亞,https://t33.cdn2020.com/video/m3u8/2024/06/04/ef3a6cad/index.m3u8
吞噬的迷癡醫生-小川阿佐美,https://t33.cdn2020.com/video/m3u8/2024/06/04/c24896ac/index.m3u8
脫衣劇場的-希島裡,https://t33.cdn2020.com/video/m3u8/2024/09/15/19d8e112/index.m3u8
完美交技巧的騷貨護士幫你吸,https://t33.cdn2020.com/video/m3u8/2024/09/09/6d0c6d6a/index.m3u8
完美身材極品癡騎乘體位-裡美尤利婭,https://t33.cdn2020.com/video/m3u8/2024/08/27/733a4c88/index.m3u8
完全敞開的房非常受歡迎-Unpai,https://t33.cdn2020.com/video/m3u8/2024/07/26/8580eccc/index.m3u8
完全固定的狀態下被東熱猛們,https://t33.cdn2020.com/video/m3u8/2024/04/20/4d369a80/index.m3u8
完全主觀和巨尻的近親相同居生活,https://t33.cdn2020.com/video/m3u8/2024/04/14/881c7655/index.m3u8
完全主觀撒嬌的可友-希美真由,https://t33.cdn2020.com/video/m3u8/2024/06/30/635016fd/index.m3u8
完全主觀視角下被暴-葵司,https://t33.cdn2020.com/video/m3u8/2024/08/30/22d0645f/index.m3u8
完全主觀自慰支持-河北彩花,https://t33.cdn2020.com/video/m3u8/2024/08/31/42389f3a/index.m3u8
網球部奴隸合宿-石原莉奈,https://t33.cdn2020.com/video/m3u8/2024/03/20/21d40846/index.m3u8
威脅套房的老師-椎名由奈,https://t33.cdn2020.com/video/m3u8/2024/09/04/1c346bac/index.m3u8
為了滿足變態老公的畸形願望-Rio,https://t33.cdn2020.com/video/m3u8/2024/06/19/6f12e924/index.m3u8
為了破案不惜賣相-希志野,https://t33.cdn2020.com/video/m3u8/2024/05/30/bfe125e5/index.m3u8
為了在畢業前交到朋友-希崎潔西嘉,https://t33.cdn2020.com/video/m3u8/2024/04/02/eed15daa/index.m3u8
為了丈夫簽下奴隸契約-椎名由奈,https://t33.cdn2020.com/video/m3u8/2024/10/01/996d436e/index.m3u8
為了只能在兩位巨面前勃起的丈夫,https://t33.cdn2020.com/video/m3u8/2024/08/01/faace806/index.m3u8
為了最的老公-小島南,https://t33.cdn2020.com/video/m3u8/2024/09/15/771588d2/index.m3u8
為您服務的最好的五星級肥皂泡泡浴,https://t33.cdn2020.com/video/m3u8/2024/08/22/2860875a/index.m3u8
未成熟的你迷路了-二葉惠麻,https://t33.cdn2020.com/video/m3u8/2024/08/01/52cf728e/index.m3u8
未婚夫的哥哥是-仲村美由,https://t33.cdn2020.com/video/m3u8/2024/09/30/e01cc09e/index.m3u8
未婚夫死在肚皮-希島裡,https://t33.cdn2020.com/video/m3u8/2024/09/30/cd1c83f2/index.m3u8
溫柔小180分鐘的極品風俗四本番,https://t33.cdn2020.com/video/m3u8/2024/05/18/d7c6a4d4/index.m3u8
溫柔又不善拒絕的護士小-島玲衣,https://t33.cdn2020.com/video/m3u8/2024/10/11/2c5c0cd7/index.m3u8
我被集體了-桃乃木,https://t33.cdn2020.com/video/m3u8/2024/05/05/10c1ceca/index.m3u8
我被全校最可的生管理我的,https://t33.cdn2020.com/video/m3u8/2024/07/27/89d10ed9/index.m3u8
我被司睡了-桃乃木香奈,https://t33.cdn2020.com/video/m3u8/2024/06/06/a1fc48c0/index.m3u8
我常去的酒店-希島理,https://t33.cdn2020.com/video/m3u8/2024/06/04/e555e580/index.m3u8
我成為一名護士的原因-小島南,https://t33.cdn2020.com/video/m3u8/2024/05/03/2537ad9c/index.m3u8
我的老婆-小川阿佐美,https://t33.cdn2020.com/video/m3u8/2024/05/19/990317b2/index.m3u8
我的朋友是有賀由,https://t33.cdn2020.com/video/m3u8/2024/05/01/c4c3e8cf/index.m3u8
我的友日高千晶,https://t33.cdn2020.com/video/m3u8/2024/04/30/547b016d/index.m3u8
我的屁股不聽話-森澤加奈,https://t33.cdn2020.com/video/m3u8/2024/05/30/d2b93f16/index.m3u8
我的子在同學聚會時任,https://t33.cdn2020.com/video/m3u8/2024/05/23/704305ff/index.m3u8
我的順從玩物候補-涼森玲夢,https://t33.cdn2020.com/video/m3u8/2024/04/14/2e48825d/index.m3u8
我的專屬僕-希志野,https://t33.cdn2020.com/video/m3u8/2024/05/18/b1425026/index.m3u8
我對友的膽引誘-逢澤美優,https://t33.cdn2020.com/video/m3u8/2024/07/19/4701170a/index.m3u8
我和子正處於疲勞期-星宮一花,https://t33.cdn2020.com/video/m3u8/2024/04/12/7384abde/index.m3u8
我和一位老教師發生了關係-小阪七香,https://t33.cdn2020.com/video/m3u8/2024/08/16/c7cbd5f1/index.m3u8
我們才不會因為小穴而-楓芙,https://t33.cdn2020.com/video/m3u8/2024/07/27/d5f3b18f/index.m3u8
我是新田檸檬-楓可憐,https://t33.cdn2020.com/video/m3u8/2024/08/06/e5f0e65a/index.m3u8
我喜歡胖一點的小翼-天海翼,https://t33.cdn2020.com/video/m3u8/2024/07/04/cbbd8767/index.m3u8
我想騷擾這個漂亮的孩-未步奈奈,https://t33.cdn2020.com/video/m3u8/2024/10/06/750bdbae/index.m3u8
我蕩的欲望與秘密-本田岬,https://t33.cdn2020.com/video/m3u8/2024/09/24/d347469c/index.m3u8
我在網找到了心的未婚的情視頻,https://t33.cdn2020.com/video/m3u8/2024/05/03/1c40d964/index.m3u8
我知道她是友的-本鄉,https://t33.cdn2020.com/video/m3u8/2024/09/16/8323f191/index.m3u8
我最喜歡的子-森澤佳奈,https://t33.cdn2020.com/video/m3u8/2024/06/07/31018111/index.m3u8
無法拒絕陪睡服務-希島理,https://t33.cdn2020.com/video/m3u8/2024/08/10/19f2cced/index.m3u8
無法停止的媚藥作用下的不間斷交-淺野心,https://t33.cdn2020.com/video/m3u8/2024/09/16/9306285b/index.m3u8
無盡-柚月,https://t33.cdn2020.com/video/m3u8/2024/08/10/cf0e29cf/index.m3u8
無聊的鄉下生活-宮下玲奈,https://t33.cdn2020.com/video/m3u8/2024/06/11/8676cd81/index.m3u8
無視攝影機視線的規則-村悠華,https://t33.cdn2020.com/video/m3u8/2024/04/07/a90d2200/index.m3u8
無套和服美橋本憐奈,https://t33.cdn2020.com/video/m3u8/2024/03/27/1e5e596a/index.m3u8
無套解禁-柚月亞衣,https://t33.cdn2020.com/video/m3u8/2024/08/08/4e40e676/index.m3u8
無限的激烈抽-JULIA,https://t33.cdn2020.com/video/m3u8/2024/09/15/69d34ef7/index.m3u8
無限制發OK-青空光,https://t33.cdn2020.com/video/m3u8/2024/05/30/11a967a6/index.m3u8
五神床論劍聯手拍攝年度作,https://t33.cdn2020.com/video/m3u8/2024/08/23/b8e52879/index.m3u8
希志野,https://t33.cdn2020.com/video/m3u8/2024/04/07/73c6788e/index.m3u8
希志野,https://t33.cdn2020.com/video/m3u8/2024/04/07/be71538b/index.m3u8
希志野亂交,https://t33.cdn2020.com/video/m3u8/2024/05/18/13427f13/index.m3u8
希志家的三胞胎花,https://t33.cdn2020.com/video/m3u8/2024/04/14/5738216a/index.m3u8
喜歡登山的美少-希島理,https://t33.cdn2020.com/video/m3u8/2024/06/22/6690f6d7/index.m3u8
喜歡吊胃滿腦子想著玩弄的極品優,https://t33.cdn2020.com/video/m3u8/2024/04/27/df7a8785/index.m3u8
喜歡交的學習委員-初川南,https://t33.cdn2020.com/video/m3u8/2024/03/29/e12d1488/index.m3u8
下半身不穿褲誘惑缺勤的學生-森日向子,https://t33.cdn2020.com/video/m3u8/2024/09/26/e3715146/index.m3u8
下流不倫接客-八木奈奈,https://t33.cdn2020.com/video/m3u8/2024/08/06/78f60bcb/index.m3u8
想被頂子宮-美之嶋惠理,https://t33.cdn2020.com/video/m3u8/2024/09/22/65e3039c/index.m3u8
想被甜蜜美腿癡玩弄-明裡紬,https://t33.cdn2020.com/video/m3u8/2024/06/04/37aa12ed/index.m3u8
想讓哥哥在我的身體裡-宇野美裡,https://t33.cdn2020.com/video/m3u8/2024/05/19/058c1e00/index.m3u8
想要被子宮裡的懇求-河合明日菜,https://t33.cdn2020.com/video/m3u8/2024/04/17/277ddabe/index.m3u8
像情片裡那樣做-葵司,https://t33.cdn2020.com/video/m3u8/2024/06/12/90c494f4/index.m3u8
像野獸一樣交尾的-美園和花,https://t33.cdn2020.com/video/m3u8/2024/09/18/53c051ae/index.m3u8
小惡魔的密著-七澤美亞,https://t33.cdn2020.com/video/m3u8/2024/06/04/8641f821/index.m3u8
小惡魔美少各種玩弄老師-八掛海,https://t33.cdn2020.com/video/m3u8/2024/07/11/3b66eb47/index.m3u8
小美玩角扮演變成任你幹的粉鮑小僕,https://t33.cdn2020.com/video/m3u8/2024/06/09/aff730fd/index.m3u8
筱田優,https://t33.cdn2020.com/video/m3u8/2024/03/28/bf50ef41/index.m3u8
筱田優下馬露粉嫩美鮑,https://t33.cdn2020.com/video/m3u8/2024/05/01/976823c4/index.m3u8
校評選氣第一絲教師的誘惑授業,https://t33.cdn2020.com/video/m3u8/2024/04/19/7fdd8f3f/index.m3u8
脅迫溫泉-初川南,https://t33.cdn2020.com/video/m3u8/2024/03/27/dfdb8220/index.m3u8
脅迫職業OL成為泳裝模特後-星宮一花,https://t33.cdn2020.com/video/m3u8/2024/07/25/f96deb8c/index.m3u8
寫真時期就開始追蹤的瘋狂粉絲-仲村美羽,https://t33.cdn2020.com/video/m3u8/2024/09/03/f5d51e76/index.m3u8
新NO.1STYLE-小阪七香,https://t33.cdn2020.com/video/m3u8/2024/07/26/5928bd9e/index.m3u8
新看護師-希崎ジェシカ,https://t33.cdn2020.com/video/m3u8/2024/05/12/97d5539d/index.m3u8
新老師直到她完全墮落的濕身,https://t33.cdn2020.com/video/m3u8/2024/10/06/a4a9a65b/index.m3u8
新美護士-石原莉奈,https://t33.cdn2020.com/video/m3u8/2024/03/23/71563c60/index.m3u8
新職的職員就是負責給同事們來爽的,,https://t33.cdn2020.com/video/m3u8/2024/06/11/c87b5516/index.m3u8
新作宣傳發表會給粉絲的最高回饋,https://t33.cdn2020.com/video/m3u8/2024/03/20/85d798f6/index.m3u8
醒時同交歡-八木奈奈,https://t33.cdn2020.com/video/m3u8/2024/09/24/fe1f5488/index.m3u8
醒時同交歡-石原希望,https://t33.cdn2020.com/video/m3u8/2024/09/27/7f40a2d0/index.m3u8
三本番-鈴村裡,https://t33.cdn2020.com/video/m3u8/2024/09/17/bee37300/index.m3u8
處理專用體家政-天海翼,https://t33.cdn2020.com/video/m3u8/2024/07/26/d3fa0a44/index.m3u8
感少和三個的,https://t33.cdn2020.com/video/m3u8/2024/04/30/84111267/index.m3u8
欲魔主管的絶倫挿連續12個小時,https://t33.cdn2020.com/video/m3u8/2024/05/08/5f0ce415/index.m3u8
欲烈的癡護士-星宮一花,https://t33.cdn2020.com/video/m3u8/2024/08/15/e3c29af6/index.m3u8
欲旺盛的力士-希島裡,https://t33.cdn2020.com/video/m3u8/2024/08/28/58651636/index.m3u8
休假被主管綺花召喚-山岸逢花,https://t33.cdn2020.com/video/m3u8/2024/06/25/de17e8e8/index.m3u8
學弟讓幫忙解決生理需求-小川阿佐美,https://t33.cdn2020.com/video/m3u8/2024/05/19/4325c11b/index.m3u8
學生暗戀的肥臀老師-初川南,https://t33.cdn2020.com/video/m3u8/2024/04/14/734ca7bf/index.m3u8
學生會長是僕-希志野,https://t33.cdn2020.com/video/m3u8/2024/04/14/03525a6c/index.m3u8
學校泳裝癮老師標記的母,https://t33.cdn2020.com/video/m3u8/2024/06/29/d0d05291/index.m3u8
言聽計從的子-青木玲,https://t33.cdn2020.com/video/m3u8/2024/08/28/7527576d/index.m3u8
顏挑戰-希志野,https://t33.cdn2020.com/video/m3u8/2024/04/19/ba6440f2/index.m3u8
要不要在前輩家重新喝一杯-宮下玲奈,https://t33.cdn2020.com/video/m3u8/2024/04/02/d2a77f39/index.m3u8
夜班工作子NTR在暗-天海翼,https://t33.cdn2020.com/video/m3u8/2024/06/11/63c4486c/index.m3u8
一併解放-三悠亞,https://t33.cdn2020.com/video/m3u8/2024/07/19/a9be68e1/index.m3u8
一波二日處混浴-希美真由,https://t33.cdn2020.com/video/m3u8/2024/07/19/82654003/index.m3u8
一刀兩斷之東京熱井綾香,https://t33.cdn2020.com/video/m3u8/2024/05/03/1d7a989e/index.m3u8
一發無法滿足的感官貪婪,https://t33.cdn2020.com/video/m3u8/2024/06/17/1c64167d/index.m3u8
一個月禁止和手-夢乃華,https://t33.cdn2020.com/video/m3u8/2024/08/20/04fe0c7b/index.m3u8
一喝醉就會變得蕩的空,https://t33.cdn2020.com/video/m3u8/2024/09/07/52fa7f3b/index.m3u8
一擊顏-希美真由,https://t33.cdn2020.com/video/m3u8/2024/06/12/775b231a/index.m3u8
一家便利店的兼職主-神木麗,https://t33.cdn2020.com/video/m3u8/2024/05/13/be2960d7/index.m3u8
一流的猥褻攝影技術-天海翼,https://t33.cdn2020.com/video/m3u8/2024/06/14/6d33dc33/index.m3u8
一年沒見的,https://t33.cdn2020.com/video/m3u8/2024/04/27/7a9002a4/index.m3u8
一起調教友-芽森滴,https://t33.cdn2020.com/video/m3u8/2024/08/08/8cfed648/index.m3u8
一起在野外做吧-天海翼,https://t33.cdn2020.com/video/m3u8/2024/07/25/282a7467/index.m3u8
一月禁欲苦難耐-河北彩花,https://t33.cdn2020.com/video/m3u8/2024/08/25/29c4bbfe/index.m3u8
一整月密著跟拍-河北彩花,https://t33.cdn2020.com/video/m3u8/2024/08/27/d0ca8afb/index.m3u8
已婚在丈夫喝醉的情況下被同事戴綠帽子,https://t33.cdn2020.com/video/m3u8/2024/07/04/34642c24/index.m3u8
義的感帶-石原莉奈,https://t33.cdn2020.com/video/m3u8/2024/03/15/2609f3ae/index.m3u8
翼老師的緊密瑜伽教學-翼舞,https://t33.cdn2020.com/video/m3u8/2024/09/01/9ac43b6d/index.m3u8
翼老師的誘惑授業-天海翼,https://t33.cdn2020.com/video/m3u8/2024/06/29/1dc12f4b/index.m3u8
因為老公軌萬念俱灰-田奈奈,https://t33.cdn2020.com/video/m3u8/2024/05/10/ec24bbb0/index.m3u8
因為你不跟我打-妃光莉,https://t33.cdn2020.com/video/m3u8/2024/08/23/27cbc209/index.m3u8
因為情傷對失望的美-小川阿佐美,https://t33.cdn2020.com/video/m3u8/2024/05/26/037d2838/index.m3u8
因為同事的工作失誤-新有菜,https://t33.cdn2020.com/video/m3u8/2024/08/14/04f01ba0/index.m3u8
因為格軟弱經常被客們欺負,https://t33.cdn2020.com/video/m3u8/2024/06/22/18048aa7/index.m3u8
因為要結婚而不能再見面-神木麗,https://t33.cdn2020.com/video/m3u8/2024/09/23/1ca97126/index.m3u8
音超甜的可銷售OL-小島南,https://t33.cdn2020.com/video/m3u8/2024/03/26/3c1ac1b5/index.m3u8
蕩癡OL的絲誘惑-裡美尤利婭,https://t33.cdn2020.com/video/m3u8/2024/10/01/717fb261/index.m3u8
蕩癡教師-小川阿佐美,https://t33.cdn2020.com/video/m3u8/2024/05/21/f709181c/index.m3u8
蕩的白衣天使對病下手了,https://t33.cdn2020.com/video/m3u8/2024/08/10/a8ef85e1/index.m3u8
蕩的家庭教師-小川阿佐美,https://t33.cdn2020.com/video/m3u8/2024/06/17/4da5c3e1/index.m3u8
蕩迫-天海翼,https://t33.cdn2020.com/video/m3u8/2024/10/01/c7919c2d/index.m3u8
蕩情-橋未久,https://t33.cdn2020.com/video/m3u8/2024/09/27/c65741c9/index.m3u8
蕩嫂子的誘惑-小川阿佐美,https://t33.cdn2020.com/video/m3u8/2024/05/30/4d10f026/index.m3u8
亂癡-小川阿佐美,https://t33.cdn2020.com/video/m3u8/2024/05/18/4184631e/index.m3u8
神之竊賊悲哀痙攣之追憶-橋未久,https://t33.cdn2020.com/video/m3u8/2024/07/19/eb4116dd/index.m3u8
櫻空桃,https://t33.cdn2020.com/video/m3u8/2024/06/30/4d86a95b/index.m3u8
永遠無法發洩完的欲-櫻空桃,https://t33.cdn2020.com/video/m3u8/2024/06/06/8b0295c4/index.m3u8
泳裝爆英語教師的誘惑授業-沖田杏梨,https://t33.cdn2020.com/video/m3u8/2024/10/12/b2eb0aad/index.m3u8
用超贊的語刺激你的感官-RIO,https://t33.cdn2020.com/video/m3u8/2024/07/04/c102dff9/index.m3u8
用量春藥油解禁感神的身體,https://t33.cdn2020.com/video/m3u8/2024/07/19/0a720e8c/index.m3u8
用可笑容征服所有-河北彩花,https://t33.cdn2020.com/video/m3u8/2024/09/22/293244f2/index.m3u8
用媚藥改造高傲的夜總會頭牌郎,https://t33.cdn2020.com/video/m3u8/2024/03/20/b8b6d7ca/index.m3u8
用你的讓我更骯髒-山岸あや花,https://t33.cdn2020.com/video/m3u8/2024/07/11/ab835083/index.m3u8
用棒讓傲慢的巨侄明白道理,https://t33.cdn2020.com/video/m3u8/2024/08/12/158191c5/index.m3u8
用身體施展美計的極品美-希志野,https://t33.cdn2020.com/video/m3u8/2024/04/14/c8427376/index.m3u8
用指和食指扒開濕濕的穴-奧田咲,https://t33.cdn2020.com/video/m3u8/2024/09/12/b83bebd3/index.m3u8
有感覺的講方言-天海翼,https://t33.cdn2020.com/video/m3u8/2024/06/30/4ffd50f4/index.m3u8
有賀由潔白無毛的白嫩小穴,https://t33.cdn2020.com/video/m3u8/2024/05/01/58c0b660/index.m3u8
有賀由野外直接脫光幹白漿好幾次,https://t33.cdn2020.com/video/m3u8/2024/05/31/3b6608cb/index.m3u8
有來了我的生就結束了-美園和花,https://t33.cdn2020.com/video/m3u8/2024/10/06/69b431e5/index.m3u8
幼齒蘿莉杏樹紗奈的羞澀,https://t33.cdn2020.com/video/m3u8/2024/04/02/9d999521/index.m3u8
誘惑我的隔壁漂亮-原瑞穂,https://t33.cdn2020.com/video/m3u8/2024/10/04/6669928c/index.m3u8
誘惑我的家教老師-橋未久,https://t33.cdn2020.com/video/m3u8/2024/08/05/5a8dffb6/index.m3u8
漁網裝究極粉嫩鮑魚的誘惑,https://t33.cdn2020.com/video/m3u8/2024/04/14/d55fb290/index.m3u8
與超近距離誘惑我的好友友,https://t33.cdn2020.com/video/m3u8/2024/05/26/8c73e482/index.m3u8
與超欲孩交約會-青空光,https://t33.cdn2020.com/video/m3u8/2024/08/01/a64da7a4/index.m3u8
與友蕩的楓芙從早幹到晚的7天,https://t33.cdn2020.com/video/m3u8/2024/06/17/cc7ce153/index.m3u8
與友最好的朋友-河北彩花,https://t33.cdn2020.com/video/m3u8/2024/05/19/58c1dab6/index.m3u8
與天海翼和成瀨心美的日常同居生活,https://t33.cdn2020.com/video/m3u8/2024/07/25/2c98b8ff/index.m3u8
與突然燃起欲的巨白虎濃厚,https://t33.cdn2020.com/video/m3u8/2024/10/01/dfadb92d/index.m3u8
與渣前任在病房再度重逢後,https://t33.cdn2020.com/video/m3u8/2024/08/19/44684c26/index.m3u8
與丈夫生育之後-希島裡,https://t33.cdn2020.com/video/m3u8/2024/08/22/5b735897/index.m3u8
羽月希亂覺醒群交調教,https://t33.cdn2020.com/video/m3u8/2024/04/02/d1a58a17/index.m3u8
遇見後四秒即刻合體-小島南,https://t33.cdn2020.com/video/m3u8/2024/03/26/fae378c6/index.m3u8
禦宅辣償房租-伊藤舞雪,https://t33.cdn2020.com/video/m3u8/2024/08/06/5fb7b4b1/index.m3u8
園原利香總集篇,https://t33.cdn2020.com/video/m3u8/2024/08/28/4a0cc440/index.m3u8
圓潤的接吻護士護理-山岸逢花,https://t33.cdn2020.com/video/m3u8/2024/06/06/69ff758c/index.m3u8
約會美空美緒並成功全壘打,https://t33.cdn2020.com/video/m3u8/2024/05/26/85cc3b10/index.m3u8
約了個青春小美研究測量她的身體,https://t33.cdn2020.com/video/m3u8/2024/06/14/07c7ea3d/index.m3u8
在差處被騷擾司安排共處一室,https://t33.cdn2020.com/video/m3u8/2024/09/05/11b65478/index.m3u8
在差地的同屋被絕倫司幾次,https://t33.cdn2020.com/video/m3u8/2024/09/26/a1336cc7/index.m3u8
在差旅行被最討厭的司玩弄頭,https://t33.cdn2020.com/video/m3u8/2024/04/07/1fdb27e3/index.m3u8
在電車被癡漢犯癮的巨學生,https://t33.cdn2020.com/video/m3u8/2024/08/16/b3ebded0/index.m3u8
在各種場合讓舌頭清理棒的每一寸,https://t33.cdn2020.com/video/m3u8/2024/05/18/ad541fa0/index.m3u8
在公共場合被公然猥褻默默忍耐的巨,https://t33.cdn2020.com/video/m3u8/2024/09/12/84dc82cb/index.m3u8
在空飛舞的巨無霸絕頂-阪道美琉,https://t33.cdn2020.com/video/m3u8/2024/07/27/73b3885a/index.m3u8
在老家的鄉下嫉妒我東京友-石川澪,https://t33.cdn2020.com/video/m3u8/2024/05/03/56eb251c/index.m3u8
在兩周年慶祝酒會被優灌醉變成癡,https://t33.cdn2020.com/video/m3u8/2024/06/30/8cd609db/index.m3u8
在沒有正式下海的-神宮寺奈緒,https://t33.cdn2020.com/video/m3u8/2024/07/04/76483524/index.m3u8
在朋友面前被犯的美-希志野,https://t33.cdn2020.com/video/m3u8/2024/05/05/1586ac62/index.m3u8
在禽獸教師帶頭下被全班生,https://t33.cdn2020.com/video/m3u8/2024/04/30/59d8ad64/index.m3u8
在沙灘做吧-希崎潔西嘉,https://t33.cdn2020.com/video/m3u8/2024/04/14/24e3001e/index.m3u8
在同學會被NTR-石川澪,https://t33.cdn2020.com/video/m3u8/2024/03/26/c79fd512/index.m3u8
在同一個屋簷下和粉絲24小時同住,https://t33.cdn2020.com/video/m3u8/2024/08/08/406d07cd/index.m3u8
在我離開房間的3個月裡-小島南,https://t33.cdn2020.com/video/m3u8/2024/05/19/ae03bb07/index.m3u8
在蕩的狂歡-神木麗,https://t33.cdn2020.com/video/m3u8/2024/05/13/eeff4b66/index.m3u8
在與你的司做時感覺到了快感,https://t33.cdn2020.com/video/m3u8/2024/05/18/a09000ca/index.m3u8
在丈夫面前被暴-希崎潔西嘉,https://t33.cdn2020.com/video/m3u8/2024/04/14/dc15859d/index.m3u8
在丈夫面前被姦的-小川阿佐美,https://t33.cdn2020.com/video/m3u8/2024/05/21/53bd2571/index.m3u8
在丈夫面前被犯的美-小川阿佐美,https://t33.cdn2020.com/video/m3u8/2024/06/06/34f9f504/index.m3u8
在丈夫面前被犯的-希志野,https://t33.cdn2020.com/video/m3u8/2024/05/01/7c60efdd/index.m3u8
在丈夫面前被犯幹到高的美,https://t33.cdn2020.com/video/m3u8/2024/08/05/93396e89/index.m3u8
在丈夫面前被犯-希志野,https://t33.cdn2020.com/video/m3u8/2024/04/30/1c185528/index.m3u8
在丈夫目前被犯的-橋未久,https://t33.cdn2020.com/video/m3u8/2024/03/17/7f40d3c1/index.m3u8
在丈夫目前被犯的-小泉彩,https://t33.cdn2020.com/video/m3u8/2024/03/26/024b8c8d/index.m3u8
在這裡做點的事情吧-逢澤美優,https://t33.cdn2020.com/video/m3u8/2024/10/09/b36f7b4d/index.m3u8
遭到集團-天海翼,https://t33.cdn2020.com/video/m3u8/2024/03/12/6ed68e4b/index.m3u8
早川瀬裡奈下馬無套做,https://t33.cdn2020.com/video/m3u8/2024/05/03/25f1f4d6/index.m3u8
早晚在溫泉旅館的窩裡進行不倫,https://t33.cdn2020.com/video/m3u8/2024/03/28/e393c8eb/index.m3u8
宅小姨子-明裡紬,https://t33.cdn2020.com/video/m3u8/2024/10/06/b6508cc0/index.m3u8
展台美麗誘的波多野結衣小,https://t33.cdn2020.com/video/m3u8/2024/05/16/c64c7433/index.m3u8
丈夫策劃的絕倫按摩師高治療,https://t33.cdn2020.com/video/m3u8/2024/03/29/9a56c8ff/index.m3u8
丈夫屍骨未寒-希島理,https://t33.cdn2020.com/video/m3u8/2024/07/04/a78df6fd/index.m3u8
正經後輩喝酒後成為亂接吻魔,https://t33.cdn2020.com/video/m3u8/2024/05/18/0828e2ef/index.m3u8
正在營業的公共浴場的訪問交,https://t33.cdn2020.com/video/m3u8/2024/08/10/cc9d4c81/index.m3u8
只要忍耐住就能波多野結衣,https://t33.cdn2020.com/video/m3u8/2024/05/26/ba801093/index.m3u8
只要是交-青空光,https://t33.cdn2020.com/video/m3u8/2024/09/23/48928dd6/index.m3u8
只在今天把太太忘掉-桃乃木香奈,https://t33.cdn2020.com/video/m3u8/2024/05/05/7ffdd4ac/index.m3u8
知道我去風俗店後感到嫉妒的發小,https://t33.cdn2020.com/video/m3u8/2024/06/04/09e1955b/index.m3u8
直到早晨都被巨漢棒留種PLAY,https://t33.cdn2020.com/video/m3u8/2024/09/06/d892c3e6/index.m3u8
職場OL橋本憐奈,https://t33.cdn2020.com/video/m3u8/2024/03/15/a73a65cf/index.m3u8
癡漢電車-櫻空桃,https://t33.cdn2020.com/video/m3u8/2024/04/27/8750f93c/index.m3u8
執行官-八卦海,https://t33.cdn2020.com/video/m3u8/2024/05/26/8f298a70/index.m3u8
年叔的密著按摩-桃乃木香奈,https://t33.cdn2020.com/video/m3u8/2024/06/04/7b94b0b6/index.m3u8
終極的美膚苗條體-石川澪,https://t33.cdn2020.com/video/m3u8/2024/08/09/b881ea41/index.m3u8
終極臀部好狂熱-佳澄果穂,https://t33.cdn2020.com/video/m3u8/2024/09/06/ee06ec58/index.m3u8
終極秘技教學-桃乃木香奈,https://t33.cdn2020.com/video/m3u8/2024/06/09/8fba1bd2/index.m3u8
週末奴隸-希島理,https://t33.cdn2020.com/video/m3u8/2024/06/29/f4f2f3ab/index.m3u8
逐夢東京演藝圈-楓可憐,https://t33.cdn2020.com/video/m3u8/2024/05/30/2c93922c/index.m3u8
主動勾引隔壁家的巨,https://t33.cdn2020.com/video/m3u8/2024/06/11/f6e089c7/index.m3u8
主和僕服務員-橋未久,https://t33.cdn2020.com/video/m3u8/2024/08/05/64f3f718/index.m3u8
住在隔壁的小居然這麼好,https://t33.cdn2020.com/video/m3u8/2024/05/18/158edb93/index.m3u8
住在老家的喪-山岸綺花,https://t33.cdn2020.com/video/m3u8/2024/05/19/56d20e26/index.m3u8
住在我樓的好美-希志野,https://t33.cdn2020.com/video/m3u8/2024/04/27/19a106c9/index.m3u8
子宮想要懇求體-涼森玲夢,https://t33.cdn2020.com/video/m3u8/2024/09/09/ada6156c/index.m3u8
自從被學生誘惑並幹下去-渚理,https://t33.cdn2020.com/video/m3u8/2024/08/16/388caf51/index.m3u8
自慰到一半被公寓保安發現,https://t33.cdn2020.com/video/m3u8/2024/03/17/2db7e400/index.m3u8
總是很勢的系司,https://t33.cdn2020.com/video/m3u8/2024/08/10/7323c545/index.m3u8
租借素一整天搞在一起-八掛海,https://t33.cdn2020.com/video/m3u8/2024/06/12/156120cb/index.m3u8
嘴唇交-希志野,https://t33.cdn2020.com/video/m3u8/2024/04/19/dffb8307/index.m3u8
最棒自慰體驗僕服務-兒玉七海,https://t33.cdn2020.com/video/m3u8/2024/09/16/1adcf087/index.m3u8
最高的自慰體驗-凪光,https://t33.cdn2020.com/video/m3u8/2024/09/01/bc415e54/index.m3u8
最完美的不倫生活-山岸逢花,https://t33.cdn2020.com/video/m3u8/2024/09/16/e954fb62/index.m3u8
最喜歡的訂婚者的哥哥-桃乃木香奈,https://t33.cdn2020.com/video/m3u8/2024/05/26/c80b9a6c/index.m3u8
尊貴專屬母在豪華日式沙龍真誠為您服務,https://t33.cdn2020.com/video/m3u8/2024/06/17/d8a63556/index.m3u8
佐山,https://t33.cdn2020.com/video/m3u8/2024/07/19/6ec8b879/index.m3u8
做主持的在輕鬆屋裡作為欲處理被,https://t33.cdn2020.com/video/m3u8/2024/04/06/df4ba698/index.m3u8
少白潔1(XK8039)-童汐,https://t33.cdn2020.com/video/m3u8/2021/06/26/211a053a/index.m3u8
少白潔2(XK8044)-童汐,https://t33.cdn2020.com/video/m3u8/2021/07/10/66f7c99f/index.m3u8
少白潔3(XK8048)-童汐,https://t26.cdn2020.com/video/m3u8/2021/07/23/3203cba6/index.m3u8
少白潔4(XK8059)-童汐,https://t26.cdn2020.com/video/m3u8/2021/08/21/85331d8e/index.m3u8
少白潔5(XK8071)-童汐,https://t33.cdn2020.com/video/m3u8/2021/10/02/09d29d49/index.m3u8
少白潔MDSR-0005-1失身的新婚少,https://t26.cdn2020.com/video/m3u8/2023/10/15/30848161/index.m3u8
少白潔第二章MDSR-0005-2小晶的信,https://t26.cdn2020.com/video/m3u8/2023/10/28/a03b295d/index.m3u8
少白潔第三章MDSR-0005-3風情萬種的少,https://t33.cdn2020.com/video/m3u8/2024/09/28/11472e69/index.m3u8
少白潔MDSR-0005-4一路風流的新婚少,https://t33.cdn2020.com/video/m3u8/2024/10/04/485a4db7/index.m3u8
少白潔第五章MDSR-0005-5 欣晴,https://t33.cdn2020.com/video/m3u8/2025/10/02/8e83b8e4/index.m3u8
少白潔第六章MDSR-0005-6綠 艾悠,https://t33.cdn2020.com/video/m3u8/2025/10/18/64827eee/index.m3u8
澳门体育,https://cdn.qd.je/163189/amty
重温经典,https://cdn.qd.je/163189/cwjd
CH5,https://cdn.qd.je/163189/ch5
CH8,https://cdn.qd.je/163189/ch8
CHU,https://cdn.qd.je/163189/chu
龙华电影,https://cdn.qd.je/163189/lhdy
龙华经典,https://cdn.qd.je/163189/lhjd
龙华洋片,https://cdn.qd.je/163189/lhyp
Astro QJ,https://cdn.qd.je/163189/qj
重温经典,https://cdn.qd.je/163189/cwjd2
广州南国都市,https://cdn.qd.je/163189/ngds
公视戏剧,https://cdn.qd.je/163189/gsxj
靖天戏剧台,https://cdn.qd.je/163189/jtxj
靖洋戏剧台,https://cdn.qd.je/163189/jyxj
影迷数位电影台,https://cdn.qd.je/163189/ymswdyt
My Cinema Europe,https://cdn.qd.je/163189/mce
经典电影台,https://cdn.qd.je/163189/jddyt
CMusic,https://cdn.qd.je/163189/cmusic
精选动漫台,https://cdn.qd.je/163189/jxdmt
咪咕4K(限移动网络),http://r.jdshipin.com/ln4xk
咪咕4K-2(限移动网络),http://r.jdshipin.com/Lqdwf
Arirang Korea,http://tv123.cc.cd/live.php?ch=1&sid=b503daab0c6f4fc6fa439a2d8244a08c&exp=1785763807&sig=0939167bde975c93b491e74163b821f264ad59dd21442b608207db14c66cd5a0
Channel A,http://tv123.cc.cd/live.php?ch=2&sid=b503daab0c6f4fc6fa439a2d8244a08c&exp=1785763807&sig=1b4216c2ac7ae34c6c2644a4031223a0cc81889276b9eb9efbc84324bdb6919d
Channel A Plus,http://tv123.cc.cd/live.php?ch=3&sid=b503daab0c6f4fc6fa439a2d8244a08c&exp=1785763807&sig=1e3d34958499acc288c9b85673d0bb896fe6301ff4b7c85a73baa115bc5705ae
Chunghwa TV,http://tv123.cc.cd/live.php?ch=4&sid=b503daab0c6f4fc6fa439a2d8244a08c&exp=1785763807&sig=4f1cafd0357fe8b98342e46b6a59483b9ea79cd23be2357df4c931fa0f9af6ab
Comedy TV,http://tv123.cc.cd/live.php?ch=5&sid=b503daab0c6f4fc6fa439a2d8244a08c&exp=1785763807&sig=4478dd9be1bc76b6514355a3e715603082971c9dbd2b855fc3451fe8b132d734
E Channel,http://tv123.cc.cd/live.php?ch=6&sid=b503daab0c6f4fc6fa439a2d8244a08c&exp=1785763807&sig=d35a814f322ed6dd973ab90be5e59bcb862a97f97f9dfa6ac8da1a067287089c
EBS English,http://tv123.cc.cd/live.php?ch=7&sid=b503daab0c6f4fc6fa439a2d8244a08c&exp=1785763807&sig=9711f15f847578ad3503fbbabd15ad15cc2cc06a842fb34f52f9272d2857d53b
EBS+ 1,http://tv123.cc.cd/live.php?ch=8&sid=b503daab0c6f4fc6fa439a2d8244a08c&exp=1785763807&sig=ba17def4d0cc9b420d3d599065eb3a8745adcc38da8649aefad48fb0dd59ca49
EBS+ 2,http://tv123.cc.cd/live.php?ch=9&sid=b503daab0c6f4fc6fa439a2d8244a08c&exp=1785763807&sig=dca6a56f91020b84f25947397b19002391fb1e342e7c55c2925bbfce97f28822
EBS1,http://tv123.cc.cd/live.php?ch=10&sid=b503daab0c6f4fc6fa439a2d8244a08c&exp=1785763807&sig=81f5092d011b3f8ddc1966d61508bde808b344e21cdafcf6041d829e4ac79e71
EBS2,http://tv123.cc.cd/live.php?ch=11&sid=b503daab0c6f4fc6fa439a2d8244a08c&exp=1785763807&sig=ceae83028b97cb81edd7c556ebd47ac8fae14fb1d9e196b6568463f645e1ff97
ENA,http://tv123.cc.cd/live.php?ch=12&sid=b503daab0c6f4fc6fa439a2d8244a08c&exp=1785763807&sig=73ac42da22bffddef616bdf001a8d6eb30f44bd96856cb55361fe3010d585b5d
Gugak TV,http://tv123.cc.cd/live.php?ch=13&sid=b503daab0c6f4fc6fa439a2d8244a08c&exp=1785763807&sig=3aeac0c71ab4dbea86ddfabf10daba683b976a925bf39b093905bd1e0273bf2b
History,http://tv123.cc.cd/live.php?ch=14&sid=b503daab0c6f4fc6fa439a2d8244a08c&exp=1785763807&sig=d94c5b4004953135917337b5bbf3863db40dd6b5cc305d1bfafa8f824727022b
iNet,http://tv123.cc.cd/live.php?ch=15&sid=b503daab0c6f4fc6fa439a2d8244a08c&exp=1785763807&sig=609799dc5063ffd0e4b3a8c91d29797e40f0720e990e0a47d05e19e823545bfe
JTBC,http://tv123.cc.cd/live.php?ch=16&sid=b503daab0c6f4fc6fa439a2d8244a08c&exp=1785763807&sig=7c3fd5159c434781a4de5b2d3139209d90fc9851b446cd4c73cb088582373c5f
JTBC News,http://tv123.cc.cd/live.php?ch=17&sid=b503daab0c6f4fc6fa439a2d8244a08c&exp=1785763807&sig=364b11c492e48daf6e0c0fa63b5af5d430f4fcb33e0943ed31d43e0b33adbfe3
JTBC2,http://tv123.cc.cd/live.php?ch=18&sid=b503daab0c6f4fc6fa439a2d8244a08c&exp=1785763807&sig=d157b7c6f9e1ae4f2eb376db8d7932bf3c89d04c3b25be44720aa6e71dbd374e
JTBC4,http://tv123.cc.cd/live.php?ch=19&sid=b503daab0c6f4fc6fa439a2d8244a08c&exp=1785763807&sig=f809d6ef0a327fdf8115b98b7bf5b1842d5416aee3c3d2f3ecbfb3adceaf40d8
KBS Drama,http://tv123.cc.cd/live.php?ch=20&sid=b503daab0c6f4fc6fa439a2d8244a08c&exp=1785763807&sig=518f737d8b6a856ef664efb0c3b501deac10dffcd2634f3f7b8e4a498c8959df
KBS Joy,http://tv123.cc.cd/live.php?ch=21&sid=b503daab0c6f4fc6fa439a2d8244a08c&exp=1785763807&sig=b91c2e04187cb33b7604fa64298cf864d1cef1d12164f7207acc6ab110ab171e
KBS LIFE,http://tv123.cc.cd/live.php?ch=22&sid=b503daab0c6f4fc6fa439a2d8244a08c&exp=1785763807&sig=6a4c7c068574b318b8a25fee196737aa695b9651875f6b6bf86eec28c00a9789
KBS News 24,http://tv123.cc.cd/live.php?ch=23&sid=b503daab0c6f4fc6fa439a2d8244a08c&exp=1785763807&sig=6f14da100850d6621598ea28995461145fe4b3df87ffb2e8e9635f52fbd2fa6d
KBS Story,http://tv123.cc.cd/live.php?ch=24&sid=b503daab0c6f4fc6fa439a2d8244a08c&exp=1785763807&sig=27bf194db27399214e7a53ac8dcdb53db4edf8b9a3a7d6367e1df2b4c808900d
KBS1,http://tv123.cc.cd/live.php?ch=26&sid=b503daab0c6f4fc6fa439a2d8244a08c&exp=1785763807&sig=19e066e40b2023caf90994d50187a91110cdfa117c5759d8f5d31198a23357c1
KBS2,http://tv123.cc.cd/live.php?ch=27&sid=b503daab0c6f4fc6fa439a2d8244a08c&exp=1785763807&sig=413d08f8150597dc6865d850ad3f3fc90ef6d6db330f0078de40b92bcdb4e0bb
MBC,http://tv123.cc.cd/live.php?ch=29&sid=b503daab0c6f4fc6fa439a2d8244a08c&exp=1785763807&sig=e7f6b73ed0a6c9b72362e9652cfaa5d242977496d73be0d04c608c998c9fee0b
MBC America,http://tv123.cc.cd/live.php?ch=30&sid=b503daab0c6f4fc6fa439a2d8244a08c&exp=1785763807&sig=cdd1dc880d25316c1219496b16184a1a57dfbc994076ad6ab5f1519146721a10
MBC ON,http://tv123.cc.cd/live.php?ch=31&sid=b503daab0c6f4fc6fa439a2d8244a08c&exp=1785763807&sig=9e73184b0606c9312760e102cb6f5b6220856322269ab5b7613f18a0de564b96
MBN,http://tv123.cc.cd/live.php?ch=32&sid=b503daab0c6f4fc6fa439a2d8244a08c&exp=1785763807&sig=6fe69d24630bffc8ca6ef21e6fc51f2980fbeb247fd796a6d06cbb48735a2fff
MBN Money TV,http://tv123.cc.cd/live.php?ch=33&sid=b503daab0c6f4fc6fa439a2d8244a08c&exp=1785763807&sig=5ad7b85694afc1e58a182427d85c69ad5bca1df4b78dd9bdf7f394e2d4b18d6e
MBN News,http://tv123.cc.cd/live.php?ch=34&sid=b503daab0c6f4fc6fa439a2d8244a08c&exp=1785763807&sig=4b17c72b81cba4ed256e252f457cd1afaf75c4c7027afaff198e3a2c8177a9bd
MBN Plus,http://tv123.cc.cd/live.php?ch=35&sid=b503daab0c6f4fc6fa439a2d8244a08c&exp=1785763807&sig=b8a1f331044ff6aa337ab2b47878548fd2250262466c7fab9a8909577821e9f8
Mnet,http://tv123.cc.cd/live.php?ch=36&sid=b503daab0c6f4fc6fa439a2d8244a08c&exp=1785763807&sig=be4cb5726a66da6fb5ade00ca4de575b4498ca16793751ca578f73a93eda724a
NHTV,http://tv123.cc.cd/live.php?ch=38&sid=b503daab0c6f4fc6fa439a2d8244a08c&exp=1785763807&sig=fbc889d371ee35e08761069e6492221da4e952bcf68105b99bbb9a9deb46f977
OBS,http://tv123.cc.cd/live.php?ch=39&sid=b503daab0c6f4fc6fa439a2d8244a08c&exp=1785763807&sig=af7635e97fdf3896e1abfc44be4539346435b775371f67b7f145605bc6e81894
OCN,http://tv123.cc.cd/live.php?ch=40&sid=b503daab0c6f4fc6fa439a2d8244a08c&exp=1785763807&sig=e6d74ec2e5a2b3e7aae3221f0f366c607b1a4802787658d61185e852e988aa01
OCN Movies,http://tv123.cc.cd/live.php?ch=41&sid=b503daab0c6f4fc6fa439a2d8244a08c&exp=1785763807&sig=2e0bd73bbc5464025fe1ef68e85f3581b24003e790ad876398820ba5a47d3479
OCN Movies 2,http://tv123.cc.cd/live.php?ch=42&sid=b503daab0c6f4fc6fa439a2d8244a08c&exp=1785763807&sig=ca6562c2a4f744f2f95476eeaa8a99b52e825e26965ebcb6c45751eab1582ee7
OUN,http://tv123.cc.cd/live.php?ch=43&sid=b503daab0c6f4fc6fa439a2d8244a08c&exp=1785763807&sig=a24969bc9b509e94686aaa87a7fa627d594bcfb092f44eddf7f2eca37f44990b
RNA TV,http://tv123.cc.cd/live.php?ch=44&sid=b503daab0c6f4fc6fa439a2d8244a08c&exp=1785763807&sig=bd6b5f22b086c5d2b34a99b628f05d2dbc0011e1eeb8d0719e7b7a5943cf6b24
SBS,http://tv123.cc.cd/live.php?ch=45&sid=b503daab0c6f4fc6fa439a2d8244a08c&exp=1785763807&sig=97eb582c1a817b434fe08a2a7ac9aa25aded3083cb5af68fea10a79e4515fa63
SBS Biz,http://tv123.cc.cd/live.php?ch=46&sid=b503daab0c6f4fc6fa439a2d8244a08c&exp=1785763807&sig=7959d0c28cb9c11d48ada972cef94cc35d0782be54513555bcab84177269cfcf
SBS KPOP,http://tv123.cc.cd/live.php?ch=47&sid=b503daab0c6f4fc6fa439a2d8244a08c&exp=1785763807&sig=f08a61b14039575a7851377c737dc430576c14fbbe18e8e1e6b5bcd1e13bad7e
SBS LIFE,http://tv123.cc.cd/live.php?ch=48&sid=b503daab0c6f4fc6fa439a2d8244a08c&exp=1785763807&sig=1d3f794ad4458dde8ca45375421c9c33aa3465b6d848c9a5419b205fc50a937e
SBS News,http://tv123.cc.cd/live.php?ch=49&sid=b503daab0c6f4fc6fa439a2d8244a08c&exp=1785763807&sig=e43ed3b575ba8c27d4815d4a3e41f3ba79e78e7076cafde3aa09122f6a47533e
SBS Plus,http://tv123.cc.cd/live.php?ch=50&sid=b503daab0c6f4fc6fa439a2d8244a08c&exp=1785763807&sig=d0cfeab1170ad3afaf462604a946d999ecdbe74a2d193773b60286008b240a12
SCS TV,http://tv123.cc.cd/live.php?ch=51&sid=b503daab0c6f4fc6fa439a2d8244a08c&exp=1785763807&sig=eab2f248cfc54af6ae1ee9978177483e803a1f458dbc1593722e1787345b1dd5
Silver iTV,http://tv123.cc.cd/live.php?ch=52&sid=b503daab0c6f4fc6fa439a2d8244a08c&exp=1785763807&sig=4c6950136240db23a7ffcf140b341a82b8ba0fd8826aaafefd8d269e28617276
TV Chosun,http://tv123.cc.cd/live.php?ch=53&sid=b503daab0c6f4fc6fa439a2d8244a08c&exp=1785763807&sig=a018783ad6d4080ddc010c1edda5b2bf6a150e6f2291bec10886a3c088a88ccd
TV Chosun 2,http://tv123.cc.cd/live.php?ch=54&sid=b503daab0c6f4fc6fa439a2d8244a08c&exp=1785763807&sig=0151656603c2b4ab0d0ca0382babe67a656be46b298bc7eae87568c5775bb807
tvN Drama,http://tv123.cc.cd/live.php?ch=56&sid=b503daab0c6f4fc6fa439a2d8244a08c&exp=1785763807&sig=4c8ef54923a3b9e373c271b244b0043a62cffb46ed7d269ff9c46c91ab0027d7
tvN Show,http://tv123.cc.cd/live.php?ch=57&sid=b503daab0c6f4fc6fa439a2d8244a08c&exp=1785763807&sig=378a7a76b816162c1408910b0ac64ef0470581e620163e3818455d501ffc8025
tvN Story,http://tv123.cc.cd/live.php?ch=58&sid=b503daab0c6f4fc6fa439a2d8244a08c&exp=1785763807&sig=d65b3cc756576fd4fc8628f427ec6eaaa2475531d741c8d8e3df8d3f739da6ba
ANIBOX,http://tv123.cc.cd/live.php?ch=59&sid=b503daab0c6f4fc6fa439a2d8244a08c&exp=1785763807&sig=6ff4f7d93aaa78832308ccb41157c5e27db1e935b8a8fab2ae63844968ceb75e
AniOne,http://tv123.cc.cd/live.php?ch=61&sid=b503daab0c6f4fc6fa439a2d8244a08c&exp=1785763807&sig=f082be6380fc4e8e70063b7509fe918f33149ad8604e1f715f8d80a166053502
EBS Kids,http://tv123.cc.cd/live.php?ch=62&sid=b503daab0c6f4fc6fa439a2d8244a08c&exp=1785763807&sig=ab5bae7e422a85e8ce7a09d77d0b572d9a19a5d0c47539dd4790415879992380
KBS Kids,http://tv123.cc.cd/live.php?ch=63&sid=b503daab0c6f4fc6fa439a2d8244a08c&exp=1785763807&sig=3adc1f1e453dfbfd80aa9b89456c1ec82f33a8212b6e8aa25b237463240676a4
Poyo TV,http://tv123.cc.cd/live.php?ch=64&sid=b503daab0c6f4fc6fa439a2d8244a08c&exp=1785763807&sig=f5ad9386dc2c93586eaf77f7c717a1e149568f59819a2ff20e7ceefab53cdeaf
Tooniverse,http://tv123.cc.cd/live.php?ch=65&sid=b503daab0c6f4fc6fa439a2d8244a08c&exp=1785763807&sig=3473038b3b170a331b9d8c380f2a5f5f7d762e834147e717bb2637583d66388f
MBC Chuncheon (춘천),http://tv123.cc.cd/live.php?ch=66&sid=b503daab0c6f4fc6fa439a2d8244a08c&exp=1785763807&sig=692fe35f45caaa7cfaeafa6be21adb0c6c9f637a522285455e13bd814b50e731
MBC Chungbuk (충북),http://tv123.cc.cd/live.php?ch=67&sid=b503daab0c6f4fc6fa439a2d8244a08c&exp=1785763807&sig=2684683982429cf1c6bfe9392b2649938ddfb990375a91024bd4f3d90555b020
MBC Daejeon (대전),http://tv123.cc.cd/live.php?ch=68&sid=b503daab0c6f4fc6fa439a2d8244a08c&exp=1785763807&sig=45ff4e633270985ffba8098ff39c42565448928a96cf43bf25922f1bd6bb6f0a
MBC Jeju (제주),http://tv123.cc.cd/live.php?ch=69&sid=b503daab0c6f4fc6fa439a2d8244a08c&exp=1785763807&sig=b4215f2e2d8701861aad79d01a75db506ddcdf7e3a8397eb3409d5bc0327722f
MBC Mokpo (목포),http://tv123.cc.cd/live.php?ch=70&sid=b503daab0c6f4fc6fa439a2d8244a08c&exp=1785763807&sig=b9d23ecea17293a2d738244a7da48d1ab44bb666407986877dcfe0e772a50b41
MBC Yeosu (여수),http://tv123.cc.cd/live.php?ch=71&sid=b503daab0c6f4fc6fa439a2d8244a08c&exp=1785763807&sig=98351134adcb628d8b89221092aa2d5be3d0506153694743afd7d2bfc1363dc2
SBS CJB,http://tv123.cc.cd/live.php?ch=72&sid=b503daab0c6f4fc6fa439a2d8244a08c&exp=1785763807&sig=ac2af9193cc8ff447670445b0cb7c9ea4cd7c0dfa0499c14cab2e29f946a04de
SBS JIBS,http://tv123.cc.cd/live.php?ch=73&sid=b503daab0c6f4fc6fa439a2d8244a08c&exp=1785763807&sig=01f337a4b433f62da88aa5edffd5d5e913e8e8c29ff28643fa3273a5ebcf9263
SBS KBC,http://tv123.cc.cd/live.php?ch=74&sid=b503daab0c6f4fc6fa439a2d8244a08c&exp=1785763807&sig=147229f053df3d6bfe865dc546108c7f61aac2288588ea08be3b671fbd342d0a
SBS UBC,http://tv123.cc.cd/live.php?ch=75&sid=b503daab0c6f4fc6fa439a2d8244a08c&exp=1785763807&sig=10ce0375b230c66f17fae7b0efa7480c826f366486965acec8e17598381a7c65
Korea TV,http://tv123.cc.cd/live.php?ch=76&sid=b503daab0c6f4fc6fa439a2d8244a08c&exp=1785763807&sig=e673542e0675c84aee3c40400a93db6627f940d4387dea87c4b8463eebc4cd5c
NATV (국회방송),http://tv123.cc.cd/live.php?ch=77&sid=b503daab0c6f4fc6fa439a2d8244a08c&exp=1785763807&sig=23a473650eebe6af4000d3998dc6dc45c123ff0d069e2307c07818824f436571
NBS Korea Agricultural Broadcasting,http://tv123.cc.cd/live.php?ch=78&sid=b503daab0c6f4fc6fa439a2d8244a08c&exp=1785763807&sig=0134eff5fd085e2e2a35443f6add6bd2da629cbae70cf7280a5162eb9dfa3baf
News Today,http://tv123.cc.cd/live.php?ch=79&sid=b503daab0c6f4fc6fa439a2d8244a08c&exp=1785763807&sig=695903a697840aae8e152ccbe70f67ddb584b9d9a01b71315e2d9faf3ba94dcf
Yonhap News,http://tv123.cc.cd/live.php?ch=81&sid=b503daab0c6f4fc6fa439a2d8244a08c&exp=1785763807&sig=a96804f8f877d95c06abefd61b718373dd073d187102a1c1020c29ebb6e27e40
YTN,http://tv123.cc.cd/live.php?ch=82&sid=b503daab0c6f4fc6fa439a2d8244a08c&exp=1785763807&sig=510c8b8080804a142c00eb29fc25ccff7ac0715a7aedee4ac5ae9ec13bd22e53
YTN Science,http://tv123.cc.cd/live.php?ch=83&sid=b503daab0c6f4fc6fa439a2d8244a08c&exp=1785763807&sig=7c85dc350801c208cee1dfae3fa4046723fc3bf9bc5a1135551f8656c6ddc17e
YTN2,http://tv123.cc.cd/live.php?ch=84&sid=b503daab0c6f4fc6fa439a2d8244a08c&exp=1785763807&sig=14e7c6597334eb46a3d0b1b10e16a1328dbffcd9117f8f99f58894c5749920a5
BBS,http://tv123.cc.cd/live.php?ch=85&sid=b503daab0c6f4fc6fa439a2d8244a08c&exp=1785763807&sig=fe13201ae5735ccbca8127a9a5e094c43c4e8b73791c14184c3b066cf1957911
BTN TV,http://tv123.cc.cd/live.php?ch=86&sid=b503daab0c6f4fc6fa439a2d8244a08c&exp=1785763807&sig=db82e29964d87efab72caebbaf85892c88620e290a288c5ceae1ba0ab1807fc4
CPBC (가톨릭 평화방송),http://tv123.cc.cd/live.php?ch=87&sid=b503daab0c6f4fc6fa439a2d8244a08c&exp=1785763807&sig=53c79429c6a2a83efd0fb6d44de08e1ee71e06dc1ed4c92d275e809241658bbf
CTS TV,http://tv123.cc.cd/live.php?ch=88&sid=b503daab0c6f4fc6fa439a2d8244a08c&exp=1785763807&sig=2fbec686f8dd7784de568a6e9f2d22156215287be37653413222bd837e5b1f95
FGTV,http://tv123.cc.cd/live.php?ch=89&sid=b503daab0c6f4fc6fa439a2d8244a08c&exp=1785763807&sig=e11bd7f0ef6e32c961e47c8e53be2357f71e0cc8ad4df7001398b96f22ad7396
GCN24,http://tv123.cc.cd/live.php?ch=90&sid=b503daab0c6f4fc6fa439a2d8244a08c&exp=1785763807&sig=0ecef4244a60ccbecbff36d91bee6ec239209873aa2f40491fa8f155be9d4d0c
GOODTV,http://tv123.cc.cd/live.php?ch=91&sid=b503daab0c6f4fc6fa439a2d8244a08c&exp=1785763807&sig=9899b438e747c51a2a9a6b8ccf0f594803d11bf8590f5da9a15103fa1aa36463
RUTC TV,http://tv123.cc.cd/live.php?ch=92&sid=b503daab0c6f4fc6fa439a2d8244a08c&exp=1785763807&sig=a2169e813dd41279dd2435c25b601e2487a3a6727352d75d5acdbb265fb1f5f3
WBS Buddhist TV,http://tv123.cc.cd/live.php?ch=93&sid=b503daab0c6f4fc6fa439a2d8244a08c&exp=1785763807&sig=631fb9f386ab8f0c27b95483d6e0e06bc3b7054776176c2a979f84dd7c85652b
CJ OnStyle,http://tv123.cc.cd/live.php?ch=94&sid=b503daab0c6f4fc6fa439a2d8244a08c&exp=1785763807&sig=1dbf2ee288ae8c19b8b2e8da7f05e84411039ab88b00040ff481740d67c59ef5
CJ OnStyle Plus,http://tv123.cc.cd/live.php?ch=95&sid=b503daab0c6f4fc6fa439a2d8244a08c&exp=1785763807&sig=d7beb1b46abf797e0fd074b69576e472637f716ade9ead0f48a4e099b7f48ee1
Gongyoung Shopping,http://tv123.cc.cd/live.php?ch=96&sid=b503daab0c6f4fc6fa439a2d8244a08c&exp=1785763807&sig=89038c45fee4c5e69390b0399aa8ee8995b6c8486001bcbf583f62bab57a1e60
GS MY Shop,http://tv123.cc.cd/live.php?ch=97&sid=b503daab0c6f4fc6fa439a2d8244a08c&exp=1785763807&sig=acff0498735eabb8d152e3f41d1c674e3f2f5b51b684029fd84bdac805244398
GS Shop,http://tv123.cc.cd/live.php?ch=98&sid=b503daab0c6f4fc6fa439a2d8244a08c&exp=1785763807&sig=fefbb2cb114795fc98b2c5cb4c660c666d38be6a67a4b69441dc3c8c5b6580d3
Home & Shopping,http://tv123.cc.cd/live.php?ch=99&sid=b503daab0c6f4fc6fa439a2d8244a08c&exp=1785763807&sig=dc5efbdeb89ffc787bd5d6a6e5590b84ce1988ff50d96f79d6caf642a4f5c970
Hyundai Home Shopping,http://tv123.cc.cd/live.php?ch=100&sid=b503daab0c6f4fc6fa439a2d8244a08c&exp=1785763807&sig=589981506ccdad81a10c091ebff263dc184f98288423c857b4f658979df47ab2
Hyundai Home Shopping Plus,http://tv123.cc.cd/live.php?ch=101&sid=b503daab0c6f4fc6fa439a2d8244a08c&exp=1785763807&sig=512745db531d47fb05a254c78fd1c01b3e93128985ffcd6c98b038370bdce21e
Lotte Home Shopping,http://tv123.cc.cd/live.php?ch=102&sid=b503daab0c6f4fc6fa439a2d8244a08c&exp=1785763807&sig=c54bbe96dec1e06212c789f8b49358fd144b85f1b9ebb7394c9c5e42e8a8dcec
Lotte One,http://tv123.cc.cd/live.php?ch=103&sid=b503daab0c6f4fc6fa439a2d8244a08c&exp=1785763807&sig=9e427cb263b57232aacff796526fa86b62289c881b703380c3e403c0abfaed51
NS Home Shopping,http://tv123.cc.cd/live.php?ch=104&sid=b503daab0c6f4fc6fa439a2d8244a08c&exp=1785763807&sig=ecb9321cd78884adf4172399ed05ec3a0ed04c38be8da7699dbd6af3cea7041c
NS Shop Plus,http://tv123.cc.cd/live.php?ch=105&sid=b503daab0c6f4fc6fa439a2d8244a08c&exp=1785763807&sig=3c3b4aaa98370d7bddb8a3ffe7c77e80420e3f541a460b130e190c15a4fa7f4c
Shinsegae Shopping,http://tv123.cc.cd/live.php?ch=106&sid=b503daab0c6f4fc6fa439a2d8244a08c&exp=1785763807&sig=0b79b501946c8f876d7bdd885dffaf59962a458a8f1e6e6e0b7c2b712abfa2b5
Shopping NT Mall,http://tv123.cc.cd/live.php?ch=107&sid=b503daab0c6f4fc6fa439a2d8244a08c&exp=1785763807&sig=de5bc120c65a597c2b8463600edd9490233bcb31efd317b2106956bf5285ef55
SK Stoa,http://tv123.cc.cd/live.php?ch=108&sid=b503daab0c6f4fc6fa439a2d8244a08c&exp=1785763807&sig=075e0cdcbe6fada9131e853e7e691b1c15d369c3d91da7377767d3a2f9d40903
W Shopping,http://tv123.cc.cd/live.php?ch=109&sid=b503daab0c6f4fc6fa439a2d8244a08c&exp=1785763807&sig=70c4f9b03ae5ff07d5281a1654ebcacbbd1ff7543c1c20120d66a2bd539ae3d5
Baduk TV,http://tv123.cc.cd/live.php?ch=110&sid=b503daab0c6f4fc6fa439a2d8244a08c&exp=1785763807&sig=26ffbdb2e2972b7d0ae39cfe28f9c2292ae07fd11b2b8c362e569abed6b05344
Billiards TV,http://tv123.cc.cd/live.php?ch=111&sid=b503daab0c6f4fc6fa439a2d8244a08c&exp=1785763807&sig=6be1ffee77fc24e036b6d0594c011f95c871d39df75a773479b81b8327ed5ed4
Brain TV,http://tv123.cc.cd/live.php?ch=112&sid=b503daab0c6f4fc6fa439a2d8244a08c&exp=1785763807&sig=e8507fa738d65cdf2fbf7193af7b250fef9ba5dbedcccef959ed537b2328b984
ENA Sports,http://tv123.cc.cd/live.php?ch=113&sid=b503daab0c6f4fc6fa439a2d8244a08c&exp=1785763807&sig=b124c7a682af3311fe9356c42cf1de1e8a4f61967cd2d0f1f8a47532714f2b8b
Fishing TV,http://tv123.cc.cd/live.php?ch=114&sid=b503daab0c6f4fc6fa439a2d8244a08c&exp=1785763807&sig=73c04a40d6246f25590ae15df0f501323bdd9d36329e9f33c3a3b10668d87ffb
JTBC Golf,http://tv123.cc.cd/live.php?ch=115&sid=b503daab0c6f4fc6fa439a2d8244a08c&exp=1785763807&sig=173a31151b8134bfaac09a3d28e05dac92d6d95f6aac0d2224ed8f6228111b6a
KBS N Sports,http://tv123.cc.cd/live.php?ch=116&sid=b503daab0c6f4fc6fa439a2d8244a08c&exp=1785763807&sig=74a45ef39f7e41d494378625e9720a4825b243ee32746deb9171b311eb2b8c8f
MBC Sports+,http://tv123.cc.cd/live.php?ch=117&sid=b503daab0c6f4fc6fa439a2d8244a08c&exp=1785763807&sig=8f680c5152b5e1a71c997cda48b88bb225f41d9d19d2fb3c44677bd390f045d2
SBS Golf,http://tv123.cc.cd/live.php?ch=118&sid=b503daab0c6f4fc6fa439a2d8244a08c&exp=1785763807&sig=7bbaf3eeb1f38bdd5f46297f3637eaba95a4110eefd72e3c89e7e9c9a79cbdc5
SBS Golf 2,http://tv123.cc.cd/live.php?ch=119&sid=b503daab0c6f4fc6fa439a2d8244a08c&exp=1785763807&sig=b925d4a1f33a915eaf7af5c0d43bebbb0e90520fe6daa4b0a9fbe025e5769482
SBS Sports,http://tv123.cc.cd/live.php?ch=120&sid=b503daab0c6f4fc6fa439a2d8244a08c&exp=1785763807&sig=51bfa2bee976c678587956d50097e34b82e6ffcfd407abb4615e46e4e62b70d6
SPOTV Golf & Health,http://tv123.cc.cd/live.php?ch=123&sid=b503daab0c6f4fc6fa439a2d8244a08c&exp=1785763807&sig=0134d73f373ea0b62627404a388ebde215a0f743dbdc16c6829b058036549efc
SPOTV Prime 1,http://tv123.cc.cd/live.php?ch=124&sid=b503daab0c6f4fc6fa439a2d8244a08c&exp=1785763807&sig=18990a412e247488c196372440234fe64251ab11452500101de6b4017a1be168
SPOTV Prime 2,http://tv123.cc.cd/live.php?ch=125&sid=b503daab0c6f4fc6fa439a2d8244a08c&exp=1785763807&sig=10e390c12f651e2d0942c40cfe0bea802652571d3badc34c8fe0effa774d8f7f
SPOTV Prime+,http://tv123.cc.cd/live.php?ch=126&sid=b503daab0c6f4fc6fa439a2d8244a08c&exp=1785763807&sig=3601eacab036a2e0c3f6ec856939e366105fe19ff3880aac479ebff21435c39a
tvN Sports,http://tv123.cc.cd/live.php?ch=127&sid=b503daab0c6f4fc6fa439a2d8244a08c&exp=1785763807&sig=c1c2ee92696762013bdd826bc371bf957b7b88d035d2fb8c5539fe8d69f2b584
1中視,http://tv123.cc.cd/live.php?ch=128&sid=b503daab0c6f4fc6fa439a2d8244a08c&exp=1785763807&sig=f284da0d0af7eeb907480570d3d14e0da8f6ac8cd0efbb9ae60faa0059f13aff
2中視新聞HD,http://tv123.cc.cd/live.php?ch=129&sid=b503daab0c6f4fc6fa439a2d8244a08c&exp=1785763807&sig=639e679edc2b548df62cd8ac9032c23b28cc9fc2fc52e53e34d8b7b3d897ef9c
3原住民族電視台,http://tv123.cc.cd/live.php?ch=130&sid=b503daab0c6f4fc6fa439a2d8244a08c&exp=1785763807&sig=4eea36eca41d95914b86adaf14fb3dd0ac9f5e1c428b614e84cf91639bcc0120
5公視,http://tv123.cc.cd/live.php?ch=131&sid=b503daab0c6f4fc6fa439a2d8244a08c&exp=1785763807&sig=04f17918a31144af4e9c8c8cec7fedbfbf011957cd88f4d4f18ff6cc4b82598f
6公視台語台,http://tv123.cc.cd/live.php?ch=132&sid=b503daab0c6f4fc6fa439a2d8244a08c&exp=1785763807&sig=80ee6d154abdb9602dcb2ce4e61e4ff5746ac3fa950eafa225dd6083bdc6e323
7客家電視台,http://tv123.cc.cd/live.php?ch=133&sid=b503daab0c6f4fc6fa439a2d8244a08c&exp=1785763807&sig=6b8c3e597fd5b8e9d9acd012d9c9a70a054c91ac14d48eccdc795a1842ee266e
8民視,http://tv123.cc.cd/live.php?ch=134&sid=b503daab0c6f4fc6fa439a2d8244a08c&exp=1785763807&sig=ebbd36a31ff39423a068f5d1fb585ae51e7678b8a68dca22f434ab5e8147f37d
9民視第一台,http://tv123.cc.cd/live.php?ch=135&sid=b503daab0c6f4fc6fa439a2d8244a08c&exp=1785763807&sig=74a600eb005bde0cf322a81f83c384806d0e2b04c03eedbd23ed2797b21133f0
10民視新聞台,http://tv123.cc.cd/live.php?ch=136&sid=b503daab0c6f4fc6fa439a2d8244a08c&exp=1785763807&sig=361f04e050737e28806b5448a0a67585f591d2be081756629f7335ff8a2cf6ca
11民視台灣台,http://tv123.cc.cd/live.php?ch=137&sid=b503daab0c6f4fc6fa439a2d8244a08c&exp=1785763807&sig=2309be2aa13150a0829d5d2bab236bc3b06af207522e8f0b4084d859389cb142
12小公視,http://tv123.cc.cd/live.php?ch=138&sid=b503daab0c6f4fc6fa439a2d8244a08c&exp=1785763807&sig=b0118f75a89c8d42e0729b0c502ef472ca0341451459144a8fe51a332b6e6148
13台視HD,http://tv123.cc.cd/live.php?ch=139&sid=b503daab0c6f4fc6fa439a2d8244a08c&exp=1785763807&sig=12fed234d4ce20d57e15186e0c3ece8d3a07402c917a782d85981cf820b94fa5
14台視新聞HD,http://tv123.cc.cd/live.php?ch=140&sid=b503daab0c6f4fc6fa439a2d8244a08c&exp=1785763807&sig=025ad6f357392cf2db21b9066f2750727ed0098e72a24dade443ad1ab0a30612
15台視財經HD,http://tv123.cc.cd/live.php?ch=141&sid=b503daab0c6f4fc6fa439a2d8244a08c&exp=1785763807&sig=f8465e7a90adcd82d95624467f7a97bba654bbecc627c6ac36ff242e50e92543
16台視綜合HD,http://tv123.cc.cd/live.php?ch=142&sid=b503daab0c6f4fc6fa439a2d8244a08c&exp=1785763807&sig=d7806c847fc58b27fc84e944b6ef406c8a0de3a71f47ab0d4687fcfdfebd7b9e
17華視CTSHD,http://tv123.cc.cd/live.php?ch=143&sid=b503daab0c6f4fc6fa439a2d8244a08c&exp=1785763807&sig=7d7183cea2da6b21a16b03450b1611cdfb7676a83e5d60df21e262229e669ca7
18華視教育文化HD,http://tv123.cc.cd/live.php?ch=144&sid=b503daab0c6f4fc6fa439a2d8244a08c&exp=1785763807&sig=d6277d42db816598803209b76619d5a0cd04d0b0a3c5253fc791b5f2d4e9da3b
19CTS華視新聞資訊,http://tv123.cc.cd/live.php?ch=145&sid=b503daab0c6f4fc6fa439a2d8244a08c&exp=1785763807&sig=423f5dab66413d1374791ab4291459d07514934140cc0971ea19e5f1bc419644
21中視經典台,http://tv123.cc.cd/live.php?ch=146&sid=b503daab0c6f4fc6fa439a2d8244a08c&exp=1785763807&sig=3d9d239cf40e765dab7bec8f779e3d0f30bde31b80b6ee747df97eade4d2a3b5
22中視菁采台,http://tv123.cc.cd/live.php?ch=147&sid=b503daab0c6f4fc6fa439a2d8244a08c&exp=1785763807&sig=e7809928853916d26051fded20cd4419c2eb33ccc8488328c1ca0349db041e3d
大愛電視,http://tv123.cc.cd/live.php?ch=154&sid=b503daab0c6f4fc6fa439a2d8244a08c&exp=1785763807&sig=1de55ae28bd72ed3268605e0e48e6ca83be7fd7a007d5cb9fe6fbcae343429a9
客家電視台,http://tv123.cc.cd/live.php?ch=158&sid=b503daab0c6f4fc6fa439a2d8244a08c&exp=1785763807&sig=88e342a191e4708d8520ca6b6b0a3b22797180aab9b6427b0fbff4c3db96325f
靖天綜合台,http://tv123.cc.cd/live.php?ch=162&sid=b503daab0c6f4fc6fa439a2d8244a08c&exp=1785763807&sig=9355e63f5ca5aae005ff68005792b190dfee0a9e24dad9ee9ad84d23f98a7242
靖天日本台,http://tv123.cc.cd/live.php?ch=163&sid=b503daab0c6f4fc6fa439a2d8244a08c&exp=1785763807&sig=9f987294eb1bea78349e85ede7f682f9e364c70efbcdc8fdc20bfc2d120d16e1
ARIRANG阿里郎頻道,http://tv123.cc.cd/live.php?ch=164&sid=b503daab0c6f4fc6fa439a2d8244a08c&exp=1785763807&sig=7e17a7c691a52bfee14e285f13eefd1993de0273b0b37cd6fca9a358d8f7eafd
靖天卡通台,http://tv123.cc.cd/live.php?ch=166&sid=b503daab0c6f4fc6fa439a2d8244a08c&exp=1785763807&sig=dac45c52660f0838033d6fb7cea91600a8a0fcf1c8c19bc3eae56efd4c34cfda
靖洋卡通Nice Bingo,http://tv123.cc.cd/live.php?ch=167&sid=b503daab0c6f4fc6fa439a2d8244a08c&exp=1785763807&sig=ea0dc9a03aae8a6d3803cdf103240d13635d455d76c935ce6eb00a0539d0cd88
Bloomberg TV,http://tv123.cc.cd/live.php?ch=178&sid=b503daab0c6f4fc6fa439a2d8244a08c&exp=1785763807&sig=6ffe9d8f6898c12f1bcf47a1733f3e46f91bd62d35fb2353b5d401d40765ffd7
SBN全球財經台,http://tv123.cc.cd/live.php?ch=180&sid=b503daab0c6f4fc6fa439a2d8244a08c&exp=1785763807&sig=801b86d637ba73b2c4b4a303b273fc5e19b62caac41a5c8818255f170c0ca669
豬哥亮歌廳秀,http://tv123.cc.cd/live.php?ch=182&sid=b503daab0c6f4fc6fa439a2d8244a08c&exp=1785763807&sig=e811a8ac5b93e482aa7b46f40402d79b657fbf35c75a903ad985c53b98a48c7c
靖天育樂台,http://tv123.cc.cd/live.php?ch=183&sid=b503daab0c6f4fc6fa439a2d8244a08c&exp=1785763807&sig=e02c36047687fb736c16711bac7196b9e8224f5350f48341c2e1eb9c8a83b35a
Nice TV 靖天歡樂台,http://tv123.cc.cd/live.php?ch=185&sid=b503daab0c6f4fc6fa439a2d8244a08c&exp=1785763807&sig=e00d3d0c8ca9296598a6bcd43892348def4c44353efbba0c15de2747c3827222
靖天資訊台,http://tv123.cc.cd/live.php?ch=186&sid=b503daab0c6f4fc6fa439a2d8244a08c&exp=1785763807&sig=927a8bf4892641e258fd8b7de25d2fbddf0c800c8c82c01da0192747de553101
韓國娛樂台 KMTV,http://tv123.cc.cd/live.php?ch=188&sid=b503daab0c6f4fc6fa439a2d8244a08c&exp=1785763807&sig=ff23402dd4c14deaff591e25c2997a2cc17dd4fbd2985038b974b6c4ab1de28b
電影原聲台CMusic,http://tv123.cc.cd/live.php?ch=191&sid=b503daab0c6f4fc6fa439a2d8244a08c&exp=1785763807&sig=0d1011fd5e70a147e7e2bd9948d5be1ff96a3f5179ffa245aa584cc4e63fa7e4
Mezzo Live HD,http://tv123.cc.cd/live.php?ch=193&sid=b503daab0c6f4fc6fa439a2d8244a08c&exp=1785763807&sig=1f15357c1fa5d1ef213ce8d9bf672d31771c72be51906ea670eafa02c6a50209
時尚運動X,http://tv123.cc.cd/live.php?ch=194&sid=b503daab0c6f4fc6fa439a2d8244a08c&exp=1785763807&sig=2c125b3d76aa2cc35b90924dcf8efc6d547beb39d28f8e38e6d1475ae6a196dd
車迷TV,http://tv123.cc.cd/live.php?ch=195&sid=b503daab0c6f4fc6fa439a2d8244a08c&exp=1785763807&sig=af76d1fb8380c4f86aed921a7dc6c65c2f90cab0eabfaf5ef1565be3618470d1
GINX Esports TV,http://tv123.cc.cd/live.php?ch=196&sid=b503daab0c6f4fc6fa439a2d8244a08c&exp=1785763807&sig=046f1212f4d8c31489ab751aad850992a54a74d2ec743cfd330d95c2f6398d7e
Pet Club TV,http://tv123.cc.cd/live.php?ch=197&sid=b503daab0c6f4fc6fa439a2d8244a08c&exp=1785763807&sig=23b6fa02d4b5cb45b8d75e149704d0c17c78d107009a40b773df949f026a4f67
滾動力rollor,http://tv123.cc.cd/live.php?ch=199&sid=b503daab0c6f4fc6fa439a2d8244a08c&exp=1785763807&sig=3956773b955f3bffd65412a85e627ad0a5ddf918ea562c257af7612d0275a7d2
亞洲旅遊台,http://tv123.cc.cd/live.php?ch=200&sid=b503daab0c6f4fc6fa439a2d8244a08c&exp=1785763807&sig=25cc6ebf7c4df6fcaf4adcb94d53de3e54674e2a1c32f284cf84b810adf9c5c7
亞洲旅遊台,http://tv123.cc.cd/live.php?ch=201&sid=b503daab0c6f4fc6fa439a2d8244a08c&exp=1785763807&sig=f74d6d2ff71df69f92b2ec0b395a372bf58f03ced8b31485d36562ffeeef6648
fun探索娛樂台,http://tv123.cc.cd/live.php?ch=202&sid=b503daab0c6f4fc6fa439a2d8244a08c&exp=1785763807&sig=e24ae81e0f0fc64b40099dbe382bec509646a8e70bc0d790193d264e6d0aabd2
幸福空間居家台,http://tv123.cc.cd/live.php?ch=203&sid=b503daab0c6f4fc6fa439a2d8244a08c&exp=1785763807&sig=377de4ad018ee45939a0e604d650c065f3e018445128e048c59c3cc9c89dd068
History 歷史頻道,http://tv123.cc.cd/live.php?ch=205&sid=b503daab0c6f4fc6fa439a2d8244a08c&exp=1785763807&sig=073c9f0e4d28c1b0b4782a493044d48f219a2db48d690a4a6175ac1b7a04f45c
愛爾達生活旅遊台,http://tv123.cc.cd/live.php?ch=206&sid=b503daab0c6f4fc6fa439a2d8244a08c&exp=1785763807&sig=97ef9093504ca199e1ebddd08ed29960e1c90207a999a1b111c225a1fbfc57ff
LUXE TV Channel,http://tv123.cc.cd/live.php?ch=207&sid=b503daab0c6f4fc6fa439a2d8244a08c&exp=1785763807&sig=eca18d2f50aba05573f2df6d2579b468717c7703564380e10a48bd69878c7860
TV5MONDE STYLE HD 生活時尚,http://tv123.cc.cd/live.php?ch=208&sid=b503daab0c6f4fc6fa439a2d8244a08c&exp=1785763807&sig=76cba1f35d07340c30a65cd398fc9662d2d02dc2dab3c0e8048912f0d17ff43d
ROCK Xstream搖滾極限頻道,http://tv123.cc.cd/live.php?ch=209&sid=b503daab0c6f4fc6fa439a2d8244a08c&exp=1785763807&sig=51f4d182b5e8bfe341d0bfa6dce3a2cb4e5ed3fe0f73f3ab2a12ed7a0c32dc2f
公視戲劇,http://tv123.cc.cd/live.php?ch=210&sid=b503daab0c6f4fc6fa439a2d8244a08c&exp=1785763807&sig=65435555f92889909773a9d5ee04fc338781e09e50c8b09ace0fcb65e15f8d31
HITS頻道,http://tv123.cc.cd/live.php?ch=212&sid=b503daab0c6f4fc6fa439a2d8244a08c&exp=1785763807&sig=eb817a84b80008fa8874997dcbdfbbd3aa1aae0581bcb421e7841e0bd5704f83
靖天戲劇台,http://tv123.cc.cd/live.php?ch=214&sid=b503daab0c6f4fc6fa439a2d8244a08c&exp=1785763807&sig=4b8f07adefa5e030921ed5cdc5f7f5aa5a98a9285453b6c0748bd0dfd6176ad5
靖洋戲劇台,http://tv123.cc.cd/live.php?ch=215&sid=b503daab0c6f4fc6fa439a2d8244a08c&exp=1785763807&sig=4032b61e0390200661812d4520aceb3026c5300d80cbef30153b8a01c6252857
視納華仁紀實頻道,http://tv123.cc.cd/live.php?ch=217&sid=b503daab0c6f4fc6fa439a2d8244a08c&exp=1785763807&sig=615000666d78d0960576aa5cb5ac3668e8292fa8e41b5f659dcddb81633cead0
影迷數位紀實台,http://tv123.cc.cd/live.php?ch=218&sid=b503daab0c6f4fc6fa439a2d8244a08c&exp=1785763807&sig=c9539e7d6a3cff8799d8f1d2595dc13bc4bc8ea56e5b910baf0a6912edf67065
金光布袋戲,http://tv123.cc.cd/live.php?ch=219&sid=b503daab0c6f4fc6fa439a2d8244a08c&exp=1785763807&sig=87e3ce3ee75f507e0603957d4c7ed6b8fc13b8f763ede3b08ebdf90032d51053
采昌影劇台,http://tv123.cc.cd/live.php?ch=221&sid=b503daab0c6f4fc6fa439a2d8244a08c&exp=1785763807&sig=aa833e9d12fc0890ab80dfc2085bd627627766d66e9ffcc38e1e6e2613528fc9
My Cinema Europe HD 我的歐洲電影,http://tv123.cc.cd/live.php?ch=227&sid=b503daab0c6f4fc6fa439a2d8244a08c&exp=1785763807&sig=033dc14d2e4ab76eeae58e3f436d784e8b25b99ccb47ac70f8337e28bc994903
好消息,http://tv123.cc.cd/live.php?ch=228&sid=b503daab0c6f4fc6fa439a2d8244a08c&exp=1785763807&sig=262f2e35a91c35e042d5ebbf3cb053b8683d3cd2ca88211d0ea0f885f116934c
好消息2台,http://tv123.cc.cd/live.php?ch=229&sid=b503daab0c6f4fc6fa439a2d8244a08c&exp=1785763807&sig=a59ba01bcfc7ca25a8ea273fbd3dfe114b70de6fa549f7922ac12cff7962e1ea
大愛二台,http://tv123.cc.cd/live.php?ch=230&sid=b503daab0c6f4fc6fa439a2d8244a08c&exp=1785763807&sig=9b161b4d13aee6888daba76edaf45e6e6f4b1eeb02c620c18f4c3e732eb8897b
人間衛視,http://tv123.cc.cd/live.php?ch=231&sid=b503daab0c6f4fc6fa439a2d8244a08c&exp=1785763807&sig=cdc70a9197019c1d3e0a88b29595934392163e45ddf44dce5010655a6fd050f3
精選動漫台,http://tv123.cc.cd/live.php?ch=232&sid=b503daab0c6f4fc6fa439a2d8244a08c&exp=1785763807&sig=5fa3fa4e09886301061768f644ab189910bc5d0eaa85ed18e34a164e18e48072
MBC,http://tv123.cc.cd/live.php?ch=233&sid=b503daab0c6f4fc6fa439a2d8244a08c&exp=1785763807&sig=c1e2e432fd21de2b216a182dd1a630c550db9abf56c49d09c325cbf404c4817d
Arirang Radio,http://tv123.cc.cd/live.php?ch=235&sid=b503daab0c6f4fc6fa439a2d8244a08c&exp=1785763807&sig=e16bfe7e1783cd0134f79b571d8a6f520f4901e6a9369cf777e514faf47b850f
ABN TV,http://tv123.cc.cd/live.php?ch=236&sid=b503daab0c6f4fc6fa439a2d8244a08c&exp=1785763807&sig=5c6d1f260d1b12f1ba6c53725c8f4c311fcad1c122ca75e7f3cc00ff17439e52
EBS 1,http://tv123.cc.cd/live.php?ch=237&sid=b503daab0c6f4fc6fa439a2d8244a08c&exp=1785763807&sig=b99a970d52fc7fd6606b879d6429ea945e31c9a6d364b71f41c343768113ba72
EBS 2,http://tv123.cc.cd/live.php?ch=238&sid=b503daab0c6f4fc6fa439a2d8244a08c&exp=1785763807&sig=6ea684d0e1f54407930d9e04307df2ed82bce8025bb4a059539d230c0e7de832
EBS E,http://tv123.cc.cd/live.php?ch=239&sid=b503daab0c6f4fc6fa439a2d8244a08c&exp=1785763807&sig=2cfb6d005b3eda27cb42988daa12ad6ce5a9944ca96c70f313d0c77bd29a20ea
EBS kids,http://tv123.cc.cd/live.php?ch=240&sid=b503daab0c6f4fc6fa439a2d8244a08c&exp=1785763807&sig=6e0ba87ed30eec9fa50a862c68e55a48d1caa3133257d6d60a9f82b1a1e902c1
EBS+ 1,http://tv123.cc.cd/live.php?ch=241&sid=b503daab0c6f4fc6fa439a2d8244a08c&exp=1785763807&sig=fd874b1da4ac6d86747fcb9fb75185a4e55bf3b5cded568db9891c7de662f9df
EBS+ 2,http://tv123.cc.cd/live.php?ch=242&sid=b503daab0c6f4fc6fa439a2d8244a08c&exp=1785763807&sig=57cf29732aa658627357368ef70c7b59762b39294fa3a1b79b3298f9c54de715
MBC,http://tv123.cc.cd/live.php?ch=243&sid=b503daab0c6f4fc6fa439a2d8244a08c&exp=1785763807&sig=c46060fc0f821b2523958dd9c56965d37bc06bc268d29f41310d0b7f0d746605
SBS CJB,http://tv123.cc.cd/live.php?ch=245&sid=b503daab0c6f4fc6fa439a2d8244a08c&exp=1785763807&sig=12d3415020d2f4239643acb443ceafc3958b3f1c0d9ba12a12e4e728921dd0d2
SBS G1,http://tv123.cc.cd/live.php?ch=246&sid=b503daab0c6f4fc6fa439a2d8244a08c&exp=1785763807&sig=7eede8dc8d0a10afde0719471bed4b39dbe1a937cbf98c29f753340194766258
SBS JIBS,http://tv123.cc.cd/live.php?ch=247&sid=b503daab0c6f4fc6fa439a2d8244a08c&exp=1785763807&sig=6d1221bbc904f0d400983eae1b56e722576079a33ea7313a53c694da5d32b108
SBS KBC,http://tv123.cc.cd/live.php?ch=248&sid=b503daab0c6f4fc6fa439a2d8244a08c&exp=1785763807&sig=ca2d3e6571726e9189f682436b2847a2443244f0029e5c537f389d484ea47ea4
SBS UBC,http://tv123.cc.cd/live.php?ch=249&sid=b503daab0c6f4fc6fa439a2d8244a08c&exp=1785763807&sig=d1bd31feb460758eda9a481ef3f1607efa1e01438df5e34a3b01e5d605a9777e
TV Chosun,http://tv123.cc.cd/live.php?ch=250&sid=b503daab0c6f4fc6fa439a2d8244a08c&exp=1785763807&sig=ecbe6cac7f35cdd43c87513f04e20b65df8ac7846c96971c44e74a7e7119cdef
TV Chosun 2,http://tv123.cc.cd/live.php?ch=251&sid=b503daab0c6f4fc6fa439a2d8244a08c&exp=1785763807&sig=f1f824e93e6329c1b548824071194447d3128a775e3d2b860fccae442b360a6b
FGTV,http://tv123.cc.cd/live.php?ch=252&sid=b503daab0c6f4fc6fa439a2d8244a08c&exp=1785763807&sig=d782f40219060c6c24d9dfa1abd28ef4b5757e3d48a6488edf6b213e96ae360f
GugakTV 국악방송,http://tv123.cc.cd/live.php?ch=253&sid=b503daab0c6f4fc6fa439a2d8244a08c&exp=1785763807&sig=517df30de1ed8a54b8797412fc0d61294715c6e1d411ae3a1e39ce6122a70a30
Gugbang TV,http://tv123.cc.cd/live.php?ch=254&sid=b503daab0c6f4fc6fa439a2d8244a08c&exp=1785763807&sig=3e07ad07fdb402c606cab1dc1562474203d703a2c19ec7ca2512ec811264aeeb
KCTV 광주 CH05,http://tv123.cc.cd/live.php?ch=255&sid=b503daab0c6f4fc6fa439a2d8244a08c&exp=1785763807&sig=f350559d647a4b9b6e96a4d7ecb63f131e73e5133aa26e49fc47f5b521ea603b
Korea TV,http://tv123.cc.cd/live.php?ch=256&sid=b503daab0c6f4fc6fa439a2d8244a08c&exp=1785763807&sig=9af7f6e8819a1796b7fb5ee50209ec328afc201561dd4b077c584ad71c3bde75
NHTV,http://tv123.cc.cd/live.php?ch=257&sid=b503daab0c6f4fc6fa439a2d8244a08c&exp=1785763807&sig=e073dd9a082b1b3f6cb1f3d26d56aafa4c515362ca00ef332733713a0bd286f6
OUN,http://tv123.cc.cd/live.php?ch=258&sid=b503daab0c6f4fc6fa439a2d8244a08c&exp=1785763807&sig=f65f0a29e05d9f63becf872c64b395612952d7556e11ab01d2bb74cbee0d57b7
RUTC TV,http://tv123.cc.cd/live.php?ch=259&sid=b503daab0c6f4fc6fa439a2d8244a08c&exp=1785763807&sig=85f44ee449ec0575d8851f3e585b8bde37fb482db89590d86b3aff3e05524e0d
K POP by CJ ENM,http://tv123.cc.cd/live.php?ch=260&sid=b503daab0c6f4fc6fa439a2d8244a08c&exp=1785763807&sig=79b30a158476bf94562ae23dd0a72873226f0186dc1f573b6e6544c8bc7c3b5f
National Assembly TV,http://tv123.cc.cd/live.php?ch=261&sid=b503daab0c6f4fc6fa439a2d8244a08c&exp=1785763807&sig=04834fdfc8951cdc8c8af71fde84f6da6e07068b2ad9b0db04a5f38ac6b03745
NBS Korea Agricultural Broadcasting,http://tv123.cc.cd/live.php?ch=262&sid=b503daab0c6f4fc6fa439a2d8244a08c&exp=1785763807&sig=09655658be56a149581e3195600725504d5986cca061ee68c700cba6772230bf
GoodTV,http://tv123.cc.cd/live.php?ch=263&sid=b503daab0c6f4fc6fa439a2d8244a08c&exp=1785763807&sig=b0077bef9070a8bacd49482d1f76232863966354017ab17d0e46dcf74c491b25
BBS Buddhist Broadcasting,http://tv123.cc.cd/live.php?ch=264&sid=b503daab0c6f4fc6fa439a2d8244a08c&exp=1785763807&sig=8351e54cd5b853c58d260e7a55d4b6abaa26d13c6a969cba561916327b829803
BTN TV,http://tv123.cc.cd/live.php?ch=265&sid=b503daab0c6f4fc6fa439a2d8244a08c&exp=1785763807&sig=927dde5b76de64dc2e6ff007d7dc385286e8593d5d98b043db51d714ec4a8ca3
GCN24 Korean,http://tv123.cc.cd/live.php?ch=266&sid=b503daab0c6f4fc6fa439a2d8244a08c&exp=1785763807&sig=aac6e93a2780645e44c6cbfb247e7eef203487e1c698121811d5348ca4c9fc14
CJ OnStyle,http://tv123.cc.cd/live.php?ch=267&sid=b503daab0c6f4fc6fa439a2d8244a08c&exp=1785763807&sig=58c95ba0085ae9c9d95423fbecb380f267a08375960de667b54e558bfd2dc37c
CJ OnStyle Plus,http://tv123.cc.cd/live.php?ch=268&sid=b503daab0c6f4fc6fa439a2d8244a08c&exp=1785763807&sig=8f21b0acac15a858fc98c7567c20c1c84af67fd174dba715ac4dd9faba549ef6
Gongyoung Shopping,http://tv123.cc.cd/live.php?ch=269&sid=b503daab0c6f4fc6fa439a2d8244a08c&exp=1785763807&sig=25776b858c8b6b7710bceb5d878ea636888866b90cb8bc4a5816fb0c4ae1fffb
GS Shop,http://tv123.cc.cd/live.php?ch=270&sid=b503daab0c6f4fc6fa439a2d8244a08c&exp=1785763807&sig=93dd7ec1d7f19cb2baea9ab7dce41d981aece76c00ffbf601589fa3fe571a3cb
GS My Shop,http://tv123.cc.cd/live.php?ch=271&sid=b503daab0c6f4fc6fa439a2d8244a08c&exp=1785763807&sig=6f99895a651091aff3128959985b1b0e8bfc222b0935cc51625e5938ad0c94b9
Home & Shopping,http://tv123.cc.cd/live.php?ch=272&sid=b503daab0c6f4fc6fa439a2d8244a08c&exp=1785763807&sig=b95a86b93c6b9863d0492f25967205d3471afdffa625b64977390d70573037df
Shinsegae Shopping TV,http://tv123.cc.cd/live.php?ch=273&sid=b503daab0c6f4fc6fa439a2d8244a08c&exp=1785763807&sig=b0eb838ccaba6f00c42537021bda34ffc36cff51112aec188b25d01007c58016
Shopping NT,http://tv123.cc.cd/live.php?ch=274&sid=b503daab0c6f4fc6fa439a2d8244a08c&exp=1785763807&sig=80f75b142d37af087d3f5e3eeda31d86e4b18e2a6cb275d784d2a42df32e50c7
Hyundai Home Shopping,http://tv123.cc.cd/live.php?ch=275&sid=b503daab0c6f4fc6fa439a2d8244a08c&exp=1785763807&sig=748d24299ac819aee3d279007e023a0b32e90976ddb5384c1b0ea13363eb6943
Hyundai Home Shopping Plus,http://tv123.cc.cd/live.php?ch=276&sid=b503daab0c6f4fc6fa439a2d8244a08c&exp=1785763807&sig=b985bc02d313e17593853ab10b7ce5e50bfc8471866afba991fa1de3d245d686
Lotte Home Shopping,http://tv123.cc.cd/live.php?ch=277&sid=b503daab0c6f4fc6fa439a2d8244a08c&exp=1785763807&sig=7010c8e3d746f856825cedd3a8d8fc81aec92d83c545fa3d3a8aaa7845a8182b
Lotte OneTV,http://tv123.cc.cd/live.php?ch=278&sid=b503daab0c6f4fc6fa439a2d8244a08c&exp=1785763807&sig=f2259143918bfee6d7b1f48f3262836bc070b03aafa33ed110119b0253299c92
ESPN2,http://tv123.cc.cd/live.php?ch=279&sid=b503daab0c6f4fc6fa439a2d8244a08c&exp=1785763807&sig=0d7ea394456e5e89a6337760c95b56e5f99dca0c99c751ebeb04fea343bd8b71
ESPN4,http://tv123.cc.cd/live.php?ch=280&sid=b503daab0c6f4fc6fa439a2d8244a08c&exp=1785763807&sig=0790a4aa0187b357c2448cbba2bbbef89979b1a02e863e9ab2f6157158a161de
RMTV,http://tv123.cc.cd/live.php?ch=281&sid=b503daab0c6f4fc6fa439a2d8244a08c&exp=1785763807&sig=2c01e32701534b9cc0808cd6d26a870ce2bac6d49e2ef1f90cbd2bd33faffa80
lexter,http://tv123.cc.cd/live.php?ch=282&sid=b503daab0c6f4fc6fa439a2d8244a08c&exp=1785763807&sig=e63f85db63999e364c2e8617845f27e494369438b7764b86150f870c8334fd57
ESPN 2 🇨🇴,http://tv123.cc.cd/live.php?ch=283&sid=b503daab0c6f4fc6fa439a2d8244a08c&exp=1785763807&sig=f050732f5a52c79ddac562f9cea6d24c6fe90bc0ed3c83e0843a33fe8de5f5ff
Africa 24 Sport 🇳🇬,http://tv123.cc.cd/live.php?ch=284&sid=b503daab0c6f4fc6fa439a2d8244a08c&exp=1785763807&sig=dcd22ade8226e2add64fc0ebcb6e6da6b30b8c4c23a3cdf5f636985756ff1a95
TELETRAK 🇨🇱,http://tv123.cc.cd/live.php?ch=285&sid=b503daab0c6f4fc6fa439a2d8244a08c&exp=1785763807&sig=58d596f0195b4e3979ace5c54026f1b1af4cd9cf8ab3383830d294888ce67372
INFOSPORT 🇫🇷,http://tv123.cc.cd/live.php?ch=286&sid=b503daab0c6f4fc6fa439a2d8244a08c&exp=1785763807&sig=25960ceabfc1dbc26efb6f8f6e0eee3612237358dce29268780dda72ab3329de
HT SPOR 🇹🇷,http://tv123.cc.cd/live.php?ch=287&sid=b503daab0c6f4fc6fa439a2d8244a08c&exp=1785763807&sig=d166ba3224584fc211531f7ba3279ea54d5ef75a8e5582bd8756d058241fe2e0
KCMN-LD6 🇻🇳,http://tv123.cc.cd/live.php?ch=288&sid=b503daab0c6f4fc6fa439a2d8244a08c&exp=1785763807&sig=f8f8541fd0a6bb6373e7172f1ca4080ad828edf0f852f940640d2285a471c29d
Qazaqstan Sport SD 🇰🇿,http://tv123.cc.cd/live.php?ch=289&sid=b503daab0c6f4fc6fa439a2d8244a08c&exp=1785763807&sig=4bb585b541d8c42956067213e7fb75b949e50dc40eb72c6eaf87f058aa020de2
Turkmenistan Sport 🇹🇲,http://tv123.cc.cd/live.php?ch=290&sid=b503daab0c6f4fc6fa439a2d8244a08c&exp=1785763807&sig=4b9d83bc306951c8272d351e73bd30fcfbfba1e866fadad0a9c8e8c194250622
X SPORT 🇷🇺,http://tv123.cc.cd/live.php?ch=291&sid=b503daab0c6f4fc6fa439a2d8244a08c&exp=1785763807&sig=c890d257209280bd7eb8602b35b4b77cd05595cb1c313d1de2a90b3fade4e67d
PAC-12 Network,http://tv123.cc.cd/live.php?ch=292&sid=b503daab0c6f4fc6fa439a2d8244a08c&exp=1785763807&sig=0cecbb739af26fd0c7104029a1624f87fdb0e4ef83ef97b022e93df7465c5406
Red Bull TV,http://tv123.cc.cd/live.php?ch=293&sid=b503daab0c6f4fc6fa439a2d8244a08c&exp=1785763807&sig=e5f7a54b5e53c76cb6675ec0afd498b47e7b503601e16b7a228e68797a314510
Automotion,http://tv123.cc.cd/live.php?ch=294&sid=b503daab0c6f4fc6fa439a2d8244a08c&exp=1785763807&sig=65ea849062b96827a94e0ea0375fe5700fd9d887bda177f9eccb24742f97e1a7
Team USA TV,http://tv123.cc.cd/live.php?ch=295&sid=b503daab0c6f4fc6fa439a2d8244a08c&exp=1785763807&sig=df5606b06649f369c3ae1f3d92819fe38df1bead9705e1234c0a18d311dad2e2
Fox Sports,http://tv123.cc.cd/live.php?ch=296&sid=b503daab0c6f4fc6fa439a2d8244a08c&exp=1785763807&sig=cca139e174487bbb81d84b16a40c09de67fa33e980fcba485fc8e4a40c0fcd4e
STADIUM,http://tv123.cc.cd/live.php?ch=297&sid=b503daab0c6f4fc6fa439a2d8244a08c&exp=1785763807&sig=a8c934c331480c8d47a59e19e5de4a234c2419c68d48bcfd6d1c853df888d4ef
Red Bull TV,http://tv123.cc.cd/live.php?ch=299&sid=b503daab0c6f4fc6fa439a2d8244a08c&exp=1785763807&sig=8e0d15b961b05a7a2e6de098ab05be3e3e0638589d1f121f5ae42cb5777c690f
TV1,http://tv123.cc.cd/live.php?ch=303&sid=b503daab0c6f4fc6fa439a2d8244a08c&exp=1785763807&sig=0e3a85e0fcad8a90b139de2975bac2196d2d72a4d416f2c92e388207b3e660fe
TV1 backup,http://tv123.cc.cd/live.php?ch=304&sid=b503daab0c6f4fc6fa439a2d8244a08c&exp=1785763807&sig=b07c5cf30a1470b9fc8dffb6b88dc2cdce85b1b6ef2d9b64ee6b54560beb461b
TV2,http://tv123.cc.cd/live.php?ch=305&sid=b503daab0c6f4fc6fa439a2d8244a08c&exp=1785763807&sig=bbbaaca474ac91b2dbf2de63dd19cf9b1fdce4f67787a9cbfce8ad8cfd9860b8
TV3,http://tv123.cc.cd/live.php?ch=306&sid=b503daab0c6f4fc6fa439a2d8244a08c&exp=1785763807&sig=f75db46a8afa7f2421f8b47e4c08b2fb046f23929ae51ac427dbc467411cdccf
TV3 SD,http://tv123.cc.cd/live.php?ch=307&sid=b503daab0c6f4fc6fa439a2d8244a08c&exp=1785763807&sig=a952ecbee11eae105383943a2dbca51b41ac48c6a746f00bc636cd92510dc375
TV3 backup,http://tv123.cc.cd/live.php?ch=308&sid=b503daab0c6f4fc6fa439a2d8244a08c&exp=1785763807&sig=16febe1d6ee53780c9008fada6039126b0088bcd58902da9c5e0dfc62ddc16fb
TV3 backup2,http://tv123.cc.cd/live.php?ch=309&sid=b503daab0c6f4fc6fa439a2d8244a08c&exp=1785763807&sig=9fe766cc6777a485a6744a976e80508c39e1e0980bc5c721e78fc6726a2ef443
TV5,http://tv123.cc.cd/live.php?ch=310&sid=b503daab0c6f4fc6fa439a2d8244a08c&exp=1785763807&sig=525824ab09f0460cc29489aaff8034b0672c10fcc117e586ddf03ed4ad05cf9a
NTV7,http://tv123.cc.cd/live.php?ch=311&sid=b503daab0c6f4fc6fa439a2d8244a08c&exp=1785763807&sig=901ef0546799e1fdece9b6d8090612be64ead71aa8cd9807942ad7de48be38f6
TV9,http://tv123.cc.cd/live.php?ch=313&sid=b503daab0c6f4fc6fa439a2d8244a08c&exp=1785763807&sig=84a5be7a5cd68775804eb5b6dee5ae48dcd9d4a282b09a242415400632f47b7c
Al-Hijrah,http://tv123.cc.cd/live.php?ch=314&sid=b503daab0c6f4fc6fa439a2d8244a08c&exp=1785763807&sig=bf317bda3dbbe5d8de7caf6716697146337d9f7a57ace7fd05d5a18831257b41
Al-Hijrah (Back up 1),http://tv123.cc.cd/live.php?ch=315&sid=b503daab0c6f4fc6fa439a2d8244a08c&exp=1785763807&sig=39a8d1a6104fe16c2adcd5e65f08221da5b31cd53a1edec1760acbcca79cf3b3
Quran,http://tv123.cc.cd/live.php?ch=316&sid=b503daab0c6f4fc6fa439a2d8244a08c&exp=1785763807&sig=7586c794b5400438daf6fffd605f52b4e161e4b1287e97f3bafbc62f1509f06a
Sunnah,http://tv123.cc.cd/live.php?ch=317&sid=b503daab0c6f4fc6fa439a2d8244a08c&exp=1785763807&sig=9568fab5c78a53f53645fe11b86a5be00e41263bef23416e728fa38c5e5a28b1
Bernama,http://tv123.cc.cd/live.php?ch=318&sid=b503daab0c6f4fc6fa439a2d8244a08c&exp=1785763807&sig=71470bf132d6539443892f25d6315746c07ef39a667d3ea192191d3580b44470
Awani,http://tv123.cc.cd/live.php?ch=319&sid=b503daab0c6f4fc6fa439a2d8244a08c&exp=1785763807&sig=a14bf92de89d18337e872527941c4657e6c0423739af0c92a71f4d554143ce8a
Ceria,http://tv123.cc.cd/live.php?ch=320&sid=b503daab0c6f4fc6fa439a2d8244a08c&exp=1785763807&sig=345c21343fbf1d9e10748d0f84024f88779293f7e27673d038ed56e75e2c4760
Oasis,http://tv123.cc.cd/live.php?ch=321&sid=b503daab0c6f4fc6fa439a2d8244a08c&exp=1785763807&sig=6127416eb67a00190cfa73db65c06800da6e7c4af81f083798a925018ceb3f22
Boo,http://tv123.cc.cd/live.php?ch=322&sid=b503daab0c6f4fc6fa439a2d8244a08c&exp=1785763807&sig=8a6ed30c550fdcc2b9092c9405b6d2ad39027299ff0d2e0fe65a8eb2cddf8536
Citra,http://tv123.cc.cd/live.php?ch=323&sid=b503daab0c6f4fc6fa439a2d8244a08c&exp=1785763807&sig=be2386c6d6bd77a1c45b830907606baa1c4152a09da3111451e4268b831b5b17
Citra backup,http://tv123.cc.cd/live.php?ch=324&sid=b503daab0c6f4fc6fa439a2d8244a08c&exp=1785763807&sig=9c2f1beaa25df43f9b562808a30f4fecfb17a79d861b36f42c4c17dad285d357
Prima,http://tv123.cc.cd/live.php?ch=325&sid=b503daab0c6f4fc6fa439a2d8244a08c&exp=1785763807&sig=181d6370babac7923858541eab2592c8f0bc0f682f09e7c7795dc196e9cfa4fe
Prima backup,http://tv123.cc.cd/live.php?ch=326&sid=b503daab0c6f4fc6fa439a2d8244a08c&exp=1785763807&sig=084c5cc6b8b60e9d9baf859d3f9fedfa82adbfbb23562e0920f943a375e988db
Prima backup_1,http://tv123.cc.cd/live.php?ch=327&sid=b503daab0c6f4fc6fa439a2d8244a08c&exp=1785763807&sig=d9b3926e0f7f3c15551876fd9b205d18cdcf14436b32e92826da9c3a548541a5
Ria,http://tv123.cc.cd/live.php?ch=328&sid=b503daab0c6f4fc6fa439a2d8244a08c&exp=1785763807&sig=4c82cb9954bd3e4749bb531bea9684663541a10f9617aa4bcd74cd254f012747
Ria-3,http://tv123.cc.cd/live.php?ch=329&sid=b503daab0c6f4fc6fa439a2d8244a08c&exp=1785763807&sig=2af6f4092e086c28d268010cae92bab9c8b61c08254cf30e4ee72afa6eddc002
Ria backup_1,http://tv123.cc.cd/live.php?ch=330&sid=b503daab0c6f4fc6fa439a2d8244a08c&exp=1785763807&sig=c13027a430d0fed7348d527116564250ba4c2af4bee8bc3e09cdfd5c205f4e67
Awesome TV,http://tv123.cc.cd/live.php?ch=331&sid=b503daab0c6f4fc6fa439a2d8244a08c&exp=1785763807&sig=200451953573340147669750e6c995b691fca61a9dd313eb4994bb1aac0f1a8d
Aura,http://tv123.cc.cd/live.php?ch=332&sid=b503daab0c6f4fc6fa439a2d8244a08c&exp=1785763807&sig=33b23c28847511c13e315bc917272732682cb7d26c55816e5b59d095ff04206c
Sensasi,http://tv123.cc.cd/live.php?ch=333&sid=b503daab0c6f4fc6fa439a2d8244a08c&exp=1785763807&sig=911fd1db20b4da7490617f6419fe4a741b48cbd57b10bff918e26a45b88d68ca
Siar,http://tv123.cc.cd/live.php?ch=334&sid=b503daab0c6f4fc6fa439a2d8244a08c&exp=1785763807&sig=788568d71c7187b64998154391f6751c305e7c85f9817aeb9493c17a2180c228
Rania,http://tv123.cc.cd/live.php?ch=335&sid=b503daab0c6f4fc6fa439a2d8244a08c&exp=1785763807&sig=b08971af94675bc6b7414539c746c43e3d45d209085da62b3d7e2c82ec9b94e4
Astro Rusi,http://tv123.cc.cd/live.php?ch=336&sid=b503daab0c6f4fc6fa439a2d8244a08c&exp=1785763807&sig=6edfca60628b37bafebda7ef6e20eb587b3d710dfcaf35571593ab6f397ad054
WION,http://tv123.cc.cd/live.php?ch=337&sid=b503daab0c6f4fc6fa439a2d8244a08c&exp=1785763807&sig=6035df5134b8cf1dd19995cf1aee8cb0b5060b8838a5cbf96e9b1d363cefe01b
Astro MTV,http://tv123.cc.cd/live.php?ch=338&sid=b503daab0c6f4fc6fa439a2d8244a08c&exp=1785763807&sig=c500f8022b575bda7cdb5729ba51adb627a939980a28c02636d7a39bf4fae89d
NatGeo_Wild HD,http://tv123.cc.cd/live.php?ch=339&sid=b503daab0c6f4fc6fa439a2d8244a08c&exp=1785763807&sig=60828ba3de7f20bd967e51322ea29df1e653d3dd9bb227043e17c976662804e5
Animal_Planet,http://tv123.cc.cd/live.php?ch=340&sid=b503daab0c6f4fc6fa439a2d8244a08c&exp=1785763807&sig=38986c5f511032ff2f34a1a8a67ded0bb7f0a2472ae5f486510a951175350f0f
HBO Family,http://tv123.cc.cd/live.php?ch=341&sid=b503daab0c6f4fc6fa439a2d8244a08c&exp=1785763807&sig=e9c8961ecf1f076bcf803883f080722935fc6a0a38b37ed359ac59a6d0e6fdd2
Showcase,http://tv123.cc.cd/live.php?ch=342&sid=b503daab0c6f4fc6fa439a2d8244a08c&exp=1785763807&sig=17a8a40547793c765014b0d021abcaa3cc526737ed327e668dd3be89146a2aa4
RTM Asean,http://tv123.cc.cd/live.php?ch=343&sid=b503daab0c6f4fc6fa439a2d8244a08c&exp=1785763807&sig=68f21c78b0532241895ee1ef6a404e07b61f1165d9e131a9d4d3dd2e8448e501
HGTV,http://tv123.cc.cd/live.php?ch=344&sid=b503daab0c6f4fc6fa439a2d8244a08c&exp=1785763807&sig=b5983ce6f0584a2f941a82f0e21b5c11b0db7800d5c9e1c432a71402067033e6
TLC,http://tv123.cc.cd/live.php?ch=345&sid=b503daab0c6f4fc6fa439a2d8244a08c&exp=1785763807&sig=39d6cbd5fc87b2b6712e1e89a29758536021d215dbc5f0bbff555db6a5f92739
Foodnetwork Hd,http://tv123.cc.cd/live.php?ch=346&sid=b503daab0c6f4fc6fa439a2d8244a08c&exp=1785763807&sig=a1b3c521289d5f004a3ae400b3e9606b6f3a3335ef300d596eb459fff5bea9dc
HBO Signature,http://tv123.cc.cd/live.php?ch=349&sid=b503daab0c6f4fc6fa439a2d8244a08c&exp=1785763807&sig=58e2af91785a8fed0affeb4509c359634b246b6fa34b3a69846d06baaac43035
Astro Badminton,http://tv123.cc.cd/live.php?ch=350&sid=b503daab0c6f4fc6fa439a2d8244a08c&exp=1785763807&sig=a59f8f9ab065f3028e6ba7c8da0f06612e872b24a76cba4a27d2396cf56dc261
HBO Hits,http://tv123.cc.cd/live.php?ch=351&sid=b503daab0c6f4fc6fa439a2d8244a08c&exp=1785763807&sig=19563605f4e249965185949a893834299f5503cde9b97a83fd5cc7c473f27515
Dreamworks,http://tv123.cc.cd/live.php?ch=352&sid=b503daab0c6f4fc6fa439a2d8244a08c&exp=1785763807&sig=a3795597be09eadd65731ad4b1f247a09c967fd4ab927a396438ef6ac484c58e
Astro Badminton 2,http://tv123.cc.cd/live.php?ch=353&sid=b503daab0c6f4fc6fa439a2d8244a08c&exp=1785763807&sig=0566508cd443b9b23ed3ad9a74dfa726f6a9669d112735cc9a3c15af8bdb301f
Cartoon Network,http://tv123.cc.cd/live.php?ch=356&sid=b503daab0c6f4fc6fa439a2d8244a08c&exp=1785763807&sig=4132dc56fb16eff0950bcbc2b7d390b61d3b668ce8b42d1071eeda8af356b7fb
Asia Food Network,http://tv123.cc.cd/live.php?ch=357&sid=b503daab0c6f4fc6fa439a2d8244a08c&exp=1785763807&sig=a158285d024a90854da8973442ebc1ee97d93d0d66b1c5fa096ec04de3e1b1ba
Animal Planet (Eng),http://tv123.cc.cd/live.php?ch=358&sid=b503daab0c6f4fc6fa439a2d8244a08c&exp=1785763807&sig=ff5984b23b2244864475e0afde92d2fbd95830a7e533f49cdbab8ebcfcd8894b
TvN,http://tv123.cc.cd/live.php?ch=360&sid=b503daab0c6f4fc6fa439a2d8244a08c&exp=1785763807&sig=17870d8c91d2955d6fafff21edf3efc56d3f04e502a451030b5fe9f3a5abcf7d
Sony HD,http://tv123.cc.cd/live.php?ch=362&sid=b503daab0c6f4fc6fa439a2d8244a08c&exp=1785763807&sig=41473789be292658ae58bdc4c91bc29ec364a72b7ea6f2501c331e4e9b48f879
tvN Movie,http://tv123.cc.cd/live.php?ch=363&sid=b503daab0c6f4fc6fa439a2d8244a08c&exp=1785763807&sig=955ffc3820bee27d5cfe72fea51bb1048cc16fe48087b74f283f02bf9226895b
Astrol Kplus,http://tv123.cc.cd/live.php?ch=364&sid=b503daab0c6f4fc6fa439a2d8244a08c&exp=1785763807&sig=06332a84797e33fcb50007abbc1792c3d855978e0a99e55fdd6a58478b4ac682
AEC,http://tv123.cc.cd/live.php?ch=366&sid=b503daab0c6f4fc6fa439a2d8244a08c&exp=1785763807&sig=dfb49fceabecf1ce5ad8b4b764254cdee98701b22675efd2bb4823bde3d44c5b
AOD,http://tv123.cc.cd/live.php?ch=367&sid=b503daab0c6f4fc6fa439a2d8244a08c&exp=1785763807&sig=8ada708c4c25db7e9ba1b37fe011648b5906d42f1c3fd574967c09ef13baa9c2
华丽台 HD (Wah Lai Toi),http://tv123.cc.cd/live.php?ch=368&sid=b503daab0c6f4fc6fa439a2d8244a08c&exp=1785763807&sig=8aabef20d7a768d245cf4ef0d37d218e9930afb6dd9a408fd703ef291eade671
欢喜台 HD(Hua Hee Tai),http://tv123.cc.cd/live.php?ch=369&sid=b503daab0c6f4fc6fa439a2d8244a08c&exp=1785763807&sig=84aecb5767fc572b3a1364b0ae0b0821c3e09cc547ab05fdcac3ebf59edde1af
Astro QJ,http://tv123.cc.cd/live.php?ch=370&sid=b503daab0c6f4fc6fa439a2d8244a08c&exp=1785763807&sig=542ed6d50e4fb5fae7a0cbbf21516c76ab522a57e1195b1775fb841e6e5dbca5
TVB Jade,http://tv123.cc.cd/live.php?ch=371&sid=b503daab0c6f4fc6fa439a2d8244a08c&exp=1785763807&sig=c4728fe74ad01b789a10dfc1da3fadf2499d21deec7c5519f540f7f55d40849e
爱奇艺 iQiyi,http://tv123.cc.cd/live.php?ch=372&sid=b503daab0c6f4fc6fa439a2d8244a08c&exp=1785763807&sig=14fee44fdc17b80c1320a35328d7ceef9a6bfd4153504d6b41c7026f28a057f7
TVB 星河台  Xing He,http://tv123.cc.cd/live.php?ch=373&sid=b503daab0c6f4fc6fa439a2d8244a08c&exp=1785763807&sig=d0b4ad311b868273f049119abc2159d67c33288333e55b271ab84b2063732194
Dmax,http://tv123.cc.cd/live.php?ch=375&sid=b503daab0c6f4fc6fa439a2d8244a08c&exp=1785763807&sig=5a784b04cc48fc86f8e0509c3154e6ece1fccc8afbd3b75511b555ad542fe8bc
TVB Asia,http://tv123.cc.cd/live.php?ch=376&sid=b503daab0c6f4fc6fa439a2d8244a08c&exp=1785763807&sig=ef569e2f9fafe1e5f5c35924d23184500febc1d5613525054979dea1f9f9fa35
TVB Entertainment,http://tv123.cc.cd/live.php?ch=377&sid=b503daab0c6f4fc6fa439a2d8244a08c&exp=1785763807&sig=8afe426ff8059f6931c33a7aff3dde9a2cd6747d1b06bb5b00260d26898dd064
TVB Classic,http://tv123.cc.cd/live.php?ch=378&sid=b503daab0c6f4fc6fa439a2d8244a08c&exp=1785763807&sig=dfe527d0bcab4081787d16a41f07098f5445d361c533e932be487d93154ce1b0
Celestial Classic,http://tv123.cc.cd/live.php?ch=379&sid=b503daab0c6f4fc6fa439a2d8244a08c&exp=1785763807&sig=09a7fb2313fa72626a95ddc5ad30a56a4e897700ed62686c3f7f1e6aa6a49942
Celestial Movies HD,http://tv123.cc.cd/live.php?ch=380&sid=b503daab0c6f4fc6fa439a2d8244a08c&exp=1785763807&sig=a203328f596630228d1e13bee0c4f1ceb92091e7e60d595d79a96a3768dc47e4
Eurosport,http://tv123.cc.cd/live.php?ch=381&sid=b503daab0c6f4fc6fa439a2d8244a08c&exp=1785763807&sig=59f0947fafadc267390478e1cfe12008e9f0b01fac0c4ca87fd6925a947d9400
Rock Actions,http://tv123.cc.cd/live.php?ch=382&sid=b503daab0c6f4fc6fa439a2d8244a08c&exp=1785763807&sig=04c1b27ceee4314d85757705ff68f13e1616fcd5c778b0afdc9e9c5a891c9dfd
Rock Entertainment,http://tv123.cc.cd/live.php?ch=383&sid=b503daab0c6f4fc6fa439a2d8244a08c&exp=1785763807&sig=d3e6f656bb9eeafdaf2db9a1789139efb9aaee7b7407834a487f4c1a999463ab
Bollyone,http://tv123.cc.cd/live.php?ch=384&sid=b503daab0c6f4fc6fa439a2d8244a08c&exp=1785763807&sig=cf207f4eadb102bffc364fd819532fbe5c024a42859137cbc343ba277e79ff9e
Astro Sunmusic,http://tv123.cc.cd/live.php?ch=385&sid=b503daab0c6f4fc6fa439a2d8244a08c&exp=1785763807&sig=8577ddf292298de00b6f40b402878b2eb43e62fcc3a1190ec8d668c656762474
Thangathirai,http://tv123.cc.cd/live.php?ch=386&sid=b503daab0c6f4fc6fa439a2d8244a08c&exp=1785763807&sig=339280b0e1ab714e6dfe0c22fe18d18e8dd04d3048de77601b43c5dad086c820
Vinmeen,http://tv123.cc.cd/live.php?ch=387&sid=b503daab0c6f4fc6fa439a2d8244a08c&exp=1785763807&sig=cdf0b617bce4e67ddb30709adf39c2ca884064f968e294eb274de75669ecc19c
Vellithirai,http://tv123.cc.cd/live.php?ch=388&sid=b503daab0c6f4fc6fa439a2d8244a08c&exp=1785763807&sig=f9c9363a297f5e8e22a798e5a92e0b6e939f72ddb2e3105d92e38d5c187ece79
Arena,http://tv123.cc.cd/live.php?ch=389&sid=b503daab0c6f4fc6fa439a2d8244a08c&exp=1785763807&sig=7ad12d77392bac6023bf83fa1943541873ecfd0cbc1056ec216b13599dfac5db
Arena 2,http://tv123.cc.cd/live.php?ch=390&sid=b503daab0c6f4fc6fa439a2d8244a08c&exp=1785763807&sig=9cf5c69c7d4001b78227742bce63165b9338a6f50e34362ae88edfb8d42f1307
Arena Bola 1,http://tv123.cc.cd/live.php?ch=391&sid=b503daab0c6f4fc6fa439a2d8244a08c&exp=1785763807&sig=69e43c8a426862fa421aa9d72c2d2662e690eac84c3c74fa2a1d6888248a6c22
Arena Bola 2,http://tv123.cc.cd/live.php?ch=392&sid=b503daab0c6f4fc6fa439a2d8244a08c&exp=1785763807&sig=f6afa647e767e66d17655cd8df2836c5a569eb7cff005c249dfb6a2185406a1d
RTM Sports HD,http://tv123.cc.cd/live.php?ch=393&sid=b503daab0c6f4fc6fa439a2d8244a08c&exp=1785763807&sig=d99cd6d4bbca3dab63867d41cef13abc6a23bf1de0eca239adfc6780d5926290
Astro LOL,http://tv123.cc.cd/live.php?ch=394&sid=b503daab0c6f4fc6fa439a2d8244a08c&exp=1785763807&sig=2473a235dc86d8e9ae729b5672bb6f436201284aba13b06ddc006890dd18fc5b
Al_Jazeera,http://tv123.cc.cd/live.php?ch=395&sid=b503daab0c6f4fc6fa439a2d8244a08c&exp=1785763807&sig=848fc4f6e7115f15d0b922a45eae01885109a0143d6f823fbc02f816661a8f76
CNN backup,http://tv123.cc.cd/live.php?ch=397&sid=b503daab0c6f4fc6fa439a2d8244a08c&exp=1785763807&sig=98c562499aa5b857c2649bcfc81f2589d8ccc05e2fc3ed11b9eae52c1172eb2c
CNBC,http://tv123.cc.cd/live.php?ch=399&sid=b503daab0c6f4fc6fa439a2d8244a08c&exp=1785763807&sig=985bdec9e0b0a455c9c8c0900b9dd859feb5dfb9e3db1d4937f8fe6b1b1baaf3
Bloomberg TV,http://tv123.cc.cd/live.php?ch=400&sid=b503daab0c6f4fc6fa439a2d8244a08c&exp=1785763807&sig=372a5277c9589199ad56b10d6bf2ae67833d0c7bef7d46fe1aeca824085c2435
Skynews,http://tv123.cc.cd/live.php?ch=404&sid=b503daab0c6f4fc6fa439a2d8244a08c&exp=1785763807&sig=04202f68dfed9eed3977dbd1ffb3aa71100e5c7b6a063ac46880805d140f01d8
NHK Premium,http://tv123.cc.cd/live.php?ch=405&sid=b503daab0c6f4fc6fa439a2d8244a08c&exp=1785763807&sig=0acb9d1376aae54fd9b21415023b88c036088886b6007b767eb308d245cb411d
Siar backup,http://tv123.cc.cd/live.php?ch=406&sid=b503daab0c6f4fc6fa439a2d8244a08c&exp=1785763807&sig=7c457ba3fadee45e259a2d49b3e3cf5617f3bd68699bceb580cc10e9eda5acc4
Astro PL 1,http://tv123.cc.cd/live.php?ch=407&sid=b503daab0c6f4fc6fa439a2d8244a08c&exp=1785763807&sig=4da5fe9a4e05e37896f713ddbd613aba2d2b8f0043f07cc351fd7afec10fdd55
Astro PL 1 (Back Up 1),http://tv123.cc.cd/live.php?ch=408&sid=b503daab0c6f4fc6fa439a2d8244a08c&exp=1785763807&sig=4411490dc163ae9659a3dfa895f1321b76a5a4640554ff55f6ba827ae06ff818
Astro PL 1 (Back Up 2),http://tv123.cc.cd/live.php?ch=409&sid=b503daab0c6f4fc6fa439a2d8244a08c&exp=1785763807&sig=02fb0d3c70ab0fcb3bfe5cdd66af2e67d7574225d1a4ac8c25d8d2d742d45bd9
Astro PL 2,http://tv123.cc.cd/live.php?ch=410&sid=b503daab0c6f4fc6fa439a2d8244a08c&exp=1785763807&sig=d8fa58ff0177a35825cdc7e4725d090b3b2ef7b0500bc4deebbebd8f39927945
Supersports 2,http://tv123.cc.cd/live.php?ch=411&sid=b503daab0c6f4fc6fa439a2d8244a08c&exp=1785763807&sig=231e703de9bd900bcf73b810082a757423ffdb4f12e32b532e9b32f47bc05a5f
Astro Grandstand,http://tv123.cc.cd/live.php?ch=412&sid=b503daab0c6f4fc6fa439a2d8244a08c&exp=1785763807&sig=57328d1e496b7062813e314a44e8d9af90b237c82bb7e9d2bc9c2e513a22a58e
Astro Grandstand (Back Up 1),http://tv123.cc.cd/live.php?ch=413&sid=b503daab0c6f4fc6fa439a2d8244a08c&exp=1785763807&sig=faf7eb9fd79debaaef40eb0723a49ef7589170e1b3d38bf182f1f7488aa8e444
Astro Football (Back Up 1),http://tv123.cc.cd/live.php?ch=415&sid=b503daab0c6f4fc6fa439a2d8244a08c&exp=1785763807&sig=5b192de6a205008dab834fc552ed60267dbcc658745f2a5280b52b8a9f7fc115
Astro W-Sports,http://tv123.cc.cd/live.php?ch=416&sid=b503daab0c6f4fc6fa439a2d8244a08c&exp=1785763807&sig=7e9ca05d6f3a5f08f6e3c1a330b8341ebe6a7adb4083b3af82223a6eeaf6bc69
Astro Cricket,http://tv123.cc.cd/live.php?ch=417&sid=b503daab0c6f4fc6fa439a2d8244a08c&exp=1785763807&sig=711dc2e85a9d05b425c0015e88d8c2a6b5d844af9221a7b1d3a47bcecf289228
Astro Golf,http://tv123.cc.cd/live.php?ch=418&sid=b503daab0c6f4fc6fa439a2d8244a08c&exp=1785763807&sig=8ae213dcc7e231fc67f0d20abe259cd61a027c19757326f3b893779cb8ebe14e
Astro Sports Plus,http://tv123.cc.cd/live.php?ch=419&sid=b503daab0c6f4fc6fa439a2d8244a08c&exp=1785763807&sig=29cbf342387627e560b034bfbcf298bb07145ca14a489b3140fc69207d6193bd
SPOTV 1 HD,http://tv123.cc.cd/live.php?ch=420&sid=b503daab0c6f4fc6fa439a2d8244a08c&exp=1785763807&sig=9725644f21c52b21cb183ed477cad0b1f299a9fd9ed4e6945f9bff7a0cc9d638
SPO TV 2,http://tv123.cc.cd/live.php?ch=421&sid=b503daab0c6f4fc6fa439a2d8244a08c&exp=1785763807&sig=7156713fe1fdfe7ee966ff9ec5378e438fc20cd9ca6af968161fdd1d09dc3476
Astro Beinsports 1,http://tv123.cc.cd/live.php?ch=422&sid=b503daab0c6f4fc6fa439a2d8244a08c&exp=1785763807&sig=58c93ceba69daca727a85b5c1e4efcad97b6e82e774f23ab514d0a23a7a617eb
Astro Beinsports 2,http://tv123.cc.cd/live.php?ch=423&sid=b503daab0c6f4fc6fa439a2d8244a08c&exp=1785763807&sig=910f536108e01637d26244438dbdff40c5651b07c9535b6049c5c345501794f7
Astro Beinsports 3,http://tv123.cc.cd/live.php?ch=424&sid=b503daab0c6f4fc6fa439a2d8244a08c&exp=1785763807&sig=0673f4b18fb496dec3317ec912cea011e46936ee83861df3ded1c051019af768
Astro Badminton,http://tv123.cc.cd/live.php?ch=425&sid=b503daab0c6f4fc6fa439a2d8244a08c&exp=1785763807&sig=c44ab0a61b826a12a5e72902e5668ecc4650cd7f02eb04a69c72dfdf46873fc3
Astro Badminton 1,http://tv123.cc.cd/live.php?ch=426&sid=b503daab0c6f4fc6fa439a2d8244a08c&exp=1785763807&sig=013c04488058581df274aa12d6be88a74384d81cacfde95cf1c1a643bf79b396
Astro Badminton 2,http://tv123.cc.cd/live.php?ch=427&sid=b503daab0c6f4fc6fa439a2d8244a08c&exp=1785763807&sig=38e7536fd053e309b1da08425ebfbc88ef6da1de9ae3e70b139df502eb475a76
Now Sports 616,http://tv123.cc.cd/live.php?ch=428&sid=b503daab0c6f4fc6fa439a2d8244a08c&exp=1785763807&sig=fe227bb31cf5751fbff188c746295b5ab646603727311663fd17c19d092117f6
Now Sports 617,http://tv123.cc.cd/live.php?ch=429&sid=b503daab0c6f4fc6fa439a2d8244a08c&exp=1785763807&sig=2b8ae89e7cd32a47d6845f08db7821121429fbd40a5a957495175d9ec6ef99a3
Elta体育1台,http://tv123.cc.cd/live.php?ch=430&sid=b503daab0c6f4fc6fa439a2d8244a08c&exp=1785763807&sig=795c9e0143ca24aca56c334eb7d01345f8101028a21c02756586f549585c0a89
Elta體育2台,http://tv123.cc.cd/live.php?ch=431&sid=b503daab0c6f4fc6fa439a2d8244a08c&exp=1785763807&sig=191e76dfebaa707839dbe58203ff5f4aa5ce122eab1819066c2eb66d5eb8774c
Elta體育3台,http://tv123.cc.cd/live.php?ch=432&sid=b503daab0c6f4fc6fa439a2d8244a08c&exp=1785763807&sig=492f3fbd8abff07bd8ab2151f3ebd7abf69de710b5360282e28b41f1cdf6f306
Elta体育4台,http://tv123.cc.cd/live.php?ch=433&sid=b503daab0c6f4fc6fa439a2d8244a08c&exp=1785763807&sig=ee8656126422c3cd3d292183c10a1969b3563d0e4a7e9b7cadde604362b5b6d6
WWE,http://tv123.cc.cd/live.php?ch=435&sid=b503daab0c6f4fc6fa439a2d8244a08c&exp=1785763807&sig=d729b97d19bc3f1cf08c2422406b98c4ef419806b9ad8184c674f1edd56d5340
Eurosport,http://tv123.cc.cd/live.php?ch=436&sid=b503daab0c6f4fc6fa439a2d8244a08c&exp=1785763807&sig=83ffb55832201c40b404a485b1fb0f3eda4461c591f26ecf5d58ef581c144754
博斯高球2 HD,http://tv123.cc.cd/live.php?ch=437&sid=b503daab0c6f4fc6fa439a2d8244a08c&exp=1785763807&sig=c64fc6b458435d5e123418453b3ddf73c2bb6be37f6acf64d3c082bdab9e1125
博斯网球 HD,http://tv123.cc.cd/live.php?ch=438&sid=b503daab0c6f4fc6fa439a2d8244a08c&exp=1785763807&sig=3543de556ebd75c3c550686cebef7ed9fccaa53d070a44ebb8be9c38c74ba5a8
Arena,http://tv123.cc.cd/live.php?ch=439&sid=b503daab0c6f4fc6fa439a2d8244a08c&exp=1785763807&sig=1ea6fc6556c1fe55ab0123303ce485cf9553ac5aa11fa6e8cf54a7ab5eab887f
Arena 2,http://tv123.cc.cd/live.php?ch=440&sid=b503daab0c6f4fc6fa439a2d8244a08c&exp=1785763807&sig=38d48d499b1ab4b2d1deb996f530d85ad3c28858825842c9f21dd5e084ed366d
Arena Bola 1,http://tv123.cc.cd/live.php?ch=441&sid=b503daab0c6f4fc6fa439a2d8244a08c&exp=1785763807&sig=53997bc5abe8b12f52a006a8e773a9fd12bbc0ddfd44d09f81f79496ae7524d2
Arena Bola 2,http://tv123.cc.cd/live.php?ch=442&sid=b503daab0c6f4fc6fa439a2d8244a08c&exp=1785763807&sig=9d8cfc1726cf183de9474873097ceae3ee3281ea6af66bedf2a700fc6e389cc9
RTM Sports HD,http://tv123.cc.cd/live.php?ch=443&sid=b503daab0c6f4fc6fa439a2d8244a08c&exp=1785763807&sig=cb9115f6de7030731972f8265d9775ed90e815b373cc380c1367b6b9bdf2993e
TVRi National,http://tv123.cc.cd/live.php?ch=444&sid=b503daab0c6f4fc6fa439a2d8244a08c&exp=1785763807&sig=93c820dc2dc21375df99cf6ac2b4283d5479f81069c8a4589c227f36d69720dc
Tnt Sports 1,http://tv123.cc.cd/live.php?ch=447&sid=b503daab0c6f4fc6fa439a2d8244a08c&exp=1785763807&sig=7d4a053556fc0887dd01cd1cfa07da080eaaa824543164fb39a9839d591c0ed9
TNT Sports 2,http://tv123.cc.cd/live.php?ch=448&sid=b503daab0c6f4fc6fa439a2d8244a08c&exp=1785763807&sig=ec669d1b79c77bc2944f95f0f5df613fd7a0e1567fb30657735c8c889a5fb8ca
TNT Sports 3,http://tv123.cc.cd/live.php?ch=449&sid=b503daab0c6f4fc6fa439a2d8244a08c&exp=1785763807&sig=0d766ed6b162d2e5f7a93a1f843f82d0334748ae410db52e7aaf5eeddedd26ed
TNT Sports 4,http://tv123.cc.cd/live.php?ch=450&sid=b503daab0c6f4fc6fa439a2d8244a08c&exp=1785763807&sig=214ed43e982b8f99c7932d98210b5b7a4a8d35f6c5594c9c1f22d6a200c418ca
DAZN 1,http://tv123.cc.cd/live.php?ch=451&sid=b503daab0c6f4fc6fa439a2d8244a08c&exp=1785763807&sig=01a07c3b2048de65af0ad155f6985083d7a2ec764461706de513611893436917
DAZN 2,http://tv123.cc.cd/live.php?ch=452&sid=b503daab0c6f4fc6fa439a2d8244a08c&exp=1785763807&sig=b7f053e44fa88b2fb65cc45dbeec3c318aa2012ed26d6350116f1ac54aca48e5
Rugby Pass TV,http://tv123.cc.cd/live.php?ch=453&sid=b503daab0c6f4fc6fa439a2d8244a08c&exp=1785763807&sig=cea97cdc5968589cddc8513c93d83614cf3b5cd8a6f815e071274ce06e095dee
Skysports Cricket,http://tv123.cc.cd/live.php?ch=454&sid=b503daab0c6f4fc6fa439a2d8244a08c&exp=1785763807&sig=bd201b9326edd31c932c89cdb323f70804bb77b9b693c9e750e3d1bf31c21280
Skysports EPL,http://tv123.cc.cd/live.php?ch=455&sid=b503daab0c6f4fc6fa439a2d8244a08c&exp=1785763807&sig=cbd7b97ea265d47e917151b75fb722e8d38375f951f6b8e507df13623f164eae
Skysports F1,http://tv123.cc.cd/live.php?ch=456&sid=b503daab0c6f4fc6fa439a2d8244a08c&exp=1785763807&sig=b717d720fb78528b2d6ef8904b2d7463130ab5e970f73b79beb5a1295baeb104
Skysports Golf,http://tv123.cc.cd/live.php?ch=457&sid=b503daab0c6f4fc6fa439a2d8244a08c&exp=1785763807&sig=7236391926f53d961ee9cc3cd75c769a4ae16060ea6a95f43c9de9909ee7bf39
Skysports Main Event,http://tv123.cc.cd/live.php?ch=458&sid=b503daab0c6f4fc6fa439a2d8244a08c&exp=1785763807&sig=67a8d37ad4698fac9ee3eddd65bfc14de99af298c4dd1696b9024346b17e3c00
Skysports Mix,http://tv123.cc.cd/live.php?ch=459&sid=b503daab0c6f4fc6fa439a2d8244a08c&exp=1785763807&sig=ebf50c1b4f3fee765d626e45e974f0cf5698f0633d4cd4fc00f14ed9f8e0da2f
Skysports Racing,http://tv123.cc.cd/live.php?ch=460&sid=b503daab0c6f4fc6fa439a2d8244a08c&exp=1785763807&sig=716bcc5134d4b908a6ed4ab4fbb8bf4850b0862c99df26f9a23b46a286dd1d1e
Skysports Football,http://tv123.cc.cd/live.php?ch=461&sid=b503daab0c6f4fc6fa439a2d8244a08c&exp=1785763807&sig=54af62d74c0616c5d3e8921005ffd2eefe7916de2c4373f508b268217fbebfb9
Skysports News,http://tv123.cc.cd/live.php?ch=462&sid=b503daab0c6f4fc6fa439a2d8244a08c&exp=1785763807&sig=b35933867b48182dd13bb5cb6ed24e1c5a9e388094114c0a6beb5df3dfc7f8d6
Skysports Arena,http://tv123.cc.cd/live.php?ch=463&sid=b503daab0c6f4fc6fa439a2d8244a08c&exp=1785763807&sig=3ff7929d66746dcb786f20b7375898de2240600a343bc60d670e7479e776ec0c
Skysports Action,http://tv123.cc.cd/live.php?ch=464&sid=b503daab0c6f4fc6fa439a2d8244a08c&exp=1785763807&sig=3e48dc85ac55071b88d09c5683707a37e9e22daec6678c7ba0655e8f5cd211ab
Unifi World Cup,http://tv123.cc.cd/live.php?ch=465&sid=b503daab0c6f4fc6fa439a2d8244a08c&exp=1785763807&sig=d3cd7a39c9df60f9c82fde63eb7e3db290fa5169261c51143c877f98a85f1911
Unifi World Cup 2 HD,http://tv123.cc.cd/live.php?ch=466&sid=b503daab0c6f4fc6fa439a2d8244a08c&exp=1785763807&sig=8e48e6eb419278a5295e00a76c3c2a64663c47b74b741bab792e8a0f5c2d114a
Unifi World Cup 3 HD,http://tv123.cc.cd/live.php?ch=467&sid=b503daab0c6f4fc6fa439a2d8244a08c&exp=1785763807&sig=155e5bd528e0233e2c1770a31d516e31e849b2dba0f1d4e0609868e27a8db353
RCTI,http://tv123.cc.cd/live.php?ch=468&sid=b503daab0c6f4fc6fa439a2d8244a08c&exp=1785763807&sig=5b7d640b61478e960bad09d80ea00125c4cb8a6bf21213bebec680f81001e5bb
Kompass TV,http://tv123.cc.cd/live.php?ch=469&sid=b503daab0c6f4fc6fa439a2d8244a08c&exp=1785763807&sig=aed7f7b89c1135c7f35585037a7154908633585e520f0cd52920796c84266f6a
Berita Satu,http://tv123.cc.cd/live.php?ch=470&sid=b503daab0c6f4fc6fa439a2d8244a08c&exp=1785763807&sig=cc0daae7a43c59241249d23c3a9cb51dad6a3f1a244ba5dfea0bc2da48edda67
Indosiar HD,http://tv123.cc.cd/live.php?ch=471&sid=b503daab0c6f4fc6fa439a2d8244a08c&exp=1785763807&sig=d583a491c2314c884b352ca755654b9ac3d708c8eda6a0b5b7bb159d525107af
Metro TV,http://tv123.cc.cd/live.php?ch=472&sid=b503daab0c6f4fc6fa439a2d8244a08c&exp=1785763807&sig=5252310580973a79c6d94eef2797e13229ebd7021af8cdfdeef7bc5876425a27
SCTV,http://tv123.cc.cd/live.php?ch=473&sid=b503daab0c6f4fc6fa439a2d8244a08c&exp=1785763807&sig=431aa4ae78797e6c7b7ccf69daced315102a8ea5026ec299747693f0d70b9dd7
AnTV,http://tv123.cc.cd/live.php?ch=474&sid=b503daab0c6f4fc6fa439a2d8244a08c&exp=1785763807&sig=25874bd3bb334049dab8087f87085bcff952ace976cbb56a15dd90e3987821f0
MNC TV,http://tv123.cc.cd/live.php?ch=475&sid=b503daab0c6f4fc6fa439a2d8244a08c&exp=1785763807&sig=c0a20d2e9c3c0f80d215d55e447c32df84005b079c14312a1ec8fdabbdca78bd
Trans 7,http://tv123.cc.cd/live.php?ch=476&sid=b503daab0c6f4fc6fa439a2d8244a08c&exp=1785763807&sig=1c2e49c256c3ded9a0e540821d6a4e46be31142f971364040c06d4284a2cc7f3
Transtv,http://tv123.cc.cd/live.php?ch=477&sid=b503daab0c6f4fc6fa439a2d8244a08c&exp=1785763807&sig=907ba6b86acbe4bb4a5146ca6b62e10f1810cb1b02816bbd79710dc8631637d0
JTV,http://tv123.cc.cd/live.php?ch=478&sid=b503daab0c6f4fc6fa439a2d8244a08c&exp=1785763807&sig=4e0befe74c7fa7a710c00554aabc9e82d031ae068f5650de4d006c64194ee60f
Cinemax,http://tv123.cc.cd/live.php?ch=479&sid=b503daab0c6f4fc6fa439a2d8244a08c&exp=1785763807&sig=36ddf80f4e417a3a4b7100746e00a79ed8e7b729673427a7e912c53f6bdcbf56
Tvone,http://tv123.cc.cd/live.php?ch=480&sid=b503daab0c6f4fc6fa439a2d8244a08c&exp=1785763807&sig=d648b881a3e9b0c089fea781526ba7e35effb8f038ed1eb935e33e71201fab06
TVMU,http://tv123.cc.cd/live.php?ch=481&sid=b503daab0c6f4fc6fa439a2d8244a08c&exp=1785763807&sig=d9f18d8e2ce668fc04ba70e44c174763269761e8229f583e7e54dd421ed5ea95
GTV,http://tv123.cc.cd/live.php?ch=482&sid=b503daab0c6f4fc6fa439a2d8244a08c&exp=1785763807&sig=13ae5867a28e27b68983edc5dbd1e8126073d779df16db0c502f95863e4e9a5b
RTV,http://tv123.cc.cd/live.php?ch=483&sid=b503daab0c6f4fc6fa439a2d8244a08c&exp=1785763807&sig=f410eb2039d33497adc1d97e77da120a6be5bedfa9d67c831b190a52a8a2fe09
Jak TV,http://tv123.cc.cd/live.php?ch=484&sid=b503daab0c6f4fc6fa439a2d8244a08c&exp=1785763807&sig=860e2f150653670028fa222afce6a6100d047563723f7fee46bfbb3c88cef62a
iNews TV,http://tv123.cc.cd/live.php?ch=485&sid=b503daab0c6f4fc6fa439a2d8244a08c&exp=1785763807&sig=d08877c9ad114c5b138d507f9a8f867cb7dde072c661d6abfd5eb0c083f7948c
Daai TV,http://tv123.cc.cd/live.php?ch=486&sid=b503daab0c6f4fc6fa439a2d8244a08c&exp=1785763807&sig=cda7d789fed79c662768ca45afbd702b0ea432ad6d0e442cfff1d7f16bf79990
Net TV,http://tv123.cc.cd/live.php?ch=487&sid=b503daab0c6f4fc6fa439a2d8244a08c&exp=1785763807&sig=9432d3e17a8e4e0f5cbc4719be6bb904e1579daa664aae830f67a4b914c2087c
EWTN,http://tv123.cc.cd/live.php?ch=489&sid=b503daab0c6f4fc6fa439a2d8244a08c&exp=1785763807&sig=1537238192793631ddbe4ae1e51f49a6e45418742c246c3d5510e129aae5dc77
AlQuran AlKareem,http://tv123.cc.cd/live.php?ch=490&sid=b503daab0c6f4fc6fa439a2d8244a08c&exp=1785763807&sig=7137777d33ce635418d9c205c939855ede3b88647e28e37c5facf7d496450b2a
Tawaf TV,http://tv123.cc.cd/live.php?ch=491&sid=b503daab0c6f4fc6fa439a2d8244a08c&exp=1785763807&sig=12363a6cbd3cfac5bde9ebc9eb42eab37d2fbde4229c1a222bcf8230c7e6afb5
Vision Prime,http://tv123.cc.cd/live.php?ch=492&sid=b503daab0c6f4fc6fa439a2d8244a08c&exp=1785763807&sig=a6212d99462997f2f1be053f13aa895aa95f443c77ac6ac9daaee190eb1d798f
Muslim TV,http://tv123.cc.cd/live.php?ch=493&sid=b503daab0c6f4fc6fa439a2d8244a08c&exp=1785763807&sig=f24c3cc1a15332a701bfe839e6c20e6333b8d9e6f015b4148d0b8b366f43f467
Music TV,http://tv123.cc.cd/live.php?ch=494&sid=b503daab0c6f4fc6fa439a2d8244a08c&exp=1785763807&sig=12c839d454186e88d3915320efff8d2fe8d7304a34cec796f192e8e2f6470d41
Lifestyle&Fashion,http://tv123.cc.cd/live.php?ch=495&sid=b503daab0c6f4fc6fa439a2d8244a08c&exp=1785763807&sig=f5a0e5a8d565f131f1425b896638c2b9a306aa8db659f2d718c19441e0bebbab
Entertain,http://tv123.cc.cd/live.php?ch=496&sid=b503daab0c6f4fc6fa439a2d8244a08c&exp=1785763807&sig=61609f756eb9d58818058e45c3dd38c1c08b628023bfc17727176ebac4cf2b9f
Hits,http://tv123.cc.cd/live.php?ch=497&sid=b503daab0c6f4fc6fa439a2d8244a08c&exp=1785763807&sig=af66464a25fbca1c900dc5b70d70cfba54ad3dbb821e9816f7cc28b18aa9b435
Warner TV,http://tv123.cc.cd/live.php?ch=498&sid=b503daab0c6f4fc6fa439a2d8244a08c&exp=1785763807&sig=3b6de821e8b2345949be35c44785bddfe21b04f5848fb13626734cbeeef3d6da
SCM,http://tv123.cc.cd/live.php?ch=499&sid=b503daab0c6f4fc6fa439a2d8244a08c&exp=1785763807&sig=d58c71f793ca651edcbb6b0e26a57463e1bbb6533c8468afd6263bf08808801b
Hits Movie,http://tv123.cc.cd/live.php?ch=501&sid=b503daab0c6f4fc6fa439a2d8244a08c&exp=1785763807&sig=5fde1ae5d45f9221a5ddfdccc42afe15cac4766f6f08ceb17d4d0d29641f866a
tvN Movie,http://tv123.cc.cd/live.php?ch=502&sid=b503daab0c6f4fc6fa439a2d8244a08c&exp=1785763807&sig=a00329543615bde7ce0fec561eb31a67f16ffedd8c2f04b1a3e48f85ed652e49
天映頻道Celestial Movies,http://tv123.cc.cd/live.php?ch=504&sid=b503daab0c6f4fc6fa439a2d8244a08c&exp=1785763807&sig=86dbe5c6a0f11ea18093786f2b608a2048fd0f2743efa9251a6ea58dc0a85281
Rock Actions,http://tv123.cc.cd/live.php?ch=505&sid=b503daab0c6f4fc6fa439a2d8244a08c&exp=1785763807&sig=537d9dda21a727113eb803e1c004662cac1369b6c3379fb8a75186e39c0ecdaa
Rock Entertainment,http://tv123.cc.cd/live.php?ch=506&sid=b503daab0c6f4fc6fa439a2d8244a08c&exp=1785763807&sig=7bef7bfcda65df1a29f0ea173b246f8d8809e0f6590e27a4e0b697511d9b0023
TVRi National,http://tv123.cc.cd/live.php?ch=507&sid=b503daab0c6f4fc6fa439a2d8244a08c&exp=1785763807&sig=9de3b49a8b6e586131d1976ed0f4272a9cf8f28514b33dffae85f54df2e7f880
Diar_Indo,http://tv123.cc.cd/live.php?ch=508&sid=b503daab0c6f4fc6fa439a2d8244a08c&exp=1785763807&sig=2147f9d360e1aeb5a459f680bdafeaf2ae1e322c28e4bff790d272c67ccba810
中天娱乐 CTI Entertaiment,http://tv123.cc.cd/live.php?ch=511&sid=b503daab0c6f4fc6fa439a2d8244a08c&exp=1785763807&sig=63b4561bf83091ae3fae551e3f93b4f1de67ea460f8b5d727758bf2e171a2d9e
中天综合 CTI Metro,http://tv123.cc.cd/live.php?ch=512&sid=b503daab0c6f4fc6fa439a2d8244a08c&exp=1785763807&sig=89b03ed155bebf9d6f1af63903d4a5ab798c470c4daf64a844e6812c9d04a369
台视 TTV HD,http://tv123.cc.cd/live.php?ch=514&sid=b503daab0c6f4fc6fa439a2d8244a08c&exp=1785763807&sig=93a19ab99d364cafc4ce7e8ccfd304eccc9da4769ad65adb7eb50496198afcd9
华视 CTS HD,http://tv123.cc.cd/live.php?ch=519&sid=b503daab0c6f4fc6fa439a2d8244a08c&exp=1785763807&sig=54a5d5b49b9786cb37b46220118c1079516d361a08f7611c48e7dd6a77e2f70d
公视 CTV,http://tv123.cc.cd/live.php?ch=520&sid=b503daab0c6f4fc6fa439a2d8244a08c&exp=1785763807&sig=d73e00c52a34a5b8fcdf3c5b1b5896f048e61041f6582cf139cc7894fd9143a3
八大第一 GTV First,http://tv123.cc.cd/live.php?ch=521&sid=b503daab0c6f4fc6fa439a2d8244a08c&exp=1785763807&sig=04645fe7aac1a12d9692948e4f184cd3dfe3671015c3a1df6f91df96da767d0e
八大综合 GTV Metro,http://tv123.cc.cd/live.php?ch=522&sid=b503daab0c6f4fc6fa439a2d8244a08c&exp=1785763807&sig=781c45c1de8c07c39b45476d162e18827703d48da1ea41a1d891a27df4c73649
八大戏剧 GTV Drama,http://tv123.cc.cd/live.php?ch=523&sid=b503daab0c6f4fc6fa439a2d8244a08c&exp=1785763807&sig=e39bdf5e7822d6a3d9c6fd840c54ea81d17f65b80ecf7b6822beb6a827e32b06
八大娱乐 GTV Entertainment,http://tv123.cc.cd/live.php?ch=524&sid=b503daab0c6f4fc6fa439a2d8244a08c&exp=1785763807&sig=ce1595547f495aec8c60263ec96834b710db1a2dee7238b1442ec4545acbda89
HBO_HITS,http://tv123.cc.cd/live.php?ch=526&sid=b503daab0c6f4fc6fa439a2d8244a08c&exp=1785763807&sig=29308a79872b68c1c71b801fe80d2377021784f1fdb3de5502010216ff04b532
HBO Signature Taiwan,http://tv123.cc.cd/live.php?ch=527&sid=b503daab0c6f4fc6fa439a2d8244a08c&exp=1785763807&sig=c9014b46c1fb5e2c38d2daa301ee0ea6dae55971b9cadba0800afadf9f6fb1da
Hollywood Movies,http://tv123.cc.cd/live.php?ch=528&sid=b503daab0c6f4fc6fa439a2d8244a08c&exp=1785763807&sig=05a1f2eddac61a3a573f88e405b2d4882cc945c8d5b7a8b83b34abad137efea9
三立台湾 Sanli Taiwan,http://tv123.cc.cd/live.php?ch=529&sid=b503daab0c6f4fc6fa439a2d8244a08c&exp=1785763807&sig=414c9b2ed3e80754ff5583e4190f3e2d2b12837b491e53e48abc494f77655f37
三立戏剧台,http://tv123.cc.cd/live.php?ch=530&sid=b503daab0c6f4fc6fa439a2d8244a08c&exp=1785763807&sig=5118a3eba367cf6e4d4695c263b8b801c2f3836644d95ca7605f29befa342976
三立综合 Sanli Metro,http://tv123.cc.cd/live.php?ch=531&sid=b503daab0c6f4fc6fa439a2d8244a08c&exp=1785763807&sig=69dfbc77636e780116e2cbed6305a74144b002cb6e98f5a792f7770b0f9ae7d7
东森综合 ETTV Metro,http://tv123.cc.cd/live.php?ch=533&sid=b503daab0c6f4fc6fa439a2d8244a08c&exp=1785763807&sig=9fe4a83b151ab787a05e4a71e542ff56d2944dc422ea02ab747c984ac3c9e518
东森戏剧 ETTV Drama,http://tv123.cc.cd/live.php?ch=534&sid=b503daab0c6f4fc6fa439a2d8244a08c&exp=1785763807&sig=5682e156a51e1befc1e44458de2ac0a52bef9874abb8b874310151bdef03ff72
公视2,http://tv123.cc.cd/live.php?ch=535&sid=b503daab0c6f4fc6fa439a2d8244a08c&exp=1785763807&sig=0ca2bda4af8af811665dc841c71e5cddd7ee3ba89ccc311263f2a6d516b24a60
大爱1台,http://tv123.cc.cd/live.php?ch=536&sid=b503daab0c6f4fc6fa439a2d8244a08c&exp=1785763807&sig=b843ebdd0c5f4e6ed105c4aaec59028e2ad7c337291423bf2d6b2bf55cd7c27c
龙华戏剧 Lunghua Drama,http://tv123.cc.cd/live.php?ch=537&sid=b503daab0c6f4fc6fa439a2d8244a08c&exp=1785763807&sig=9ff67c035bae1d4984c406a55a0e8c2d3df372a487d7cbb52a5c12289e8f0015
AXN Taiwan,http://tv123.cc.cd/live.php?ch=540&sid=b503daab0c6f4fc6fa439a2d8244a08c&exp=1785763807&sig=59183a05be8204cc8761dba43412d2312fdfd229b9c50762017eb878eafdc779
靖天国际台,http://tv123.cc.cd/live.php?ch=541&sid=b503daab0c6f4fc6fa439a2d8244a08c&exp=1785763807&sig=3135e8997fd4999c49a863de23e9dcb20ff3811d2421b0dd266469fc8d4c7676
纬来日本台,http://tv123.cc.cd/live.php?ch=544&sid=b503daab0c6f4fc6fa439a2d8244a08c&exp=1785763807&sig=989233564388499746a6c5517e94c9f981af69f0be87717efb368e12cdd6c449
纬来综合台,http://tv123.cc.cd/live.php?ch=547&sid=b503daab0c6f4fc6fa439a2d8244a08c&exp=1785763807&sig=263dd8ef372309abaf0ca4963175b781e0194c7cc496765ea79e5e7d4d0b74f7
纬来育乐,http://tv123.cc.cd/live.php?ch=548&sid=b503daab0c6f4fc6fa439a2d8244a08c&exp=1785763807&sig=46b73f99ea2ada3fdb6419bac4c516a37e9c18a2d19305f1b0969a624d099071
纬来精彩,http://tv123.cc.cd/live.php?ch=549&sid=b503daab0c6f4fc6fa439a2d8244a08c&exp=1785763807&sig=18f715ca2599f3a33d9e75ee86b4c0d21d99a9fa77eba7f83c1f71ed41130026
好消息 2,http://tv123.cc.cd/live.php?ch=551&sid=b503daab0c6f4fc6fa439a2d8244a08c&exp=1785763807&sig=c1ddeebf26ff471f866cf7fe64ea9acd918c17eb7c72a12ae1a61d422b6fa85e
大爱2台,http://tv123.cc.cd/live.php?ch=552&sid=b503daab0c6f4fc6fa439a2d8244a08c&exp=1785763807&sig=8379cd0c27d00f620ea83c265a418e6052667ee81f8cf4f2b4942c1db523c9a8
亚洲美食,http://tv123.cc.cd/live.php?ch=553&sid=b503daab0c6f4fc6fa439a2d8244a08c&exp=1785763807&sig=658eb82d91556845ba7cf9627a23edc8f19a8866b9da24bde03ebb282002c4a0
亚洲旅游 TLC Asia,http://tv123.cc.cd/live.php?ch=554&sid=b503daab0c6f4fc6fa439a2d8244a08c&exp=1785763807&sig=51a93867ae8551de6a07e75334e5dc2fcd8f428b2827c14a9a14b3eb344c0cc7
东森电影 ETTV Movie,http://tv123.cc.cd/live.php?ch=555&sid=b503daab0c6f4fc6fa439a2d8244a08c&exp=1785763807&sig=aef63f9dfce503a486b148da47fff29002c4c9a03713a8317b498e392c8e5cc2
阿里郎 Arirang,http://tv123.cc.cd/live.php?ch=556&sid=b503daab0c6f4fc6fa439a2d8244a08c&exp=1785763807&sig=b2b2093663df67e99665284dee3e50eeb763d314178655365ea4621659e43fd6
博斯运动 1,http://tv123.cc.cd/live.php?ch=557&sid=b503daab0c6f4fc6fa439a2d8244a08c&exp=1785763807&sig=b19e09959e795a14aaedd2532a98cdd5cedfd70ffa2c08f810646cbdc2653283
博斯运动 2,http://tv123.cc.cd/live.php?ch=558&sid=b503daab0c6f4fc6fa439a2d8244a08c&exp=1785763807&sig=e1583215efe9b264353793483191cc6997d41103f0297cfadca532ffb988c09f
东森洋片 ETTV Western,http://tv123.cc.cd/live.php?ch=559&sid=b503daab0c6f4fc6fa439a2d8244a08c&exp=1785763807&sig=6120c8fe911ecf5bbc16c75b94c6b6360dcfd991598496ab54b0af42159606d7
龙华洋片 Lunghua Western,http://tv123.cc.cd/live.php?ch=560&sid=b503daab0c6f4fc6fa439a2d8244a08c&exp=1785763807&sig=171fde26fbaa2a7ad18384de756a351d9995464872c32c3bde79352e354a1198
博斯无限,http://tv123.cc.cd/live.php?ch=561&sid=b503daab0c6f4fc6fa439a2d8244a08c&exp=1785763807&sig=5260c228fa96c6e0e5214eb33886decc212fb56211dfa9a7b7aed5dfb0b50ce7
MTV Live,http://tv123.cc.cd/live.php?ch=562&sid=b503daab0c6f4fc6fa439a2d8244a08c&exp=1785763807&sig=28cf4997b3e0c5e36dda3891688a1c6f658ee1c1337b6085d55a3796aca11b80
EYETV 旅游,http://tv123.cc.cd/live.php?ch=564&sid=b503daab0c6f4fc6fa439a2d8244a08c&exp=1785763807&sig=c5b1db433ec8412a94830ae6ebc7217b85b09f88950a4fee2450d0a1d8d449bd
靖天卡通台,http://tv123.cc.cd/live.php?ch=565&sid=b503daab0c6f4fc6fa439a2d8244a08c&exp=1785763807&sig=aaf24e5d45991c8e7a4a7cae9f613961cd65ceb91013479ce7d1e279f55525aa
EYETV 戏剧,http://tv123.cc.cd/live.php?ch=566&sid=b503daab0c6f4fc6fa439a2d8244a08c&exp=1785763807&sig=fd07f38dd9267ac5fd12cf892224d30d06590ddc015891ac71dd0cc350ea162a
华艺中文台,http://tv123.cc.cd/live.php?ch=567&sid=b503daab0c6f4fc6fa439a2d8244a08c&exp=1785763807&sig=a9bc0a949718a13a13ef6b806ea4479d1b9545525857e702645d14569c59b4d7
东森幼幼 Yoyo TV,http://tv123.cc.cd/live.php?ch=568&sid=b503daab0c6f4fc6fa439a2d8244a08c&exp=1785763807&sig=2344164ae8a24426d11baaac4f2ac4beee34351003d78cd2ea861317ba8f5c57
爱尔达戏剧台,http://tv123.cc.cd/live.php?ch=570&sid=b503daab0c6f4fc6fa439a2d8244a08c&exp=1785763807&sig=eda224294b3e641236017b769970ac657f0ac624e82379a596db6df9be378893
TVBS News 新聞台,http://tv123.cc.cd/live.php?ch=571&sid=b503daab0c6f4fc6fa439a2d8244a08c&exp=1785763807&sig=68151e0b1607514803381d1ab86c7f87ebefdb49c1df7c554a2332dc0497a49e
Asia Food Network,http://tv123.cc.cd/live.php?ch=572&sid=b503daab0c6f4fc6fa439a2d8244a08c&exp=1785763807&sig=1af648b8004d1e52d948f1d893adf8229c30fd7df2cbd4c93667dc6d1cf45081
Elta体育1台,http://tv123.cc.cd/live.php?ch=573&sid=b503daab0c6f4fc6fa439a2d8244a08c&exp=1785763807&sig=8e222ad733eb15bc569aee2f6c426695b4fac5fcde34ad0e798ff10d0358e5d0
東森新聞 ETTV News,http://tv123.cc.cd/live.php?ch=574&sid=b503daab0c6f4fc6fa439a2d8244a08c&exp=1785763807&sig=eef1e6b010786320363576c88d80e6c8dca57b2dd47782867f96738784497bda
東森財經新聞 ETTV Business,http://tv123.cc.cd/live.php?ch=575&sid=b503daab0c6f4fc6fa439a2d8244a08c&exp=1785763807&sig=bdb8c2cf5bd8c0a68df5ca73505f83b5e10df93740924f85cba0e3252bde5365
中天新聞 CTI News,http://tv123.cc.cd/live.php?ch=576&sid=b503daab0c6f4fc6fa439a2d8244a08c&exp=1785763807&sig=562a0cf220c05df2accf54e362966971c5d1dcf2eb1712d6d8f4195907e6eb16
Elta體育2台,http://tv123.cc.cd/live.php?ch=578&sid=b503daab0c6f4fc6fa439a2d8244a08c&exp=1785763807&sig=86d70a5989ca5a613213c3d9190aa7b716380e8b9cbbae1b981d76acf2a7f430
台視新聞台 TTV News,http://tv123.cc.cd/live.php?ch=579&sid=b503daab0c6f4fc6fa439a2d8244a08c&exp=1785763807&sig=1e7100e80b7123631f0d2d75d8c30460d732f80f37cb2c53a166ca4de5cbba9a
Elta體育3台,http://tv123.cc.cd/live.php?ch=580&sid=b503daab0c6f4fc6fa439a2d8244a08c&exp=1785763807&sig=b411f18f5625d23c91db35873f58bf7fe52e3f2a9c613c138ff7a87dc2312586
Elta体育4台,http://tv123.cc.cd/live.php?ch=581&sid=b503daab0c6f4fc6fa439a2d8244a08c&exp=1785763807&sig=5c84c6dcc4303a7fa54beca3213fb9573b7a1af73359176b97cba867306ad706
民視新聞台 FTV News,http://tv123.cc.cd/live.php?ch=582&sid=b503daab0c6f4fc6fa439a2d8244a08c&exp=1785763807&sig=4d0a71ed6837dbf9159f905bee46355fca8ae0392063c4d5dd232e4008329ee9
博斯高球2 HD,http://tv123.cc.cd/live.php?ch=583&sid=b503daab0c6f4fc6fa439a2d8244a08c&exp=1785763807&sig=36e17046fbcbded8eda84d72b0252eaec60e1f828c5587308334d6d16865e411
博斯网球 HD,http://tv123.cc.cd/live.php?ch=584&sid=b503daab0c6f4fc6fa439a2d8244a08c&exp=1785763807&sig=64fb5a658101cca085bd55a8a88e4c10c2d0f2bbdea2ccbce11b3f2550f4b21b
探索频道,http://tv123.cc.cd/live.php?ch=587&sid=b503daab0c6f4fc6fa439a2d8244a08c&exp=1785763807&sig=ba80c561a2711bff111370e9a81694fff14b3b6b6685f2695a9b7de77574ae9c
DAZN 1,http://tv123.cc.cd/live.php?ch=588&sid=b503daab0c6f4fc6fa439a2d8244a08c&exp=1785763807&sig=f1145153ca20c0bb19f34f831e341ea60c12e88d9d093fe3ba0eb3452cf1e052
DAZN 2,http://tv123.cc.cd/live.php?ch=589&sid=b503daab0c6f4fc6fa439a2d8244a08c&exp=1785763807&sig=7fb5455118b588ad32a3ceb77daca1aad429d14e8090aff4065e5d00476e5c5d
Catchplay电影台,http://tv123.cc.cd/live.php?ch=590&sid=b503daab0c6f4fc6fa439a2d8244a08c&exp=1785763807&sig=06b1a59da24e67f4f76d2431ac03bba04f80f6e5755ab8c606a5f02da2076a56
动物星球,http://tv123.cc.cd/live.php?ch=591&sid=b503daab0c6f4fc6fa439a2d8244a08c&exp=1785763807&sig=01ed5cfedf5bfa88d0190618747120a17fbe55691c4e7efe21df822145b8b071
Sun TV HD,http://tv123.cc.cd/live.php?ch=592&sid=b503daab0c6f4fc6fa439a2d8244a08c&exp=1785763807&sig=ad68f3d247a87c66066335e59e22588f6bb9b6a564394e11e101e01f6e3e1c61
Star Vijay,http://tv123.cc.cd/live.php?ch=593&sid=b503daab0c6f4fc6fa439a2d8244a08c&exp=1785763807&sig=a7d493757c140e095d82f806538e8963795c6150fb27208fe956ec60bd959919
Colors Tamil,http://tv123.cc.cd/live.php?ch=594&sid=b503daab0c6f4fc6fa439a2d8244a08c&exp=1785763807&sig=591791a433ce263f646c689435b14267be1cba26aa25f91a62794055ffbe50d6
Sun Music,http://tv123.cc.cd/live.php?ch=595&sid=b503daab0c6f4fc6fa439a2d8244a08c&exp=1785763807&sig=019497aca70543930eb5cf06a7bbc260b88e0308cce94a921e212db9424a07f7
Astro Sunlife,http://tv123.cc.cd/live.php?ch=596&sid=b503daab0c6f4fc6fa439a2d8244a08c&exp=1785763807&sig=fdeb4f46250a021d6a067d5c085f267932b74e98c6e6d24d585fe1b2510dfd16
Astro Vaanavil,http://tv123.cc.cd/live.php?ch=597&sid=b503daab0c6f4fc6fa439a2d8244a08c&exp=1785763807&sig=150ab35333cf4659612045eac4247954857e305e2c56af11637d44db41bcac47
Zee Tamil,http://tv123.cc.cd/live.php?ch=598&sid=b503daab0c6f4fc6fa439a2d8244a08c&exp=1785763807&sig=ce8845d9852e336796f922e42366c6712542abe70309c987468d6fe4d48959a3
Zee Business,http://tv123.cc.cd/live.php?ch=599&sid=b503daab0c6f4fc6fa439a2d8244a08c&exp=1785763807&sig=f52ce5167b17089fa4f3db67d81a7c7530ef379a9f258f736a3a3d96a9c1b1d4
News 18 Tamil,http://tv123.cc.cd/live.php?ch=600&sid=b503daab0c6f4fc6fa439a2d8244a08c&exp=1785763807&sig=2941c75c48add2bb8983a85bfd44967878bb7c068d6e797858e4d807a562e75e
Adithya,http://tv123.cc.cd/live.php?ch=601&sid=b503daab0c6f4fc6fa439a2d8244a08c&exp=1785763807&sig=6906d5cadd003ba6ec2f2559a33799c7901f82adce6e12403045db5fda9a5839
Makkal TV,http://tv123.cc.cd/live.php?ch=602&sid=b503daab0c6f4fc6fa439a2d8244a08c&exp=1785763807&sig=e07a743498d36ed64a5a0cd82db0c22d966ff2f1f860c402941ff7d10e76ba3f
Zee Action,http://tv123.cc.cd/live.php?ch=603&sid=b503daab0c6f4fc6fa439a2d8244a08c&exp=1785763807&sig=972bb45de1329d27b9fd5e1721e0abe94196e7880ffe55cdfb4bb22467b76bdb
Astro KTV,http://tv123.cc.cd/live.php?ch=604&sid=b503daab0c6f4fc6fa439a2d8244a08c&exp=1785763807&sig=fcc11fabba6e8c1f5c76f52dd9ab288c0402c96d30d6dacb9361b7a7afc76f84
Zee TV HD,http://tv123.cc.cd/live.php?ch=605&sid=b503daab0c6f4fc6fa439a2d8244a08c&exp=1785763807&sig=5bdcd3033828c66185c1451376504e7a98da2e216c5fb11639135f640fc8ce47
Zee Cinema HD,http://tv123.cc.cd/live.php?ch=606&sid=b503daab0c6f4fc6fa439a2d8244a08c&exp=1785763807&sig=0438262b3101033d431a41eaf0927f5d5533331c6a1227f2fc8c0b1c877606d5
Color HD,http://tv123.cc.cd/live.php?ch=607&sid=b503daab0c6f4fc6fa439a2d8244a08c&exp=1785763807&sig=bb2d5568c7e15ea2e2f4e1862ba0cf9768d67a1053a8074a11368c24bf59871d
Starplus HD,http://tv123.cc.cd/live.php?ch=608&sid=b503daab0c6f4fc6fa439a2d8244a08c&exp=1785763807&sig=1de8bc83129f2ce48b33f51eb2a1e85873ed4bc9e7efb3c5347bce4f01776132
Picture HD,http://tv123.cc.cd/live.php?ch=609&sid=b503daab0c6f4fc6fa439a2d8244a08c&exp=1785763807&sig=28f5ed31314274a92d7ab93d29730f27815a7d573f798813337d02eb3f5ed259
Zee News,http://tv123.cc.cd/live.php?ch=610&sid=b503daab0c6f4fc6fa439a2d8244a08c&exp=1785763807&sig=f9c1a8f2b5f0c60ca115c2f77df66d2097088ec38405049661059a095816e06b
Asianet,http://tv123.cc.cd/live.php?ch=611&sid=b503daab0c6f4fc6fa439a2d8244a08c&exp=1785763807&sig=85753a3137fcccf84661e83213552dc8f26ab2ab4f70bfe970c82ddf8352148f
Asianet News,http://tv123.cc.cd/live.php?ch=612&sid=b503daab0c6f4fc6fa439a2d8244a08c&exp=1785763807&sig=ff6a450d73e4af48e50fb270b6ec943a62f702cc88abac8451ee5f9cdcba3bd7
Discovery World Tamil,http://tv123.cc.cd/live.php?ch=613&sid=b503daab0c6f4fc6fa439a2d8244a08c&exp=1785763807&sig=0f36d3e3a0f241a4b93a909b66e93e390a8e4af37c85f4acdf927b202bd72a87
History Tamil,http://tv123.cc.cd/live.php?ch=614&sid=b503daab0c6f4fc6fa439a2d8244a08c&exp=1785763807&sig=9b1d31b1f6c46640339217770aa16ca0e4c9e65c5d32709d64a68144eca48fe3
NatGeo Tamil,http://tv123.cc.cd/live.php?ch=615&sid=b503daab0c6f4fc6fa439a2d8244a08c&exp=1785763807&sig=e4f313c03dcb4657007839569ed85237cc844746f7652f3fac2181d314292e8f
Natgeo Wild Tamil,http://tv123.cc.cd/live.php?ch=616&sid=b503daab0c6f4fc6fa439a2d8244a08c&exp=1785763807&sig=a907f7f7ac359ed02700ba9f05ba7b7842cdb54a729b77dbe1d59eef58e9b966
Discovery Kids Tamil,http://tv123.cc.cd/live.php?ch=617&sid=b503daab0c6f4fc6fa439a2d8244a08c&exp=1785763807&sig=a6ce6568db81de8c9e5bde479fdf1ed95371a59e10cc9cf9809195f065992f45
Sony Yay Tamil,http://tv123.cc.cd/live.php?ch=618&sid=b503daab0c6f4fc6fa439a2d8244a08c&exp=1785763807&sig=8de472571795a74d3220c406bf037ef0b0366ad982672ef799d9e0b20b86f6a1
Sun TV India,http://tv123.cc.cd/live.php?ch=619&sid=b503daab0c6f4fc6fa439a2d8244a08c&exp=1785763807&sig=7b4253f6d439aeffab98ff10592eb5e003f01d0aab6978c0f0734adf7422634b
Starmaa HD,http://tv123.cc.cd/live.php?ch=620&sid=b503daab0c6f4fc6fa439a2d8244a08c&exp=1785763807&sig=c061fcbb6ae66848bcbd546e4fda279cfcd108394c3c2035b71b9599811f835c
Starmaa Movies HD,http://tv123.cc.cd/live.php?ch=621&sid=b503daab0c6f4fc6fa439a2d8244a08c&exp=1785763807&sig=3c99cd10152cc4c18a92285ecb08ceb0738eb7d860de874c9ebf5df010f7c4ea
Vijay Super,http://tv123.cc.cd/live.php?ch=622&sid=b503daab0c6f4fc6fa439a2d8244a08c&exp=1785763807&sig=8ac0d3097b55f47079ec14aba164df5ea039519099e96e43b4c82a70db19c90a
Bollyone,http://tv123.cc.cd/live.php?ch=623&sid=b503daab0c6f4fc6fa439a2d8244a08c&exp=1785763807&sig=1c9e9ce26e97c8974d90b84e61357f1db2f39701f44310c0a868544289450925
Astro Sunmusic,http://tv123.cc.cd/live.php?ch=624&sid=b503daab0c6f4fc6fa439a2d8244a08c&exp=1785763807&sig=ea4468b06ef968e5c2e2bb6aed8ea78d2a842bfd9597c13adbdbda9501d28fb7
Thangathirai,http://tv123.cc.cd/live.php?ch=625&sid=b503daab0c6f4fc6fa439a2d8244a08c&exp=1785763807&sig=10b6be3f116ad1910c91d810be9dc934c30e224dfe27e7649f847b8f20c76d47
Vinmeen,http://tv123.cc.cd/live.php?ch=626&sid=b503daab0c6f4fc6fa439a2d8244a08c&exp=1785763807&sig=e76f810bb90424a12eec3c9f05d557d818432e656692df53a08e82ddb027fe13
Vellithirai,http://tv123.cc.cd/live.php?ch=627&sid=b503daab0c6f4fc6fa439a2d8244a08c&exp=1785763807&sig=033fa8470874f9b9a34a752445fa73b3dfd6312f187e283c5b22a79f84dce2bf
Sony Pictures HD,http://tv123.cc.cd/live.php?ch=628&sid=b503daab0c6f4fc6fa439a2d8244a08c&exp=1785763807&sig=e4cdcc74637c3d0745d81fd424668d9533fe07daa9161d7fe343d11c409cbac7
Channel 3 Thailand,http://tv123.cc.cd/live.php?ch=629&sid=b503daab0c6f4fc6fa439a2d8244a08c&exp=1785763807&sig=6513e76abad46261c59e8dc5ae5dac6d6cb17dd6dcd43c1c1735e3b0f97cecba
Channel 5 Thailand,http://tv123.cc.cd/live.php?ch=630&sid=b503daab0c6f4fc6fa439a2d8244a08c&exp=1785763807&sig=e7618ef2f372c07a588d7317d14899268e7bb64a566c55dfa4810d7cc30d9a7d
Channel 7 Thailand,http://tv123.cc.cd/live.php?ch=631&sid=b503daab0c6f4fc6fa439a2d8244a08c&exp=1785763807&sig=0d2c459fabb101000216fde766176bf07342b95197f5de904d60ca69f74806e2
MCOT HD Thailand-1,http://tv123.cc.cd/live.php?ch=632&sid=b503daab0c6f4fc6fa439a2d8244a08c&exp=1785763807&sig=3aa24d6a67174b3ece3bee412d2680a94c316cf61eeef000ff643c4dd6157d6e
PPTV Thailand1,http://tv123.cc.cd/live.php?ch=633&sid=b503daab0c6f4fc6fa439a2d8244a08c&exp=1785763807&sig=936c7b542702e51914b49c5fdee104248f16e4a44ff8a93afa923b93ce2a7302
Thai Thai,http://tv123.cc.cd/live.php?ch=634&sid=b503daab0c6f4fc6fa439a2d8244a08c&exp=1785763807&sig=aa70be8e97c82d0a30e4127a8c26cf9a4d30e02bb87dbd05e66c826eb72e28ca
Amarin,http://tv123.cc.cd/live.php?ch=635&sid=b503daab0c6f4fc6fa439a2d8244a08c&exp=1785763807&sig=602ea6600e8342aead64ee02efdfe23877875457062a7fc2473ca4c450af4154
Ch 8,http://tv123.cc.cd/live.php?ch=636&sid=b503daab0c6f4fc6fa439a2d8244a08c&exp=1785763807&sig=142c61f6889c045d1417e5cb6f3977b22afdbd42bea9beff84c9c1af896c5f99
GmmOne,http://tv123.cc.cd/live.php?ch=637&sid=b503daab0c6f4fc6fa439a2d8244a08c&exp=1785763807&sig=540a8f3b454139d5ed6e11d5cf553e78a1f48f2e6ec85606cdef3efddde54f0f
Mono,http://tv123.cc.cd/live.php?ch=638&sid=b503daab0c6f4fc6fa439a2d8244a08c&exp=1785763807&sig=b9f8646fb4c4603d8e05373b80c36196b12c7c937c5692346f587e1453c79c04
Thairath,http://tv123.cc.cd/live.php?ch=639&sid=b503daab0c6f4fc6fa439a2d8244a08c&exp=1785763807&sig=99621c6ca526247a87d29e5a57910ced51512105a89cf8ee8b861b88a46adeea
tpbs,http://tv123.cc.cd/live.php?ch=640&sid=b503daab0c6f4fc6fa439a2d8244a08c&exp=1785763807&sig=7ca5a608587deda3c236882ca4c994b22c88253d249a90b6d94acf050ab6e942
Workpoint,http://tv123.cc.cd/live.php?ch=641&sid=b503daab0c6f4fc6fa439a2d8244a08c&exp=1785763807&sig=4005fa92d1695616b0c4d0ba44f488eb5356508f7eaae41d516075c852108d7e
Gmm Channel,http://tv123.cc.cd/live.php?ch=642&sid=b503daab0c6f4fc6fa439a2d8244a08c&exp=1785763807&sig=85b56049f0e5b5d08d6f797d3d8b8cac59bb0a02dc82ced823c8f72a796ceb1b
Nation,http://tv123.cc.cd/live.php?ch=643&sid=b503daab0c6f4fc6fa439a2d8244a08c&exp=1785763807&sig=d28f3d5a820ed36268ceb014e4213bf00979b3fe3b16057826df968fd23c4b66
Tnn24,http://tv123.cc.cd/live.php?ch=644&sid=b503daab0c6f4fc6fa439a2d8244a08c&exp=1785763807&sig=c53a25a8ede205286efd5aa5b5f86b184544e33104652238fc6727d95e316b47
Nbt,http://tv123.cc.cd/live.php?ch=645&sid=b503daab0c6f4fc6fa439a2d8244a08c&exp=1785763807&sig=def426c50c6ab7bb67c5c2f8d40d406a43aefac5715331cfe7de82cd3898c44c
New,http://tv123.cc.cd/live.php?ch=646&sid=b503daab0c6f4fc6fa439a2d8244a08c&exp=1785763807&sig=1c0cedabc81a2109ae78414e25a0088385630163e139fddc3a87e86d77ad70a0
TPTV,http://tv123.cc.cd/live.php?ch=647&sid=b503daab0c6f4fc6fa439a2d8244a08c&exp=1785763807&sig=70687b8afe12c54e7dbcf910b51f919ef69b39139a589931c4c571e64e96ab8c
Test 1,http://tv123.cc.cd/live.php?ch=648&sid=b503daab0c6f4fc6fa439a2d8244a08c&exp=1785763807&sig=15b73ca7ad11a1eba93ca537c87dd90f7953228cab1a6c2b8de3a52ba49f16f3
Test 2,http://tv123.cc.cd/live.php?ch=649&sid=b503daab0c6f4fc6fa439a2d8244a08c&exp=1785763807&sig=38dcbf20458173c375e658a99512150a13f24216b12823865dbe974e422bb707
Test 3,http://tv123.cc.cd/live.php?ch=650&sid=b503daab0c6f4fc6fa439a2d8244a08c&exp=1785763807&sig=466cf1873bbd0e099017cc3e692560cc80b7cd6359e86347383ffeb5546d2654
Test 4,http://tv123.cc.cd/live.php?ch=651&sid=b503daab0c6f4fc6fa439a2d8244a08c&exp=1785763807&sig=595d4ca3fcbb31057f25f9e1908a4259aa42f3c1cef585c2e87e9bb5753edd6b
Test 5,http://tv123.cc.cd/live.php?ch=652&sid=b503daab0c6f4fc6fa439a2d8244a08c&exp=1785763807&sig=14377dd6981f8a56f1597c7ad3ac734be7a86e522da4b50a05da2e8622bd5414
Global Trekker,#KODIPROP:inputstream.adaptive.manifest_type=mpd
FashionBox,#KODIPROP:inputstream.adaptive.manifest_type=mpd
Mezzo Live HD,#KODIPROP:inputstream.adaptive.manifest_type=mpd
NHK World-Japan,#KODIPROP:inputstream.adaptive.manifest_type=mpd
Arirang TV,#KODIPROP:inputstream.adaptive.manifest_type=mpd
myTV SUPER 直播足球2台,#KODIPROP:inputstream.adaptive.manifest_type=mpd
myTV SUPER 直播足球5台,#KODIPROP:inputstream.adaptive.manifest_type=mpd
myTV SUPER 直播足球6台,#KODIPROP:inputstream.adaptive.manifest_type=mpd
myTV SUPER 直播足球7台,#KODIPROP:inputstream.adaptive.manifest_type=mpd
SUPER 單元劇,#KODIPROP:inputstream.adaptive.manifest_type=mpd
真情SUPER煲,#KODIPROP:inputstream.adaptive.manifest_type=mpd
中央電視台 中文國際頻道,#KODIPROP:inputstream.adaptive.manifest_type=mpd
中央電視台 娛樂頻道,#KODIPROP:inputstream.adaptive.manifest_type=mpd
中央電視台 戲曲頻道,#KODIPROP:inputstream.adaptive.manifest_type=mpd
CGTN 記錄頻道,#KODIPROP:inputstream.adaptive.manifest_type=mpd
Action Hollywood Movies,http://tv123.cc.cd/live.php?ch=731&sid=b503daab0c6f4fc6fa439a2d8244a08c&exp=1785763807&sig=ed6df96b7a0efec438d1e3adac69fadb3eef947e5a60296a4814ee0b8cb74a40
Rialto Classic Movies (RCM),http://tv123.cc.cd/live.php?ch=732&sid=b503daab0c6f4fc6fa439a2d8244a08c&exp=1785763807&sig=8a2e2d1d9d6d9780f841d19423a626beb24d861724af46d77d74c6490b3a293b
TRACE Sport Stars,http://tv123.cc.cd/live.php?ch=734&sid=b503daab0c6f4fc6fa439a2d8244a08c&exp=1785763807&sig=db2aba8fd1a83b1028cd96c8635e75f591123498c5400a5fba651fa28c051846
Pet Club TV,http://tv123.cc.cd/live.php?ch=736&sid=b503daab0c6f4fc6fa439a2d8244a08c&exp=1785763807&sig=85a617f85d12acfa02b284fa885969a8280c97b79c3cb2dcb95aabc6e0ebd973
Globetrotter,http://tv123.cc.cd/live.php?ch=737&sid=b503daab0c6f4fc6fa439a2d8244a08c&exp=1785763807&sig=2d0be5be027af7b201d1d48bde1462359d283b7ad86189d6c2d8f8c63ac4926b
Docsville,http://tv123.cc.cd/live.php?ch=738&sid=b503daab0c6f4fc6fa439a2d8244a08c&exp=1785763807&sig=8cfa0e6b8fde464244cbef7869c43c27e20699d56c363a55ee296483e6552368
Pulse Documentaries,http://tv123.cc.cd/live.php?ch=739&sid=b503daab0c6f4fc6fa439a2d8244a08c&exp=1785763807&sig=babadb5b68abd3fed1d77e4593d7a9f06bee63dc67a931ace495504c6304b146
Concerto,http://tv123.cc.cd/live.php?ch=744&sid=b503daab0c6f4fc6fa439a2d8244a08c&exp=1785763807&sig=d2a915b3acefadd13fbfbe615e85c310d12aea83dbaacd11fe7303c06602d5ec
FashionTV FR,http://tv123.cc.cd/live.php?ch=745&sid=b503daab0c6f4fc6fa439a2d8244a08c&exp=1785763807&sig=d961ef032135897bb24fc10c06dd0ad98f5eabf2d68934c9d0f6fd6bc76cb563
CTV @ Home CA,http://tv123.cc.cd/live.php?ch=746&sid=b503daab0c6f4fc6fa439a2d8244a08c&exp=1785763807&sig=170d85023743cd11a543781c37fb5eac14f10515841c0e7fa98f1a93f3f34b1f
NBC LX Home,http://tv123.cc.cd/live.php?ch=747&sid=b503daab0c6f4fc6fa439a2d8244a08c&exp=1785763807&sig=1892d8d0397f1fa0fec971e11fa4cd9b909c5ca6610e53667e12668e7df5cbcf
BBC Home & Garden,http://tv123.cc.cd/live.php?ch=748&sid=b503daab0c6f4fc6fa439a2d8244a08c&exp=1785763807&sig=36e5ae094cf193522094dc349e40ec3d89a6cbcccdec45ee0005533b6484cbb9
BBC Food,http://tv123.cc.cd/live.php?ch=749&sid=b503daab0c6f4fc6fa439a2d8244a08c&exp=1785763807&sig=a2ad5da2d5d993b68ff448ae085e0221dbe105c4ecaa3977af6e65662b8dfa8d
PBS Antiques Roadshow,http://tv123.cc.cd/live.php?ch=750&sid=b503daab0c6f4fc6fa439a2d8244a08c&exp=1785763807&sig=8b5ca1ef9340f4c9f4ceb453304aef8a05f17bb44dbd43e4cf69864367dfb43a
PBS Travel,http://tv123.cc.cd/live.php?ch=751&sid=b503daab0c6f4fc6fa439a2d8244a08c&exp=1785763807&sig=c4d04a7542087b480c08730908b4ddcf447c9724a11673f0f468959256afb4e0
PBS Food,http://tv123.cc.cd/live.php?ch=752&sid=b503daab0c6f4fc6fa439a2d8244a08c&exp=1785763807&sig=38ab44556388fe7007d46a70389ec2f5d11304db02962eb9d1af926a15bb95f1
Tastemade Travel,http://tv123.cc.cd/live.php?ch=753&sid=b503daab0c6f4fc6fa439a2d8244a08c&exp=1785763807&sig=0600fb2b1a7a44f7565c984ccb62f59159fb0646109e6549ff91d470943cfc41
Tastemade Home,http://tv123.cc.cd/live.php?ch=754&sid=b503daab0c6f4fc6fa439a2d8244a08c&exp=1785763807&sig=53537c6eaafd9d4033337684ff23b3d2a1b6417128659c72a4c044b9299bc1d1
Discovery Turbo TV,http://tv123.cc.cd/live.php?ch=756&sid=b503daab0c6f4fc6fa439a2d8244a08c&exp=1785763807&sig=4eb1d43d338fd723ba991013dc557649aa2ab4c5ec5256baf5935d23c7ad8f2c
Sweet Escapes,http://tv123.cc.cd/live.php?ch=757&sid=b503daab0c6f4fc6fa439a2d8244a08c&exp=1785763807&sig=f8588a2f7e5f0d46be374c901ecdd00f467469bb666595f57789d6754c2d5db2
CTV Gridlock CA,http://tv123.cc.cd/live.php?ch=758&sid=b503daab0c6f4fc6fa439a2d8244a08c&exp=1785763807&sig=6987ad7da21c6506d45f8bba86b43fb7b29ed7466fed54c37e85d3b6c41d94a3
A&E Crime 360 CA,http://tv123.cc.cd/live.php?ch=759&sid=b503daab0c6f4fc6fa439a2d8244a08c&exp=1785763807&sig=a9ca0cab1a7b83ab60b05b6c9e8956872d038830f4c45b2c0983237c2f89cadf
BBC Earth,http://tv123.cc.cd/live.php?ch=760&sid=b503daab0c6f4fc6fa439a2d8244a08c&exp=1785763807&sig=b36308adc596dbfee78d214412bcc7b251420191a7557853112f31a04ba77641
Documentary+,http://tv123.cc.cd/live.php?ch=761&sid=b503daab0c6f4fc6fa439a2d8244a08c&exp=1785763807&sig=39f13f51f1e3cb1b1e32594a2c7cab1319dadebae84a0114582839fdee8d9903
Haunt TV,http://tv123.cc.cd/live.php?ch=762&sid=b503daab0c6f4fc6fa439a2d8244a08c&exp=1785763807&sig=15fb36f5cd9671b8aac01f9b201d1dfb0d568c0773ada5508bca420f1921f806
FilmRise Forensic Files,http://tv123.cc.cd/live.php?ch=763&sid=b503daab0c6f4fc6fa439a2d8244a08c&exp=1785763807&sig=1403a5b444d8a2699f237d573457fafc86447593ceff26499bc1c334816d7527
FilmRise Mysteries,http://tv123.cc.cd/live.php?ch=764&sid=b503daab0c6f4fc6fa439a2d8244a08c&exp=1785763807&sig=83bb1b4efb023c87023176c1b74d396331f1fad28597947bd0cfabba8b5629ef
FilmRise True Crime,http://tv123.cc.cd/live.php?ch=765&sid=b503daab0c6f4fc6fa439a2d8244a08c&exp=1785763807&sig=c2bd71c478ef0b5aded4d74d3985da62ff017ce7172b942584aef23655f2fcb7
MagellanTV Wildest,http://tv123.cc.cd/live.php?ch=766&sid=b503daab0c6f4fc6fa439a2d8244a08c&exp=1785763807&sig=fb57219b6bf74d888494fdc9a8bbc98bbab29f1531cb2cb6c21bea8fac558237
How To,http://tv123.cc.cd/live.php?ch=767&sid=b503daab0c6f4fc6fa439a2d8244a08c&exp=1785763807&sig=98def810e78f312c2e9bc5a448316bac94643bd4662b3b95da02d0a8be9148fa
CNN Originals,http://tv123.cc.cd/live.php?ch=769&sid=b503daab0c6f4fc6fa439a2d8244a08c&exp=1785763807&sig=fc3a40ee48b12dfcbaa9876f654f3f6522ea473eafaba18676ef71d64def39e0
Nature Moments,http://tv123.cc.cd/live.php?ch=770&sid=b503daab0c6f4fc6fa439a2d8244a08c&exp=1785763807&sig=90355f26f890e3d2107833110c14ca33f4a7f5cc8e0e478a658eb3ac909fe6c7
PBS Genealogy,http://tv123.cc.cd/live.php?ch=771&sid=b503daab0c6f4fc6fa439a2d8244a08c&exp=1785763807&sig=7678b6341d06bb2b588ab52022e33cb657ec9411deb8f7d4aecd97ba95f34355
PBS Nature,http://tv123.cc.cd/live.php?ch=772&sid=b503daab0c6f4fc6fa439a2d8244a08c&exp=1785763807&sig=32f51f51aa075d165ca078672b1f12dc56712224187bdde1e5a5e1cf27059335
REELZ Famous & Infamous,http://tv123.cc.cd/live.php?ch=773&sid=b503daab0c6f4fc6fa439a2d8244a08c&exp=1785763807&sig=c7df85d2713bd44254097ab27d0a82112d2182268af73e30bcb0214babb0e965
Smithsonian Channel Selects,http://tv123.cc.cd/live.php?ch=774&sid=b503daab0c6f4fc6fa439a2d8244a08c&exp=1785763807&sig=2347cb94a670b0a8b6e74ce8544d0f64c081d591af4c1c1bc3df5aa7666fd466
Military Heroes,http://tv123.cc.cd/live.php?ch=775&sid=b503daab0c6f4fc6fa439a2d8244a08c&exp=1785763807&sig=16722960c22b6ae5e64c500cea22d1c646412f22527fca4e2e4d85e00f7a53bb
Mountain Men,http://tv123.cc.cd/live.php?ch=776&sid=b503daab0c6f4fc6fa439a2d8244a08c&exp=1785763807&sig=fdb211ebdd6ecde3062726acfc5ba45d5070b2f3cc72ef19a60832e4541325aa
Swamp People,http://tv123.cc.cd/live.php?ch=777&sid=b503daab0c6f4fc6fa439a2d8244a08c&exp=1785763807&sig=69dcf20538b8407e23736b2b7012b03832da8bcf17295a56052fbf795804b125
Mysterious Worlds,http://tv123.cc.cd/live.php?ch=778&sid=b503daab0c6f4fc6fa439a2d8244a08c&exp=1785763807&sig=fd18693e9e909864a0bc585b443aaa7bb6f9aefeca0218e05ef44556c776a8e4
PBS History,http://tv123.cc.cd/live.php?ch=779&sid=b503daab0c6f4fc6fa439a2d8244a08c&exp=1785763807&sig=7f5706bee7b83dfb999b3bb53a9d56f17cd141b99ea774cf4a7453ea7f50990f
PBS Science,http://tv123.cc.cd/live.php?ch=780&sid=b503daab0c6f4fc6fa439a2d8244a08c&exp=1785763807&sig=86a73e1e76f8901fb5c78e8b266296741aa51c92eb959b64a825e662ac0b361a
Space & Beyond,http://tv123.cc.cd/live.php?ch=781&sid=b503daab0c6f4fc6fa439a2d8244a08c&exp=1785763807&sig=4d63bd48bf03cac90cbd94fac4e0c1e31ea2d3b3f90989b778c842797f977da2
Welcome Home,http://tv123.cc.cd/live.php?ch=782&sid=b503daab0c6f4fc6fa439a2d8244a08c&exp=1785763807&sig=a5c003f09e654ea810e0baccd309773d7f94d794fe61c1fc10aa4b1dde9173ca
BBC History DE,http://tv123.cc.cd/live.php?ch=783&sid=b503daab0c6f4fc6fa439a2d8244a08c&exp=1785763807&sig=d8c34a2238d97f3e2d5ff0e312e724a0ff5ceb72fc7d3b41349ee17096b811da
BritBox Mysteries UK,http://tv123.cc.cd/live.php?ch=784&sid=b503daab0c6f4fc6fa439a2d8244a08c&exp=1785763807&sig=b7babb34372518110770fef074a39367119cda5351ea009e58c760cdf4832805
Sony One FAVES UK,http://tv123.cc.cd/live.php?ch=785&sid=b503daab0c6f4fc6fa439a2d8244a08c&exp=1785763807&sig=0872d45585a99437d39a4dd9e5666a869ec7226e6c62092b1570947cdcf4fcfa
Sony One Thriller TV UK,http://tv123.cc.cd/live.php?ch=786&sid=b503daab0c6f4fc6fa439a2d8244a08c&exp=1785763807&sig=dcb89abcf70249f89b7f8221d1b2dd342629be4ad98d2a1194f25161045441a1
Sony One Comedy TV UK,http://tv123.cc.cd/live.php?ch=787&sid=b503daab0c6f4fc6fa439a2d8244a08c&exp=1785763807&sig=012e79f4ba73e63bbc9602d5ee604f6eb48cf0bc1782b42da29c7236936c91a4
Sony One Comedy HITS UK,http://tv123.cc.cd/live.php?ch=788&sid=b503daab0c6f4fc6fa439a2d8244a08c&exp=1785763807&sig=17955bb8f7508dba511443a89144b4be0a5a463a5aae5854323ca6f5e0e63faa
Sony One Action HITS UK,http://tv123.cc.cd/live.php?ch=789&sid=b503daab0c6f4fc6fa439a2d8244a08c&exp=1785763807&sig=a7562bc80ed00135791985723958c5a81a2ac1d00f1bc844af598eed0507d7a2
BBC Comedy,http://tv123.cc.cd/live.php?ch=790&sid=b503daab0c6f4fc6fa439a2d8244a08c&exp=1785763807&sig=290bbec17ee0d7dc333fee0f3045afbd9baf08519f098d08113f9be087d84d1e
BBC Drama,http://tv123.cc.cd/live.php?ch=791&sid=b503daab0c6f4fc6fa439a2d8244a08c&exp=1785763807&sig=2f4d5d11de34a81f3550f97fc231e035330930e628e323f7e7428162bb12fabe
MGM Present Horror,http://tv123.cc.cd/live.php?ch=792&sid=b503daab0c6f4fc6fa439a2d8244a08c&exp=1785763807&sig=e98de6324ebaff84f5b269b53cbd51102ea26d99120cfece75142a0e1711ddb8
MGM Present Westerns,http://tv123.cc.cd/live.php?ch=793&sid=b503daab0c6f4fc6fa439a2d8244a08c&exp=1785763807&sig=f5f4c619b7c00b26827125fa51148ba64545ef3cb640a84e0eeeca7346bfd912
MGM Present Action,http://tv123.cc.cd/live.php?ch=794&sid=b503daab0c6f4fc6fa439a2d8244a08c&exp=1785763807&sig=f1da326b4d4ef2ad513ee7da974ee004a376678c3bb53dc74364c300857a0f09
MGM Present,http://tv123.cc.cd/live.php?ch=795&sid=b503daab0c6f4fc6fa439a2d8244a08c&exp=1785763807&sig=b1d5531e06ca35634d3fd41fb495ea3fcab9eaf359b418db32dc49f0192e14f2
El Rey Rebel,http://tv123.cc.cd/live.php?ch=796&sid=b503daab0c6f4fc6fa439a2d8244a08c&exp=1785763807&sig=11d93d3fcf3a9b2c6c3825ebaf2a040777ff4898df4a5acde1ad38699b51ce82
CINEVAULT: Westerns,http://tv123.cc.cd/live.php?ch=797&sid=b503daab0c6f4fc6fa439a2d8244a08c&exp=1785763807&sig=07f7ca921721312d780160a6ef9fdc8c4403846244bd779b0b2a58bac8354ec5
CINEVAULT: Classics,http://tv123.cc.cd/live.php?ch=798&sid=b503daab0c6f4fc6fa439a2d8244a08c&exp=1785763807&sig=903d68db96458855ca1267d4d3b4d0fb259fa7b56a02e5b3b35abc5729861f89
CINEVAULT,http://tv123.cc.cd/live.php?ch=799&sid=b503daab0c6f4fc6fa439a2d8244a08c&exp=1785763807&sig=c0e2406f63a1fc4d9fdbe527a0e86e6282e45d562db0f04f6261ed781672e179
FilmRise Drama,http://tv123.cc.cd/live.php?ch=800&sid=b503daab0c6f4fc6fa439a2d8244a08c&exp=1785763807&sig=4ebb38cfe4c97b780b9c680e524840fe8f8c999d674cd26b5cc0a40061ee6fb7
FilmRise Comedy,http://tv123.cc.cd/live.php?ch=801&sid=b503daab0c6f4fc6fa439a2d8244a08c&exp=1785763807&sig=c4a18a23579391d3fb79ed55c94d4f5b903e28cb14f94c776528b094c2536906
FilmRise Horror,http://tv123.cc.cd/live.php?ch=802&sid=b503daab0c6f4fc6fa439a2d8244a08c&exp=1785763807&sig=34051543cd06f1607af3ae93334f5b598c9e0af1c88c32a5e97aec4fceee8e8c
FilmRise Sci-Fi,http://tv123.cc.cd/live.php?ch=803&sid=b503daab0c6f4fc6fa439a2d8244a08c&exp=1785763807&sig=bae1542fa9c5b939bf6d98ae2ab28658911b7664595fb67beae36625134d6650
FilmRise Black TV,http://tv123.cc.cd/live.php?ch=804&sid=b503daab0c6f4fc6fa439a2d8244a08c&exp=1785763807&sig=f29739a7ad72fc2aed9ead8410e6497e077c26fc0ec31407cf31fc274bb676e0
FilmRise British TV,http://tv123.cc.cd/live.php?ch=805&sid=b503daab0c6f4fc6fa439a2d8244a08c&exp=1785763807&sig=36bedf0c50fb95358d7014c3df1928dd8ed2a45e54776c8b433a53a196b9e313
FilmRise Classic TV,http://tv123.cc.cd/live.php?ch=806&sid=b503daab0c6f4fc6fa439a2d8244a08c&exp=1785763807&sig=bb19a4435213b580341c5cfe606289bb52ac0bce1c0d8266887084eb17b4aea3
FilmRise Western,http://tv123.cc.cd/live.php?ch=807&sid=b503daab0c6f4fc6fa439a2d8244a08c&exp=1785763807&sig=3f50c9bc7c3864ca2f904d36a0279a74e885bfe4596135b8f4147644a4bc0a64
FilmRise Free Movies,http://tv123.cc.cd/live.php?ch=808&sid=b503daab0c6f4fc6fa439a2d8244a08c&exp=1785763807&sig=b93d9aa8b8fe5591bfa9b1a31feca28513d9a0d80adaa050f24cec58ae904f2b
FilmRise Action,http://tv123.cc.cd/live.php?ch=809&sid=b503daab0c6f4fc6fa439a2d8244a08c&exp=1785763807&sig=5d44505f6f46ea205d1e7abc92bf1cebf0b60e92eaf2aca2b544bbd0ae90c4ac
Universal Crime,http://tv123.cc.cd/live.php?ch=810&sid=b503daab0c6f4fc6fa439a2d8244a08c&exp=1785763807&sig=4882c5ebf372ffe53089759aacc943167f9896c2f6c166e7e17f613d797cd667
Universal Monsters,http://tv123.cc.cd/live.php?ch=811&sid=b503daab0c6f4fc6fa439a2d8244a08c&exp=1785763807&sig=52ffb81d478fbe4f73c808ce40d6bc21356310bd5f16fcd6c4e3d01b9e89d1ca
Universal Western,http://tv123.cc.cd/live.php?ch=812&sid=b503daab0c6f4fc6fa439a2d8244a08c&exp=1785763807&sig=174a13f2f3ef48d7e837db9f4dc0e3db1eac4e1c04274170bbc588e6e53017e4
Universal Action,http://tv123.cc.cd/live.php?ch=813&sid=b503daab0c6f4fc6fa439a2d8244a08c&exp=1785763807&sig=b7cf5312fa57c50e763e57361655a4a52acd4edba6df4930bcce62d3c7c1d46a
Universal Movies,http://tv123.cc.cd/live.php?ch=814&sid=b503daab0c6f4fc6fa439a2d8244a08c&exp=1785763807&sig=67f75455f9794cd37a7bfded2afed3304780c45fa8985f5f846d70a30bd153e5
OuterSphere by Lionsgate,http://tv123.cc.cd/live.php?ch=815&sid=b503daab0c6f4fc6fa439a2d8244a08c&exp=1785763807&sig=bc3eaab2ed5ac8c28cc7f377ef3e72a552e842650cc8203e20ab6684e03c907d
Ebony TV by Lionsgate,http://tv123.cc.cd/live.php?ch=816&sid=b503daab0c6f4fc6fa439a2d8244a08c&exp=1785763807&sig=14427c35ac46f290efe4b95782b87c9b70d2713f27bdefd4f4871d62730ccdb7
MovieSphere by Lionsgate,http://tv123.cc.cd/live.php?ch=817&sid=b503daab0c6f4fc6fa439a2d8244a08c&exp=1785763807&sig=1150a3d26dafeb86aabb70ff1f6083ce26221b47e78d5e8fad276b2655872335
At the Movies,http://tv123.cc.cd/live.php?ch=818&sid=b503daab0c6f4fc6fa439a2d8244a08c&exp=1785763807&sig=bc9e19f46fcebe0fe635bd03fef53fa063e6db58f9a940254ddb5f776d4e874d
DOVE Channel,http://tv123.cc.cd/live.php?ch=819&sid=b503daab0c6f4fc6fa439a2d8244a08c&exp=1785763807&sig=b39452b58a4ab013713309c7379ff975379711493fd4861f80f80588e497f4ff
NBC Comedy Vault,http://tv123.cc.cd/live.php?ch=820&sid=b503daab0c6f4fc6fa439a2d8244a08c&exp=1785763807&sig=3fb6bbbf6528fc9472d8250b94d76d562c2a72fde70c945d71d54e46831df7d6
BET x Tyler Perry Drama,http://tv123.cc.cd/live.php?ch=821&sid=b503daab0c6f4fc6fa439a2d8244a08c&exp=1785763807&sig=5ae89bf665e64e2b5bd8bf26530e37d5390d5322b2b52656871e687b7d3815cf
BET x Tyler Perry Comedy,http://tv123.cc.cd/live.php?ch=822&sid=b503daab0c6f4fc6fa439a2d8244a08c&exp=1785763807&sig=47352a1a6680b433bebf857eb5e427e63b7bf0d91f0aa9295c8ab0969bcc44ea
GRIT Xtra,http://tv123.cc.cd/live.php?ch=823&sid=b503daab0c6f4fc6fa439a2d8244a08c&exp=1785763807&sig=1a43dffbc47eb39c8f822acb0618c06edc4efac3e532f6ade5178709672bebfa
ion Plus,http://tv123.cc.cd/live.php?ch=824&sid=b503daab0c6f4fc6fa439a2d8244a08c&exp=1785763807&sig=a0533e99a882b555d968b80f4d4061f5383d3f44a8f46cba6a120ad11483d80f
ion Mystery,http://tv123.cc.cd/live.php?ch=825&sid=b503daab0c6f4fc6fa439a2d8244a08c&exp=1785763807&sig=2a245942d54652d22887faa47f35fefb5a442b6530f94e324fdc6bba98cf20f9
Lifetime Movies Love & Drama,http://tv123.cc.cd/live.php?ch=826&sid=b503daab0c6f4fc6fa439a2d8244a08c&exp=1785763807&sig=06bb33ae7d82fcc287b97c2d23c882b37540ec4e7b5205c45b33ca551f082346
Hallmark Movies & More,http://tv123.cc.cd/live.php?ch=827&sid=b503daab0c6f4fc6fa439a2d8244a08c&exp=1785763807&sig=7a10f80adedc89f006703661604eeb3c96fa83bbf852feb4a66110854a257b2d
BOUNCE XL,http://tv123.cc.cd/live.php?ch=828&sid=b503daab0c6f4fc6fa439a2d8244a08c&exp=1785763807&sig=fb0151ee31f212b50e9cf31bcf101138953d5db1ce901f5ebded54367d095b2e
CINELIFE,http://tv123.cc.cd/live.php?ch=829&sid=b503daab0c6f4fc6fa439a2d8244a08c&exp=1785763807&sig=cb7755d13c4e4e434c3b1589b9f63c3efe3cb088e49fe337491af26f5c3ebb3f
CW Gold,http://tv123.cc.cd/live.php?ch=830&sid=b503daab0c6f4fc6fa439a2d8244a08c&exp=1785763807&sig=59ffdfadad9295f44b5e1585078fc29db084d09ab3e82f5929ec6a4ddba4c98a
CW Forever,http://tv123.cc.cd/live.php?ch=831&sid=b503daab0c6f4fc6fa439a2d8244a08c&exp=1785763807&sig=562caa778ddd1d8c841f79c00c13a537953843455118fa8bbf24938f8b79fded
Stories by AMC,http://tv123.cc.cd/live.php?ch=832&sid=b503daab0c6f4fc6fa439a2d8244a08c&exp=1785763807&sig=7c4d85194a7120078ba456ccbab9372c74b9e326ad61f0d5e59a9d6da146a12c
AMC Thrillers,http://tv123.cc.cd/live.php?ch=833&sid=b503daab0c6f4fc6fa439a2d8244a08c&exp=1785763807&sig=44d04648c784c389123418fc8af44f48fc67376ecaca21d0dcbc01bee24683a4
BBC Sci-Fi,http://tv123.cc.cd/live.php?ch=834&sid=b503daab0c6f4fc6fa439a2d8244a08c&exp=1785763807&sig=765f4c936012ede2f59a2aa90e71c7011295c66d861deb3889a76cff893b11d0
HerSphere by Lionsgate,http://tv123.cc.cd/live.php?ch=835&sid=b503daab0c6f4fc6fa439a2d8244a08c&exp=1785763807&sig=af0ab0d3d0d212ec6f3e4f28548c484a5070758e4551ba7e49970196b2ea444a
Lifetime Movie Favorites,http://tv123.cc.cd/live.php?ch=836&sid=b503daab0c6f4fc6fa439a2d8244a08c&exp=1785763807&sig=17a3d393fd2f9009ed7605476d5c34ffdebf2c2585c8b19a09355b063287f9a1
Great! Movies UK,http://tv123.cc.cd/live.php?ch=837&sid=b503daab0c6f4fc6fa439a2d8244a08c&exp=1785763807&sig=81e2eeffba58c4ca14e57ded41606990c0b2ecaf8817d90e1a0c68ac28923274
Great! Romance UK,http://tv123.cc.cd/live.php?ch=838&sid=b503daab0c6f4fc6fa439a2d8244a08c&exp=1785763807&sig=11f3c27da6162b64826c982b59315aad67f329a0916ba7564d2ce3f730d12180
Lifetime Movies UK,http://tv123.cc.cd/live.php?ch=839&sid=b503daab0c6f4fc6fa439a2d8244a08c&exp=1785763807&sig=44e39559515c45d2452a89607f295f5dbe7308f1ec60e4345ad3a715118cda58
BBC Series FR,http://tv123.cc.cd/live.php?ch=840&sid=b503daab0c6f4fc6fa439a2d8244a08c&exp=1785763807&sig=e06910e6f57709237c66d808be7e58081eee2720c43fd125fdc6812a0cedbfec
Women's Sports Network,http://tv123.cc.cd/live.php?ch=841&sid=b503daab0c6f4fc6fa439a2d8244a08c&exp=1785763807&sig=f70f0904f0bc0fa22803b386fb941eea150cbbafe2de815c62fbb346a1d38412
World Fishing Network,http://tv123.cc.cd/live.php?ch=842&sid=b503daab0c6f4fc6fa439a2d8244a08c&exp=1785763807&sig=7000c2bd1d321098a54c66aad7012fb6eb398d5c78d1644d2fd9e6daab7c305d
Strongman Champions League,http://tv123.cc.cd/live.php?ch=843&sid=b503daab0c6f4fc6fa439a2d8244a08c&exp=1785763807&sig=827db8dd244de243819a5fc888031d730988a4db951a4d0e1794f880130c6f9f
Cowboy+ Sports,http://tv123.cc.cd/live.php?ch=844&sid=b503daab0c6f4fc6fa439a2d8244a08c&exp=1785763807&sig=c8ccbd2c47d99124477e9d99712f1d3d7cf71b0b1572a8c07af9aac89d0616a2
PFL,http://tv123.cc.cd/live.php?ch=845&sid=b503daab0c6f4fc6fa439a2d8244a08c&exp=1785763807&sig=a2fd6022f5d7d0317d598573922e72c73cb73ad5742447ad957608927cd43071
UFC,http://tv123.cc.cd/live.php?ch=846&sid=b503daab0c6f4fc6fa439a2d8244a08c&exp=1785763807&sig=c6cc91d9d8880828695986c9a5215697d363534eaf24fab48c1655923aa122d4
MSG SportsZone,http://tv123.cc.cd/live.php?ch=847&sid=b503daab0c6f4fc6fa439a2d8244a08c&exp=1785763807&sig=927b1c953c534ec1756c5369c91933eeec4567201f6dd7b7333f95986816bb0a
Red Bull TV,http://tv123.cc.cd/live.php?ch=848&sid=b503daab0c6f4fc6fa439a2d8244a08c&exp=1785763807&sig=e92f07b40d845d2c1c76342c01df1c342cf75dc45f34f66fb7697458ee6622ea
NESN Nation,http://tv123.cc.cd/live.php?ch=849&sid=b503daab0c6f4fc6fa439a2d8244a08c&exp=1785763807&sig=ee6b64d95ac1006b9f559792b361e112a066d13a9500af4ef199e0c9f2ed1918
MotoGP Channel,http://tv123.cc.cd/live.php?ch=850&sid=b503daab0c6f4fc6fa439a2d8244a08c&exp=1785763807&sig=a208343ee0a00dc21b9c88f5ba3d5b6cff1941dbe91adec801e951fa935bdd71
NASCAR Channel,http://tv123.cc.cd/live.php?ch=851&sid=b503daab0c6f4fc6fa439a2d8244a08c&exp=1785763807&sig=5382a45f95190f15f9ae38c07bce288de88cea1c1bd5ec345b430789740b7295
Willow Sports,http://tv123.cc.cd/live.php?ch=852&sid=b503daab0c6f4fc6fa439a2d8244a08c&exp=1785763807&sig=9166e3a601224170218e69de34f5e17d45140080bcb6f8e532ba0724557d46d1
Fubo Sports Network,http://tv123.cc.cd/live.php?ch=853&sid=b503daab0c6f4fc6fa439a2d8244a08c&exp=1785763807&sig=1f89e4b0fd48821cf41ccadbbde730d4d1b6af504a0f3dce6b5738bec29fee87
beIN SPORTS XTRA,http://tv123.cc.cd/live.php?ch=854&sid=b503daab0c6f4fc6fa439a2d8244a08c&exp=1785763807&sig=10ec6b6602ce2f7ad7a10112fd0378970f03b80ac62216acce18f360f86469d8
NBC Sports NOW,http://tv123.cc.cd/live.php?ch=855&sid=b503daab0c6f4fc6fa439a2d8244a08c&exp=1785763807&sig=3df7d018a687bcba6306aab4123120687b25f9e01f2b4e138f5d2823c666a358
ACC Digital Network,http://tv123.cc.cd/live.php?ch=856&sid=b503daab0c6f4fc6fa439a2d8244a08c&exp=1785763807&sig=fd595e6a89bedd4df7636acbe81db7480d90bdfdcd4876c9c59ec1987932819f
ESPN8: The Ocho,http://tv123.cc.cd/live.php?ch=857&sid=b503daab0c6f4fc6fa439a2d8244a08c&exp=1785763807&sig=3aff823e3ec6636a8f327fb019d613c0bdfee6e2f2b1b876422b11a08892c822
The LEGO Channel,http://tv123.cc.cd/live.php?ch=858&sid=b503daab0c6f4fc6fa439a2d8244a08c&exp=1785763807&sig=3085813eca13efe2f42eb076bc86cc1f3241154d8d1a5530f83de92be3c17087
Naruto,http://tv123.cc.cd/live.php?ch=859&sid=b503daab0c6f4fc6fa439a2d8244a08c&exp=1785763807&sig=d9f7fef7eac4ca0de2013263ea275f8a9782146d3c92a3c504f582d2fffd7b8b
Tom and Jerry,http://tv123.cc.cd/live.php?ch=860&sid=b503daab0c6f4fc6fa439a2d8244a08c&exp=1785763807&sig=96583a2edb34c99a59435bbb79bc9e65f63d8dbc99f388a1666b372b383dbf39
Discovery Family Channel,http://tv123.cc.cd/live.php?ch=861&sid=b503daab0c6f4fc6fa439a2d8244a08c&exp=1785763807&sig=d946215bba2d8aeb0451ae451aeb9396ff1c012e4559aa84b494e6da8c48da6a
Boomerang,http://tv123.cc.cd/live.php?ch=862&sid=b503daab0c6f4fc6fa439a2d8244a08c&exp=1785763807&sig=bf5fb0c97be4aeadc3f9e9ecc5a09c215848d0b8d958739cfc540e3355c12d60
Cartoon Network,http://tv123.cc.cd/live.php?ch=863&sid=b503daab0c6f4fc6fa439a2d8244a08c&exp=1785763807&sig=79c40a7477f8d57cfb07f9d7893f59724d5301c84572853635b802736f645a91
Disney XD,http://tv123.cc.cd/live.php?ch=864&sid=b503daab0c6f4fc6fa439a2d8244a08c&exp=1785763807&sig=f2b3e16a5e692f3e9c10282201c385c689818284a5458ae551a394693f079545
Disney Channel,http://tv123.cc.cd/live.php?ch=865&sid=b503daab0c6f4fc6fa439a2d8244a08c&exp=1785763807&sig=e229b61aa7c6f2518e5e83fbb057fa02cbd9fe62f4d38c5aa5c1b7b33b1337a8
Nicktoons,http://tv123.cc.cd/live.php?ch=867&sid=b503daab0c6f4fc6fa439a2d8244a08c&exp=1785763807&sig=16bdcf07a127ff66feb96ce66496a7f37194e9be8bda1dd8b1a26d2c32f936e3
PBS Retro,http://tv123.cc.cd/live.php?ch=869&sid=b503daab0c6f4fc6fa439a2d8244a08c&exp=1785763807&sig=2bb3ea514a545062d7d146b35d866f32ecea50d4b733f544cf733fd23290b3ac
BabyFirst TV,http://tv123.cc.cd/live.php?ch=870&sid=b503daab0c6f4fc6fa439a2d8244a08c&exp=1785763807&sig=a5f9caff45e5651932f91c1ae6b6049772577c10f404b49d2085413ec6924497
Baby Shark TV,http://tv123.cc.cd/live.php?ch=871&sid=b503daab0c6f4fc6fa439a2d8244a08c&exp=1785763807&sig=f51fa3d5f42515b701ac2a451d0b739afdbef465ce8668b429c81d0501b6f628
Disney Junior,http://tv123.cc.cd/live.php?ch=872&sid=b503daab0c6f4fc6fa439a2d8244a08c&exp=1785763807&sig=d19587cfc8859c7de8afd9f6c4b540fd68210daf65660584ed4f069839ee7a83
PBS Kids,http://tv123.cc.cd/live.php?ch=873&sid=b503daab0c6f4fc6fa439a2d8244a08c&exp=1785763807&sig=7b1ec512b43334d37a46d2dfa3dbe84a877140402da3748ad6aec890a991f3a0
Sensical Gaming,http://tv123.cc.cd/live.php?ch=874&sid=b503daab0c6f4fc6fa439a2d8244a08c&exp=1785763807&sig=b49a81e09389ac16337927c627e317a868cba4866d2b61965cebbf88cf7717ba
Sensical Jr.,http://tv123.cc.cd/live.php?ch=875&sid=b503daab0c6f4fc6fa439a2d8244a08c&exp=1785763807&sig=2e591c01b25398c2a45667ea9c06e3588f79379661f1413fdc50530a0c8740c4
Sensical Makers,http://tv123.cc.cd/live.php?ch=876&sid=b503daab0c6f4fc6fa439a2d8244a08c&exp=1785763807&sig=71146ff6f5ecdee5b08273f00b2fa9592189345a272a3b759ae4790f4db2a62f
TeenNick,http://tv123.cc.cd/live.php?ch=877&sid=b503daab0c6f4fc6fa439a2d8244a08c&exp=1785763807&sig=f4294d6562540da4b39f8d5475ed3f9279a2a8693308daf3d6b097d6ab804d06
Télétoon CA,http://tv123.cc.cd/live.php?ch=878&sid=b503daab0c6f4fc6fa439a2d8244a08c&exp=1785763807&sig=7552162747917abcb734d18a587d38f43826412a3c5246cbd495fdd3753ef7df
Treehouse CA,http://tv123.cc.cd/live.php?ch=879&sid=b503daab0c6f4fc6fa439a2d8244a08c&exp=1785763807&sig=8808daf21d1174dd4a32e9277f82983d2b572aea6b4ff1325a45ed18f12019e0
YTV CA,http://tv123.cc.cd/live.php?ch=880&sid=b503daab0c6f4fc6fa439a2d8244a08c&exp=1785763807&sig=353ef075b9cc303d4e397834b10b857873314212f5f964e11aa0bd2b83e4fcbe
Deluxe Summertime DE,http://tv123.cc.cd/live.php?ch=881&sid=b503daab0c6f4fc6fa439a2d8244a08c&exp=1785763807&sig=3005cec429e78a811c4ac63918e3081b295887dc0f7ba2dc84e9bd7a81bf8a77
Deluxe Lounge DE,http://tv123.cc.cd/live.php?ch=882&sid=b503daab0c6f4fc6fa439a2d8244a08c&exp=1785763807&sig=b183aee177103e899503be0b2787e62b21671fa5d9a70a9de9dc2652e4b3d46d
Deluxe Deutschpop DE,http://tv123.cc.cd/live.php?ch=883&sid=b503daab0c6f4fc6fa439a2d8244a08c&exp=1785763807&sig=ead892077fc6c9af0441ad96e3e464cf17bbfb3f731affe4ea60f32a3ee0e7da
Deluxe RAP DE,http://tv123.cc.cd/live.php?ch=884&sid=b503daab0c6f4fc6fa439a2d8244a08c&exp=1785763807&sig=8650ea6a4adbf69dd0375149d3829ec51f9843304be1e29b95ac7e9e66e25eff
Deluxe Dance By Kontor DE,http://tv123.cc.cd/live.php?ch=885&sid=b503daab0c6f4fc6fa439a2d8244a08c&exp=1785763807&sig=b2bcc63c124694b18b8eb0047d4c755188a434cf5b10cdff8238483e101339c5
Deluxe Music DE,http://tv123.cc.cd/live.php?ch=886&sid=b503daab0c6f4fc6fa439a2d8244a08c&exp=1785763807&sig=10ec89f1677d7ccc868d19c47a54cb0eef65fab992017c146b53cd31a5334da7
Qello Concerts by Stingray,http://tv123.cc.cd/live.php?ch=887&sid=b503daab0c6f4fc6fa439a2d8244a08c&exp=1785763807&sig=ba431a4f16d0a69439b223474ee9c5218bf7b5160f014b390aabf6cc3621de8f
Stingray DJAZZ,http://tv123.cc.cd/live.php?ch=888&sid=b503daab0c6f4fc6fa439a2d8244a08c&exp=1785763807&sig=b97c0e7f5868fa757d612e6af7a5b1185ef0b1c7c3270400d8251234583fd3ef
Stingray Classica,http://tv123.cc.cd/live.php?ch=889&sid=b503daab0c6f4fc6fa439a2d8244a08c&exp=1785763807&sig=1cad3d9cbfe3139cfdf042839cb0652674fc8cb51f28b54cbfc1fe26d36fc933
XITE Siempre Latino,http://tv123.cc.cd/live.php?ch=890&sid=b503daab0c6f4fc6fa439a2d8244a08c&exp=1785763807&sig=c9b96ae4e29cabc20e1d726d28ea60fcaca78c8b4ef9d42179b981bb794019bf
XITE Hits,http://tv123.cc.cd/live.php?ch=891&sid=b503daab0c6f4fc6fa439a2d8244a08c&exp=1785763807&sig=d1d8ea44da9162d5ce86490b14ec19789c70c334bd78d696b76689ec5edb4835
XITE Just Chill,http://tv123.cc.cd/live.php?ch=892&sid=b503daab0c6f4fc6fa439a2d8244a08c&exp=1785763807&sig=806201afc954bc9094f3bca6b1c9f388b4054969e894dfc2673b37599beb7349
XITE Nuevo Latino,http://tv123.cc.cd/live.php?ch=893&sid=b503daab0c6f4fc6fa439a2d8244a08c&exp=1785763807&sig=5ff958e28c9c279bcfee65d64a0bca75ff360ce9cd97854764d64eff85afcdca
XITE R&B Classic Jams,http://tv123.cc.cd/live.php?ch=894&sid=b503daab0c6f4fc6fa439a2d8244a08c&exp=1785763807&sig=7261a647b023b5b028a12b6a68a656173abdeee5be46427e659e50b2c87ba9bc
XITE Reggae Vibes,http://tv123.cc.cd/live.php?ch=895&sid=b503daab0c6f4fc6fa439a2d8244a08c&exp=1785763807&sig=3fde807a370d1b6b3cf428e3656731432c2f1e4275e6ddb293e3d62c5073e986
XITE Rock x Metal,http://tv123.cc.cd/live.php?ch=896&sid=b503daab0c6f4fc6fa439a2d8244a08c&exp=1785763807&sig=0c580d2704074041476a898be619831f53299729e9b10b31aecce0e8a1aff8ba
XITE Country Today,http://tv123.cc.cd/live.php?ch=897&sid=b503daab0c6f4fc6fa439a2d8244a08c&exp=1785763807&sig=d175d142668c86df4444a3e925b54a2ea3d6536fb8c649ddbaddadbf00b983ea
XITE Classic Country,http://tv123.cc.cd/live.php?ch=898&sid=b503daab0c6f4fc6fa439a2d8244a08c&exp=1785763807&sig=24cf381ecf7a8b1af73508389aeff2c996d0bfe10f3f7d6c5b87bfd54cdf415e
XITE Christian Hits,http://tv123.cc.cd/live.php?ch=899&sid=b503daab0c6f4fc6fa439a2d8244a08c&exp=1785763807&sig=ba571a1171d797b223f09c753e0e728c819ad2c4162a837336937f9444dcfd01
XITE 90s Throwback,http://tv123.cc.cd/live.php?ch=900&sid=b503daab0c6f4fc6fa439a2d8244a08c&exp=1785763807&sig=c41e080d5b517319a88e3a9a0e1f5b521965f20d5f7c5b79d7b43e3395a3103e
XITE 80s Flashback,http://tv123.cc.cd/live.php?ch=901&sid=b503daab0c6f4fc6fa439a2d8244a08c&exp=1785763807&sig=cc3303eb3a512389af509eaba2d47f5f895c9d76703392114167046f0fc90bba
Vevo 2010s,http://tv123.cc.cd/live.php?ch=902&sid=b503daab0c6f4fc6fa439a2d8244a08c&exp=1785763807&sig=e635a3999babe950f51f296c4f269853f7395ad5f3ab6bac482c2f5369e9f570
Vevo Rock,http://tv123.cc.cd/live.php?ch=903&sid=b503daab0c6f4fc6fa439a2d8244a08c&exp=1785763807&sig=89544165c720fec9ac05a44a96e2173096fce494a8e3ee3fd06c19e6489b2411
Vevo R&B,http://tv123.cc.cd/live.php?ch=904&sid=b503daab0c6f4fc6fa439a2d8244a08c&exp=1785763807&sig=4a216d192cad221a66f4be1ea46ce50e489d0d26937875cc70d98e8d272741ca
Vevo Hip-Hop,http://tv123.cc.cd/live.php?ch=905&sid=b503daab0c6f4fc6fa439a2d8244a08c&exp=1785763807&sig=1ad01e9eef0e0e95f75e99864ff509161fcb9002176e9015c361c887503f3372
Vevo Pop,http://tv123.cc.cd/live.php?ch=906&sid=b503daab0c6f4fc6fa439a2d8244a08c&exp=1785763807&sig=46fdc206db06226ce45ce2f5dd989b6d68bb7c66b456a55b528adf66b52d3d3b
Vevo Latino,http://tv123.cc.cd/live.php?ch=907&sid=b503daab0c6f4fc6fa439a2d8244a08c&exp=1785763807&sig=8d6a474f01171547a62b964f5b013c65193a7c1ff8cec40eac10bdcbe57f9e5f
Vevo Country,http://tv123.cc.cd/live.php?ch=908&sid=b503daab0c6f4fc6fa439a2d8244a08c&exp=1785763807&sig=bf10d59269db818151756e95ed8bb1d3fdc8fa52127c659686c275e89496272b
Vevo '70s,http://tv123.cc.cd/live.php?ch=909&sid=b503daab0c6f4fc6fa439a2d8244a08c&exp=1785763807&sig=9691ee3fc5836c04cd31d34c1092a568119c44d1c71cb54d72447290106f326a
Vevo '80s,http://tv123.cc.cd/live.php?ch=910&sid=b503daab0c6f4fc6fa439a2d8244a08c&exp=1785763807&sig=441ca4c8bded8665aaa1d41ac58b56a424cc69ead7001c993379e93557f7ba4c
Vevo '90s,http://tv123.cc.cd/live.php?ch=911&sid=b503daab0c6f4fc6fa439a2d8244a08c&exp=1785763807&sig=5e0c3814d77806a0bd81a7466256bf53582b13ec26138a341034a06e76e3b9fd
Vevo 2K,http://tv123.cc.cd/live.php?ch=912&sid=b503daab0c6f4fc6fa439a2d8244a08c&exp=1785763807&sig=95838f52bc6e803a31ff41b5059076563200e1740c731160fbe5d0cda9d3e30f
MTV Classic,http://tv123.cc.cd/live.php?ch=913&sid=b503daab0c6f4fc6fa439a2d8244a08c&exp=1785763807&sig=74146f80d5e86bdd637513d873a77bc6113267ec4bbecb126feb73970b914f54
MTV Live,http://tv123.cc.cd/live.php?ch=914&sid=b503daab0c6f4fc6fa439a2d8244a08c&exp=1785763807&sig=7794431e28a09546871ff02497d18bd41b7e58478f0473d8485b39e1e366c94d
Trace Urban UK,http://tv123.cc.cd/live.php?ch=915&sid=b503daab0c6f4fc6fa439a2d8244a08c&exp=1785763807&sig=c62157ff4ec700f1125c75b1088b5dfe61d8ae5cb0b1546e4613e512c4ba9def
Trace Latina FR,http://tv123.cc.cd/live.php?ch=916&sid=b503daab0c6f4fc6fa439a2d8244a08c&exp=1785763807&sig=17eb21523588f1d8b71ba17b054f6cf8ccccca304d729fc4ad0ac250ddee28b3
Vevo Country Rewind,http://tv123.cc.cd/live.php?ch=917&sid=b503daab0c6f4fc6fa439a2d8244a08c&exp=1785763807&sig=99d5fbbf102288f281442726a63e677ddad4599e79ac78600a433b331d717773
XITE Spring Vibes,http://tv123.cc.cd/live.php?ch=918&sid=b503daab0c6f4fc6fa439a2d8244a08c&exp=1785763807&sig=53886a29b0bd66bec6ef73809b12d7ee2ebd309ca4371bd2bf3fed5cf5d18d5b
NOW 70s UK,http://tv123.cc.cd/live.php?ch=919&sid=b503daab0c6f4fc6fa439a2d8244a08c&exp=1785763807&sig=0a460facfd0a3b333e4a35689423e4c578ec7c2aa100966b899c392e8380b243
NOW 80s UK,http://tv123.cc.cd/live.php?ch=920&sid=b503daab0c6f4fc6fa439a2d8244a08c&exp=1785763807&sig=c8f9955ae399a3a2c8f85d91adb593e172299d1e03661cef4cfac8349488c896
NOW 90s00s UK,http://tv123.cc.cd/live.php?ch=921&sid=b503daab0c6f4fc6fa439a2d8244a08c&exp=1785763807&sig=fb022e195463565fb0c07842078b259de2fe8ef446f35604e1386fac8b286b0e
That's 70s UK,http://tv123.cc.cd/live.php?ch=922&sid=b503daab0c6f4fc6fa439a2d8244a08c&exp=1785763807&sig=405cde57ed41b4c2a7b4338a7514980c3a11a50cade7f4480c315052475f5f56
That's 80s UK,http://tv123.cc.cd/live.php?ch=923&sid=b503daab0c6f4fc6fa439a2d8244a08c&exp=1785763807&sig=9b71325a5c184797ac7892d64faef89775b5d0b4ff3d772ecfa237d7f80f7d66
That's 90s00s UK,http://tv123.cc.cd/live.php?ch=924&sid=b503daab0c6f4fc6fa439a2d8244a08c&exp=1785763807&sig=ed1e53cbcbb8a70fc72a23d1f872b29885f0c0a10b7a42d5a3210955824a1367
That's ROCK UK,http://tv123.cc.cd/live.php?ch=925&sid=b503daab0c6f4fc6fa439a2d8244a08c&exp=1785763807&sig=ca24506460fbd48205dc8b1fb47442b63d8fcd385271f58f2c42bd94f0f7c51b
Trace UK UK,http://tv123.cc.cd/live.php?ch=926&sid=b503daab0c6f4fc6fa439a2d8244a08c&exp=1785763807&sig=4ea632fcc465c870c9ef89651449f6a5e1a206885058dd0487fd3a8602ec879c
Mezzo FR,http://tv123.cc.cd/live.php?ch=927&sid=b503daab0c6f4fc6fa439a2d8244a08c&exp=1785763807&sig=60caf263bbd4a1121480185635dddf60436fde5b872a55c18825f0e8bd0606bd
Mezzo Live FR,http://tv123.cc.cd/live.php?ch=928&sid=b503daab0c6f4fc6fa439a2d8244a08c&exp=1785763807&sig=add6320d029796f900fb9ed2c692ecc4f436ee936e0c47fbe38e46c4b8f5695b
Documentales por M+ ES,http://tv123.cc.cd/live.php?ch=929&sid=b503daab0c6f4fc6fa439a2d8244a08c&exp=1785763807&sig=40100d7e3b43a7f9480b51b338af21fc3412350eb851d6e1090a3a578660c708
Indie por M+ ES,http://tv123.cc.cd/live.php?ch=930&sid=b503daab0c6f4fc6fa439a2d8244a08c&exp=1785763807&sig=c4df490de8d8271da21bc854d878f123464482bc95e4553daf7fa951b04e46af
Drama por M+ ES,http://tv123.cc.cd/live.php?ch=931&sid=b503daab0c6f4fc6fa439a2d8244a08c&exp=1785763807&sig=ecc080cb6b7242276749a501c6e1340de8c4967b3d6c534973f0b83b718f88cc
Acción por M+ ES,http://tv123.cc.cd/live.php?ch=932&sid=b503daab0c6f4fc6fa439a2d8244a08c&exp=1785763807&sig=578ff2f00387b0562c77e75403c9fddba1a75cd89cf2e3a1be47adc99c74a71e
Clásicos por M+ ES,http://tv123.cc.cd/live.php?ch=933&sid=b503daab0c6f4fc6fa439a2d8244a08c&exp=1785763807&sig=b704dc95b73722f9d4ce90c09217db876b2a64f10c1351ff4c419069525dd85d
Comedia por M+ ES,http://tv123.cc.cd/live.php?ch=934&sid=b503daab0c6f4fc6fa439a2d8244a08c&exp=1785763807&sig=0c458f78b22688cc4b410a6ad6baa100818eeecadd9bbf74e6a20419cf17f676
Hits por M+ ES,http://tv123.cc.cd/live.php?ch=935&sid=b503daab0c6f4fc6fa439a2d8244a08c&exp=1785763807&sig=dbd297d03e1782bc9a9bf077ab3b5200c0358d5096888a8280308a9a1e1082b2
Estrenos por M+ ES,http://tv123.cc.cd/live.php?ch=936&sid=b503daab0c6f4fc6fa439a2d8244a08c&exp=1785763807&sig=0b0b9095bfcbfac4352e7fbf7fb389a891243363ecb71f9b5f7794d93602428c
Gulli FR,http://tv123.cc.cd/live.php?ch=937&sid=b503daab0c6f4fc6fa439a2d8244a08c&exp=1785763807&sig=0ffc25d175dd0c6283a1ad8a7dd32ba583a6255ffae70c676f4690774bccc273
6ter FR,http://tv123.cc.cd/live.php?ch=938&sid=b503daab0c6f4fc6fa439a2d8244a08c&exp=1785763807&sig=82a4794228de5438bddeee5873f7ffef758b2735da00ee3417c99f31f8b9df6a
LCI FR,http://tv123.cc.cd/live.php?ch=939&sid=b503daab0c6f4fc6fa439a2d8244a08c&exp=1785763807&sig=08c7b94c8576063deccef9deaa1eae2a332291d11b0a2299b637b822ac0ce2cb
TMC FR,http://tv123.cc.cd/live.php?ch=940&sid=b503daab0c6f4fc6fa439a2d8244a08c&exp=1785763807&sig=81ee7e0b9af9830df8c6828d1c01a4335cbe7e8c7e82acaca2df592dae0cf0fb
CStar FR,http://tv123.cc.cd/live.php?ch=941&sid=b503daab0c6f4fc6fa439a2d8244a08c&exp=1785763807&sig=3f997cce82acddfc9ed7330ddab5d163514f998a63bf8e5bf6580a0e288b4c71
CNews FR,http://tv123.cc.cd/live.php?ch=942&sid=b503daab0c6f4fc6fa439a2d8244a08c&exp=1785763807&sig=c464a90694affe78dc8786148553f26be16e9aa3f7464255bd970ffe7447972f
TFX FR,http://tv123.cc.cd/live.php?ch=943&sid=b503daab0c6f4fc6fa439a2d8244a08c&exp=1785763807&sig=3b4439ee9061875c9c2cd1ada84a9cda887dfb73b7b1acfbc82b990d3905fab1
CANAL+ DOCS FR,http://tv123.cc.cd/live.php?ch=944&sid=b503daab0c6f4fc6fa439a2d8244a08c&exp=1785763807&sig=6ca480d2b7ced7d01d3edfda8ac0d6d8ee582837c1b7621b6427b46801105189
CANAL+ BOX OFFICE FR,http://tv123.cc.cd/live.php?ch=945&sid=b503daab0c6f4fc6fa439a2d8244a08c&exp=1785763807&sig=eeb0ec0b28bd872d261ce08bfcd28b45c15b3f8b3cf28110360620247f8ce38b
CANAL+ FR,http://tv123.cc.cd/live.php?ch=946&sid=b503daab0c6f4fc6fa439a2d8244a08c&exp=1785763807&sig=abf4e38ad5617f02cafe1e8498dff2ff43baa53563f16cdb50b6def333a170f1
arte FR,http://tv123.cc.cd/live.php?ch=947&sid=b503daab0c6f4fc6fa439a2d8244a08c&exp=1785763807&sig=9a3476cea06f8b4b1bc42a9c927d9ff760628b5adc837d543d2e5bd7eb3b29b8
W9 FR,http://tv123.cc.cd/live.php?ch=948&sid=b503daab0c6f4fc6fa439a2d8244a08c&exp=1785763807&sig=3ef25cf64e2dc3484eb2b40dc7f32a5a765e2ac723a7358ef9eb942947d32dbe
M6 FR,http://tv123.cc.cd/live.php?ch=949&sid=b503daab0c6f4fc6fa439a2d8244a08c&exp=1785763807&sig=977e25321db4c51712cd03f01a52513d2c15815326dfd7b3b171d32d6a515f94
France 5 FR,http://tv123.cc.cd/live.php?ch=950&sid=b503daab0c6f4fc6fa439a2d8244a08c&exp=1785763807&sig=702aedb13c2b093b02216531d08aeeae204fb74abb91bcff521de7e526fd4c76
France 4 FR,http://tv123.cc.cd/live.php?ch=951&sid=b503daab0c6f4fc6fa439a2d8244a08c&exp=1785763807&sig=9da9a2f6bf2ac10978a4ae234090115828f5823deaaf72de14af39468de69bd4
France 3 FR,http://tv123.cc.cd/live.php?ch=952&sid=b503daab0c6f4fc6fa439a2d8244a08c&exp=1785763807&sig=76bbc18f54969b93c93976f8791dd01d22578645160a226fd0ce2e1d8d6c9560
France 2 FR,http://tv123.cc.cd/live.php?ch=953&sid=b503daab0c6f4fc6fa439a2d8244a08c&exp=1785763807&sig=92d7e30cbf13ba1efee6c7bfb0ecb8adcd2762a401e5d5892bbadc29380e175d
TF1 FR,http://tv123.cc.cd/live.php?ch=954&sid=b503daab0c6f4fc6fa439a2d8244a08c&exp=1785763807&sig=b33692d41595790c9edf8e96e6aec9f2c352af3e63e4016e4861e9be40603828
TF1 Séries Films FR,http://tv123.cc.cd/live.php?ch=955&sid=b503daab0c6f4fc6fa439a2d8244a08c&exp=1785763807&sig=0594e7648b6cd75a357686c1557264d1da6899002fcccdb7aa2ccc7ea934c980
franceinfo: FR,http://tv123.cc.cd/live.php?ch=956&sid=b503daab0c6f4fc6fa439a2d8244a08c&exp=1785763807&sig=9d04951160a17daa8c91f54821361f8cce4d16dbb77eb9053342de06be845977
Planète+ FR,http://tv123.cc.cd/live.php?ch=957&sid=b503daab0c6f4fc6fa439a2d8244a08c&exp=1785763807&sig=7f5e48d3ebe1fd3b52725cd212d9d9d48be6d3a923804358aea125af119705f6
Planète+ Aventure FR,http://tv123.cc.cd/live.php?ch=958&sid=b503daab0c6f4fc6fa439a2d8244a08c&exp=1785763807&sig=56de6c10bfdedb68e527b4cb6c76f0feb568ca7e6e6fe488ad6b19a90e3b2e1d
Planète+ Crime FR,http://tv123.cc.cd/live.php?ch=959&sid=b503daab0c6f4fc6fa439a2d8244a08c&exp=1785763807&sig=f304fa128ebe9777e5c82ba9ea49091b3f1f8a9b0ddcf9cf671829cffa4731ab
LCP FR,http://tv123.cc.cd/live.php?ch=960&sid=b503daab0c6f4fc6fa439a2d8244a08c&exp=1785763807&sig=14b079da1c8e1375215207360a9f03307a598dea02285de6e92efe4a9eab7a27
ITV QUiZ UK,http://tv123.cc.cd/live.php?ch=961&sid=b503daab0c6f4fc6fa439a2d8244a08c&exp=1785763807&sig=c1f502186a64389c92b96a430b389601edd99f5bf7f10640339adfe23b59efc6
Virgin Media Three IE,http://tv123.cc.cd/live.php?ch=962&sid=b503daab0c6f4fc6fa439a2d8244a08c&exp=1785763807&sig=312ae82aa734c155e98a735eea0b455682ced3e2313d95394ca613e3521d8bf8
Virgin Media Two IE,http://tv123.cc.cd/live.php?ch=963&sid=b503daab0c6f4fc6fa439a2d8244a08c&exp=1785763807&sig=da7fc49ffad949318d29249ee158cf92fc1978bdfaba1ac3af3daca8b5e39aa0
Virgin Media One IE,http://tv123.cc.cd/live.php?ch=964&sid=b503daab0c6f4fc6fa439a2d8244a08c&exp=1785763807&sig=c6b6b7d8d7242e0d93a35492a17c60e1670004340fb4aa3691b41836bab3a1c3
Racing TV UK,http://tv123.cc.cd/live.php?ch=965&sid=b503daab0c6f4fc6fa439a2d8244a08c&exp=1785763807&sig=95723ef4e0c073778b6329647ee2bbcdc4291c37fd9a561f1edc00aca4ac5361
QUEST UK,http://tv123.cc.cd/live.php?ch=967&sid=b503daab0c6f4fc6fa439a2d8244a08c&exp=1785763807&sig=d4481a7b0d1bc436d7ab6f3b54bc23fb1e36130d6efd43e64015a0df2a59c973
Channel 5 UK,http://tv123.cc.cd/live.php?ch=968&sid=b503daab0c6f4fc6fa439a2d8244a08c&exp=1785763807&sig=c32573e6027448c404c17d3ed1f686c4040bf8889f718944af76a1d130ec4444
Film4 UK,http://tv123.cc.cd/live.php?ch=969&sid=b503daab0c6f4fc6fa439a2d8244a08c&exp=1785763807&sig=32d81f31b46be29d51c7d495690d733aab0403d11e3ead948ee3f87086579b17
More4 UK,http://tv123.cc.cd/live.php?ch=970&sid=b503daab0c6f4fc6fa439a2d8244a08c&exp=1785763807&sig=87aa18ecc18270d4cceff3d84a1a42ccc51c58ff3178c5c89ef669b0dab0dcea
E4 UK,http://tv123.cc.cd/live.php?ch=971&sid=b503daab0c6f4fc6fa439a2d8244a08c&exp=1785763807&sig=73cd491524b0ae2bf5c1be5818bb124121a58f6ddffdd7ac3e9cc4df4837e4f4
Channel 4 UK,http://tv123.cc.cd/live.php?ch=972&sid=b503daab0c6f4fc6fa439a2d8244a08c&exp=1785763807&sig=abdc97dd6f49f5c56b3876f0a5ae8551a5eda58b20add2cf54f539894bb1d832
Sky Cinema Sci-Fi & Horror UK,http://tv123.cc.cd/live.php?ch=973&sid=b503daab0c6f4fc6fa439a2d8244a08c&exp=1785763807&sig=37cb82059b181e163caed985360cd2eb57c0c0c653bbae7db01994f66b36899d
Sky Cinema Drama UK,http://tv123.cc.cd/live.php?ch=974&sid=b503daab0c6f4fc6fa439a2d8244a08c&exp=1785763807&sig=5a9b524839d2af6a41e924818be7067316cb2d4c4ac692b1e77db71e920a1bf7
Sky Cinema Thriller UK,http://tv123.cc.cd/live.php?ch=975&sid=b503daab0c6f4fc6fa439a2d8244a08c&exp=1785763807&sig=08ca4201d9a0626fc35fd353f987e51bb594a2c216e895a6db645ae4b563cab8
Sky Cinema Comedy UK,http://tv123.cc.cd/live.php?ch=976&sid=b503daab0c6f4fc6fa439a2d8244a08c&exp=1785763807&sig=a97c46616ca8cb61b6c88bda95e39e5bdd7579b1a7aa140494ed4f26712c0856
Sky Cinema Action UK,http://tv123.cc.cd/live.php?ch=977&sid=b503daab0c6f4fc6fa439a2d8244a08c&exp=1785763807&sig=ca0c6d8d59ce3914218ada3bb69366c9905609ffd0bfda3f3a78663c7b52018f
Sky Cinema Family UK,http://tv123.cc.cd/live.php?ch=978&sid=b503daab0c6f4fc6fa439a2d8244a08c&exp=1785763807&sig=5c81a292de293693510aa77d01a01328525e1eae87dc752ea7301f7a737918fb
Sky Cinema Greats UK,http://tv123.cc.cd/live.php?ch=979&sid=b503daab0c6f4fc6fa439a2d8244a08c&exp=1785763807&sig=a9c835a216dc2c838c5cb546ebe288fcf2d3c4a665f5ac730055e140c140ba1e
Sky Cinema Hits UK,http://tv123.cc.cd/live.php?ch=980&sid=b503daab0c6f4fc6fa439a2d8244a08c&exp=1785763807&sig=50411cc4541d668bd3d561478d8e59599c5a11a19840649a770881a5654dbf17
Sky Cinema Select UK,http://tv123.cc.cd/live.php?ch=981&sid=b503daab0c6f4fc6fa439a2d8244a08c&exp=1785763807&sig=208a51991ceda2db0c0e2a5688a6eab3285c109dbd83f522799a0a6bf8cf6b1d
Sky Cinema Premiere UK,http://tv123.cc.cd/live.php?ch=982&sid=b503daab0c6f4fc6fa439a2d8244a08c&exp=1785763807&sig=ae5170ab7a66bc2673301e2a2cb5f17089c1db8d53bedc528feb89d0e3f4fa3c
Sky History UK,http://tv123.cc.cd/live.php?ch=983&sid=b503daab0c6f4fc6fa439a2d8244a08c&exp=1785763807&sig=a0238305952687d91eabfacae433afcc2c3db3ed5952e68b481cb6fc29e590f6
Sky Nature UK,http://tv123.cc.cd/live.php?ch=984&sid=b503daab0c6f4fc6fa439a2d8244a08c&exp=1785763807&sig=e8a4f9ae7b7063062eb0220043089feea0a144e621cd8504ab3447d7c2f99781
Sky Documentaries UK,http://tv123.cc.cd/live.php?ch=985&sid=b503daab0c6f4fc6fa439a2d8244a08c&exp=1785763807&sig=8a555f067f3c3c292787fe62a519b5e9e62ec2bcb214f05850febc39bb395aa4
Sky Witness UK,http://tv123.cc.cd/live.php?ch=986&sid=b503daab0c6f4fc6fa439a2d8244a08c&exp=1785763807&sig=207655672b701b95e03947f38859f9432e620fdbd613eeacd7428f0de183c8a7
Sky Crime UK,http://tv123.cc.cd/live.php?ch=987&sid=b503daab0c6f4fc6fa439a2d8244a08c&exp=1785763807&sig=ed2757fc483cb6dc4f633cfecd0ba4d117e0551ed1e746e30f2f4c8b0eb82faa
Sky Arts UK,http://tv123.cc.cd/live.php?ch=988&sid=b503daab0c6f4fc6fa439a2d8244a08c&exp=1785763807&sig=11527dc11a5232576020ea3644127ea9d507d2067905825046e492ecfd90c34e
Sky Sci-Fi UK,http://tv123.cc.cd/live.php?ch=989&sid=b503daab0c6f4fc6fa439a2d8244a08c&exp=1785763807&sig=310c66fdd93bf2c8a1c6eac0a4ec31523ed020f61bd8a97d5b9305ec5500ce41
Sky Comedy UK,http://tv123.cc.cd/live.php?ch=990&sid=b503daab0c6f4fc6fa439a2d8244a08c&exp=1785763807&sig=b2b4c895c552a2792bd305cc395ba19b3a22c02ea6a5608dff9d45ab740f48e6
Sky Atlantic UK,http://tv123.cc.cd/live.php?ch=991&sid=b503daab0c6f4fc6fa439a2d8244a08c&exp=1785763807&sig=37ddb05c322e90246dc5271f68ccdb53ea1c4ea0df1310554c640f5bee963c9e
Sky One UK,http://tv123.cc.cd/live.php?ch=992&sid=b503daab0c6f4fc6fa439a2d8244a08c&exp=1785763807&sig=f6f7b42fbc57ec56e43280f1b794d4c544c476d524403919ae9878fc87cb47b5
ITV4 UK,http://tv123.cc.cd/live.php?ch=993&sid=b503daab0c6f4fc6fa439a2d8244a08c&exp=1785763807&sig=7bc13772d546be947c105952bff6c5b7becab7b2d826fbacd507914e2f9be549
ITV3 UK,http://tv123.cc.cd/live.php?ch=994&sid=b503daab0c6f4fc6fa439a2d8244a08c&exp=1785763807&sig=094b42ff6835b9db94ad3069cb7f06cf12d14da21d10a3b83491e97682c6abba
ITV2 UK,http://tv123.cc.cd/live.php?ch=995&sid=b503daab0c6f4fc6fa439a2d8244a08c&exp=1785763807&sig=50a13b70eb880c936ea03fe4153c2c74be87834645a8014ac56a05cafaf3b406
ITV1 UK,http://tv123.cc.cd/live.php?ch=996&sid=b503daab0c6f4fc6fa439a2d8244a08c&exp=1785763807&sig=5aa235fd95fa19d123fc15c5ff54568b615caa971bdba6a241ce3be1b1eb8acd
S4C UK,http://tv123.cc.cd/live.php?ch=997&sid=b503daab0c6f4fc6fa439a2d8244a08c&exp=1785763807&sig=aaa3485c2c54d2ef0496f897d6043e63a86cb40724591176a4d67b2e7b9f8fcc
BBC PARLIAMENT UK,http://tv123.cc.cd/live.php?ch=998&sid=b503daab0c6f4fc6fa439a2d8244a08c&exp=1785763807&sig=6a0758c10f338cad540ab0725cb1cccaacc09243541cc0d39afd298082840e05
BBC ALBA UK,http://tv123.cc.cd/live.php?ch=999&sid=b503daab0c6f4fc6fa439a2d8244a08c&exp=1785763807&sig=df8eeb1dde7344e0af2c108b1db31d407fcad9b66068e5b559cb514dc76cd663
BBC SCOTLAND UK,http://tv123.cc.cd/live.php?ch=1000&sid=b503daab0c6f4fc6fa439a2d8244a08c&exp=1785763807&sig=0c792f4b95f307834be674fc3735c4cfc0acaf76ca57dfa277e84e77f9b420d6
BBC FOUR UK,http://tv123.cc.cd/live.php?ch=1001&sid=b503daab0c6f4fc6fa439a2d8244a08c&exp=1785763807&sig=0267f91abbf580694185e7b7765f5298c9b640e092d8473fbbceb6bbf99e4e4d
BBC THREE UK,http://tv123.cc.cd/live.php?ch=1002&sid=b503daab0c6f4fc6fa439a2d8244a08c&exp=1785763807&sig=cfe4f0f902f93f6316486053c6f727062da86d3202b30aba0a575f336685e480
BBC TWO UK,http://tv123.cc.cd/live.php?ch=1003&sid=b503daab0c6f4fc6fa439a2d8244a08c&exp=1785763807&sig=5779725d645eb48ba9b0b9709a7b77b1a716b7fa8a1eb6f6a8555501fa94da44
BBC ONE UK,http://tv123.cc.cd/live.php?ch=1004&sid=b503daab0c6f4fc6fa439a2d8244a08c&exp=1785763807&sig=d907c5220674361b15c187bde53be363fba70e5dae1c9a36279433b24cd7b87c
Sky Kids UK,http://tv123.cc.cd/live.php?ch=1005&sid=b503daab0c6f4fc6fa439a2d8244a08c&exp=1785763807&sig=d4ffd43c8dded8f79367eb2ad3aa57e99d9942083b46010a2c8f49b1e8a4865d
Sky Mix UK,http://tv123.cc.cd/live.php?ch=1006&sid=b503daab0c6f4fc6fa439a2d8244a08c&exp=1785763807&sig=e0473d6e6290d58527b61895e30ab3175d42f0183eefebec55eda7be98d2f3a3
U&alibi UK,http://tv123.cc.cd/live.php?ch=1007&sid=b503daab0c6f4fc6fa439a2d8244a08c&exp=1785763807&sig=1fd6dc8acb0cd9a4210cc6a5d92fa116c525e0fadb50a132c12d87653a74041a
U&Dave UK,http://tv123.cc.cd/live.php?ch=1008&sid=b503daab0c6f4fc6fa439a2d8244a08c&exp=1785763807&sig=8884a4a576458e290009c6698640e154c9ddc022cd600b1a62c269a3ef6630ca
U&Gold UK,http://tv123.cc.cd/live.php?ch=1009&sid=b503daab0c6f4fc6fa439a2d8244a08c&exp=1785763807&sig=ddbacbc8396328ab808624085e38ffc626ebb1df9f92a5e2dec401cffe9b8304
LFCTV UK,http://tv123.cc.cd/live.php?ch=1010&sid=b503daab0c6f4fc6fa439a2d8244a08c&exp=1785763807&sig=12c8089ddf1d4207eba96ee9154f56aad280b87def5fef80b6dfb8d95ee92536
Virgin Media Four IE,http://tv123.cc.cd/live.php?ch=1011&sid=b503daab0c6f4fc6fa439a2d8244a08c&exp=1785763807&sig=382a75cd5d6854f7fd9c9a269860d82a4dbfa4bdd153f8e2c4db81318a99b53f
Slice CA,http://tv123.cc.cd/live.php?ch=1012&sid=b503daab0c6f4fc6fa439a2d8244a08c&exp=1785763807&sig=ab2772e49b4c13dc20b3b681c74c0b6b24e8931a20261fe876c2d2e75ca3fd74
OUTtv CA,http://tv123.cc.cd/live.php?ch=1013&sid=b503daab0c6f4fc6fa439a2d8244a08c&exp=1785763807&sig=7ab9967e41aa6dcf437b63db0b6a4d43f66d22183c6a5212b39a037723f7a55e
MUCH CA,http://tv123.cc.cd/live.php?ch=1014&sid=b503daab0c6f4fc6fa439a2d8244a08c&exp=1785763807&sig=8c53d95a637d2e1dfc49529f32f4c060bebbd42623e764db5a80636ad22ea041
CityNews Vancouver CA,http://tv123.cc.cd/live.php?ch=1015&sid=b503daab0c6f4fc6fa439a2d8244a08c&exp=1785763807&sig=79963fa4bcb24940d761e5ff2c48bf86510d0a8f1c8baf7af0e4cb872107c3e9
CityNews Toronto CA,http://tv123.cc.cd/live.php?ch=1016&sid=b503daab0c6f4fc6fa439a2d8244a08c&exp=1785763807&sig=7bd617728080ddd7676e7c11ecf15a6ebc63ceb1962a7f64409355481b0b5af6
CHCH CA,http://tv123.cc.cd/live.php?ch=1017&sid=b503daab0c6f4fc6fa439a2d8244a08c&exp=1785763807&sig=61c335182a0b2ed8f72c8952e01e813d3c4f2e3969e6b1f761f45a4039872c8b
BNN Bloomberg CA,http://tv123.cc.cd/live.php?ch=1018&sid=b503daab0c6f4fc6fa439a2d8244a08c&exp=1785763807&sig=7407bb076e040c273f3545b5ca47fdad60ca239ab5574dca6a0f85b937bc9d9f
APTN CA,http://tv123.cc.cd/live.php?ch=1019&sid=b503daab0c6f4fc6fa439a2d8244a08c&exp=1785763807&sig=03d301e77e15198403d63f9bd754b09b2c49f04cda15bc5ef06068a2d19340d5
AMI CA,http://tv123.cc.cd/live.php?ch=1020&sid=b503daab0c6f4fc6fa439a2d8244a08c&exp=1785763807&sig=e8685a1f5783fa3207701ec06cb9dcbb99e8536b99bc79ec8e4652d9aec872d1
OMNI2 CA,http://tv123.cc.cd/live.php?ch=1021&sid=b503daab0c6f4fc6fa439a2d8244a08c&exp=1785763807&sig=df32b252dab01b6b1f02a1169198beb252f4b7a303240fddd3ba063770901dc6
OMNI1 CA,http://tv123.cc.cd/live.php?ch=1022&sid=b503daab0c6f4fc6fa439a2d8244a08c&exp=1785763807&sig=aebe94395fd0f5636d288ddc178783936976382efd6e2c258a0c07b782d8ee79
CP24 CA,http://tv123.cc.cd/live.php?ch=1023&sid=b503daab0c6f4fc6fa439a2d8244a08c&exp=1785763807&sig=683f5bd76eabd72cec67c972696c2ce0697aadee6b0ae7e6d30d34ea0bd94b40
W Network CA,http://tv123.cc.cd/live.php?ch=1024&sid=b503daab0c6f4fc6fa439a2d8244a08c&exp=1785763807&sig=de949a8943e9923c7827686b55a8a48424f0ea4757eb5fbd0f3b4d59dce542de
TVO CA,http://tv123.cc.cd/live.php?ch=1025&sid=b503daab0c6f4fc6fa439a2d8244a08c&exp=1785763807&sig=0c263f29f93b526e4258824913f43c1362f1972562bf46f8b482f46baa0109ef
Makeful TV CA,http://tv123.cc.cd/live.php?ch=1026&sid=b503daab0c6f4fc6fa439a2d8244a08c&exp=1785763807&sig=2fd22daa0b47f24f80b6d2c5a3081593694509aac91cc140540ef15e8f1fdf15
Showcase CA,http://tv123.cc.cd/live.php?ch=1027&sid=b503daab0c6f4fc6fa439a2d8244a08c&exp=1785763807&sig=34867548ea4d8c5e7cf2b25e39696489ed7b5881a296e33f839950eba0b60dee
MovieTime CA,http://tv123.cc.cd/live.php?ch=1028&sid=b503daab0c6f4fc6fa439a2d8244a08c&exp=1785763807&sig=df7c1989dc765bb6b8d1db7b47bbdf9010f4235909ae2eeea2a290a338c5a81e
Citytv Toronto CA,http://tv123.cc.cd/live.php?ch=1029&sid=b503daab0c6f4fc6fa439a2d8244a08c&exp=1785763807&sig=7ee009b72ea211e32006cecaa6ce251a08daf4f6077ed2ed041f3fb44d04f8c1
CBC Vancouver CA,http://tv123.cc.cd/live.php?ch=1030&sid=b503daab0c6f4fc6fa439a2d8244a08c&exp=1785763807&sig=da59ec7ded1412c7666be5c6cec2125b66eace0a96dc1e6222433ca46500d7fa
CBC Toronto CA,http://tv123.cc.cd/live.php?ch=1031&sid=b503daab0c6f4fc6fa439a2d8244a08c&exp=1785763807&sig=a43b7b1352aba53da79a5155cd1a0f93bde517cc924f1d3060ba6e80f3ea4396
CTV Life Channel CA,http://tv123.cc.cd/live.php?ch=1032&sid=b503daab0c6f4fc6fa439a2d8244a08c&exp=1785763807&sig=a7b4cb413eaa2a8881134ad2d47946ceb96f254aa4e0b6b6f9e93408851df83c
CTV Sci-Fi Channel CA,http://tv123.cc.cd/live.php?ch=1033&sid=b503daab0c6f4fc6fa439a2d8244a08c&exp=1785763807&sig=a55105943527afa766e4ea9e7e1b4e829dff11aef00b0bfd8f74f583ed7a2718
CTV Comedy Channel CA,http://tv123.cc.cd/live.php?ch=1034&sid=b503daab0c6f4fc6fa439a2d8244a08c&exp=1785763807&sig=22e1a9edc1a95a0f60619498e7f0cacbeada040455c2d7e75894f98ff5f2d8d3
CTV Drama Channel CA,http://tv123.cc.cd/live.php?ch=1035&sid=b503daab0c6f4fc6fa439a2d8244a08c&exp=1785763807&sig=b43b5c2cb737f8bac1d27217b717ca08539361864a49c182b74077a9c11f2d79
CTV Toronto CA,http://tv123.cc.cd/live.php?ch=1036&sid=b503daab0c6f4fc6fa439a2d8244a08c&exp=1785763807&sig=0839a5575cdf1fa12fdec1f765e97baa5fe72563ff58aec42455e4806959ffc6
The Weather Network CA,http://tv123.cc.cd/live.php?ch=1037&sid=b503daab0c6f4fc6fa439a2d8244a08c&exp=1785763807&sig=25fae1d8903d4de53e9c564779acfcca8db4fc0fb07e4b9de6ab52e99f5fdf58
CPAC CA,http://tv123.cc.cd/live.php?ch=1038&sid=b503daab0c6f4fc6fa439a2d8244a08c&exp=1785763807&sig=cfaa834e5999011cbb46474deabbd9f02eac3b906719e2566a1c2b80412d2c83
CTV2 Barrie CA,http://tv123.cc.cd/live.php?ch=1039&sid=b503daab0c6f4fc6fa439a2d8244a08c&exp=1785763807&sig=f0d89dc12c3d565837ef73e9aea39d26b7cb897b61bc3df3fb42c397598054fc
NASA TV,http://tv123.cc.cd/live.php?ch=1040&sid=b503daab0c6f4fc6fa439a2d8244a08c&exp=1785763807&sig=1687bdb95180b089825ee2b35382a1f49265aa597a1df06961773b166b5d45de
MeTV Toons,http://tv123.cc.cd/live.php?ch=1041&sid=b503daab0c6f4fc6fa439a2d8244a08c&exp=1785763807&sig=68f2ddc5e10348b068fbeb77b9250d8557d3e83f13b10a112377b429f02afea6
MeTV+,http://tv123.cc.cd/live.php?ch=1042&sid=b503daab0c6f4fc6fa439a2d8244a08c&exp=1785763807&sig=7027053768bdb9edb2e7ecc5471b0b39512df2ecb053f640e49969d45b3e1768
Discovery Turbo,http://tv123.cc.cd/live.php?ch=1043&sid=b503daab0c6f4fc6fa439a2d8244a08c&exp=1785763807&sig=36d2fb9c15b9d237a7228d5271871b9f30fb097d75bf64c3b6ace6ba946aeac5
Destination America,http://tv123.cc.cd/live.php?ch=1044&sid=b503daab0c6f4fc6fa439a2d8244a08c&exp=1785763807&sig=31726fed4152224e4c574f29552f1b799a9564f5754d8f9986718ef0bf48db5f
C-SPAN3,http://tv123.cc.cd/live.php?ch=1045&sid=b503daab0c6f4fc6fa439a2d8244a08c&exp=1785763807&sig=f68ef1b9c7d1d0733080a817c2a2914ac684248f996462be8430943080ed1c3b
C-SPAN2,http://tv123.cc.cd/live.php?ch=1046&sid=b503daab0c6f4fc6fa439a2d8244a08c&exp=1785763807&sig=614e3e3a0bde278b8c89ef68e0f637fbe4cdc6ba589f8601ad55e34a8508d736
American Heroes Channel,http://tv123.cc.cd/live.php?ch=1047&sid=b503daab0c6f4fc6fa439a2d8244a08c&exp=1785763807&sig=efac61a0316aebeec45cc127119a49dab223b7fe2ed4de96c5c44925d90cb466
Sportsman Channel,http://tv123.cc.cd/live.php?ch=1048&sid=b503daab0c6f4fc6fa439a2d8244a08c&exp=1785763807&sig=6aaedea2c507471e5ac02b15a7466948c2f01154c2e0031f66cb1e24cadc35ed
CLEO TV,http://tv123.cc.cd/live.php?ch=1049&sid=b503daab0c6f4fc6fa439a2d8244a08c&exp=1785763807&sig=d6dfb0b383a9909249fa29e6950a9ae9321af989a06503c7a11fe40dfe460e52
Discovery Life,http://tv123.cc.cd/live.php?ch=1050&sid=b503daab0c6f4fc6fa439a2d8244a08c&exp=1785763807&sig=eb90a1b1c73fed62c556684b71d32d7dabd39337833755388ede3c1513b9e4cb
OWN,http://tv123.cc.cd/live.php?ch=1051&sid=b503daab0c6f4fc6fa439a2d8244a08c&exp=1785763807&sig=0fa98a3197dca9d58532beed2391d32022ddea53877bdf931bc607f33344318d
TLC,http://tv123.cc.cd/live.php?ch=1052&sid=b503daab0c6f4fc6fa439a2d8244a08c&exp=1785763807&sig=6727a726b750a729e32a0b4dcbe001579da8304579b6662afd29c4035c2e83a5
Cooking Channel,http://tv123.cc.cd/live.php?ch=1053&sid=b503daab0c6f4fc6fa439a2d8244a08c&exp=1785763807&sig=5062c191963954c5786653698f11fb74f9d348567d119b8d3fea658748e52507
Magnolia Network,http://tv123.cc.cd/live.php?ch=1054&sid=b503daab0c6f4fc6fa439a2d8244a08c&exp=1785763807&sig=2341a797e10ea495700a8674273f3ebc3f00c226e169ef61c18c983f9b1feccc
Food Network,http://tv123.cc.cd/live.php?ch=1055&sid=b503daab0c6f4fc6fa439a2d8244a08c&exp=1785763807&sig=3867192b1c386882b47b2e1a92bd9ce37b80094819b1573a4ce3d3fa5d788bcd
HGTV,http://tv123.cc.cd/live.php?ch=1056&sid=b503daab0c6f4fc6fa439a2d8244a08c&exp=1785763807&sig=50c4f98dde88bb9f8c6b5cbb584f80ebd076f03767d8e45b97e46a9e7633f69b
The Weather Channel,http://tv123.cc.cd/live.php?ch=1057&sid=b503daab0c6f4fc6fa439a2d8244a08c&exp=1785763807&sig=5004f65d2c0746936b70b4b100f487ab34b684fe3f35d127717b8bd12fb4efe1
HLN,http://tv123.cc.cd/live.php?ch=1058&sid=b503daab0c6f4fc6fa439a2d8244a08c&exp=1785763807&sig=d3313b75b0d4271a78f723aaa9a43ca0304c298f5c43e87362c6ef90ab237ed9
Oxygen True Crime,http://tv123.cc.cd/live.php?ch=1059&sid=b503daab0c6f4fc6fa439a2d8244a08c&exp=1785763807&sig=02b7e0272d2ed89b48b37e5b927f92b6c39462d9a24d9316bc920f279d09c4d1
Investigation Discovery,http://tv123.cc.cd/live.php?ch=1060&sid=b503daab0c6f4fc6fa439a2d8244a08c&exp=1785763807&sig=f4cd23455089375c1a550ee6bd71c326aba5b6cf4df70cbae61c432c9f7b4aa4
Smithsonian Channel,http://tv123.cc.cd/live.php?ch=1061&sid=b503daab0c6f4fc6fa439a2d8244a08c&exp=1785763807&sig=9d9abc762a60a88e4e394e458c631479f16976311697b11c45fb70ca5f3a7daa
Animal Planet,http://tv123.cc.cd/live.php?ch=1062&sid=b503daab0c6f4fc6fa439a2d8244a08c&exp=1785763807&sig=93ea6250784330e185c7d70ea5023845ff8c746ed340fd349ff8c4f8f56f7066
Nat Geo Wild,http://tv123.cc.cd/live.php?ch=1063&sid=b503daab0c6f4fc6fa439a2d8244a08c&exp=1785763807&sig=1d79796b5e3fed7bd0fa2eab9a3db17a6bc25e7115e82a74b89d11728703580e
National Geographic,http://tv123.cc.cd/live.php?ch=1064&sid=b503daab0c6f4fc6fa439a2d8244a08c&exp=1785763807&sig=73846298ba8573a2dd014a5f704586f4c5d82f2ae65b87a5f2fd183d23588867
BBC America,http://tv123.cc.cd/live.php?ch=1065&sid=b503daab0c6f4fc6fa439a2d8244a08c&exp=1785763807&sig=18a86ab0389c8b80c33263d347b4445312aaf7ca6d2d789f43c58193fe46e1f3
HDNet Movies,http://tv123.cc.cd/live.php?ch=1066&sid=b503daab0c6f4fc6fa439a2d8244a08c&exp=1785763807&sig=f5d2c03f7ac6035f95ce676088956a8afea7050cd171d2a53a2661d9262cff78
GRIT,http://tv123.cc.cd/live.php?ch=1067&sid=b503daab0c6f4fc6fa439a2d8244a08c&exp=1785763807&sig=207eb475418aa9f144fbe0b74e88597ec7ee23c1259910255a8730fe21f75a52
COZI TV,http://tv123.cc.cd/live.php?ch=1068&sid=b503daab0c6f4fc6fa439a2d8244a08c&exp=1785763807&sig=9efed6bddf64a0f87f0ca67611ba925cfe99e88d0ce50be78ef9b8cd709b501e
MeTV,http://tv123.cc.cd/live.php?ch=1069&sid=b503daab0c6f4fc6fa439a2d8244a08c&exp=1785763807&sig=d222a591939cab8abd93fdce44ef6ff5508e968847ef4fedb9088d9851c0ef87
TV ONE,http://tv123.cc.cd/live.php?ch=1070&sid=b503daab0c6f4fc6fa439a2d8244a08c&exp=1785763807&sig=55b202a12e039f27d1cedae3610b8365a150b8075dceb368a8383fbbde29b728
INSP,http://tv123.cc.cd/live.php?ch=1071&sid=b503daab0c6f4fc6fa439a2d8244a08c&exp=1785763807&sig=c8bb55b24b24835bde6a50f4e684519ac4c67d9500a94a61d531e728dd55576d
Freeform,http://tv123.cc.cd/live.php?ch=1072&sid=b503daab0c6f4fc6fa439a2d8244a08c&exp=1785763807&sig=81f0018e4b54b0444c88f35504f283a525610303daa4ecfbb63f9c8f17bd5e47
IFC,http://tv123.cc.cd/live.php?ch=1073&sid=b503daab0c6f4fc6fa439a2d8244a08c&exp=1785763807&sig=3d639581abd3567bf8270675fe2e4262c4624cdbf75dcc26456bbbb84c9780ca
Paramount Network,http://tv123.cc.cd/live.php?ch=1074&sid=b503daab0c6f4fc6fa439a2d8244a08c&exp=1785763807&sig=e3584bc3f45b8118c9b74c91b581796cd3662c4de7cc29f511f6c4c916caacfa
AMC,http://tv123.cc.cd/live.php?ch=1075&sid=b503daab0c6f4fc6fa439a2d8244a08c&exp=1785763807&sig=d1e69ee8264f802ee2a13a2608df0a9c91b0e5582c68df9389bc23f87978b9fd
Sony Movie Channel,http://tv123.cc.cd/live.php?ch=1076&sid=b503daab0c6f4fc6fa439a2d8244a08c&exp=1785763807&sig=381b20ce3ce63be05952df2f23e350595e1e7b88f41548ab5e3d1acf4bf64678
TV LAND,http://tv123.cc.cd/live.php?ch=1077&sid=b503daab0c6f4fc6fa439a2d8244a08c&exp=1785763807&sig=fc9e4630ced1e0ada42c0f32a2034be97682e4553f6e81d5aca56c69799f4a85
SYFY,http://tv123.cc.cd/live.php?ch=1078&sid=b503daab0c6f4fc6fa439a2d8244a08c&exp=1785763807&sig=8ac03e3aaf3f5f77f4b56a475dd12e64c504ed6bab683dc29ec0a065fe92826a
Hallmark Mystery,http://tv123.cc.cd/live.php?ch=1080&sid=b503daab0c6f4fc6fa439a2d8244a08c&exp=1785763807&sig=35da8dd4c0a6bf0fab66fe54f35b56c34a046e73b7f837dac97ab2b862483849
Hallmark Family,http://tv123.cc.cd/live.php?ch=1081&sid=b503daab0c6f4fc6fa439a2d8244a08c&exp=1785763807&sig=ba38952f584df836bae1f957e7a2794a851d9f13073c7ce65ede3f2bf568ff82
Hallmark Channel,http://tv123.cc.cd/live.php?ch=1082&sid=b503daab0c6f4fc6fa439a2d8244a08c&exp=1785763807&sig=b06683f15e4a4cdb2d25af895a29456a7e2f66cb9855cd94df37e092b71c8641
FXX,http://tv123.cc.cd/live.php?ch=1083&sid=b503daab0c6f4fc6fa439a2d8244a08c&exp=1785763807&sig=1c4d6acd4ee74da07b7ff6954f26b12c117df83c5c57c2ce1e3500f831856ecb
FX,http://tv123.cc.cd/live.php?ch=1084&sid=b503daab0c6f4fc6fa439a2d8244a08c&exp=1785763807&sig=8ab4f5394242698a96185301127849df8e322a3fe3d18a63f0bd11960fab807f
CMT,http://tv123.cc.cd/live.php?ch=1085&sid=b503daab0c6f4fc6fa439a2d8244a08c&exp=1785763807&sig=9c4decf623d965c0bed8704adbc1e337a1cac6ff44d6f23ecadf7164b08388cb
VH1,http://tv123.cc.cd/live.php?ch=1086&sid=b503daab0c6f4fc6fa439a2d8244a08c&exp=1785763807&sig=062aa634fcfca22e3eab2592a73e77dbdb008b4b219e3270fb56f336e2c38f7f
Game Show Network,http://tv123.cc.cd/live.php?ch=1087&sid=b503daab0c6f4fc6fa439a2d8244a08c&exp=1785763807&sig=ba5b866ae4353704bd3353388966113107014abddbf2e2015dd91b0bd01fc31b
VICE,http://tv123.cc.cd/live.php?ch=1088&sid=b503daab0c6f4fc6fa439a2d8244a08c&exp=1785763807&sig=bd0812b262b4a05455ff51e46279266df12c93865781e23a4d8bc2f0e13a02fc
AXS TV,http://tv123.cc.cd/live.php?ch=1089&sid=b503daab0c6f4fc6fa439a2d8244a08c&exp=1785763807&sig=7cd71b82c9da4cad9e9e82c4a91617a58f632605e3f90986cdcb02202f0e6643
Adult Swim,http://tv123.cc.cd/live.php?ch=1090&sid=b503daab0c6f4fc6fa439a2d8244a08c&exp=1785763807&sig=dec88e93b1cf32661f0589f9dbd4171dbc51afdc4949785638a91ea7fec8823b
truTV,http://tv123.cc.cd/live.php?ch=1091&sid=b503daab0c6f4fc6fa439a2d8244a08c&exp=1785763807&sig=3b602184c17f7230a683fc01120c0533a6f59cef70d1bee250fdf8f3c5f8b93f
E!,http://tv123.cc.cd/live.php?ch=1092&sid=b503daab0c6f4fc6fa439a2d8244a08c&exp=1785763807&sig=4431c221482c89480b7908758278242a44919f741ad35cf759454f326210b811
fuse,http://tv123.cc.cd/live.php?ch=1093&sid=b503daab0c6f4fc6fa439a2d8244a08c&exp=1785763807&sig=c0d624dd032faf55f9f78ae78edb42bed16d878a7be462a4abc907e9fa149c2e
BET,http://tv123.cc.cd/live.php?ch=1095&sid=b503daab0c6f4fc6fa439a2d8244a08c&exp=1785763807&sig=52dec5ab314d9e86fd065e13710de6a4a4f885b6713979f0d1e64620bec05b6b
Bravo,http://tv123.cc.cd/live.php?ch=1096&sid=b503daab0c6f4fc6fa439a2d8244a08c&exp=1785763807&sig=834f4952d1ae9ea32c3eb718baab2abbf5dd88498ac9326d81aef43717392387
Comedy Central,http://tv123.cc.cd/live.php?ch=1097&sid=b503daab0c6f4fc6fa439a2d8244a08c&exp=1785763807&sig=fe449abd32f65e011965c68f24497beff3def72868141b7fddf6917981deff05
MTV2,http://tv123.cc.cd/live.php?ch=1098&sid=b503daab0c6f4fc6fa439a2d8244a08c&exp=1785763807&sig=b97f6b95e12af06e5c34b273a9d77918943b76f5bd655bbe3f1fd327e3735059
MTV,http://tv123.cc.cd/live.php?ch=1099&sid=b503daab0c6f4fc6fa439a2d8244a08c&exp=1785763807&sig=7ae8d63b70e307ee4e105aecfa6b6d6ae738240813e1f8e347d0b0d37c170286
A&E,http://tv123.cc.cd/live.php?ch=1100&sid=b503daab0c6f4fc6fa439a2d8244a08c&exp=1785763807&sig=861db1d8c89999db3712d6eac60d3cefc29843e80fe5328cfa2a62f7018272f2
TNT,http://tv123.cc.cd/live.php?ch=1102&sid=b503daab0c6f4fc6fa439a2d8244a08c&exp=1785763807&sig=6d11e158e9dcf0ea4ad1596c76ff9f416ac48e4cd9bfde40ad1fe355101c0530
USA Network,http://tv123.cc.cd/live.php?ch=1103&sid=b503daab0c6f4fc6fa439a2d8244a08c&exp=1785763807&sig=b59a2db6e9b39a7e37b3a257030b6a5a218f6839d88ed36cfeaf9db9723a2d21
Crime & Investigation,http://tv123.cc.cd/live.php?ch=1104&sid=b503daab0c6f4fc6fa439a2d8244a08c&exp=1785763807&sig=6e0ce1d587f67c9dbfe0d222b0a027ef21c2242d070edb87092cec8dfdc6f7ad
WNBC NBC New York,http://tv123.cc.cd/live.php?ch=1105&sid=b503daab0c6f4fc6fa439a2d8244a08c&exp=1785763807&sig=f8bb2bea89822134cb9b41af442ef133d8b9c3b3dd16c97f3090faea5646db86
KNBC NBC Los Angeles,http://tv123.cc.cd/live.php?ch=1106&sid=b503daab0c6f4fc6fa439a2d8244a08c&exp=1785763807&sig=27c4323acc637eb758a81adfc6ea24503aaca5daea93ea0b89ad85f3ff019629
WCBS CBS New York,http://tv123.cc.cd/live.php?ch=1107&sid=b503daab0c6f4fc6fa439a2d8244a08c&exp=1785763807&sig=6332957b65b85773199ef174f6cf435275acf69cd4e3ea18f74c75f48b6baf4c
KCBS CBS Los Angeles,http://tv123.cc.cd/live.php?ch=1108&sid=b503daab0c6f4fc6fa439a2d8244a08c&exp=1785763807&sig=087f6703bf99568fef8b8107440a4ac5c1f783ac348de6a9ad5af302fd5fc1f9
WABC ABC New York,http://tv123.cc.cd/live.php?ch=1109&sid=b503daab0c6f4fc6fa439a2d8244a08c&exp=1785763807&sig=006c5bcfd0c94cbc684ce462a173d534854a427079fb312e97c05ec49ddc80d8
KABC ABC Los Angeles,http://tv123.cc.cd/live.php?ch=1110&sid=b503daab0c6f4fc6fa439a2d8244a08c&exp=1785763807&sig=f221421e9d8f448633f892d90b331da6563c3d521d915d87c4944328cc77924c
WNYW FOX New York,http://tv123.cc.cd/live.php?ch=1111&sid=b503daab0c6f4fc6fa439a2d8244a08c&exp=1785763807&sig=b362a2bae85defe1631526a22a8a28b70f5e3ffc6a17f45035e20b1e5f2d3d41
KTTV FOX Los Angeles,http://tv123.cc.cd/live.php?ch=1112&sid=b503daab0c6f4fc6fa439a2d8244a08c&exp=1785763807&sig=cc4b0d5b159084b3b1330bef36c71d53131047b6c49a235f6d2989e07550faa2
WPIX CW New York,http://tv123.cc.cd/live.php?ch=1113&sid=b503daab0c6f4fc6fa439a2d8244a08c&exp=1785763807&sig=50370d111faf2dad63d9448423de44dc1d28641c6f7c78db3ff1e5e55abd3dcf
KTLA CW Los Angeles,http://tv123.cc.cd/live.php?ch=1114&sid=b503daab0c6f4fc6fa439a2d8244a08c&exp=1785763807&sig=02702ccd5921c9da6c6e810bb05b8e801fba5d5009badf37ff93b0e7a7f39871
WNET THIRTEEN PBS,http://tv123.cc.cd/live.php?ch=1115&sid=b503daab0c6f4fc6fa439a2d8244a08c&exp=1785763807&sig=dad3c3564ea4625583972aaa1bcb7e18dc6b4921747c7ec385f019c523c2341d
KOCE PBS SoCal,http://tv123.cc.cd/live.php?ch=1116&sid=b503daab0c6f4fc6fa439a2d8244a08c&exp=1785763807&sig=bee03322b3a78e281544d46ffb5c49ff226d68692ccefc4b51834063ac53398d
WXTV Univision New York,http://tv123.cc.cd/live.php?ch=1117&sid=b503daab0c6f4fc6fa439a2d8244a08c&exp=1785763807&sig=472e1534c2d68a67fa6b1b78942fa6de390b9e65e04bc86ecdf4c819d1cc449a
KMEX Univision Los Angeles,http://tv123.cc.cd/live.php?ch=1118&sid=b503daab0c6f4fc6fa439a2d8244a08c&exp=1785763807&sig=c5565a542792e4a6c6396b527010c758ae976719beaa0ceaef95ae953c6b9912
WNJU Telemundo New York,http://tv123.cc.cd/live.php?ch=1119&sid=b503daab0c6f4fc6fa439a2d8244a08c&exp=1785763807&sig=e640b45b879014dc00196bba21e1b8e6f3369602a128564c4f2f8b4981fa02d9
KVEA Telemundo Los Angeles,http://tv123.cc.cd/live.php?ch=1120&sid=b503daab0c6f4fc6fa439a2d8244a08c&exp=1785763807&sig=96ab89d22086f7a2a1aab0cdc02920e7b55836fe887ede56a39d76f86d854e82
Court TV,http://tv123.cc.cd/live.php?ch=1121&sid=b503daab0c6f4fc6fa439a2d8244a08c&exp=1785763807&sig=d4679489845286dd05cd3c223579761d25dcdfe341522a6b38ff56df7c1f912f
mtvU,http://tv123.cc.cd/live.php?ch=1122&sid=b503daab0c6f4fc6fa439a2d8244a08c&exp=1785763807&sig=3af4e91456679a57f1b36c64c80b2385aa769e83f8f57367b1719da665750314
WE TV,http://tv123.cc.cd/live.php?ch=1124&sid=b503daab0c6f4fc6fa439a2d8244a08c&exp=1785763807&sig=0f557e67f5feec5f0ee3543e8407dff5a55be1bc77d726606f6f82d0babfab31
WFUT UniMás Nueva York,http://tv123.cc.cd/live.php?ch=1125&sid=b503daab0c6f4fc6fa439a2d8244a08c&exp=1785763807&sig=ef551b21bd81a4a30da6661adddede68ffde296ea7fb9d3f668c0593ebf9fc9e
KFTR UniMás Los Ángeles,http://tv123.cc.cd/live.php?ch=1126&sid=b503daab0c6f4fc6fa439a2d8244a08c&exp=1785763807&sig=59183ae9e0f55b406f51b9f487b10e8af08e113731af98c2c7378989d47a39ae
AccuWeather,http://tv123.cc.cd/live.php?ch=1127&sid=b503daab0c6f4fc6fa439a2d8244a08c&exp=1785763807&sig=6dc0267e6e3d2402848be502627bc9852b58d00bf51a54e0e688c8e641ca408c
ASPiRE,http://tv123.cc.cd/live.php?ch=1128&sid=b503daab0c6f4fc6fa439a2d8244a08c&exp=1785763807&sig=bc1c2391efbccbfa0ebf7982938afc995e76dccb059e626f37f0c6ac3026cd18
BounceTV,http://tv123.cc.cd/live.php?ch=1129&sid=b503daab0c6f4fc6fa439a2d8244a08c&exp=1785763807&sig=b68763d37a303737d6e7dc2585dac643f4a31fd79629b1e7d7939d4b3edaa3c0
Circle Country,http://tv123.cc.cd/live.php?ch=1130&sid=b503daab0c6f4fc6fa439a2d8244a08c&exp=1785763807&sig=365fcca35eb92dddf656a863e95d29f0cb8b17cf4cf43ec60aadc599cebb9fc1
Comedy.TV,http://tv123.cc.cd/live.php?ch=1131&sid=b503daab0c6f4fc6fa439a2d8244a08c&exp=1785763807&sig=06ac004581d06e55459d374e001e6ff8f5442d98706b977b053285d9c2a19996
FOX Soul,http://tv123.cc.cd/live.php?ch=1132&sid=b503daab0c6f4fc6fa439a2d8244a08c&exp=1785763807&sig=135099691b489bcaca757791351ad7d9d422aaa213b41090057752b096f8873a
FOX Weather,http://tv123.cc.cd/live.php?ch=1133&sid=b503daab0c6f4fc6fa439a2d8244a08c&exp=1785763807&sig=11a18d5c83fb573c5d7aedfb9da424d03ec87ab7c57067bce68e99feb1c83e3a
Free Speech TV,http://tv123.cc.cd/live.php?ch=1134&sid=b503daab0c6f4fc6fa439a2d8244a08c&exp=1785763807&sig=d5c80e38ead50f78332e496835f21a55307f1abecc9dd2e0b69f9b97e6488326
GREAT,http://tv123.cc.cd/live.php?ch=1135&sid=b503daab0c6f4fc6fa439a2d8244a08c&exp=1785763807&sig=120821ec748d25186428a9b1645654226d3a37671831efb5bc69913d1bd77d57
HSN,http://tv123.cc.cd/live.php?ch=1136&sid=b503daab0c6f4fc6fa439a2d8244a08c&exp=1785763807&sig=a35c9a2873a5a022a917a43a4f39f71b76296927f56a38245483f99082a1d93b
Laff,http://tv123.cc.cd/live.php?ch=1137&sid=b503daab0c6f4fc6fa439a2d8244a08c&exp=1785763807&sig=ff2c478ed95ed10c2d52e9871f1355a84f534884d5214d9d768efd67a7612f86
Nosey,http://tv123.cc.cd/live.php?ch=1138&sid=b503daab0c6f4fc6fa439a2d8244a08c&exp=1785763807&sig=9afdbe69a509098bb4861e8f6332c434bdeac8dcbe36420874c1ffc9322ed044
QVC,http://tv123.cc.cd/live.php?ch=1139&sid=b503daab0c6f4fc6fa439a2d8244a08c&exp=1785763807&sig=c0eb60941821b6994a74d45d7d21f142a9a0a27ab2229e8e5421b09fcddc07c7
Revolt,http://tv123.cc.cd/live.php?ch=1140&sid=b503daab0c6f4fc6fa439a2d8244a08c&exp=1785763807&sig=16eb73e2d621c31499b61ed6d12a91eae9a1a29f7c7ecbb562e0054e192cc967
RFD TV,http://tv123.cc.cd/live.php?ch=1141&sid=b503daab0c6f4fc6fa439a2d8244a08c&exp=1785763807&sig=eece5a7b6fa5957a24e010a0b617c2ac256ba0a83bbc5da4280c413c79ab6db4
The Africa Channel,http://tv123.cc.cd/live.php?ch=1142&sid=b503daab0c6f4fc6fa439a2d8244a08c&exp=1785763807&sig=2661433cbcb9c227de8a6681178cf2d0341692d748098b17be3d14e314a326dd
The Grio,http://tv123.cc.cd/live.php?ch=1143&sid=b503daab0c6f4fc6fa439a2d8244a08c&exp=1785763807&sig=970842d84a292e667d7da6f0eeebfd19e653523aee7a6763287514a0145c7e83
Universo,http://tv123.cc.cd/live.php?ch=1144&sid=b503daab0c6f4fc6fa439a2d8244a08c&exp=1785763807&sig=121d00bad2573d786015af4007622ef3a24edfcf6cd0968d046aef38a7b61508
UPtv,http://tv123.cc.cd/live.php?ch=1145&sid=b503daab0c6f4fc6fa439a2d8244a08c&exp=1785763807&sig=590da48b2eedf3f5f5f19c30024de40405d0c2b515a63824082ff5f75ff557c4
WEST TV,http://tv123.cc.cd/live.php?ch=1146&sid=b503daab0c6f4fc6fa439a2d8244a08c&exp=1785763807&sig=d65d7355aa23269b18a9631a10a906e09adb9498d9af94fb7c744c0497e9b426
Hollywood Suite 2010s+ CA,http://tv123.cc.cd/live.php?ch=1147&sid=b503daab0c6f4fc6fa439a2d8244a08c&exp=1785763807&sig=3f704a62c0ff677df6ea141a29d8985c6ea1851fdafcd14c79752f81d185a969
Hollywood Suite 2000s CA,http://tv123.cc.cd/live.php?ch=1148&sid=b503daab0c6f4fc6fa439a2d8244a08c&exp=1785763807&sig=20253ac6cc6e9f6ee45c4c8cac3235f3a2c871ce187f8f868b94fad19704468e
Hollywood Suite 80s and 90s CA,http://tv123.cc.cd/live.php?ch=1149&sid=b503daab0c6f4fc6fa439a2d8244a08c&exp=1785763807&sig=65d432bef4494d6de5b0bd0e22d33fbba102b458779246a1b908881e50d0ed24
Hollywood Suite 70s+ CA,http://tv123.cc.cd/live.php?ch=1150&sid=b503daab0c6f4fc6fa439a2d8244a08c&exp=1785763807&sig=cbf1d52f56bde9aef6e4796200e523904171eb981cb743e84ec9b7bb07b453f5
Super Écran 4 CA,http://tv123.cc.cd/live.php?ch=1151&sid=b503daab0c6f4fc6fa439a2d8244a08c&exp=1785763807&sig=1df1dd61794c7cd5b121c062abdf5993b507e2ed232bdf94ff57515a71e99d1b
Super Écran 3 CA,http://tv123.cc.cd/live.php?ch=1152&sid=b503daab0c6f4fc6fa439a2d8244a08c&exp=1785763807&sig=59e7b7d3ef99ecfd25ab08eff9946c7dcea30e4acc3f708b8856b66e412ca9be
Super Écran 2 CA,http://tv123.cc.cd/live.php?ch=1153&sid=b503daab0c6f4fc6fa439a2d8244a08c&exp=1785763807&sig=a6e720473917467a1e7cb08decfbb039c2e14d3925bd406c3a5cc7097cfd80ea
Super Écran 1 CA,http://tv123.cc.cd/live.php?ch=1154&sid=b503daab0c6f4fc6fa439a2d8244a08c&exp=1785763807&sig=80e325d5bda7bb3782c89e79c7c903919ad38059160c90d2ce154840a70ca6c4
CinéPop CA,http://tv123.cc.cd/live.php?ch=1155&sid=b503daab0c6f4fc6fa439a2d8244a08c&exp=1785763807&sig=d0d3c189021ca008e4a034cba88e16a634f43bfabdd76ff399cf8642717a7992
Starz Encore Español,http://tv123.cc.cd/live.php?ch=1156&sid=b503daab0c6f4fc6fa439a2d8244a08c&exp=1785763807&sig=17f2f7b52d66e9c7b6c4603f87c3a6ddb72aed9b8974e56f9fc244307a45cbed
Ciné+ Classic FR,http://tv123.cc.cd/live.php?ch=1157&sid=b503daab0c6f4fc6fa439a2d8244a08c&exp=1785763807&sig=6de5e3f78722f6e1dc4cd777421df92f2c4fef8770d92d04a28d85262ebcf4bc
Ciné+ Festival FR,http://tv123.cc.cd/live.php?ch=1158&sid=b503daab0c6f4fc6fa439a2d8244a08c&exp=1785763807&sig=b7781f04234c04d8e8ea3fbcaee263a2f4db32e1f2edfa44fc46bcedce443f54
Ciné+ Family FR,http://tv123.cc.cd/live.php?ch=1159&sid=b503daab0c6f4fc6fa439a2d8244a08c&exp=1785763807&sig=f4b6f5b4d239c9096e697d3632a182ac6fcc314df2321f6ce359e3a74f269ca9
Ciné+ Emotion FR,http://tv123.cc.cd/live.php?ch=1160&sid=b503daab0c6f4fc6fa439a2d8244a08c&exp=1785763807&sig=ccf982ce67777714068f87a68838c93a2334547e56974012486eeef64a118c00
Ciné+ Frisson FR,http://tv123.cc.cd/live.php?ch=1161&sid=b503daab0c6f4fc6fa439a2d8244a08c&exp=1785763807&sig=dcb8b4011fcfcb4965186b49f5abe474781e3309bb2b5d7f784c25a8ead52610
Ciné+ OCS FR,http://tv123.cc.cd/live.php?ch=1162&sid=b503daab0c6f4fc6fa439a2d8244a08c&exp=1785763807&sig=79a17a0e49634b55438dc66d6c63930e91af7c53e595767eac3a7b5671936b9f
Crave 4 CA,http://tv123.cc.cd/live.php?ch=1163&sid=b503daab0c6f4fc6fa439a2d8244a08c&exp=1785763807&sig=2f195e54ba0a1dfcd0ed03b20ec09d496c406417b1eeb45ffb6d2c867eac2522
Crave 3 CA,http://tv123.cc.cd/live.php?ch=1164&sid=b503daab0c6f4fc6fa439a2d8244a08c&exp=1785763807&sig=af0846603da405ebe420428672dc690d7187d4266cf79d56ef03f741d8c77b2a
Crave 2 CA,http://tv123.cc.cd/live.php?ch=1165&sid=b503daab0c6f4fc6fa439a2d8244a08c&exp=1785763807&sig=208ec353dc999c88f52fc6de786ea7e416b56c7feaa1918791b19dd4f2ed2676
Crave 1 CA,http://tv123.cc.cd/live.php?ch=1166&sid=b503daab0c6f4fc6fa439a2d8244a08c&exp=1785763807&sig=f99a72d862b60d179aeba2527f413dded83f7a35dcd3f9838aab3adf530736e9
Flix,http://tv123.cc.cd/live.php?ch=1167&sid=b503daab0c6f4fc6fa439a2d8244a08c&exp=1785763807&sig=bd25eceee6279263231923333bbf70928dc23ca8f4c2c54443c5cabd31779d0c
The Movie Channel,http://tv123.cc.cd/live.php?ch=1168&sid=b503daab0c6f4fc6fa439a2d8244a08c&exp=1785763807&sig=707628c5e0115e11f47bc9c8a6d28ef42c1abb0d88cbbc86bde436d400f8fc52
TCM,http://tv123.cc.cd/live.php?ch=1169&sid=b503daab0c6f4fc6fa439a2d8244a08c&exp=1785763807&sig=68f02a6f2c60310368294fb7c814873657b9f4d2ddb2ecc516d255e6331279d3
RetroPlex,http://tv123.cc.cd/live.php?ch=1170&sid=b503daab0c6f4fc6fa439a2d8244a08c&exp=1785763807&sig=5eaaf6099f8d65c5d900a84e92d7f2a26724cf7bc8298222f49041663605af43
IndiePlex,http://tv123.cc.cd/live.php?ch=1171&sid=b503daab0c6f4fc6fa439a2d8244a08c&exp=1785763807&sig=2de232ba146f55473d04cd71a980911266e5de385614b5d380c05cff343ed009
MoviePlex,http://tv123.cc.cd/live.php?ch=1172&sid=b503daab0c6f4fc6fa439a2d8244a08c&exp=1785763807&sig=f4ec4a09615622426f96835347d0fa328a58cd15255a0c1adc96bb914207e63c
ScreenPix Westerns,http://tv123.cc.cd/live.php?ch=1173&sid=b503daab0c6f4fc6fa439a2d8244a08c&exp=1785763807&sig=45959c1cb8b3aab595190af0f086ef0885fc2920a5a97837ace0af9a30d27d52
ScreenPix Voices,http://tv123.cc.cd/live.php?ch=1174&sid=b503daab0c6f4fc6fa439a2d8244a08c&exp=1785763807&sig=64694ad4bdd37b5419e267eafd78e259a79c1932fc8bc6655c4b852ad6d09954
ScreenPix Action,http://tv123.cc.cd/live.php?ch=1175&sid=b503daab0c6f4fc6fa439a2d8244a08c&exp=1785763807&sig=9740c81fcc44998dc99349e4abe2444847fc645166e1c73f59b532f8005cb4de
ScreenPix,http://tv123.cc.cd/live.php?ch=1176&sid=b503daab0c6f4fc6fa439a2d8244a08c&exp=1785763807&sig=6f832fe2a73adb4b804d291b005abb78f333a17c9b6aa9c654c5e54787927073
MGM+ Drive-In,http://tv123.cc.cd/live.php?ch=1177&sid=b503daab0c6f4fc6fa439a2d8244a08c&exp=1785763807&sig=60c439bba740c572abe72d8fb2be5da770eb5afbdc6218f0af790abf33c840a3
MGM+ Marquee,http://tv123.cc.cd/live.php?ch=1178&sid=b503daab0c6f4fc6fa439a2d8244a08c&exp=1785763807&sig=9607eb8f59c8a4e0ca5e0e650788565f8bd7474cc7890d3d25fe9a2e418a57d1
MGM+ Hits,http://tv123.cc.cd/live.php?ch=1179&sid=b503daab0c6f4fc6fa439a2d8244a08c&exp=1785763807&sig=aa142c04be74826c7f752ae2b0039b18f307adb9fe8783efc75aa08c96ceae00
MGM+,http://tv123.cc.cd/live.php?ch=1180&sid=b503daab0c6f4fc6fa439a2d8244a08c&exp=1785763807&sig=8090508ea454cd41deb704e0fd05e08767aff57b1b9642c972c8d9be0c3eadd6
Cinemáx,http://tv123.cc.cd/live.php?ch=1181&sid=b503daab0c6f4fc6fa439a2d8244a08c&exp=1785763807&sig=22ed6c3f933e1c0ff11978a0a381cafb05c7f67b6edba5ab8929414e5076eb2a
Cinemax Classics,http://tv123.cc.cd/live.php?ch=1182&sid=b503daab0c6f4fc6fa439a2d8244a08c&exp=1785763807&sig=8acb550a1751c82c35a8e58d70d83c48e82bac5fdfb04e30d3a5f17f463daac4
Cinemax Action,http://tv123.cc.cd/live.php?ch=1183&sid=b503daab0c6f4fc6fa439a2d8244a08c&exp=1785763807&sig=02ab8c58dc8d5e3ab98a00712c2940d9714e6443fab1f28d5fb1c4152a80d442
Cinemax Hits,http://tv123.cc.cd/live.php?ch=1184&sid=b503daab0c6f4fc6fa439a2d8244a08c&exp=1785763807&sig=41afc69cc2ebb2957e382012dfdffa167e0454d22576203f6fd07d83dcbcfdf0
Cinemax,http://tv123.cc.cd/live.php?ch=1185&sid=b503daab0c6f4fc6fa439a2d8244a08c&exp=1785763807&sig=e2fe1048d78125a295c36e39b3c73655902664ce5ab69fb474b2c13f382377f1
Starz Encore Westerns,http://tv123.cc.cd/live.php?ch=1186&sid=b503daab0c6f4fc6fa439a2d8244a08c&exp=1785763807&sig=2f1b3f161ca1a473ed97039099b181a5aa268fe758326fb462368c954e6d9675
Starz Encore Suspense,http://tv123.cc.cd/live.php?ch=1187&sid=b503daab0c6f4fc6fa439a2d8244a08c&exp=1785763807&sig=89d942221f693b8bb394fbdc3273a4d04c7a32f5d09e2a70b8f1fe93d5aa6409
Starz Encore Family,http://tv123.cc.cd/live.php?ch=1188&sid=b503daab0c6f4fc6fa439a2d8244a08c&exp=1785763807&sig=a2f523a075bdab5a5e70d4762bcccad9934054ebd6a392309fffe8bc69c57f9c
Starz Encore Black,http://tv123.cc.cd/live.php?ch=1189&sid=b503daab0c6f4fc6fa439a2d8244a08c&exp=1785763807&sig=67d9b0e9c49cd340d7717c650ae001708813289b7bdc207c5e635358e00298e4
Starz Encore Classic,http://tv123.cc.cd/live.php?ch=1190&sid=b503daab0c6f4fc6fa439a2d8244a08c&exp=1785763807&sig=1d64972fb9de591fb67cd5467af9f632480f0378bc1d661b7a561a1eb2255683
Starz Encore Action,http://tv123.cc.cd/live.php?ch=1191&sid=b503daab0c6f4fc6fa439a2d8244a08c&exp=1785763807&sig=e90aa153b6db7fd4300ae5325d56dd2167f2e6ecc9bca091eaa602ee4b2f1654
Starz Encore,http://tv123.cc.cd/live.php?ch=1192&sid=b503daab0c6f4fc6fa439a2d8244a08c&exp=1785763807&sig=44e772e1d82ca0b271c71158ba347fd52e775c3a5cf113e299f5b9da01bdd7cd
Starz Kids & Family,http://tv123.cc.cd/live.php?ch=1193&sid=b503daab0c6f4fc6fa439a2d8244a08c&exp=1785763807&sig=98318bca5baef0fd5ea6a35ddb54b22695c35b0fc339f18cc73e9e15a7d6a6c9
Starz Cinema,http://tv123.cc.cd/live.php?ch=1194&sid=b503daab0c6f4fc6fa439a2d8244a08c&exp=1785763807&sig=aea926a75738b3dd039bd196585e43d2a5c769283e76ffc378e298e0d96d5273
Starz Comedy,http://tv123.cc.cd/live.php?ch=1195&sid=b503daab0c6f4fc6fa439a2d8244a08c&exp=1785763807&sig=b31e0d1c761f7cb7477c43b763319ba6c7c5464e42eca73004514089fd9a5e78
Starz in Black,http://tv123.cc.cd/live.php?ch=1196&sid=b503daab0c6f4fc6fa439a2d8244a08c&exp=1785763807&sig=f583a52762979bbbfbbf411d2b14fa9f7703409d26dac4783d3194bd15438060
Starz Edge,http://tv123.cc.cd/live.php?ch=1197&sid=b503daab0c6f4fc6fa439a2d8244a08c&exp=1785763807&sig=ae6075cc96ef0d91ecb006bfc2c2087c3c59e609563a8d64cc9f0e4d895bf492
Starz,http://tv123.cc.cd/live.php?ch=1198&sid=b503daab0c6f4fc6fa439a2d8244a08c&exp=1785763807&sig=c011991ccc783367adb506952323a784cf252659d88c7d2242ce50c271df78d5
Showtime Showcase,http://tv123.cc.cd/live.php?ch=1199&sid=b503daab0c6f4fc6fa439a2d8244a08c&exp=1785763807&sig=52ac1dad53212b9a660372ee9d91eb976c59666c306f98f5c398ec585ad80443
Showtime Family Zone,http://tv123.cc.cd/live.php?ch=1200&sid=b503daab0c6f4fc6fa439a2d8244a08c&exp=1785763807&sig=84ca32040b7b922be5233f9c0ec37c1a930f331f83b8e9b8c31a1b153c1c7d71
Showtime Women,http://tv123.cc.cd/live.php?ch=1201&sid=b503daab0c6f4fc6fa439a2d8244a08c&exp=1785763807&sig=b7722cad14a28202b06558e30949afce5621f7336596212965395ef1311f7e6f
SHOxBET,http://tv123.cc.cd/live.php?ch=1202&sid=b503daab0c6f4fc6fa439a2d8244a08c&exp=1785763807&sig=0c70ab3deb4d60a3b8949c69d622c8f314311e571b9646daa4d3d9dd926e190c
Showtime Next,http://tv123.cc.cd/live.php?ch=1203&sid=b503daab0c6f4fc6fa439a2d8244a08c&exp=1785763807&sig=c0db8bf4947e0baddb57efb36eb60ff88e1a52820ff6204f55d996cfbf65b91f
Showtime Extreme,http://tv123.cc.cd/live.php?ch=1204&sid=b503daab0c6f4fc6fa439a2d8244a08c&exp=1785763807&sig=34133699f20beb8d018d1b6c6da09651fe215149d4b3ec315e4513a3fc5af894
Showtime 2,http://tv123.cc.cd/live.php?ch=1205&sid=b503daab0c6f4fc6fa439a2d8244a08c&exp=1785763807&sig=700394160c3f19b798e1810009dda47c41cba540a454363e49bf36894d70c7dc
Paramount+ with Showtime,http://tv123.cc.cd/live.php?ch=1206&sid=b503daab0c6f4fc6fa439a2d8244a08c&exp=1785763807&sig=31aca0f227a18884d1532a85c8a53d7d9c9f48b8f183f9a5b20acc50dd198123
HBO Movies,http://tv123.cc.cd/live.php?ch=1207&sid=b503daab0c6f4fc6fa439a2d8244a08c&exp=1785763807&sig=898c853f324b53b0f08d4a8fe5e64cec9a582e2d7de49b9707bd36b6f7012aa4
HBO Comedy,http://tv123.cc.cd/live.php?ch=1208&sid=b503daab0c6f4fc6fa439a2d8244a08c&exp=1785763807&sig=0953b287af6963149220e5b13acf800ad07a10c7eee34a7aa9724d6a903e26bd
HBO Drama,http://tv123.cc.cd/live.php?ch=1209&sid=b503daab0c6f4fc6fa439a2d8244a08c&exp=1785763807&sig=73338c1228bf5fc71b8057d9217df52942369b436d66c275224d5a7c571727cf
HBO Hits,http://tv123.cc.cd/live.php?ch=1210&sid=b503daab0c6f4fc6fa439a2d8244a08c&exp=1785763807&sig=1cd9f8bd7215509f7accd709941e056e8ea534f967030a694254a43e681d85bf
HBO Latino,http://tv123.cc.cd/live.php?ch=1211&sid=b503daab0c6f4fc6fa439a2d8244a08c&exp=1785763807&sig=34e7dafa4ec5f8fdef3e6180754e9e3ed00356134d59d2809565ce6783e45a77
The Movie Channel Xtra,http://tv123.cc.cd/live.php?ch=1213&sid=b503daab0c6f4fc6fa439a2d8244a08c&exp=1785763807&sig=161ee9450a909a0ba8ea218f9f69e1e13fc0b55d0bbcb280adde5045ce9fc7bc
Canal+ Cinéma(s) FR,http://tv123.cc.cd/live.php?ch=1214&sid=b503daab0c6f4fc6fa439a2d8244a08c&exp=1785763807&sig=7d6e3268ab812d0f467e73afcd6c41f2e7007bfa42144ec135dc193080dbb856
Canal+ Grand Écran FR,http://tv123.cc.cd/live.php?ch=1215&sid=b503daab0c6f4fc6fa439a2d8244a08c&exp=1785763807&sig=142c0e00f4b56a819b7706b85af723666236472b0a51f6f930e1476da3d25969
Cine Español por M+ ES,http://tv123.cc.cd/live.php?ch=1216&sid=b503daab0c6f4fc6fa439a2d8244a08c&exp=1785763807&sig=98f1768632d8a190b00ad18fce6c115fa37262f2430a316ac838a678d7cb8ea2
Fox Sports 507 AU,http://tv123.cc.cd/live.php?ch=1217&sid=b503daab0c6f4fc6fa439a2d8244a08c&exp=1785763807&sig=cc58b249afa2df12704ddff36af6ad47f543e20ac958e91f3cabaf160b75bd8c
Fox Sports 506 AU,http://tv123.cc.cd/live.php?ch=1218&sid=b503daab0c6f4fc6fa439a2d8244a08c&exp=1785763807&sig=b42add252acd4a3cde8387dc088ff4dcf1f8b6021ca50ade5d3887a4477f92e7
Fox Sports 505 AU,http://tv123.cc.cd/live.php?ch=1219&sid=b503daab0c6f4fc6fa439a2d8244a08c&exp=1785763807&sig=37f69f07ec2a0d3635e60ecc77bc50b22dcdf986173b82761630bd7f4fc63ad2
Fox Sports 504 AU,http://tv123.cc.cd/live.php?ch=1220&sid=b503daab0c6f4fc6fa439a2d8244a08c&exp=1785763807&sig=32080147fc55cfbc4004c33fb49cf56e9f184a86b77859782c856a775333ab14
Fox Sports 503 AU,http://tv123.cc.cd/live.php?ch=1221&sid=b503daab0c6f4fc6fa439a2d8244a08c&exp=1785763807&sig=5aaaec7bb2e55503bf9ab6f34d5ba5a10e77d790e81a6162586ef8f561c7afac
Fox Sports 502 AU,http://tv123.cc.cd/live.php?ch=1222&sid=b503daab0c6f4fc6fa439a2d8244a08c&exp=1785763807&sig=16c87ef9105c5a9233b434a801dcbe86c276180502216c00fea7fb8e2ed1da1e
Fox Sports 501 AU,http://tv123.cc.cd/live.php?ch=1223&sid=b503daab0c6f4fc6fa439a2d8244a08c&exp=1785763807&sig=e7d40ecf9ceed8e4d0d072e4193fe177f3dc25cd82bb2078a0251f491deb5f12
SKY Sport Select NZ,http://tv123.cc.cd/live.php?ch=1224&sid=b503daab0c6f4fc6fa439a2d8244a08c&exp=1785763807&sig=d65a595275a061cb91ec86116f01fb364198bd15a4f8376a9d047d62125c01c8
SKY Sport 9 NZ,http://tv123.cc.cd/live.php?ch=1225&sid=b503daab0c6f4fc6fa439a2d8244a08c&exp=1785763807&sig=987e3794e4bdb9702d82cfb0f6976a1e37f1c1f1a41d2012bcb1d1558fc072cf
SKY Sport Premier League NZ,http://tv123.cc.cd/live.php?ch=1226&sid=b503daab0c6f4fc6fa439a2d8244a08c&exp=1785763807&sig=915959a6dc0f53a6adb6cd6caec34c1881ae3f0b382009620b9b53d8911ad176
SKY Sport 7 NZ,http://tv123.cc.cd/live.php?ch=1227&sid=b503daab0c6f4fc6fa439a2d8244a08c&exp=1785763807&sig=5488da75d0ba5d01b3d322166899db620b919e83b0b2248d197926d570a677dc
SKY Sport 6 NZ,http://tv123.cc.cd/live.php?ch=1228&sid=b503daab0c6f4fc6fa439a2d8244a08c&exp=1785763807&sig=c2d713b28eb9c129eee73e9fe1b3172b4f97b91d7566a0ceed7b110d1b1a2dca
SKY Sport 5 NZ,http://tv123.cc.cd/live.php?ch=1229&sid=b503daab0c6f4fc6fa439a2d8244a08c&exp=1785763807&sig=013c5094288fcdf9534acc488fa7d61fc2984ae22f2e8e4f18e01e807ec8ecff
SKY Sport 4 NZ,http://tv123.cc.cd/live.php?ch=1230&sid=b503daab0c6f4fc6fa439a2d8244a08c&exp=1785763807&sig=fa2efd71c4e950bc2edb7fa692dee4a633b1c933f6f7512003de09e979ffd959
SKY Sport 3 NZ,http://tv123.cc.cd/live.php?ch=1231&sid=b503daab0c6f4fc6fa439a2d8244a08c&exp=1785763807&sig=c933210923cf282b0f27ff378fa6bd384dcb88c6220a05c7bc3a4b82488d4678
SKY Sport 2 NZ,http://tv123.cc.cd/live.php?ch=1232&sid=b503daab0c6f4fc6fa439a2d8244a08c&exp=1785763807&sig=ab0273232f0ff6a77ae809cd881af4d22b4f9e61cc11cf11cacbab107c28152a
SKY Sport 1 NZ,http://tv123.cc.cd/live.php?ch=1233&sid=b503daab0c6f4fc6fa439a2d8244a08c&exp=1785763807&sig=d13a67ae683a2208502a2c405b6c092379bdccefff8057d03958db498025a1ca
Fox Sports News AU,http://tv123.cc.cd/live.php?ch=1234&sid=b503daab0c6f4fc6fa439a2d8244a08c&exp=1785763807&sig=105e857811d4731a8ee79928f069500e25704b36984dce7c74fbddb7d64160df
ELEVEN SPORTS 4 PL,http://tv123.cc.cd/live.php?ch=1235&sid=b503daab0c6f4fc6fa439a2d8244a08c&exp=1785763807&sig=859f198c9ee6cf8f29f01a2332fca45de1a98656142c55e1a170a433378b71a1
ELEVEN SPORTS 3 PL,http://tv123.cc.cd/live.php?ch=1236&sid=b503daab0c6f4fc6fa439a2d8244a08c&exp=1785763807&sig=78be8390e6853ca54e84e15e9fe89c24a533aa67b8501d43efe45354f60e00ca
ELEVEN SPORTS 2 PL,http://tv123.cc.cd/live.php?ch=1237&sid=b503daab0c6f4fc6fa439a2d8244a08c&exp=1785763807&sig=8968178e39c02940eeabe2743195bc087ebf63af5d8013591636f9ddd18dda76
ELEVEN SPORTS 1 PL,http://tv123.cc.cd/live.php?ch=1238&sid=b503daab0c6f4fc6fa439a2d8244a08c&exp=1785763807&sig=a3ad5db1337fb7f8c372e0338923740e9dc6ff4d2139d6e001b9d08cdb4d5129
Liga de Campeones por M+ ES,http://tv123.cc.cd/live.php?ch=1239&sid=b503daab0c6f4fc6fa439a2d8244a08c&exp=1785763807&sig=d0eb5fd34c8c4532cafc749629ea889f390a6c45fe134ce528e7e2294146e134
Golf por M+ ES,http://tv123.cc.cd/live.php?ch=1240&sid=b503daab0c6f4fc6fa439a2d8244a08c&exp=1785763807&sig=c61074486d92b674b36bf662486ce5cfbf094371284c7461d668ae82750f77c2
Sky Sport Bundesliga DE,http://tv123.cc.cd/live.php?ch=1241&sid=b503daab0c6f4fc6fa439a2d8244a08c&exp=1785763807&sig=4433b4e96374144f1e2b6a6fdbad270ff29b48d40b6eadfe3509fa6dc34e907d
Sky Sport Top Event DE,http://tv123.cc.cd/live.php?ch=1242&sid=b503daab0c6f4fc6fa439a2d8244a08c&exp=1785763807&sig=cb81d8b82468acc9f8386fb62b2030ae8b5e9f00968e17b145a48364632a93b9
Infosport+ FR,http://tv123.cc.cd/live.php?ch=1243&sid=b503daab0c6f4fc6fa439a2d8244a08c&exp=1785763807&sig=34e52198cd311f9638321363ea32379ebe4bff7cfd087eb4290db6b2543e2307
Golf+ FR,http://tv123.cc.cd/live.php?ch=1244&sid=b503daab0c6f4fc6fa439a2d8244a08c&exp=1785763807&sig=7abfc86d78c9e8206f48430b4f9ddde6dc7bea37650086173a2de8faeddfb3b5
Ziggo Sport 6 NL,http://tv123.cc.cd/live.php?ch=1245&sid=b503daab0c6f4fc6fa439a2d8244a08c&exp=1785763807&sig=1e58a5ad1c95a128955899bccc58ef09f69ba57729e0efb149d4d4b60983a555
Ziggo Sport 5 NL,http://tv123.cc.cd/live.php?ch=1246&sid=b503daab0c6f4fc6fa439a2d8244a08c&exp=1785763807&sig=0568342bb61c5b43baba6914f6b9f53f2aeeab852742d4e6609407f03e10876c
Ziggo Sport 4 NL,http://tv123.cc.cd/live.php?ch=1247&sid=b503daab0c6f4fc6fa439a2d8244a08c&exp=1785763807&sig=10f90640f93f24dc43bcc55376596849e2436bf94870a081e28a9d9f9293807b
Ziggo Sport 3 NL,http://tv123.cc.cd/live.php?ch=1248&sid=b503daab0c6f4fc6fa439a2d8244a08c&exp=1785763807&sig=d3cd59ae79ea3e2dc67e641a3e33fcd0730ecd06648c5971d6764baeefd732f4
Ziggo Sport 2 NL,http://tv123.cc.cd/live.php?ch=1249&sid=b503daab0c6f4fc6fa439a2d8244a08c&exp=1785763807&sig=e90f82a31210d72c09874cdeb72ba3c88befd6efae6c3503dc86091b6bd28165
LaLiga por M+ ES,http://tv123.cc.cd/live.php?ch=1250&sid=b503daab0c6f4fc6fa439a2d8244a08c&exp=1785763807&sig=880cc27e78f81c686c30a9a259bf9e33e22c2e801a29b74aa35b58ea05eafd81
Deportes por M+ ES,http://tv123.cc.cd/live.php?ch=1251&sid=b503daab0c6f4fc6fa439a2d8244a08c&exp=1785763807&sig=c7684508c503de8f1adfbac576c0a896de043a33be4ab0122f23d97aefa226d7
DAZN 2 DE,http://tv123.cc.cd/live.php?ch=1252&sid=b503daab0c6f4fc6fa439a2d8244a08c&exp=1785763807&sig=2beb0a401e54ec78dc6bc89d2cc6f2b29e25b875976d2770c413536b928f33fe
DAZN 1 DE,http://tv123.cc.cd/live.php?ch=1253&sid=b503daab0c6f4fc6fa439a2d8244a08c&exp=1785763807&sig=9f420e2a86fd8243c7b196a5a38f05052ffa31558b44df88192bda220cebf88e
CANAL+ Foot FR,http://tv123.cc.cd/live.php?ch=1254&sid=b503daab0c6f4fc6fa439a2d8244a08c&exp=1785763807&sig=0471c31ca1bd024cbe5ba8b96194f396d67f73c5fef6888fb862836b4f4afc11
CANAL+ Sport 360 FR,http://tv123.cc.cd/live.php?ch=1255&sid=b503daab0c6f4fc6fa439a2d8244a08c&exp=1785763807&sig=d30fbab718cea1efcb7d19ce1352f10cfcaf6e182284256cf9f5f75ca041eeac
CANAL+ Sport FR,http://tv123.cc.cd/live.php?ch=1256&sid=b503daab0c6f4fc6fa439a2d8244a08c&exp=1785763807&sig=88b34462641a2cfee71521ac59fc3939c2f6016ab7abfcc5b1dd4549e62151a0
beIN SPORTS 3 FR,http://tv123.cc.cd/live.php?ch=1257&sid=b503daab0c6f4fc6fa439a2d8244a08c&exp=1785763807&sig=24a6ebf4ec9c6395e9d5afecd958f7ad2e19dbfea66912cff862911d5f3b5b81
beIN SPORTS 2 FR,http://tv123.cc.cd/live.php?ch=1258&sid=b503daab0c6f4fc6fa439a2d8244a08c&exp=1785763807&sig=6af2e96f99996b03e69c15287d0712bb64158f1fedd4dc715de85322068a1454
beIN SPORTS 1 FR,http://tv123.cc.cd/live.php?ch=1259&sid=b503daab0c6f4fc6fa439a2d8244a08c&exp=1785763807&sig=3f540065c33bc3aa95b11882b4d80c03736da2f250724f67d5e0bbe3c1133f54
EuroSport 2 FR,http://tv123.cc.cd/live.php?ch=1260&sid=b503daab0c6f4fc6fa439a2d8244a08c&exp=1785763807&sig=0937f3fa6047e46294f22d4f1b5a99d070a0c9404c040610ddd8514d3c20e459
EuroSport 1 FR,http://tv123.cc.cd/live.php?ch=1261&sid=b503daab0c6f4fc6fa439a2d8244a08c&exp=1785763807&sig=067c14468a47bfe875c9e239e280f1e38e79bdc3dd9e2f2930d8696aac56d44b
Premier Sports 2 UK,http://tv123.cc.cd/live.php?ch=1262&sid=b503daab0c6f4fc6fa439a2d8244a08c&exp=1785763807&sig=060999d100e5575d37d091df1fe0799f49df72f053c50cf0bd16f53ceabc1bde
Premier Sports 1 UK,http://tv123.cc.cd/live.php?ch=1263&sid=b503daab0c6f4fc6fa439a2d8244a08c&exp=1785763807&sig=a9e1f7061c8e77d2da901c087c57d25cea4195df4d612e9dd66c495bbbf70412
TNT Sports 4 UK,http://tv123.cc.cd/live.php?ch=1264&sid=b503daab0c6f4fc6fa439a2d8244a08c&exp=1785763807&sig=f331eb2dce12e47fd4acd86353b562e2b5b773f8e2bf5dc4309e37ff736c035d
TNT Sports 3 UK,http://tv123.cc.cd/live.php?ch=1265&sid=b503daab0c6f4fc6fa439a2d8244a08c&exp=1785763807&sig=bdc07e9e893ddffc5a7f6c2404e7c56e2782953141448ffb223791e947e792ec
TNT Sports 2 UK,http://tv123.cc.cd/live.php?ch=1266&sid=b503daab0c6f4fc6fa439a2d8244a08c&exp=1785763807&sig=817ecefb42c5e0b62fee39094a85e090530599ea010c9aa32573f5ec89672c1b
TNT Sports 1 UK,http://tv123.cc.cd/live.php?ch=1267&sid=b503daab0c6f4fc6fa439a2d8244a08c&exp=1785763807&sig=0eab5f62b313de0f8fa6061e082b5cec5653c3f0812558dc70881bb1b6abe22c
Sky Sports Tennis UK,http://tv123.cc.cd/live.php?ch=1268&sid=b503daab0c6f4fc6fa439a2d8244a08c&exp=1785763807&sig=b8cedf276478e256f47405664ff19f4995b8899df3ce7dda59e63af345f01166
Sky Sports+ UK,http://tv123.cc.cd/live.php?ch=1269&sid=b503daab0c6f4fc6fa439a2d8244a08c&exp=1785763807&sig=97ed08b822c7f825b797ed033b5ab3780c5c5d0f9f1115735be2dcbe92375788
Sky Sports Action UK,http://tv123.cc.cd/live.php?ch=1270&sid=b503daab0c6f4fc6fa439a2d8244a08c&exp=1785763807&sig=e0531b024e11b68312633573fd738aa5f6df96507466f37e4066b9245bb29f35
Sky Sports Racing UK,http://tv123.cc.cd/live.php?ch=1271&sid=b503daab0c6f4fc6fa439a2d8244a08c&exp=1785763807&sig=005d666c431bcfe402222cfb26b0a95f899a232aa3b5024754ec73efb833234e
Sky Sports Golf UK,http://tv123.cc.cd/live.php?ch=1272&sid=b503daab0c6f4fc6fa439a2d8244a08c&exp=1785763807&sig=aefb7348a3be144b79bdc436532a6c10cb96f2b60f07b72065353af407db4825
Sky Sports Mix UK,http://tv123.cc.cd/live.php?ch=1273&sid=b503daab0c6f4fc6fa439a2d8244a08c&exp=1785763807&sig=2a70f72cabf937f65d44a376fc9d6c29709a7c57a86e9a7aa1a200568281c67b
Sky Sports Cricket UK,http://tv123.cc.cd/live.php?ch=1274&sid=b503daab0c6f4fc6fa439a2d8244a08c&exp=1785763807&sig=9f3654ff2c27d828995b5491fcef67a3e2db2e0d46079038818485492c9081c1
Sky Sports F1 UK,http://tv123.cc.cd/live.php?ch=1275&sid=b503daab0c6f4fc6fa439a2d8244a08c&exp=1785763807&sig=7ccbb5e944dbb4d1b1c2706f4497db35fc5c3ab574ac68e58f050080b387cdda
Sky Sports Football UK,http://tv123.cc.cd/live.php?ch=1276&sid=b503daab0c6f4fc6fa439a2d8244a08c&exp=1785763807&sig=fe88b9eba5d8a0078ffab2cf9388283b96cdc84c4594bbe6b5cc014aa0a3f8de
Sky Sports Premier League UK,http://tv123.cc.cd/live.php?ch=1277&sid=b503daab0c6f4fc6fa439a2d8244a08c&exp=1785763807&sig=710345feda38940f6f87a406f0bba3b0e53e461e56f1a7da1a947113dffcdad1
Sky Sports Main Event UK,http://tv123.cc.cd/live.php?ch=1278&sid=b503daab0c6f4fc6fa439a2d8244a08c&exp=1785763807&sig=9c773b6b2c08034749ae70474e35bde8493e5eec9c5a8601da4a15c36b7100ae
Sky Sports News UK,http://tv123.cc.cd/live.php?ch=1279&sid=b503daab0c6f4fc6fa439a2d8244a08c&exp=1785763807&sig=d38cc3430152e8545437754e866d28520e904edd26c98fe9ba386ee93a9ea721
Sky Sport Uno IT,http://tv123.cc.cd/live.php?ch=1280&sid=b503daab0c6f4fc6fa439a2d8244a08c&exp=1785763807&sig=e2c2c475e7d85899abd9900b48ac75b00accee4f1c9fb1bf44a6f03c416279fb
Sky Sport Calcio IT,http://tv123.cc.cd/live.php?ch=1281&sid=b503daab0c6f4fc6fa439a2d8244a08c&exp=1785763807&sig=a53f98a78922b74f991c8ede3236725ca6ee42825f3aa34955411f53a2597184
Sky Sport MotoGP IT,http://tv123.cc.cd/live.php?ch=1282&sid=b503daab0c6f4fc6fa439a2d8244a08c&exp=1785763807&sig=de65dbe8e11cc7b0d48bbd65e93eb45ab293f6655c6d62a46ec69332202f128b
Sky Sport News DE,http://tv123.cc.cd/live.php?ch=1283&sid=b503daab0c6f4fc6fa439a2d8244a08c&exp=1785763807&sig=719831bf9d9dd92eeb76f79e0a75cf94638e9a33556df349acd6ae332c9492e7
Sky Sport F1 DE,http://tv123.cc.cd/live.php?ch=1284&sid=b503daab0c6f4fc6fa439a2d8244a08c&exp=1785763807&sig=28f8649d320d5a752f80c0fa784dee160bf34db35903b387e50b93914ea9401a
Sky Sport Premier League DE,http://tv123.cc.cd/live.php?ch=1285&sid=b503daab0c6f4fc6fa439a2d8244a08c&exp=1785763807&sig=98a0a386faf8ed9d7e5cddb6b2aa40c5d333355de4f85a037aa1b05d66503c3e
Sky Sport Mix DE,http://tv123.cc.cd/live.php?ch=1286&sid=b503daab0c6f4fc6fa439a2d8244a08c&exp=1785763807&sig=657b5c06da43d11ebda99eb7db6b8abd996213bff40dc6159b6653f98ac5cd01
Sky Sport Tennis DE,http://tv123.cc.cd/live.php?ch=1287&sid=b503daab0c6f4fc6fa439a2d8244a08c&exp=1785763807&sig=84d91fd89a1322ecd3262a9a225719ea9f858bb64d70775ecc40ef7fa6da854f
Sky Sport Golf DE,http://tv123.cc.cd/live.php?ch=1288&sid=b503daab0c6f4fc6fa439a2d8244a08c&exp=1785763807&sig=f77a0e4ad87560b7b5a85a68d10bb1651a17915a10c7e4e8f8cd6bcc94fa1327
Sky Sport Austria 1 DE,http://tv123.cc.cd/live.php?ch=1289&sid=b503daab0c6f4fc6fa439a2d8244a08c&exp=1785763807&sig=f28ae67dbe783c4b046a7623b694459ac8335a1ea6c1bc79c53add85adc866d4
Sport1 DE,http://tv123.cc.cd/live.php?ch=1290&sid=b503daab0c6f4fc6fa439a2d8244a08c&exp=1785763807&sig=8e28e69cb7507f698053a5d107c4f791f58eb970ebebc30e42f9346c28003d4c
Sportdigital Fussball DE,http://tv123.cc.cd/live.php?ch=1291&sid=b503daab0c6f4fc6fa439a2d8244a08c&exp=1785763807&sig=6c29accdbcbd3c0dae3a94648cf9d2d966ade5a7857517700556c03620c5bfa9
Vamos por M+ ES,http://tv123.cc.cd/live.php?ch=1292&sid=b503daab0c6f4fc6fa439a2d8244a08c&exp=1785763807&sig=6c4c96240f67cf176c64f702f26739a845366de09ea38388ebac07e04c9f07a8
Sky Sport 24 IT,http://tv123.cc.cd/live.php?ch=1293&sid=b503daab0c6f4fc6fa439a2d8244a08c&exp=1785763807&sig=33ea38c2100d06bafe500135a1a306e29eba4d7c47f89aa4640200345ef318eb
Sky Sport Tennis IT,http://tv123.cc.cd/live.php?ch=1294&sid=b503daab0c6f4fc6fa439a2d8244a08c&exp=1785763807&sig=f6a2ec14b353e5e0fea72bb730395de5e14bb3b6b1eb774cefba850f7bf882dd
Sky Sport Arena IT,http://tv123.cc.cd/live.php?ch=1295&sid=b503daab0c6f4fc6fa439a2d8244a08c&exp=1785763807&sig=400606b5c8bd4c2e0c0e064458df2379bc5bd8bd7f9664bbbd80eb738061cc93
Sky Sport Basket IT,http://tv123.cc.cd/live.php?ch=1296&sid=b503daab0c6f4fc6fa439a2d8244a08c&exp=1785763807&sig=fbb48209b6de2c73c77a1413f09bb8afae8d713662111dbb3227a7db6d2055c5
Sky Sport Max IT,http://tv123.cc.cd/live.php?ch=1297&sid=b503daab0c6f4fc6fa439a2d8244a08c&exp=1785763807&sig=0d580649f49182c4eedcaca280247a0558d7c345df044de636492b5e35ff45f0
Sky Sport F1 IT,http://tv123.cc.cd/live.php?ch=1298&sid=b503daab0c6f4fc6fa439a2d8244a08c&exp=1785763807&sig=b910c5fbd2a44e8c2a8fa0bd8dcc1bd727c1f80b9603df7f0ac51b80b27af448
Sky Sport Golf IT,http://tv123.cc.cd/live.php?ch=1299&sid=b503daab0c6f4fc6fa439a2d8244a08c&exp=1785763807&sig=6ff487589c3dfc5802a24d8eec3e8f6d1fed6c979ff28bb0059c97a30dcf1dd9
Sky Sport Legend IT,http://tv123.cc.cd/live.php?ch=1300&sid=b503daab0c6f4fc6fa439a2d8244a08c&exp=1785763807&sig=ec620d9051be71b8b45891e718986ce77c421c8972acde81b58ace4fd49cf89e
Sky Sport Mix IT,http://tv123.cc.cd/live.php?ch=1301&sid=b503daab0c6f4fc6fa439a2d8244a08c&exp=1785763807&sig=3c2d49c11fcee31f3c3749d873b41293aeb8dbbf5fbcb84d8f47824045ccf533
TV2 Sport DK,http://tv123.cc.cd/live.php?ch=1302&sid=b503daab0c6f4fc6fa439a2d8244a08c&exp=1785763807&sig=1e1ae0b6448bfd433849ff4167c4a046d8d71641b407c3cc7a8c50d3d02e5daf
TV2 Sport X DK,http://tv123.cc.cd/live.php?ch=1303&sid=b503daab0c6f4fc6fa439a2d8244a08c&exp=1785763807&sig=d64c65f273c07c0ecee1725758ed13c964df4c69cba671c88335524cce8574ec
V Sport1 SE,http://tv123.cc.cd/live.php?ch=1304&sid=b503daab0c6f4fc6fa439a2d8244a08c&exp=1785763807&sig=c4825a1dc3eee218a6cb630ef2dce21ef29b6914acb3ec85ca44c3e14f0f61ee
V Sport Extra SE,http://tv123.cc.cd/live.php?ch=1305&sid=b503daab0c6f4fc6fa439a2d8244a08c&exp=1785763807&sig=fb89fae2711f0c1cf52bc81f6a94fbb2db4f6f18e24b6c89358b0dd61004c150
V Sport Fotboll SE,http://tv123.cc.cd/live.php?ch=1306&sid=b503daab0c6f4fc6fa439a2d8244a08c&exp=1785763807&sig=4c8731050b42e86924a5ba34b4351f42571cbaf8b6700a6d5d0d66dbe5aa22ca
V Sport Golf SE,http://tv123.cc.cd/live.php?ch=1307&sid=b503daab0c6f4fc6fa439a2d8244a08c&exp=1785763807&sig=01e5017a950874b183c24c36f862f7c5e2b0213a4a068068093ee5c6211ba830
V Sport Motor SE,http://tv123.cc.cd/live.php?ch=1308&sid=b503daab0c6f4fc6fa439a2d8244a08c&exp=1785763807&sig=987b57184b93bbb49b7902c06c928b22d79eade9dc535b5c339824bc12acc0e7
V Sport Premium SE,http://tv123.cc.cd/live.php?ch=1309&sid=b503daab0c6f4fc6fa439a2d8244a08c&exp=1785763807&sig=6dcf38155af7cb6284df29fa38e9b5007fc02bc3b9abe45f57d6820f3cd79643
V Sport Vinter SE,http://tv123.cc.cd/live.php?ch=1310&sid=b503daab0c6f4fc6fa439a2d8244a08c&exp=1785763807&sig=7df4d0ddd6cda8ed87510d88a6faac9a8fa1e96a59a2375d12a7301ed5149f07
ESPN NL,http://tv123.cc.cd/live.php?ch=1311&sid=b503daab0c6f4fc6fa439a2d8244a08c&exp=1785763807&sig=1bd9d31946db162df421c2dd0f89cd2d6605bc805e78ac61bdb03d046a5daa8d
ESPN 2 NL,http://tv123.cc.cd/live.php?ch=1312&sid=b503daab0c6f4fc6fa439a2d8244a08c&exp=1785763807&sig=6f1296c843f460094c7d069f67947cdf0bf8c33739c85178681036bc7ddd759f
ESPN 3 NL,http://tv123.cc.cd/live.php?ch=1313&sid=b503daab0c6f4fc6fa439a2d8244a08c&exp=1785763807&sig=127fd84c3c39ebb48f30671fd6b439bab6b4ba7d3164e2f062078a4454db764e
ESPN 4 NL,http://tv123.cc.cd/live.php?ch=1314&sid=b503daab0c6f4fc6fa439a2d8244a08c&exp=1785763807&sig=8d5c7944425c6520d3e01fa622a8b88f14e67bdd28391ae12453194d3675428b
Ziggo Sport 1 NL,http://tv123.cc.cd/live.php?ch=1315&sid=b503daab0c6f4fc6fa439a2d8244a08c&exp=1785763807&sig=a3044deb88eb5590954bd7656169e1bc46b43ad6a2d79f1271ba590a6bc8dfb9
CANAL+ Sport PL,http://tv123.cc.cd/live.php?ch=1316&sid=b503daab0c6f4fc6fa439a2d8244a08c&exp=1785763807&sig=0e358014220b14799a76bf186d0cfa65a52bd2f40c6bb9f3ce72250c9e492150
CANAL+ Sport 2 PL,http://tv123.cc.cd/live.php?ch=1317&sid=b503daab0c6f4fc6fa439a2d8244a08c&exp=1785763807&sig=e8668975611d5a1ceeab09f9ea65ef0a7307083435462223fcbc1ea351166e5e
CANAL+ Sport 3 PL,http://tv123.cc.cd/live.php?ch=1318&sid=b503daab0c6f4fc6fa439a2d8244a08c&exp=1785763807&sig=13e5560c06ed6539445c5a6a1ac40572931ba7b62ab4827d7615b21711f66b82
CANAL+ Sport 4 PL,http://tv123.cc.cd/live.php?ch=1319&sid=b503daab0c6f4fc6fa439a2d8244a08c&exp=1785763807&sig=3a9f951021a9c682a52ff05dbcac0fadcb87774dd60c3f43c0163dad27d63f0a
CANAL+ Sport 5 PL,http://tv123.cc.cd/live.php?ch=1320&sid=b503daab0c6f4fc6fa439a2d8244a08c&exp=1785763807&sig=615cbe01dab20bcb04e76364b89ecd6d5f999818cf97f460b925fcd1ab059c28
CANAL+ Extra 1 PL,http://tv123.cc.cd/live.php?ch=1321&sid=b503daab0c6f4fc6fa439a2d8244a08c&exp=1785763807&sig=1532995f31e3815ef6109489f0d6c781b66fce8492d935c1a2ca6c136dbb7e4d
CANAL+ Extra 2 PL,http://tv123.cc.cd/live.php?ch=1322&sid=b503daab0c6f4fc6fa439a2d8244a08c&exp=1785763807&sig=8bf4492e2014ef1ec9dd5f13084a080f01969c1c2c4a9efdc5d0e1239f3d4bef
Polsat Sport 1 PL,http://tv123.cc.cd/live.php?ch=1323&sid=b503daab0c6f4fc6fa439a2d8244a08c&exp=1785763807&sig=169d8660395c0a4db1d56b29058d1ffb09819bf19a14233b71257aac5cbabc72
Polsat Sport 2 PL,http://tv123.cc.cd/live.php?ch=1324&sid=b503daab0c6f4fc6fa439a2d8244a08c&exp=1785763807&sig=d4ea798f81ac636474db8a3115349baf0538d169ec5d14588bb909de77147d84
Polsat Sport 3 PL,http://tv123.cc.cd/live.php?ch=1325&sid=b503daab0c6f4fc6fa439a2d8244a08c&exp=1785763807&sig=1c55cdfe614fa468f6d5c1cfd70aeeaf2b9ff0ae6bf4aca4b59f381800279e11
Polsat Sport Fight PL,http://tv123.cc.cd/live.php?ch=1326&sid=b503daab0c6f4fc6fa439a2d8244a08c&exp=1785763807&sig=256731190a1e47011b289f188ced4eccd418785f7b8528fad37b14e8d27070be
Polsat Sport Premium 1 PL,http://tv123.cc.cd/live.php?ch=1327&sid=b503daab0c6f4fc6fa439a2d8244a08c&exp=1785763807&sig=aa9e6d174801bcf3cb03beded945a40bf24a4085284984404f5749aa313830f6
Polsat Sport Premium 2 PL,http://tv123.cc.cd/live.php?ch=1328&sid=b503daab0c6f4fc6fa439a2d8244a08c&exp=1785763807&sig=f3932db70c6994fbd8d69f9858585b97bd3b6f47b3ca878a9575f4e54f568c42
Polsat Sport Extra 1 PL,http://tv123.cc.cd/live.php?ch=1329&sid=b503daab0c6f4fc6fa439a2d8244a08c&exp=1785763807&sig=2947e1d2b07782d8724846c8adf29637edfc33cd9a952dc9dcf99bc42f09238e
Polsat Sport Extra 2 PL,http://tv123.cc.cd/live.php?ch=1330&sid=b503daab0c6f4fc6fa439a2d8244a08c&exp=1785763807&sig=9f237b4330e3d69b524fc5f1cf10412e4f9e64d036d83a2a58f977a3ae1a821f
Polsat Sport Extra 3 PL,http://tv123.cc.cd/live.php?ch=1331&sid=b503daab0c6f4fc6fa439a2d8244a08c&exp=1785763807&sig=f2dc8c92b5ae75a3af8b8b0fc6997e271f8a2a2cdfd02c69b026d4d01a5554d6
Polsat Sport Extra 4 PL,http://tv123.cc.cd/live.php?ch=1332&sid=b503daab0c6f4fc6fa439a2d8244a08c&exp=1785763807&sig=b8cf063fe2c707e945168468d3ce187740ac66aeea975916161f6cc257a1fe43
Sportsnet Ontario CA,http://tv123.cc.cd/live.php?ch=1333&sid=b503daab0c6f4fc6fa439a2d8244a08c&exp=1785763807&sig=378286277aeab29dd2fef6bb940824ca70307a656feefd55c0425a09a3767e4d
Sportsnet Pacific CA,http://tv123.cc.cd/live.php?ch=1334&sid=b503daab0c6f4fc6fa439a2d8244a08c&exp=1785763807&sig=5657e4ebea7b1d799583a8ad3a630a0fab000be690fca2976fda9ae22f4e5fd8
Sportsnet World CA,http://tv123.cc.cd/live.php?ch=1335&sid=b503daab0c6f4fc6fa439a2d8244a08c&exp=1785763807&sig=c1204b3a750a864afd6c27b6ff1b2d50d88561c8c7caec6da7b7a9d0793f376c
Sportsnet 360 CA,http://tv123.cc.cd/live.php?ch=1336&sid=b503daab0c6f4fc6fa439a2d8244a08c&exp=1785763807&sig=71d052c45dbae5ba454792687b53fd68b78292b72ca4d7059c78083aacaa6bcf
Sportsnet ONE CA,http://tv123.cc.cd/live.php?ch=1337&sid=b503daab0c6f4fc6fa439a2d8244a08c&exp=1785763807&sig=268616cdfbb5eadad6128238aad80e9d2dbe6ff52a3607489a00d39db1a3ac4c
Sportsnet West CA,http://tv123.cc.cd/live.php?ch=1338&sid=b503daab0c6f4fc6fa439a2d8244a08c&exp=1785763807&sig=1dd0d171f54102c71734003a46a702d373864fa228ba743bd78938fc2bd3e539
Sportsnet East CA,http://tv123.cc.cd/live.php?ch=1339&sid=b503daab0c6f4fc6fa439a2d8244a08c&exp=1785763807&sig=eb6fe675fc073c8066cef6d02b0765fbd3f14446dfe3203ed76b52dc22e923af
TSN5 CA,http://tv123.cc.cd/live.php?ch=1340&sid=b503daab0c6f4fc6fa439a2d8244a08c&exp=1785763807&sig=781014622e705e09c8460d3650371ebda16f97e53b043af28f0b601c70290da9
TSN4 CA,http://tv123.cc.cd/live.php?ch=1341&sid=b503daab0c6f4fc6fa439a2d8244a08c&exp=1785763807&sig=06c2f6754ad95332630a21b5a7c66c106f334fa89ec68347e46841b96766ac1c
TSN3 CA,http://tv123.cc.cd/live.php?ch=1342&sid=b503daab0c6f4fc6fa439a2d8244a08c&exp=1785763807&sig=f591afb721d3e684a8531515cf0cef414bf032b428190d6c390532516e83cbd9
TSN2 CA,http://tv123.cc.cd/live.php?ch=1343&sid=b503daab0c6f4fc6fa439a2d8244a08c&exp=1785763807&sig=b3f037fc3f4d08725b4a44abd90e9f51c877a05b441133d50962ea47055ce69d
TSN1 CA,http://tv123.cc.cd/live.php?ch=1344&sid=b503daab0c6f4fc6fa439a2d8244a08c&exp=1785763807&sig=839a3be3ef4f02f51924d96c73115b2a103230510ccd51c09f117972d4494e27
MSG,http://tv123.cc.cd/live.php?ch=1345&sid=b503daab0c6f4fc6fa439a2d8244a08c&exp=1785763807&sig=6d9c3fc99c18252f29751989eec131b026705d1fc438d358c74e0d07b27e836f
Space City Home Network,http://tv123.cc.cd/live.php?ch=1346&sid=b503daab0c6f4fc6fa439a2d8244a08c&exp=1785763807&sig=63856299d77dcb2565bae2a2135abdcf41b00b37b14b3a6d1826aea0e656f189
Tennis Channel,http://tv123.cc.cd/live.php?ch=1347&sid=b503daab0c6f4fc6fa439a2d8244a08c&exp=1785763807&sig=5c328024187a04d8fdf8b6fcc239269da7519f21a395db7d25e9a4ede7fe1734
Golf Channel,http://tv123.cc.cd/live.php?ch=1348&sid=b503daab0c6f4fc6fa439a2d8244a08c&exp=1785763807&sig=af9ea5e5e55d1041407947fb0837c5ec988d1718f0d685e0ca702cb732c1fb59
NHL Network,http://tv123.cc.cd/live.php?ch=1349&sid=b503daab0c6f4fc6fa439a2d8244a08c&exp=1785763807&sig=49ec3b5a675ddb5144b33b4fbc7a6c0cb01614b394f0317949a69912df5e09c8
MLB Network,http://tv123.cc.cd/live.php?ch=1350&sid=b503daab0c6f4fc6fa439a2d8244a08c&exp=1785763807&sig=53675f0b2c5dab08a225a561aa047945855f4cf3ab35ad98bbdbfd2ad7953061
NFL RedZone,http://tv123.cc.cd/live.php?ch=1351&sid=b503daab0c6f4fc6fa439a2d8244a08c&exp=1785763807&sig=31e221aaa87c739f092adb192c0e4e2e5c9d3208c2af93b8dc475c918a82da58
NFL Network,http://tv123.cc.cd/live.php?ch=1352&sid=b503daab0c6f4fc6fa439a2d8244a08c&exp=1785763807&sig=cb1c478b1e62a68f779177b04389ea319edcbecc1dbd1793d60ed1a669e7dfef
Sportsnet Pittsburgh,http://tv123.cc.cd/live.php?ch=1353&sid=b503daab0c6f4fc6fa439a2d8244a08c&exp=1785763807&sig=1e9336ebfda469a06877db502119cb1d71e13d2813e69b0785a8dff7cd23f41b
Sportsnet New York,http://tv123.cc.cd/live.php?ch=1354&sid=b503daab0c6f4fc6fa439a2d8244a08c&exp=1785763807&sig=fdcd1235380d4991dbd43363782f945c2fdd290b196eeb204b229cc7ad9ec43f
Altitude Sports,http://tv123.cc.cd/live.php?ch=1355&sid=b503daab0c6f4fc6fa439a2d8244a08c&exp=1785763807&sig=a0f1799194455952679b1c7afea6c71d073eafa66bc5260532c50c2a6e04c843
YES Network,http://tv123.cc.cd/live.php?ch=1356&sid=b503daab0c6f4fc6fa439a2d8244a08c&exp=1785763807&sig=cdae1acc336c8d377a0721ad6b7f5ac55dc62be636d821f663446ed64f9a2780
Big Ten Network,http://tv123.cc.cd/live.php?ch=1358&sid=b503daab0c6f4fc6fa439a2d8244a08c&exp=1785763807&sig=00e3996f861f02de3c1ccee01f8b71f59e0641d64dadc140b1574b95de2eef9c
Marquee Sports Network,http://tv123.cc.cd/live.php?ch=1359&sid=b503daab0c6f4fc6fa439a2d8244a08c&exp=1785763807&sig=5258040f83f7a05d7f623c2ed598d455540f4b5de050f49210af7ff453003bde
NBC Sports Philadelphia,http://tv123.cc.cd/live.php?ch=1361&sid=b503daab0c6f4fc6fa439a2d8244a08c&exp=1785763807&sig=c7e43266c9b6f3d491e19a8563f447af3f0d61f49ffb0d84bf120e0b3f37f041
NBC Sports California,http://tv123.cc.cd/live.php?ch=1362&sid=b503daab0c6f4fc6fa439a2d8244a08c&exp=1785763807&sig=2d65b8eef72038729d4de64bd63ee1b20ea5006dc9d287a335ff713f13c76382
NBC Sports Boston,http://tv123.cc.cd/live.php?ch=1363&sid=b503daab0c6f4fc6fa439a2d8244a08c&exp=1785763807&sig=be91fb3bf7aa7cc066aa993b2719cf4eb6b5f4adad7af7884aebac2351e7eb43
NBC Sports Bay Area,http://tv123.cc.cd/live.php?ch=1364&sid=b503daab0c6f4fc6fa439a2d8244a08c&exp=1785763807&sig=34b2d28ed7f52722c2d4943de273d7b5de25c21fffd6af9337be58bc8452c9f5
CBS Sports Network,http://tv123.cc.cd/live.php?ch=1365&sid=b503daab0c6f4fc6fa439a2d8244a08c&exp=1785763807&sig=06ff768dbc635946ed60b599149b9161877690681257a209f039dce37f44008d
FS2,http://tv123.cc.cd/live.php?ch=1366&sid=b503daab0c6f4fc6fa439a2d8244a08c&exp=1785763807&sig=ccb6c8011c8db1eca427c9d198371999fcf20960d3d04bfecb82c3d0d35d0ec9
FS1,http://tv123.cc.cd/live.php?ch=1367&sid=b503daab0c6f4fc6fa439a2d8244a08c&exp=1785763807&sig=1eeb66d648e7273fc23b8274adb4b21615c798a3db123c97fe399c95656592e4
SEC Network,http://tv123.cc.cd/live.php?ch=1368&sid=b503daab0c6f4fc6fa439a2d8244a08c&exp=1785763807&sig=817c3b8edf22f03fa72d31292fb3acbeae8873d82309bfe0e26e825164d8f84d
ESPN Deportes,http://tv123.cc.cd/live.php?ch=1369&sid=b503daab0c6f4fc6fa439a2d8244a08c&exp=1785763807&sig=3ed97058922cbd14d3561d0a7394531b84e59292607aec6ce193fdc88c1a1adf
ESPNU,http://tv123.cc.cd/live.php?ch=1370&sid=b503daab0c6f4fc6fa439a2d8244a08c&exp=1785763807&sig=229654e842c7db51c0761cfd0724230102cf60cfbce37e2a790a304cca61ccc4
ESPNEWS,http://tv123.cc.cd/live.php?ch=1371&sid=b503daab0c6f4fc6fa439a2d8244a08c&exp=1785763807&sig=732ac510fa011a906f1efe3f4a64397b8d18e3fa2009ac3c2c391d8666b799c4
ESPN2,http://tv123.cc.cd/live.php?ch=1372&sid=b503daab0c6f4fc6fa439a2d8244a08c&exp=1785763807&sig=996835a10fc2cdd2d101ba7dbdf3ae9ae83e0b8fed23cb3686c955aa031ce381
ESPN,http://tv123.cc.cd/live.php?ch=1373&sid=b503daab0c6f4fc6fa439a2d8244a08c&exp=1785763807&sig=f460020b914dc49189ec40b89c19bd4013007d0ff1aead0c7f356970861b877f
ACC Network,http://tv123.cc.cd/live.php?ch=1374&sid=b503daab0c6f4fc6fa439a2d8244a08c&exp=1785763807&sig=16bcc8d79e0f9b3faf869be4128c2cefa6797e47cbde4413cb3d078588383133
TUDN,http://tv123.cc.cd/live.php?ch=1375&sid=b503daab0c6f4fc6fa439a2d8244a08c&exp=1785763807&sig=c2d9a502e7d699f7cae783a71ae89378561e9796281718ff74d8998be0fcdd16
CBS Sports Golazo Network,http://tv123.cc.cd/live.php?ch=1376&sid=b503daab0c6f4fc6fa439a2d8244a08c&exp=1785763807&sig=30c7d593cb6a0f9cb6902a79c3e63eecd534bb865f3a9180378641ab6e286861
DAZN Ringside,http://tv123.cc.cd/live.php?ch=1377&sid=b503daab0c6f4fc6fa439a2d8244a08c&exp=1785763807&sig=92028ff7ad5506463b7cdc720af6cad1f5cd97c2df722a98905cc093c2001102
F1 TV,http://tv123.cc.cd/live.php?ch=1378&sid=b503daab0c6f4fc6fa439a2d8244a08c&exp=1785763807&sig=efefc4c382fc3ddf6cc6bcab9478bd804aac6112cebc4a1a7700a74f4c3c49e7
HBO Boxing,http://tv123.cc.cd/live.php?ch=1379&sid=b503daab0c6f4fc6fa439a2d8244a08c&exp=1785763807&sig=1f68034c543f5a23b0a2f4250a2e40696d13375f3f2570e7c9661c75789fd9a2
TSN The Ocho CA,http://tv123.cc.cd/live.php?ch=1380&sid=b503daab0c6f4fc6fa439a2d8244a08c&exp=1785763807&sig=0ae24e4e731c541e13df27a2c179bf2828dcd3373a7d2f5b9d9c7801be0568f1
beIN SPORTS en Español,http://tv123.cc.cd/live.php?ch=1381&sid=b503daab0c6f4fc6fa439a2d8244a08c&exp=1785763807&sig=c9515d3539b99c0eee71d1f925cf432f7b98985ca0ba462571596c0a75fbf32a
Chicago Sports Network,http://tv123.cc.cd/live.php?ch=1382&sid=b503daab0c6f4fc6fa439a2d8244a08c&exp=1785763807&sig=7b5caf29b213ed82c5da0502ac622db8039cb838851df2deccbeff2c158b7689
FOX Deportes,http://tv123.cc.cd/live.php?ch=1384&sid=b503daab0c6f4fc6fa439a2d8244a08c&exp=1785763807&sig=2bf2f2881836ca5a3e5fae6acb3421bd5fc322a8f8664e28a0fe1a865ee215a5
FOX Soccer Plus,http://tv123.cc.cd/live.php?ch=1385&sid=b503daab0c6f4fc6fa439a2d8244a08c&exp=1785763807&sig=63f3a1894d693f31dc35ce367ee2c0ebb6c7e184fe992a4d27c8a0e22741d94e
NESN,http://tv123.cc.cd/live.php?ch=1386&sid=b503daab0c6f4fc6fa439a2d8244a08c&exp=1785763807&sig=2afcd03228d47cf26bfd287a84406f7344e7e88e02ec8e7401d88ab88f1c17e2
Spectrum SportsNet,http://tv123.cc.cd/live.php?ch=1387&sid=b503daab0c6f4fc6fa439a2d8244a08c&exp=1785763807&sig=4bd71f3f55a4aaaad607beac21e558672bec8dbaec04dfce777a952001af883e
Spectrum SportsNet LA,http://tv123.cc.cd/live.php?ch=1388&sid=b503daab0c6f4fc6fa439a2d8244a08c&exp=1785763807&sig=8b7d4d40c418bb7d321d11d46a4c7bfd38f6884a59887100e581363ffa60bfc9
Tennis Channel 2,http://tv123.cc.cd/live.php?ch=1389&sid=b503daab0c6f4fc6fa439a2d8244a08c&exp=1785763807&sig=d92b0db88640b096693b80769d23097e4c2a15f28978d2bbfa0e2acdfcee3e04
Willow,http://tv123.cc.cd/live.php?ch=1390&sid=b503daab0c6f4fc6fa439a2d8244a08c&exp=1785763807&sig=aa03daa652497b212355a3512c47615b367108fbd669e83dd192babee44bd7df
One Soccer CA,http://tv123.cc.cd/live.php?ch=1391&sid=b503daab0c6f4fc6fa439a2d8244a08c&exp=1785763807&sig=43b2437773aa5a330e7f648f570b3559e0771499344ee76a68cb95369c868fa9
Big 12 Studios,http://tv123.cc.cd/live.php?ch=1392&sid=b503daab0c6f4fc6fa439a2d8244a08c&exp=1785763807&sig=9554debfe687211a547cba363272f60bcfb9d682c805ea8b41e34d4df20be329
Billiard TV,http://tv123.cc.cd/live.php?ch=1393&sid=b503daab0c6f4fc6fa439a2d8244a08c&exp=1785763807&sig=4689463cf987a73e31982b8f275c24a701170ce09de1cbd06c84c39cf9339564
Bowling TV,http://tv123.cc.cd/live.php?ch=1394&sid=b503daab0c6f4fc6fa439a2d8244a08c&exp=1785763807&sig=fa7d4ebbc7ab314da0d0d3cdac6a3a4c6a53757dbe15d55cff5ac1faa1d00054
PokerGO,http://tv123.cc.cd/live.php?ch=1396&sid=b503daab0c6f4fc6fa439a2d8244a08c&exp=1785763807&sig=68219876eb5e7a22cc206d583f52d2d64cd7101a5c8cf7f6a57d851769d7e711
World Poker Tour,http://tv123.cc.cd/live.php?ch=1397&sid=b503daab0c6f4fc6fa439a2d8244a08c&exp=1785763807&sig=6b4b167cd48ad983033256458c1d80c2f3667d9a7a10062e86bdd7d4c3143c09
Super Tennis IT,http://tv123.cc.cd/live.php?ch=1398&sid=b503daab0c6f4fc6fa439a2d8244a08c&exp=1785763807&sig=9a017bfec51c8e878312945c65889093eb74a98057709edc1c391b3dc9ec6547
CGTN CN,http://tv123.cc.cd/live.php?ch=1399&sid=b503daab0c6f4fc6fa439a2d8244a08c&exp=1785763807&sig=0e968e6b355f44b8544cd3285fe59f0398c2c1f4697f74314f46e47121bde6a3
CNA SG,http://tv123.cc.cd/live.php?ch=1400&sid=b503daab0c6f4fc6fa439a2d8244a08c&exp=1785763807&sig=c0d98360991b2a9b7e2b96d1cf7e597e12e2e0bcfbda52225b09f18c3b19ceca
RT RU,http://tv123.cc.cd/live.php?ch=1401&sid=b503daab0c6f4fc6fa439a2d8244a08c&exp=1785763807&sig=902b04bd5bc5a7d29bb7c2a10f5a0f6758f9f9f5e2c0364700af2806d1c3b11f
TRT World TR,http://tv123.cc.cd/live.php?ch=1402&sid=b503daab0c6f4fc6fa439a2d8244a08c&exp=1785763807&sig=0e95be98e235c6ce90ab2c578407e9b2cdc5ad9a43e038f539a4e2f13e3c6608
CTV News Channel CA,http://tv123.cc.cd/live.php?ch=1403&sid=b503daab0c6f4fc6fa439a2d8244a08c&exp=1785763807&sig=783821f1bb886c8ab90493c8607c00dc7208b8ed36c467a4ca00e293e1f9503f
CBC News Network CA,http://tv123.cc.cd/live.php?ch=1404&sid=b503daab0c6f4fc6fa439a2d8244a08c&exp=1785763807&sig=7bd7156d245bf3e7647f4500f1294e44ee9a85f47fd5b0da344d951c452b4c4a
Sky News International,http://tv123.cc.cd/live.php?ch=1405&sid=b503daab0c6f4fc6fa439a2d8244a08c&exp=1785763807&sig=10ae2679fff25d331a1dd3f00ea6521211c671e415d4255efb73dbe5e3073779
Cheddar News,http://tv123.cc.cd/live.php?ch=1406&sid=b503daab0c6f4fc6fa439a2d8244a08c&exp=1785763807&sig=781ded19045fc7bfb05d7c04b03a536756d6b46685b4375d56c830d3921422ce
Euronews FR,http://tv123.cc.cd/live.php?ch=1407&sid=b503daab0c6f4fc6fa439a2d8244a08c&exp=1785763807&sig=170a1f8539dd24be64d39b920b3d32478bef5e3d64ebe9b58aa75eac736f5e52
BBC News International,http://tv123.cc.cd/live.php?ch=1408&sid=b503daab0c6f4fc6fa439a2d8244a08c&exp=1785763807&sig=15663762707fe231d8d53e44246df9fa075328edecd77cf3c8a1d24f01177d01
BBC News UK,http://tv123.cc.cd/live.php?ch=1409&sid=b503daab0c6f4fc6fa439a2d8244a08c&exp=1785763807&sig=c96b727a33a2d663ad7f53a37067b705db2bea78e598e30a87154c7292b035b0
Yahoo Finance,http://tv123.cc.cd/live.php?ch=1410&sid=b503daab0c6f4fc6fa439a2d8244a08c&exp=1785763807&sig=04922093510f245bd20e57b82391f41e2782dc8438749367789acf1893b33804
Fox Business,http://tv123.cc.cd/live.php?ch=1411&sid=b503daab0c6f4fc6fa439a2d8244a08c&exp=1785763807&sig=d7a6d5b90cd4eabd3beaed50596d42a0bcd5a7d270ce853cb4a9a3e641e606ca
CNBC,http://tv123.cc.cd/live.php?ch=1412&sid=b503daab0c6f4fc6fa439a2d8244a08c&exp=1785763807&sig=be3de3f0ab15d46d7c46543e45edb020efcaafdd1307b4481091b3db066cc544
C-SPAN,http://tv123.cc.cd/live.php?ch=1413&sid=b503daab0c6f4fc6fa439a2d8244a08c&exp=1785763807&sig=797ef9f710d7810aee6d1f43a5b377867c2bdc96293464ce1ae8ac87d72d3116
NewsNation,http://tv123.cc.cd/live.php?ch=1414&sid=b503daab0c6f4fc6fa439a2d8244a08c&exp=1785763807&sig=2e1d6aad2d5eeceb3849e5d7305aa66c7f9b998a6da13b973eab9362dc680ce9
Reuters,http://tv123.cc.cd/live.php?ch=1415&sid=b503daab0c6f4fc6fa439a2d8244a08c&exp=1785763807&sig=3b30b1588b9d45b31d7012a0098e0dc22118997b04a18a1be7f223f9d225eb4d
NEWSMAX,http://tv123.cc.cd/live.php?ch=1416&sid=b503daab0c6f4fc6fa439a2d8244a08c&exp=1785763807&sig=b4cb3e304596cb40df0ef3228ebb7fe5c085054ae77b2efa9b0fde7630b0bae3
LiveNOW from FOX,http://tv123.cc.cd/live.php?ch=1417&sid=b503daab0c6f4fc6fa439a2d8244a08c&exp=1785763807&sig=c9c47117a7a496e99edb789256af18145678b76b45e33d9d1e522cff4ca6b5a7
CBS News 24/7,http://tv123.cc.cd/live.php?ch=1419&sid=b503daab0c6f4fc6fa439a2d8244a08c&exp=1785763807&sig=7ed16b701b54a164d0548b83f04aa1c809065a7ac915913c9c3e9d1deb503a38
MS NOW,http://tv123.cc.cd/live.php?ch=1421&sid=b503daab0c6f4fc6fa439a2d8244a08c&exp=1785763807&sig=d3b5a0616401b8960c6963b65fd846be6d353642fd48d8f82925713c43055e92
CNN en Español,http://tv123.cc.cd/live.php?ch=1424&sid=b503daab0c6f4fc6fa439a2d8244a08c&exp=1785763807&sig=881ed90ae718f80fc0420c95bdc89eecd990b39120893c2e322ab3c57d8a0376
GB News UK,http://tv123.cc.cd/live.php?ch=1426&sid=b503daab0c6f4fc6fa439a2d8244a08c&exp=1785763807&sig=8bc8300af2c113922424eda8daf756e3d7c11b0004402430c4b8b65d96658112
BFMTV FR,http://tv123.cc.cd/live.php?ch=1427&sid=b503daab0c6f4fc6fa439a2d8244a08c&exp=1785763807&sig=2c3c242bab4e4c19ffe1415607c468bcdd26ef03c6e5a8c43131a05c74a4f6d7
France 24 FR,http://tv123.cc.cd/live.php?ch=1428&sid=b503daab0c6f4fc6fa439a2d8244a08c&exp=1785763807&sig=91708229ab349d42ffdf40bcda619b119f82baa12d00e206c35b9d5d249c9ec7
DW DE,http://tv123.cc.cd/live.php?ch=1429&sid=b503daab0c6f4fc6fa439a2d8244a08c&exp=1785763807&sig=b2edd72f19e86507fa5852e93d2441d6a972bce5786b3086f35bc8b8dec41180
Bloomberg TV 4K,http://tv123.cc.cd/live.php?ch=1430&sid=b503daab0c6f4fc6fa439a2d8244a08c&exp=1785763807&sig=e6e254af8afbc8d89083a8d2a79f222bfaaa4bb312ae223560a58d4e82297db4
USA Today,http://tv123.cc.cd/live.php?ch=1431&sid=b503daab0c6f4fc6fa439a2d8244a08c&exp=1785763807&sig=15829ea4c4cba0cddf54cfe1a18f8d6c3ed9ef8c3b0168299e4b3986883a95d8
ABC News AU,http://tv123.cc.cd/live.php?ch=1432&sid=b503daab0c6f4fc6fa439a2d8244a08c&exp=1785763807&sig=e1446c22ed28424578f4a9a9bad0851172df95ec938edf9eb7ee978a3234ff08
Al Jazeera QA,http://tv123.cc.cd/live.php?ch=1433&sid=b503daab0c6f4fc6fa439a2d8244a08c&exp=1785763807&sig=f4ce707a5869ac288659f7f0cb7d8349e62c057a5eae83bd09101bc8b22f42e9
NDTV 24x7 IN,http://tv123.cc.cd/live.php?ch=1434&sid=b503daab0c6f4fc6fa439a2d8244a08c&exp=1785763807&sig=da8bcfd89dfdd2037d68a43ee89975d4fbb3171cf2ff2298a99c60fea4640215
大愛電視,http://tv123.cc.cd/live.php?ch=1438&sid=b503daab0c6f4fc6fa439a2d8244a08c&exp=1785763807&sig=3e8567d0752c3aa8dd36ed8019e2215c5e0b96d6212b7b6da357e65a7f755a8a
客家電視台,http://tv123.cc.cd/live.php?ch=1442&sid=b503daab0c6f4fc6fa439a2d8244a08c&exp=1785763807&sig=c3a0295ce9ced66bfa21cb7a5719107eb9cf46fbfe47235b06abc30e47ce00a1
愛爾達寵物運動台,http://tv123.cc.cd/live.php?ch=1445&sid=b503daab0c6f4fc6fa439a2d8244a08c&exp=1785763807&sig=78bbf5147e5ffb74ff924d3c307417273bbe888b14ffa988cd4131a1a7975f5f
靖天綜合台,http://tv123.cc.cd/live.php?ch=1446&sid=b503daab0c6f4fc6fa439a2d8244a08c&exp=1785763807&sig=a8dd20b01442abc86ae3f2a5cf5674509bc46364c1ccfe7a5ee2bda850b7de10
靖天日本台,http://tv123.cc.cd/live.php?ch=1447&sid=b503daab0c6f4fc6fa439a2d8244a08c&exp=1785763807&sig=fdbd694c368c5327701992ba05cab152093d36b87e2c1a30bf04a983933e77b7
新唐人亞太台,http://tv123.cc.cd/live.php?ch=1448&sid=b503daab0c6f4fc6fa439a2d8244a08c&exp=1785763807&sig=8e3690b284490cfbb57eb6b0cb7756eab0e6d549118de74068a7f95465569322
ARIRANG阿里郎頻道,http://tv123.cc.cd/live.php?ch=1449&sid=b503daab0c6f4fc6fa439a2d8244a08c&exp=1785763807&sig=b15eb0e11bdfbafaf9c695700583115d5262d77d860f027e8552a975901a0119
Global Trekker,http://tv123.cc.cd/live.php?ch=1450&sid=b503daab0c6f4fc6fa439a2d8244a08c&exp=1785763807&sig=f83fc9eaa2d49b6affe9e44fd3f56f7662b6ba1dc00a94ce2f6dd6c88fefeb05
原住民族電視台,http://tv123.cc.cd/live.php?ch=1451&sid=b503daab0c6f4fc6fa439a2d8244a08c&exp=1785763807&sig=7aa8530f9e80829976a9cf01323c7e61afdb07ce2d12f4c03b5ce57986146973
東森購物四台,http://tv123.cc.cd/live.php?ch=1452&sid=b503daab0c6f4fc6fa439a2d8244a08c&exp=1785763807&sig=a97a6ceadc6b8239a9f9b8d892dfc11b1ad468c405642c4835f49f0fae066cd2
LiveABC互動英語頻道,http://tv123.cc.cd/live.php?ch=1453&sid=b503daab0c6f4fc6fa439a2d8244a08c&exp=1785763807&sig=170726ef7090522d14e1aeb076c7a631c75b489bf05b7f4a7ed0523bdc0587f1
達文西頻道,http://tv123.cc.cd/live.php?ch=1454&sid=b503daab0c6f4fc6fa439a2d8244a08c&exp=1785763807&sig=6991a4a874df2391758b189b2022b74734c88123c47ab3ef9c68cdf1098ca090
靖天卡通台,http://tv123.cc.cd/live.php?ch=1459&sid=b503daab0c6f4fc6fa439a2d8244a08c&exp=1785763807&sig=28d445af1207478416a9baee381b94904e463ac061ba08e59f73687283503d93
靖洋卡通Nice Bingo,http://tv123.cc.cd/live.php?ch=1460&sid=b503daab0c6f4fc6fa439a2d8244a08c&exp=1785763807&sig=815aa39f30f8831ecb6582870b2922098e05c4d6ea5548348c0e10b59ea7a806
東森購物一台,http://tv123.cc.cd/live.php?ch=1462&sid=b503daab0c6f4fc6fa439a2d8244a08c&exp=1785763807&sig=e72cf663d3d0e4911e7606da54276f6ded282ff3b6e011c73a3682f5edd0dcf1
中天新聞台,http://tv123.cc.cd/live.php?ch=1471&sid=b503daab0c6f4fc6fa439a2d8244a08c&exp=1785763807&sig=10297300d9ac343c056dd862f24f7bba96ab2ef439b1c3dfc59a49a3a62d71a4
Bloomberg TV,http://tv123.cc.cd/live.php?ch=1472&sid=b503daab0c6f4fc6fa439a2d8244a08c&exp=1785763807&sig=4e72ee3c93f2d6cd1044e9233d2121b2f1fbae95d4f0b3d06bf39f866471ef30
SBN全球財經台,http://tv123.cc.cd/live.php?ch=1475&sid=b503daab0c6f4fc6fa439a2d8244a08c&exp=1785763807&sig=5c29867b7fa5c324bc08f41be09233e8ae25866479b6645ffc65de1adaecd2c7
東森購物二台,http://tv123.cc.cd/live.php?ch=1477&sid=b503daab0c6f4fc6fa439a2d8244a08c&exp=1785763807&sig=7e70edc376aaff5ef0cc3e79cdc6ebf6b36be18208f3daa7c916d42e4f09508d
豬哥亮歌廳秀,http://tv123.cc.cd/live.php?ch=1479&sid=b503daab0c6f4fc6fa439a2d8244a08c&exp=1785763807&sig=88a12d2be081ad2daf3eca3224e82f99bd1a4297006c2bc98573cdff1d95490e
靖天育樂台,http://tv123.cc.cd/live.php?ch=1480&sid=b503daab0c6f4fc6fa439a2d8244a08c&exp=1785763807&sig=1dc97cd466007f7639640c72dbe255dac07a4c663156fc0b1823f6ac658714fe
Nice TV 靖天歡樂台,http://tv123.cc.cd/live.php?ch=1482&sid=b503daab0c6f4fc6fa439a2d8244a08c&exp=1785763807&sig=a503caac0fd1496d250d19e342a7a9e6b0970c5937d43c8d27cc938dc4167aba
靖天資訊台,http://tv123.cc.cd/live.php?ch=1483&sid=b503daab0c6f4fc6fa439a2d8244a08c&exp=1785763807&sig=1dd743421bfb0324ec86b7750c39868d1e2debdfc9df5dcdf11e0e3ee5c5fa3d
韓國娛樂台 KMTV,http://tv123.cc.cd/live.php?ch=1485&sid=b503daab0c6f4fc6fa439a2d8244a08c&exp=1785763807&sig=7a2a6ced14068999be513dd0d3297554841f4fdd2a651666de03cd68c008ea2c
電影原聲台CMusic,http://tv123.cc.cd/live.php?ch=1488&sid=b503daab0c6f4fc6fa439a2d8244a08c&exp=1785763807&sig=66726b92a577f7424e3f48f252313d364770bbcafa1a2e4ca1cd594aeed085ad
Mezzo Live HD,http://tv123.cc.cd/live.php?ch=1490&sid=b503daab0c6f4fc6fa439a2d8244a08c&exp=1785763807&sig=0f12dfa22ebd5a3a398f6ef9ca70ad273e302558e0844f0b1e8dda320a41962c
CLASSICA 古典樂,http://tv123.cc.cd/live.php?ch=1491&sid=b503daab0c6f4fc6fa439a2d8244a08c&exp=1785763807&sig=d25dd11c916b75e71bbf11e791319813c68322755b7130e62628618ef62a3050
東森購物三台,http://tv123.cc.cd/live.php?ch=1492&sid=b503daab0c6f4fc6fa439a2d8244a08c&exp=1785763807&sig=0f1d8e7ae11bb5369406f2aaccc7f328a406830403d4175fba03a400b01d4ef3
INULTRA,http://tv123.cc.cd/live.php?ch=1493&sid=b503daab0c6f4fc6fa439a2d8244a08c&exp=1785763807&sig=2a5095facb03602f8624f487fc3fbfb7567d672862d26f68a1a769f96c10ac59
博斯高球台,http://tv123.cc.cd/live.php?ch=1494&sid=b503daab0c6f4fc6fa439a2d8244a08c&exp=1785763807&sig=9ebbe8a5422421a43cf1bf0952a354534e227998de41233b5528b423ac8db969
博斯高球二台,http://tv123.cc.cd/live.php?ch=1495&sid=b503daab0c6f4fc6fa439a2d8244a08c&exp=1785763807&sig=0ac9d2bb52959ed12c0f4f846f155edaad69ea555c4eefe35eff1f4156ef86ee
博斯運動一台,http://tv123.cc.cd/live.php?ch=1496&sid=b503daab0c6f4fc6fa439a2d8244a08c&exp=1785763807&sig=56e6781a08748c53c3cdfba4049616bcd14628868525ba109cbb6002095ce437
博斯無限台,http://tv123.cc.cd/live.php?ch=1497&sid=b503daab0c6f4fc6fa439a2d8244a08c&exp=1785763807&sig=bebfeb9f2da633ae7674a42f6fd4b4b7e1914c7d6c66f06a6433bf33cfc82c17
博斯網球台,http://tv123.cc.cd/live.php?ch=1498&sid=b503daab0c6f4fc6fa439a2d8244a08c&exp=1785763807&sig=fe8fb228620d42c2d4d1e9615fa4418a595e7d53d0bb6e7f6d8afeb5d126e2c9
博斯運動二台,http://tv123.cc.cd/live.php?ch=1499&sid=b503daab0c6f4fc6fa439a2d8244a08c&exp=1785763807&sig=df687a682a6b6cb35d6b67efa4b982d49982a6c6585edd42ebec4f1abc91d0a5
博斯魅力台,http://tv123.cc.cd/live.php?ch=1500&sid=b503daab0c6f4fc6fa439a2d8244a08c&exp=1785763807&sig=dcbac438bff5d3269d699896b0b39de77479cf671a7efc85a09245d04f25041d
博斯無限二台,http://tv123.cc.cd/live.php?ch=1501&sid=b503daab0c6f4fc6fa439a2d8244a08c&exp=1785763807&sig=bc8b3c44d2d4ec0fe95bb958c2bfdb91ace971d6c08e5d832c381badc298e0a9
TRACE Sport Stars,http://tv123.cc.cd/live.php?ch=1502&sid=b503daab0c6f4fc6fa439a2d8244a08c&exp=1785763807&sig=4e5b20e4b6eeba0475d0abfb89e8116dcc7b0782f99bdcfe5e53a247fafab252
時尚運動X,http://tv123.cc.cd/live.php?ch=1504&sid=b503daab0c6f4fc6fa439a2d8244a08c&exp=1785763807&sig=3d39aa5b85ab8b0428035c8d77881a9d1c4d93184fe7d42a56428f506a89e6d1
車迷TV,http://tv123.cc.cd/live.php?ch=1505&sid=b503daab0c6f4fc6fa439a2d8244a08c&exp=1785763807&sig=65d43ffb31767086861dd1d281d952d46b51f8691f8746268d4cf06f7de829a2
GINX Esports TV,http://tv123.cc.cd/live.php?ch=1506&sid=b503daab0c6f4fc6fa439a2d8244a08c&exp=1785763807&sig=24a26f6b1e26a8bb9e6ed5c5ae0513bf042afcb7baaa3d79e7813896c7afc1b0
Pet Club TV,http://tv123.cc.cd/live.php?ch=1507&sid=b503daab0c6f4fc6fa439a2d8244a08c&exp=1785763807&sig=5532b7df875f115d6274720be43e371f64c8e5a3aba0e08bb2839bfa441fecc3
滾動力rollor,http://tv123.cc.cd/live.php?ch=1509&sid=b503daab0c6f4fc6fa439a2d8244a08c&exp=1785763807&sig=e6a2c1d71a26014621aed76087bbbb52c3c6bd7e6c38df5b0556c19c647007c5
亞洲旅遊台,http://tv123.cc.cd/live.php?ch=1510&sid=b503daab0c6f4fc6fa439a2d8244a08c&exp=1785763807&sig=50d2f186fb14bfd0962789a3c61eed5b95171061b264cfa02f5021c33bb29b43
fun探索娛樂台,http://tv123.cc.cd/live.php?ch=1511&sid=b503daab0c6f4fc6fa439a2d8244a08c&exp=1785763807&sig=be944dc589ca180a7e2f2204386b1c9f2e8f69dcf15c77d5bf43b88618dbeecd
幸福空間居家台,http://tv123.cc.cd/live.php?ch=1512&sid=b503daab0c6f4fc6fa439a2d8244a08c&exp=1785763807&sig=8d3235321d1735faf846ff9a65b9f6481e67ceab46c6f26a8eb81bd0dd491ab2
History 歷史頻道,http://tv123.cc.cd/live.php?ch=1514&sid=b503daab0c6f4fc6fa439a2d8244a08c&exp=1785763807&sig=3c952126cc64291de826aadb47baad8735b1ecf0e62a1b845e7e029e061ecbf2
愛爾達生活旅遊台,http://tv123.cc.cd/live.php?ch=1515&sid=b503daab0c6f4fc6fa439a2d8244a08c&exp=1785763807&sig=7cc2031c8f5c4a62efd574077458c63d037b09662a36b2c4be5c15b596ee6f23
LUXE TV Channel,http://tv123.cc.cd/live.php?ch=1516&sid=b503daab0c6f4fc6fa439a2d8244a08c&exp=1785763807&sig=eb0e4bc0a93502346d431ff211eebef0314fe1f8c8abf13dd4cb578264a907ed
TV5MONDE STYLE HD 生活時尚,http://tv123.cc.cd/live.php?ch=1517&sid=b503daab0c6f4fc6fa439a2d8244a08c&exp=1785763807&sig=5d21550ea522e328b8c009b3222564807e4a966c7512975c941f6472a655613e
MagellanTV頻道 (麥哲倫頻道),http://tv123.cc.cd/live.php?ch=1518&sid=b503daab0c6f4fc6fa439a2d8244a08c&exp=1785763807&sig=417febceab05524920833fd9e75c875f3625f62f77e622bbb34d40934edeeda0
ROCK Xstream搖滾極限頻道,http://tv123.cc.cd/live.php?ch=1519&sid=b503daab0c6f4fc6fa439a2d8244a08c&exp=1785763807&sig=205c2d833e22653657f92d8de4aca043bcbc1e01d369f489c8c89625a4189f8d
公視戲劇,http://tv123.cc.cd/live.php?ch=1520&sid=b503daab0c6f4fc6fa439a2d8244a08c&exp=1785763807&sig=16784ff761f87158a832a274b9764b65c63c82c342014f94c3fd8785f8a6bb9b
HITS頻道,http://tv123.cc.cd/live.php?ch=1522&sid=b503daab0c6f4fc6fa439a2d8244a08c&exp=1785763807&sig=841160cb7c7217485c8d5acf8b95c905e1e3fbfcb1c2e276c34d9aea9873b9f6
靖天戲劇台,http://tv123.cc.cd/live.php?ch=1524&sid=b503daab0c6f4fc6fa439a2d8244a08c&exp=1785763807&sig=1e6acbe0e7f81375fb187ad1e6c7bd2b71a3ee4f09ce754f6678c045a9a683c7
靖洋戲劇台,http://tv123.cc.cd/live.php?ch=1525&sid=b503daab0c6f4fc6fa439a2d8244a08c&exp=1785763807&sig=1472c341418e5d6316e3395ca7231482adec3a5e03dccb919e2ea54b9654a6b4
視納華仁紀實頻道,http://tv123.cc.cd/live.php?ch=1527&sid=b503daab0c6f4fc6fa439a2d8244a08c&exp=1785763807&sig=e854f59e88ee3619daad8e4adbce535ad718c2dae598770b01c356cde454f8ec
影迷數位紀實台,http://tv123.cc.cd/live.php?ch=1528&sid=b503daab0c6f4fc6fa439a2d8244a08c&exp=1785763807&sig=556a670ddb82edc942107ef58dd2b3f98fbe8e31482f07091086c94733ede03a
金光布袋戲,http://tv123.cc.cd/live.php?ch=1529&sid=b503daab0c6f4fc6fa439a2d8244a08c&exp=1785763807&sig=1302adc3d3d8b9c24ee8db23430e0c9a66d0f678a7f53e9ecc52006221fe4d85
采昌影劇台,http://tv123.cc.cd/live.php?ch=1531&sid=b503daab0c6f4fc6fa439a2d8244a08c&exp=1785763807&sig=006841da51f15ffd2b0931cebb187be4bfb61da063afa6d617579ebf4fefc65a
My Cinema Europe HD 我的歐洲電影,http://tv123.cc.cd/live.php?ch=1537&sid=b503daab0c6f4fc6fa439a2d8244a08c&exp=1785763807&sig=ce2ba3ff58cbf57331b03236e8cf1e92779383171f78d75050d5d2bb43535cfc
好消息,http://tv123.cc.cd/live.php?ch=1538&sid=b503daab0c6f4fc6fa439a2d8244a08c&exp=1785763807&sig=c4e0763b1b60637bb1d1a44f213b0e8c843ceab0082ff046038ff61967c66639
好消息2台,http://tv123.cc.cd/live.php?ch=1539&sid=b503daab0c6f4fc6fa439a2d8244a08c&exp=1785763807&sig=9f0ed38c98176d822a8b267762a9dbf1346ddbc128b2872dbf9affd23622528a
大愛二台,http://tv123.cc.cd/live.php?ch=1540&sid=b503daab0c6f4fc6fa439a2d8244a08c&exp=1785763807&sig=81b1bc6ff26885b167bbf17b9cba90e318a0b69e053ec5fa294d6074704729c6
人間衛視,http://tv123.cc.cd/live.php?ch=1541&sid=b503daab0c6f4fc6fa439a2d8244a08c&exp=1785763807&sig=65c969e4004675e60b8f8ea63476acf45a7ec81b03a6858d16c8e7becb3658dd
NHK WORLD-JAPAN,http://tv123.cc.cd/live.php?ch=1542&sid=b503daab0c6f4fc6fa439a2d8244a08c&exp=1785763807&sig=78b0daf1e1f058f075d01ffd2242cab6822422b4961d284ceb2f807e9efe5f76
FRANCE24 英文台,http://tv123.cc.cd/live.php?ch=1543&sid=b503daab0c6f4fc6fa439a2d8244a08c&exp=1785763807&sig=8c02a4270a6bd59249305f57c547b9c004b874a208906735e38f37381352ce8e
CNBC Asia 財經台,http://tv123.cc.cd/live.php?ch=1545&sid=b503daab0c6f4fc6fa439a2d8244a08c&exp=1785763807&sig=86f37309cf9eafe2addb80802f524254f9dcb4e5509c71ae9f06d568f8b111e3
DW德國之聲,http://tv123.cc.cd/live.php?ch=1546&sid=b503daab0c6f4fc6fa439a2d8244a08c&exp=1785763807&sig=c1f9c8018a58caa22875f43198111cc72cd5c93660a2089cf0c41f54eb0f582c
國會頻道1,http://tv123.cc.cd/live.php?ch=1547&sid=b503daab0c6f4fc6fa439a2d8244a08c&exp=1785763807&sig=eec2462407aabc1f65389598052070afc436fcec2e71afa4f76ba484443672d0
國會頻道2,http://tv123.cc.cd/live.php?ch=1548&sid=b503daab0c6f4fc6fa439a2d8244a08c&exp=1785763807&sig=1a257109682c2408e00bccead10fc90837005b587b452184c3525e79d67c1bbb
經典電影台,http://tv123.cc.cd/live.php?ch=1549&sid=b503daab0c6f4fc6fa439a2d8244a08c&exp=1785763807&sig=f069748bf0d96544827417341c341f0a4d66e9b874824e78dd5fea6c49f8ac41
經典卡通台,http://tv123.cc.cd/live.php?ch=1550&sid=b503daab0c6f4fc6fa439a2d8244a08c&exp=1785763807&sig=7ad7f52087850ab1be50e0c28bd3c7dd468eb947c40f5820db29e49c8b3c6f29
精選動漫台,http://tv123.cc.cd/live.php?ch=1551&sid=b503daab0c6f4fc6fa439a2d8244a08c&exp=1785763807&sig=23eb19d78d3a4dcad4e2a09f0bb531797e050ebf0b78d6596a485180458a59f0
@iptv888_bot,http://tv123.cc.cd/live.php?ch=1552&sid=b503daab0c6f4fc6fa439a2d8244a08c&exp=1785763807&sig=8e2d1327315ca7b03a08d588aea2c1ea6d2fd258c0e2fddffeef3444df4eb59e
澳门体育,http://tv123.cc.cd/live.php?ch=1566&sid=b503daab0c6f4fc6fa439a2d8244a08c&exp=1785763807&sig=743c88638bb4ade3c515173bf1514cea759444e9feeaba65b69cdd3a00823de4
重温经典,http://tv123.cc.cd/live.php?ch=1569&sid=b503daab0c6f4fc6fa439a2d8244a08c&exp=1785763807&sig=daf54d3c6bf4e194da6b18eed438e034a04e791e4b81b7bada267b446a5b250f
CH5,http://tv123.cc.cd/live.php?ch=1581&sid=b503daab0c6f4fc6fa439a2d8244a08c&exp=1785763807&sig=34cd4db7beb5da2e33686f0aa5325fc0a21503bdbf45af58a9897265f6d9c040
CH8,http://tv123.cc.cd/live.php?ch=1582&sid=b503daab0c6f4fc6fa439a2d8244a08c&exp=1785763807&sig=b8f59ab63ba92b789aefbb31539e1948a3a3c8eaa5f9f343aeef6146b95b73d2
CHU,http://tv123.cc.cd/live.php?ch=1583&sid=b503daab0c6f4fc6fa439a2d8244a08c&exp=1785763807&sig=2ce61a129b4b4b3a69088d63d6486db6631310dc12146c7a63ab97728be69768
龙华电影,http://tv123.cc.cd/live.php?ch=1584&sid=b503daab0c6f4fc6fa439a2d8244a08c&exp=1785763807&sig=b92ed39f699d6b0599ed920a41e006978c7555711833793c4f9f6c7372aa26b6
龙华经典,http://tv123.cc.cd/live.php?ch=1585&sid=b503daab0c6f4fc6fa439a2d8244a08c&exp=1785763807&sig=7112fb42e541858ede190b59d3c3fb26c5857ca2a35d7845bfa646bb61ebc52e
龙华洋片,http://tv123.cc.cd/live.php?ch=1589&sid=b503daab0c6f4fc6fa439a2d8244a08c&exp=1785763807&sig=f8c15ec827b99c0244ba6e0889cf0af54c980821ea3bf6f6a7d467265e76b371
公视闽南语,http://tv123.cc.cd/live.php?ch=1607&sid=b503daab0c6f4fc6fa439a2d8244a08c&exp=1785763807&sig=9bcc6079284fb5f4ce72c2a0946d0bb25b486fcd4edd443cdd3da653d7dca119
中视闽南语,http://tv123.cc.cd/live.php?ch=1609&sid=b503daab0c6f4fc6fa439a2d8244a08c&exp=1785763807&sig=3e97ec21082d086fb61d0366e7959704471725293c8b4c1f65959bb06c8bfd85
华视闽南地波,http://tv123.cc.cd/live.php?ch=1610&sid=b503daab0c6f4fc6fa439a2d8244a08c&exp=1785763807&sig=2f1db8ddd75be863895e52a2335535d4f39b4360022de9092ba007d558e60ee1
台视闽南,http://tv123.cc.cd/live.php?ch=1611&sid=b503daab0c6f4fc6fa439a2d8244a08c&exp=1785763807&sig=a8291c5c4ce8b07868173127b09bdcb81ce6e8ef79e464d828dccb5ab8f36837
公视闽语,http://tv123.cc.cd/live.php?ch=1612&sid=b503daab0c6f4fc6fa439a2d8244a08c&exp=1785763807&sig=a1ba0617f4b322c8e7b1616e3fc82cbe2acdc05a324cbdc353eac8dfacfcdfb5
公视综合,http://tv123.cc.cd/live.php?ch=1613&sid=b503daab0c6f4fc6fa439a2d8244a08c&exp=1785763807&sig=0fc8c49de2f7ef08dac576e37bdb6df3a2adf40776191034580361537b98e925
民视南闽,http://tv123.cc.cd/live.php?ch=1614&sid=b503daab0c6f4fc6fa439a2d8244a08c&exp=1785763807&sig=1835d4517ed69c7b8bf615783734be7b83696998148c0f90fa1f160273dd98f6
华视教育,http://tv123.cc.cd/live.php?ch=1618&sid=b503daab0c6f4fc6fa439a2d8244a08c&exp=1785763807&sig=13931fd8f0f41b582c0d1b1a3f382f37408f305b6447cc5fe18af55472ea5221
台视财经,http://tv123.cc.cd/live.php?ch=1620&sid=b503daab0c6f4fc6fa439a2d8244a08c&exp=1785763807&sig=1deecdbe26836de99edd11403399b3f61dd17033fc3a8cdc94fe2574ca1b1377
台视财经,http://tv123.cc.cd/live.php?ch=1628&sid=b503daab0c6f4fc6fa439a2d8244a08c&exp=1785763807&sig=5131675b709ceeea509589a56365d8c31f4792706698c0ed324f5b10ee327fb3
华视新闻资讯,http://tv123.cc.cd/live.php?ch=1630&sid=b503daab0c6f4fc6fa439a2d8244a08c&exp=1785763807&sig=29fb72c453666f9ec56f786ce1656b3c298f00f8ace30dd2723777a1c4febeb2
华视教育体育文化,http://tv123.cc.cd/live.php?ch=1631&sid=b503daab0c6f4fc6fa439a2d8244a08c&exp=1785763807&sig=7940cf7b69314c84c416d79f33e6cb10b3cba5153ba23c8d0351719c4ac9491a
公视,http://tv123.cc.cd/live.php?ch=1636&sid=b503daab0c6f4fc6fa439a2d8244a08c&exp=1785763807&sig=f3cf3cc2bf0b5353ae26660e1d26846497486f76b50df4158af17c58a94d7328
公视台语台,http://tv123.cc.cd/live.php?ch=1637&sid=b503daab0c6f4fc6fa439a2d8244a08c&exp=1785763807&sig=89ca4f640fefccef0f7530cc8280df3ebc7f3d5f1305357a978cdc05348d5c2c
小公视,http://tv123.cc.cd/live.php?ch=1638&sid=b503daab0c6f4fc6fa439a2d8244a08c&exp=1785763807&sig=598456eedb1faf77afac2f04aa276f17aae305983fe816d124d61c3415145bd0
东森 AMERICA,http://tv123.cc.cd/live.php?ch=1642&sid=b503daab0c6f4fc6fa439a2d8244a08c&exp=1785763807&sig=3c7e2d78f917bdba5bc0d19eec4925865406ac36b6055c46e0f29609213c997d
东森 AMERICA,http://tv123.cc.cd/live.php?ch=1643&sid=b503daab0c6f4fc6fa439a2d8244a08c&exp=1785763807&sig=c4d82f70ac83e6dcbb8910e459bd167731dba3f8b062a3a5fc53048d7f84cb88
东森 AMERICA,http://tv123.cc.cd/live.php?ch=1644&sid=b503daab0c6f4fc6fa439a2d8244a08c&exp=1785763807&sig=556837340c068021ede1438ba829c825e1cc31b5bf6c19215eb350c9e3529a96
东森超视 34.5,http://tv123.cc.cd/live.php?ch=1645&sid=b503daab0c6f4fc6fa439a2d8244a08c&exp=1785763807&sig=301b2092146a0c0ca4e33b1e275d833b3943d2e3cd2a22bc6898cdaf8df2958f
东森超视 34.5,http://tv123.cc.cd/live.php?ch=1646&sid=b503daab0c6f4fc6fa439a2d8244a08c&exp=1785763807&sig=8770d47ba27eac38661f35915f54e099171e84c2c2473cd1efda5b389c9d24ad
东森超视 34.5,http://tv123.cc.cd/live.php?ch=1647&sid=b503daab0c6f4fc6fa439a2d8244a08c&exp=1785763807&sig=34560d73b695c4fad9ebd7a8b3167885f400690700edf7c468c9fb4ae806dfa3
YTN,http://tv123.cc.cd/live.php?ch=1648&sid=b503daab0c6f4fc6fa439a2d8244a08c&exp=1785763807&sig=3d482151bc4ab648b5767ad457057f85344837cbe1ce7f47d72c9329d89fc3c2
YTN2,http://tv123.cc.cd/live.php?ch=1649&sid=b503daab0c6f4fc6fa439a2d8244a08c&exp=1785763807&sig=363a789d0eb5f2c9ed33a84b7999e14c984088b456cc966b7018b83c1e17ac38
YTN사이언스,http://tv123.cc.cd/live.php?ch=1650&sid=b503daab0c6f4fc6fa439a2d8244a08c&exp=1785763807&sig=14b4ab73ef8b2bd1745d7896bb200a37b4accdc981d64b80867f3750eab9e72d
연합뉴스TV,http://tv123.cc.cd/live.php?ch=1651&sid=b503daab0c6f4fc6fa439a2d8244a08c&exp=1785763807&sig=640eca12191ca232b93dd4a4ced56e7702bb73affee88033e4dbd0f009209319
JTBC,http://tv123.cc.cd/live.php?ch=1652&sid=b503daab0c6f4fc6fa439a2d8244a08c&exp=1785763807&sig=e4d58ad2b2f0992dbbe6afad83f21a87977d2e3b25644cd4043efd3888caf0d5
JTBC2,http://tv123.cc.cd/live.php?ch=1653&sid=b503daab0c6f4fc6fa439a2d8244a08c&exp=1785763807&sig=13b8103e9461a3016f8dab6dda7747a1366199e78e911ea9037431c2f356dd6d
JTBC4,http://tv123.cc.cd/live.php?ch=1654&sid=b503daab0c6f4fc6fa439a2d8244a08c&exp=1785763807&sig=17e46be40cc87a181b226a5051065f03737061e68c582ea2ecd03a8ea6fda4be
tvN SHOW,http://tv123.cc.cd/live.php?ch=1656&sid=b503daab0c6f4fc6fa439a2d8244a08c&exp=1785763807&sig=6e135191bac5eabe146385ba8c8182316e077337e4f768e8d752ad25a2304bca
tvN DRAMA,http://tv123.cc.cd/live.php?ch=1657&sid=b503daab0c6f4fc6fa439a2d8244a08c&exp=1785763807&sig=209029248950dae28f0ad7ecdcb04200bb3c6266a251d6e0cdc76236b6d39f69
tvN STORY,http://tv123.cc.cd/live.php?ch=1658&sid=b503daab0c6f4fc6fa439a2d8244a08c&exp=1785763807&sig=6346d23ba07845610314b9040714a29cd21b16de27ac38e3f5e6f1e452fbaab7
채널A,http://tv123.cc.cd/live.php?ch=1659&sid=b503daab0c6f4fc6fa439a2d8244a08c&exp=1785763807&sig=42cbcd833e86aeb26c065cee027e0b3c3992d4fa3a586a8580a488be84de8349
채널A플러스,http://tv123.cc.cd/live.php?ch=1660&sid=b503daab0c6f4fc6fa439a2d8244a08c&exp=1785763807&sig=0f30e97639d347147cf7552eb9081150426ef92d1c8028fd8a4d74fe5f5ccd14
TV CHOSUN,http://tv123.cc.cd/live.php?ch=1661&sid=b503daab0c6f4fc6fa439a2d8244a08c&exp=1785763807&sig=588af4995bb880a721d7f48310eb3536712f664eac61494276a9d6035bdef9cc
TV CHOSUN 2,http://tv123.cc.cd/live.php?ch=1662&sid=b503daab0c6f4fc6fa439a2d8244a08c&exp=1785763807&sig=6b880bb7e2857ca10f4356f26d3bffd85222b4300ab3c9553a2a5dc5af504fd4
Mnet,http://tv123.cc.cd/live.php?ch=1663&sid=b503daab0c6f4fc6fa439a2d8244a08c&exp=1785763807&sig=f51502bf9eac3186b17e4604cf3b9793130cb29d40d2775b8d2c32515cea832f
MBN,http://tv123.cc.cd/live.php?ch=1664&sid=b503daab0c6f4fc6fa439a2d8244a08c&exp=1785763807&sig=7bc26450569c3ba2d975359621f724724729d451b1cc072308f45a6c38ca2215
MBN 플러스,http://tv123.cc.cd/live.php?ch=1665&sid=b503daab0c6f4fc6fa439a2d8244a08c&exp=1785763807&sig=6e0f326d4ff5599fc1cb773a1fe065c4dfd1430dcc5a49d6a47730176cd8afb3
중화TV,http://tv123.cc.cd/live.php?ch=1667&sid=b503daab0c6f4fc6fa439a2d8244a08c&exp=1785763807&sig=466fd153fde7447df76181c31084c09b1675b9c8c13070a9170ec33a40f44697
히스토리,http://tv123.cc.cd/live.php?ch=1668&sid=b503daab0c6f4fc6fa439a2d8244a08c&exp=1785763807&sig=a3d600007a74c796990d50db10466893535f0f05bca3509bece64c89db9be801
EBS1,http://tv123.cc.cd/live.php?ch=1669&sid=b503daab0c6f4fc6fa439a2d8244a08c&exp=1785763807&sig=e93554244db4d5663ab8cd40b143bd0988a883a9bd0e515658b1742178055cd2
국회방송(NATV),http://tv123.cc.cd/live.php?ch=1670&sid=b503daab0c6f4fc6fa439a2d8244a08c&exp=1785763807&sig=171aa826e200ae75fa83be9eca46bba6c4cfaa9526c29b575ea6816a5577836b
ANIBOX,http://tv123.cc.cd/live.php?ch=1671&sid=b503daab0c6f4fc6fa439a2d8244a08c&exp=1785763807&sig=7296ec00f892dd6b94c8b5fadf81df80a32ce01464113409c0830701d5564517
애니맥스,http://tv123.cc.cd/live.php?ch=1672&sid=b503daab0c6f4fc6fa439a2d8244a08c&exp=1785763807&sig=0d2147cd9712f8b8a7b4cae185cc5e556d01db2f2a9945faf99ad1da2b6c5f1d
투니버스,http://tv123.cc.cd/live.php?ch=1673&sid=b503daab0c6f4fc6fa439a2d8244a08c&exp=1785763807&sig=400d1d35fbb5369aecf2e23347f48e8d65845ffc5b6a818b1d929bb5a2ad6336
KBS1,http://tv123.cc.cd/live.php?ch=1674&sid=b503daab0c6f4fc6fa439a2d8244a08c&exp=1785763807&sig=695c0909c662320970203ca9c94da30b6ba59f4bf91130f7c1c2d67c778e0e91
KBS2,http://tv123.cc.cd/live.php?ch=1675&sid=b503daab0c6f4fc6fa439a2d8244a08c&exp=1785763807&sig=15f143a4b1c67c60f3c618a4e5979bc3be5b3fa243702ddfe9cee2c5003b18ea
KBS드라마,http://tv123.cc.cd/live.php?ch=1676&sid=b503daab0c6f4fc6fa439a2d8244a08c&exp=1785763807&sig=c428087fd301140f4307a079ca5236a2ff44f80ae9ae0ec61fe3b3827ac8571a
KBS조이,http://tv123.cc.cd/live.php?ch=1677&sid=b503daab0c6f4fc6fa439a2d8244a08c&exp=1785763807&sig=daa51b0c931b2bf1557345370a829903e47163340f4bd2ff8cfbacb950525886
KBS키즈,http://tv123.cc.cd/live.php?ch=1678&sid=b503daab0c6f4fc6fa439a2d8244a08c&exp=1785763807&sig=c7fa0a090c76fdbb537445cbd6cf9a620d3eff992e7550af00d50bcc7513faba
KBS LIFE,http://tv123.cc.cd/live.php?ch=1679&sid=b503daab0c6f4fc6fa439a2d8244a08c&exp=1785763807&sig=392c16a13e11c6fcfde40b7770531d9045d808f7be5e89bd0af85304e945c843
KBS Story,http://tv123.cc.cd/live.php?ch=1680&sid=b503daab0c6f4fc6fa439a2d8244a08c&exp=1785763807&sig=88aa9d3416de60579c886a4d2b73f2137407a86ed837e267e3035df7fe2b247b
KBS뉴스,http://tv123.cc.cd/live.php?ch=1682&sid=b503daab0c6f4fc6fa439a2d8244a08c&exp=1785763807&sig=5952ec0a0a07fac521060604cf75a564d2b0280745b95463a628e91741fe1d08
SBS,http://tv123.cc.cd/live.php?ch=1683&sid=b503daab0c6f4fc6fa439a2d8244a08c&exp=1785763807&sig=7f89f2bae0652c83f219988d320768bf406763eaa3073b72e3e436793f4c010e
SBS플러스,http://tv123.cc.cd/live.php?ch=1684&sid=b503daab0c6f4fc6fa439a2d8244a08c&exp=1785763807&sig=8a039d92c6c804eefb97c50fbbc3670104b468cfe05f5486b7260efd4ed7bdd8
SBS퍼니,http://tv123.cc.cd/live.php?ch=1685&sid=b503daab0c6f4fc6fa439a2d8244a08c&exp=1785763807&sig=d260d02b4926208630374832385219d145b21626f3523cd16d0805477dad55c9
SBS LIFE,http://tv123.cc.cd/live.php?ch=1686&sid=b503daab0c6f4fc6fa439a2d8244a08c&exp=1785763807&sig=8e81f97d5891fccbcc31daed64c12e868db2da4bd1ffdb2137bafdcd844acfb1
SBS KPOP,http://tv123.cc.cd/live.php?ch=1687&sid=b503daab0c6f4fc6fa439a2d8244a08c&exp=1785763807&sig=008cc331035fe32761590ab1f38fa5044037f933f480a48b41ca08916f76f72e
SBS골프,http://tv123.cc.cd/live.php?ch=1688&sid=b503daab0c6f4fc6fa439a2d8244a08c&exp=1785763807&sig=9f8efc696ee0d95a8d4e9380ff6166b19650e80656d61518efb447084899d747
SBS Golf2,http://tv123.cc.cd/live.php?ch=1689&sid=b503daab0c6f4fc6fa439a2d8244a08c&exp=1785763807&sig=773bd2e4dd0e7bcb289d2caf2988436b2286b2dd05e2dab17f0a86a64478b8d5
SBS스포츠,http://tv123.cc.cd/live.php?ch=1690&sid=b503daab0c6f4fc6fa439a2d8244a08c&exp=1785763807&sig=cc3a485d36c713a7b4d8ec38b04fa04b780d0e4dfcb72dd541d90f6b84f5dbaa
SBS Biz,http://tv123.cc.cd/live.php?ch=1691&sid=b503daab0c6f4fc6fa439a2d8244a08c&exp=1785763807&sig=5d9014e7bb327c32540811de2a8dfad8a35ee21fb0f3697127665274a8b3361b
MBC,http://tv123.cc.cd/live.php?ch=1692&sid=b503daab0c6f4fc6fa439a2d8244a08c&exp=1785763807&sig=8b8496776742e85ff53fee907bd28107476e4305efa57ebb4f10b297b8735fc7
MBC드라마넷,http://tv123.cc.cd/live.php?ch=1693&sid=b503daab0c6f4fc6fa439a2d8244a08c&exp=1785763807&sig=431d5872a05529940d1914ad891ca207e32b3cf452b568447a392b8e7f27ee78
MBC에브리원,http://tv123.cc.cd/live.php?ch=1694&sid=b503daab0c6f4fc6fa439a2d8244a08c&exp=1785763807&sig=4040b8846541c02d097f0cc9f24ba6c239b74ec1072be0a8b5fa76ee777611fc
MBC M,http://tv123.cc.cd/live.php?ch=1695&sid=b503daab0c6f4fc6fa439a2d8244a08c&exp=1785763807&sig=d09213df0b997477c31cdd12ee0602c9ebbe9a30d342ee92fd1a147d33d0829e
MBC ON,http://tv123.cc.cd/live.php?ch=1696&sid=b503daab0c6f4fc6fa439a2d8244a08c&exp=1785763807&sig=fdaa0c4960f50b582cecc57cd3fa5f3dcf03a2278dae2b9927e7ec2164caea8a
MBCNET,http://tv123.cc.cd/live.php?ch=1697&sid=b503daab0c6f4fc6fa439a2d8244a08c&exp=1785763807&sig=ad35f239070ec3c2604819db7ab4df3b5b53c81b1a7710b3c63059d3cc10516c
아리랑TV,http://tv123.cc.cd/live.php?ch=1698&sid=b503daab0c6f4fc6fa439a2d8244a08c&exp=1785763807&sig=1355d6fe41bd69d88f45fe1e59fe1f1c94b76bef367bbce16e969489928f2757
TBSTV,http://tv123.cc.cd/live.php?ch=1699&sid=b503daab0c6f4fc6fa439a2d8244a08c&exp=1785763807&sig=1db018beedcef47f6290095df0cf4733558e2b8a583bf1c9f365ff1f14f2291c
ABN,http://tv123.cc.cd/live.php?ch=1700&sid=b503daab0c6f4fc6fa439a2d8244a08c&exp=1785763807&sig=5b9144ad83bf6c972bbaf5a9f67257e437d88bc8e1f9b0839b64338763fa024e
농협TV,http://tv123.cc.cd/live.php?ch=1701&sid=b503daab0c6f4fc6fa439a2d8244a08c&exp=1785763807&sig=8b4df10ec642f7e2f00be6f63ff4118bbb8ed8098bcb4aa8d95c9be993479aa9
복지TV,http://tv123.cc.cd/live.php?ch=1702&sid=b503daab0c6f4fc6fa439a2d8244a08c&exp=1785763807&sig=1b6360099d22e7b681615ab8ec80829038f4da08bb73aba5fefb97cfd190ffb9
국민방송,http://tv123.cc.cd/live.php?ch=1703&sid=b503daab0c6f4fc6fa439a2d8244a08c&exp=1785763807&sig=70ac92ed7a98932a5759bdae00a6b716e765f4591d192b717ab49d7121d6eb71
문화유산채널,http://tv123.cc.cd/live.php?ch=1704&sid=b503daab0c6f4fc6fa439a2d8244a08c&exp=1785763807&sig=4f8f3fbf1ae0433273c8b08563205ced4f9c48b54f6c45269f8fb44a2261d1b3
방송대학TV,http://tv123.cc.cd/live.php?ch=1705&sid=b503daab0c6f4fc6fa439a2d8244a08c&exp=1785763807&sig=ef2534a044811990c9474e0b80fcb6daa94d34e62db6c860f49cb9be790d55e6
EBS1,http://tv123.cc.cd/live.php?ch=1706&sid=b503daab0c6f4fc6fa439a2d8244a08c&exp=1785763807&sig=646fc1e7e35dadf8ae34671d60e24bbe5f3296f24cb8d8ba790a102db4eee869
EBS2,http://tv123.cc.cd/live.php?ch=1707&sid=b503daab0c6f4fc6fa439a2d8244a08c&exp=1785763807&sig=2ddbbeba31087b0efe9d1dcd5960dd0ca619d51ef57c251511a30087e145264f
EBS+1,http://tv123.cc.cd/live.php?ch=1708&sid=b503daab0c6f4fc6fa439a2d8244a08c&exp=1785763807&sig=07f8bfc47a28a404d967f3f71754fcd6e0f3f0d672b56c4e1847844975e255b2
EBS+2,http://tv123.cc.cd/live.php?ch=1709&sid=b503daab0c6f4fc6fa439a2d8244a08c&exp=1785763807&sig=ea76ff76d7fa85a7eee9bcc4a01046ba1c2e8551d9f6aa43ee9ff072779a1939
EBS English,http://tv123.cc.cd/live.php?ch=1710&sid=b503daab0c6f4fc6fa439a2d8244a08c&exp=1785763807&sig=350bc63bac5f92578d1a139db98efb8cdd1ba80d188da573d90602de5ab747c5
한국영화1,http://tv123.cc.cd/live.php?ch=1711&sid=b503daab0c6f4fc6fa439a2d8244a08c&exp=1785763807&sig=11b8b3c149c68c9f938fbe23bbf14a78ce76bdd6d20952101a3ba5df9220e5c9
한국영화2,http://tv123.cc.cd/live.php?ch=1712&sid=b503daab0c6f4fc6fa439a2d8244a08c&exp=1785763807&sig=7899b08b8b3a366d807001e13a3af2c80f4c003f6de5d70c67d8f2941839c735
한국영화3,http://tv123.cc.cd/live.php?ch=1713&sid=b503daab0c6f4fc6fa439a2d8244a08c&exp=1785763807&sig=785b1366d5d6306900c3dfa35eb74b1c859d85b52ba1175ac46b1b77d5f25144
TVBS亚洲,http://tv123.cc.cd/live.php?ch=1718&sid=b503daab0c6f4fc6fa439a2d8244a08c&exp=1785763807&sig=22decf08af1b38e828c52d471decc8ee8719386987e437b5e2b6752c0786b656
东森美洲新闻,http://tv123.cc.cd/live.php?ch=1727&sid=b503daab0c6f4fc6fa439a2d8244a08c&exp=1785763807&sig=88bf4b312375a7b93215bc418840c3dd73374d491f8211503590b8c597d76a6b
东森美洲中国,http://tv123.cc.cd/live.php?ch=1729&sid=b503daab0c6f4fc6fa439a2d8244a08c&exp=1785763807&sig=5911e923d49d3337f7d4be5d355e2b31533cd3f943de882204f97d2e8670e9a7
Bloomberg,http://tv123.cc.cd/live.php?ch=1734&sid=b503daab0c6f4fc6fa439a2d8244a08c&exp=1785763807&sig=8af6092d59abefea0c33466649d8faef452cc4e40265271c560f56167647db48
Fox,http://tv123.cc.cd/live.php?ch=1735&sid=b503daab0c6f4fc6fa439a2d8244a08c&exp=1785763807&sig=54e155efef9592f1f8fc88e7a9e38ab07bde45213db6e07924e220f5fb42a9f2
NHKWorld,http://tv123.cc.cd/live.php?ch=1736&sid=b503daab0c6f4fc6fa439a2d8244a08c&exp=1785763807&sig=073ac870ab82f08e8b909c0f6866058fed18634d0f3681520806b57ddc23c4f6
ANTV,http://tv123.cc.cd/live.php?ch=1737&sid=b503daab0c6f4fc6fa439a2d8244a08c&exp=1785763807&sig=06c5d9bc325bed710b72a49ece3105139b71705fbd51cac39e977d2beef61260
NDTV,http://tv123.cc.cd/live.php?ch=1738&sid=b503daab0c6f4fc6fa439a2d8244a08c&exp=1785763807&sig=7698d630b738fdf6370795d8afc982b4730520d86d11a8c5c0d590a5042486c2
MOVIE1,http://tv123.cc.cd/live.php?ch=1740&sid=b503daab0c6f4fc6fa439a2d8244a08c&exp=1785763807&sig=3b3c6a5a1db3a6e010abb0acff8ff854578e779b1bf0d3217c473d26f802ee9f
MOVIE2,http://tv123.cc.cd/live.php?ch=1741&sid=b503daab0c6f4fc6fa439a2d8244a08c&exp=1785763807&sig=cf335737e3f6640bd714cc489a345d810e13a1ff54f30a1fa415a1ef66b87de3
F1,http://tv123.cc.cd/live.php?ch=1742&sid=b503daab0c6f4fc6fa439a2d8244a08c&exp=1785763807&sig=a5d67f961051c1293365de5620d0d8a73ca146bb808bbfd21c5b855b5d2e78b7
FAILARMY,http://tv123.cc.cd/live.php?ch=1743&sid=b503daab0c6f4fc6fa439a2d8244a08c&exp=1785763807&sig=459c7de322be3eac091c3ea8d687190d55ceb8cb46b883600b5d472be91bbc60
Drybarcomedy,http://tv123.cc.cd/live.php?ch=1744&sid=b503daab0c6f4fc6fa439a2d8244a08c&exp=1785763807&sig=69ee70bb74287619ae7b54c26bd9ad98ca58c71393fe36d79e4cc6a68502cdc5
NHK G,http://tv123.cc.cd/live.php?ch=1745&sid=b503daab0c6f4fc6fa439a2d8244a08c&exp=1785763807&sig=1303bde246a8bf51861a56aff81941890f05429652ce004fc32a0b9211a3c897
NHK G (Sub Ch.),http://tv123.cc.cd/live.php?ch=1746&sid=b503daab0c6f4fc6fa439a2d8244a08c&exp=1785763807&sig=ce39599290bf69e0faac486d63c3a5ef678df68561b2f6f785fc91c59a41ce06
NHK E,http://tv123.cc.cd/live.php?ch=1747&sid=b503daab0c6f4fc6fa439a2d8244a08c&exp=1785763807&sig=f5f57b9badee42bb7f271bf133f07b8ba1053c653ec50fbca522876dcb507d73
NTV,http://tv123.cc.cd/live.php?ch=1748&sid=b503daab0c6f4fc6fa439a2d8244a08c&exp=1785763807&sig=6a615e74c6e0c1cd7cba890b6a20c909ce84cefbed9d80a7159e6e037364c222
TV Asahi,http://tv123.cc.cd/live.php?ch=1749&sid=b503daab0c6f4fc6fa439a2d8244a08c&exp=1785763807&sig=baf24d50fc8707fb8afce31146e508a483dacdb35b1a7eaeb8382dd386ce0921
TV Tokyo,http://tv123.cc.cd/live.php?ch=1751&sid=b503daab0c6f4fc6fa439a2d8244a08c&exp=1785763807&sig=eed59ce1722f6cebbcf7513f3114b7b38d58f36f804ecf9fa0fb391aa183c63a
Fuji TV,http://tv123.cc.cd/live.php?ch=1752&sid=b503daab0c6f4fc6fa439a2d8244a08c&exp=1785763807&sig=93956fef39d3b64c09f6561fd8d4dc4a2eef339576055f74e2761d746355a025
TOKYO MX1,http://tv123.cc.cd/live.php?ch=1753&sid=b503daab0c6f4fc6fa439a2d8244a08c&exp=1785763807&sig=1697e4dee6705182bbe53ca6758de4324125202f1d4e2c7954888473ccd07276
TOKYO MX2 (HD 720p),http://tv123.cc.cd/live.php?ch=1754&sid=b503daab0c6f4fc6fa439a2d8244a08c&exp=1785763807&sig=2bf9c6a7256ec95ce844fb6136d8a2f5943e90e194ac9684c44bc5c49d51e0cd
NHK G Osaka,http://tv123.cc.cd/live.php?ch=1755&sid=b503daab0c6f4fc6fa439a2d8244a08c&exp=1785763807&sig=c6ed25c4f9d26180e8e278dafb66b374e872a441e933418e942d6f9ccdfc75bd
SUN,http://tv123.cc.cd/live.php?ch=1756&sid=b503daab0c6f4fc6fa439a2d8244a08c&exp=1785763807&sig=9552eeeafde5a89ee488028882858626731ed1c85c710c59de476c04131afa95
MBS,http://tv123.cc.cd/live.php?ch=1757&sid=b503daab0c6f4fc6fa439a2d8244a08c&exp=1785763807&sig=507ef732a16b243fb010ada56d6424e2bfa305dd8ad009f753350030a16689aa
KBS,http://tv123.cc.cd/live.php?ch=1758&sid=b503daab0c6f4fc6fa439a2d8244a08c&exp=1785763807&sig=6c510c9ffade5dfea5a26f9126fd823bceee02ed3d1fc759a70339c2c122f666
ABC,http://tv123.cc.cd/live.php?ch=1759&sid=b503daab0c6f4fc6fa439a2d8244a08c&exp=1785763807&sig=a67a0d74cf9038ad54781f34a3456cc708dd003dada8af218280bcbfea0755d4
TV Osaka,http://tv123.cc.cd/live.php?ch=1760&sid=b503daab0c6f4fc6fa439a2d8244a08c&exp=1785763807&sig=e0897dc9a656ceb580f66eed9f37d801b22503fe914c9f166cf49596d2feb6b3
Kansai TV,http://tv123.cc.cd/live.php?ch=1761&sid=b503daab0c6f4fc6fa439a2d8244a08c&exp=1785763807&sig=acb988ccb27b5dd1db8a6d3ce33b69ec8c894c593d197eb13551fe1e4ed78b75
ytv,http://tv123.cc.cd/live.php?ch=1762&sid=b503daab0c6f4fc6fa439a2d8244a08c&exp=1785763807&sig=4e8dce6ea5473577ba2a56051fe96c47c25600a66fcf8ebd840441bf188139c4
NHK BS,http://tv123.cc.cd/live.php?ch=1763&sid=b503daab0c6f4fc6fa439a2d8244a08c&exp=1785763807&sig=db7ed1a954536fbb84ba9573c843a7f168447dcd6d0b4cf79e84bb05d252390f
NHK BS (Sub Ch.),http://tv123.cc.cd/live.php?ch=1764&sid=b503daab0c6f4fc6fa439a2d8244a08c&exp=1785763807&sig=0494089a0dbd72465430c6b809d08c125e7561b2738d5931951ea2101b2c17b6
BS NTV,http://tv123.cc.cd/live.php?ch=1765&sid=b503daab0c6f4fc6fa439a2d8244a08c&exp=1785763807&sig=a1900b0b807ff7279f3fc642007e22ef9efe153eb6be208859f40157ec83c510
BS Asahi,http://tv123.cc.cd/live.php?ch=1766&sid=b503daab0c6f4fc6fa439a2d8244a08c&exp=1785763807&sig=1ed7b9f4f946e3b369cadf5397d494b87612804492d9a030c9a916f15ba41308
BS TBS,http://tv123.cc.cd/live.php?ch=1767&sid=b503daab0c6f4fc6fa439a2d8244a08c&exp=1785763807&sig=09bb8e4e70a7852fbe61af88db25242935f68a40314f17c3f2d3ecbfa73f6868
BS TV Tokyo,http://tv123.cc.cd/live.php?ch=1768&sid=b503daab0c6f4fc6fa439a2d8244a08c&exp=1785763807&sig=6372ad5dc18a7b1294610a1570ef0754b5d79714cb470ffb22237be4514c4860
BS Fuji,http://tv123.cc.cd/live.php?ch=1769&sid=b503daab0c6f4fc6fa439a2d8244a08c&exp=1785763807&sig=49aadd7601dcf7229ed34cac80021215bb20d29b178a56c14929c5c4e08adca1
BS 10,http://tv123.cc.cd/live.php?ch=1770&sid=b503daab0c6f4fc6fa439a2d8244a08c&exp=1785763807&sig=c0c72ad0be940709debe19a766f899ddfac785ba095b8dd67cbb3c9dc085b4b9
BS11,http://tv123.cc.cd/live.php?ch=1771&sid=b503daab0c6f4fc6fa439a2d8244a08c&exp=1785763807&sig=9a6ad7fcc28cb50e32791e70e0b9c1acb30f9a70d6c27ce368cbdcc86deb8941
BS 12,http://tv123.cc.cd/live.php?ch=1772&sid=b503daab0c6f4fc6fa439a2d8244a08c&exp=1785763807&sig=af5e608e4937f7d00640d543f4e64be28a7b9b5ad7d239eb88d6561a2a2a3647
JCOM BS,http://tv123.cc.cd/live.php?ch=1773&sid=b503daab0c6f4fc6fa439a2d8244a08c&exp=1785763807&sig=fc54fc9d469f6f401c6d680457d95b552d4052d4970821a323fda81bd02c8ac1
BS Yoshimoto,http://tv123.cc.cd/live.php?ch=1774&sid=b503daab0c6f4fc6fa439a2d8244a08c&exp=1785763807&sig=c96ab40f0b705556ed6c10e7f5eaaae5989d8a88049ab570181f3c700121268b
NHK BS4K,http://tv123.cc.cd/live.php?ch=1775&sid=b503daab0c6f4fc6fa439a2d8244a08c&exp=1785763807&sig=e69b1ba6c7754c1a46b071055f3cdb351ed4c546b03566e898fa41055c1a4f1e
WOWOW Prime,http://tv123.cc.cd/live.php?ch=1776&sid=b503daab0c6f4fc6fa439a2d8244a08c&exp=1785763807&sig=92649d2aebcad12dfe625b8083bca2b88631546d3d132c08c77c35e9adc07e43
WOWOW Live,http://tv123.cc.cd/live.php?ch=1777&sid=b503daab0c6f4fc6fa439a2d8244a08c&exp=1785763807&sig=9da266ea3f2911c4a25b2b6597568c8c82318cdfad03c4f2d6cd204bcbf2b0e0
WOWOW Cinema,http://tv123.cc.cd/live.php?ch=1778&sid=b503daab0c6f4fc6fa439a2d8244a08c&exp=1785763807&sig=304113077ce020f3b7af83e045d99873443ae39c13c74863a0411e4979607faa
BS 10 Premium,http://tv123.cc.cd/live.php?ch=1779&sid=b503daab0c6f4fc6fa439a2d8244a08c&exp=1785763807&sig=16124175acd5d888f1c0af1ad697a13dddf069e5b8ff6d69c941c07799ea20b9
WOWOW Plus,http://tv123.cc.cd/live.php?ch=1780&sid=b503daab0c6f4fc6fa439a2d8244a08c&exp=1785763807&sig=c3b7eba3b8a3699d38b8f1961933c5a89b3835d40357956a24980e49608ae156
Fishing Vision,http://tv123.cc.cd/live.php?ch=1781&sid=b503daab0c6f4fc6fa439a2d8244a08c&exp=1785763807&sig=228c433e75669ca2dead007b42c39f34de0d04889f9abe3189c74bd22353a60d
Weather News,http://tv123.cc.cd/live.php?ch=1782&sid=b503daab0c6f4fc6fa439a2d8244a08c&exp=1785763807&sig=67d003fced34e1448360334f323f1645f172f7e4ba0554b7ae88c2ffb39dbff0
NTV News24,http://tv123.cc.cd/live.php?ch=1783&sid=b503daab0c6f4fc6fa439a2d8244a08c&exp=1785763807&sig=adf9c7045a480e66900a040f2314ac026cc5bec4d4e27df5737c9480e888ea5f
TBS News,http://tv123.cc.cd/live.php?ch=1784&sid=b503daab0c6f4fc6fa439a2d8244a08c&exp=1785763807&sig=a386b75f3adefbbada912b9ebbf9c920ff6d733b59f83143d8ab597186abdc51
BBC News,http://tv123.cc.cd/live.php?ch=1785&sid=b503daab0c6f4fc6fa439a2d8244a08c&exp=1785763807&sig=b0eb9dd9792f167fb98012ff29e95084e4dd25bf94a32be58a25aec021e7caa9
CNNj,http://tv123.cc.cd/live.php?ch=1786&sid=b503daab0c6f4fc6fa439a2d8244a08c&exp=1785763807&sig=ba6cdd109a3a87d41d214364883726696fbd57e7338edaf85fe28abf5f8de5c9
NHK World-Japan,http://tv123.cc.cd/live.php?ch=1787&sid=b503daab0c6f4fc6fa439a2d8244a08c&exp=1785763807&sig=494ae2d9c05ac8337ae0d9326f11d8a46c571da6e7c8ae2c6a7c54cc00e72d34
Green Channel,http://tv123.cc.cd/live.php?ch=1788&sid=b503daab0c6f4fc6fa439a2d8244a08c&exp=1785763807&sig=8262957008fdf91a7a3135931d936b2bda073d40a9cd397343e2b83252679bcf
JSport 1,http://tv123.cc.cd/live.php?ch=1789&sid=b503daab0c6f4fc6fa439a2d8244a08c&exp=1785763807&sig=03c17d52e876ee44406bc177076041f697f0dc5eea259e4c30646a6f0eb89f2e
JSport 2,http://tv123.cc.cd/live.php?ch=1790&sid=b503daab0c6f4fc6fa439a2d8244a08c&exp=1785763807&sig=ceea7b061ace285237c830562a168d4ae27eee864155592f08bb5ab6c9cc5f96
JSport 3,http://tv123.cc.cd/live.php?ch=1791&sid=b503daab0c6f4fc6fa439a2d8244a08c&exp=1785763807&sig=531e2947b5946872119abef446c5db3eef9fde2c8c463aae240de98e2a8b251a
JSport 4,http://tv123.cc.cd/live.php?ch=1792&sid=b503daab0c6f4fc6fa439a2d8244a08c&exp=1785763807&sig=813648db7d53838df239c4138ade2bc5210d58b7957815fab8e5fb5109be519f
Sky A,http://tv123.cc.cd/live.php?ch=1793&sid=b503daab0c6f4fc6fa439a2d8244a08c&exp=1785763807&sig=1c66029ba8735db590e4183e8e275f92248f2baf1c50a557343003daa67bd3f9
Gaora Sports,http://tv123.cc.cd/live.php?ch=1794&sid=b503daab0c6f4fc6fa439a2d8244a08c&exp=1785763807&sig=d7de5138988fef3764dc5e9b488e64ab80889b380506dfc3c666a58301716bda
Nittele G+,http://tv123.cc.cd/live.php?ch=1795&sid=b503daab0c6f4fc6fa439a2d8244a08c&exp=1785763807&sig=ba378a0faea10623c72f72f014c81ff06ba848f9d876533a17280883fd895afc
Golf Network,http://tv123.cc.cd/live.php?ch=1796&sid=b503daab0c6f4fc6fa439a2d8244a08c&exp=1785763807&sig=9905ae4ff850a0f4b09a266e21de756e9b7ba2e1edafdfc3c9271b205a615b52
Sport Live Plus,http://tv123.cc.cd/live.php?ch=1797&sid=b503daab0c6f4fc6fa439a2d8244a08c&exp=1785763807&sig=11e955f9dfa28b40fde8b8bbe1ec6208cbdaf2acace8c9df129470b4bdcaee67
Fighting TV Samurai,http://tv123.cc.cd/live.php?ch=1798&sid=b503daab0c6f4fc6fa439a2d8244a08c&exp=1785763807&sig=080e45671b12d583b0a3b638fba8a51beb916bf09d2bc2a93d070bb7aa3b613b
Toei Channel,http://tv123.cc.cd/live.php?ch=1799&sid=b503daab0c6f4fc6fa439a2d8244a08c&exp=1785763807&sig=1c367eb45a68bc4b5a51e16503e2d0c08af4435e83a8b4765cd2c5c0b0dc7b99
Eisei Gekijo,http://tv123.cc.cd/live.php?ch=1800&sid=b503daab0c6f4fc6fa439a2d8244a08c&exp=1785763807&sig=d5808f51759aa3650f9df456474bb821ed0d1a5ac17ac336cae24346e7fba447
Neco Channel,http://tv123.cc.cd/live.php?ch=1801&sid=b503daab0c6f4fc6fa439a2d8244a08c&exp=1785763807&sig=d4690e26112885fa4295b904a8ecd868b8001622bf6d53d257cbd61f77ee908a
The Cinema,http://tv123.cc.cd/live.php?ch=1802&sid=b503daab0c6f4fc6fa439a2d8244a08c&exp=1785763807&sig=13b03af01a802f914760aad9593d4ecee472fc0b30cbdea9f11e770bc3d0b977
Movie Plus,http://tv123.cc.cd/live.php?ch=1803&sid=b503daab0c6f4fc6fa439a2d8244a08c&exp=1785763807&sig=f932382c92d5b295d45f7913dec6ed8ca96f2274dc3570f16250c6bb1ad51e43
Nihon Eiga Senmon,http://tv123.cc.cd/live.php?ch=1804&sid=b503daab0c6f4fc6fa439a2d8244a08c&exp=1785763807&sig=6d532f81305cb6ec8d2e055807c7cea76ffc94df88b405a680e96d930138821c
Jidaigeki Senmon,http://tv123.cc.cd/live.php?ch=1805&sid=b503daab0c6f4fc6fa439a2d8244a08c&exp=1785763807&sig=148aafb3a18b82069e9902171953771d4b35deda3d7116788ed0c49efce084d4
Family Gekijyo,http://tv123.cc.cd/live.php?ch=1806&sid=b503daab0c6f4fc6fa439a2d8244a08c&exp=1785763807&sig=45a794f035514ede44bf4489a37df08ead506d918ddcf5e918be84932d574cc6
Home Drama Channel,http://tv123.cc.cd/live.php?ch=1807&sid=b503daab0c6f4fc6fa439a2d8244a08c&exp=1785763807&sig=312ea39254c8882d1d804e7289f72e1d15d4a422234d62ddd4a50b07b931e26b
TBS Channel 1,http://tv123.cc.cd/live.php?ch=1808&sid=b503daab0c6f4fc6fa439a2d8244a08c&exp=1785763807&sig=db7dd19f887e0d11ea1fc5571e60be4dc35ce898b4c7923ef1c25ed6c85579fc
TBS Channel 2,http://tv123.cc.cd/live.php?ch=1809&sid=b503daab0c6f4fc6fa439a2d8244a08c&exp=1785763807&sig=be507e91e533ce56e0cca6920d231ae39193909ff99319158c2e4769bd6e44f6
TV Asahi Channel 1,http://tv123.cc.cd/live.php?ch=1810&sid=b503daab0c6f4fc6fa439a2d8244a08c&exp=1785763807&sig=a09c4671ca394ccb5db0aac8ea82331526712b2977c66be5fd625f3ee5fcafee
TV Asahi Channel 2,http://tv123.cc.cd/live.php?ch=1811&sid=b503daab0c6f4fc6fa439a2d8244a08c&exp=1785763807&sig=7bb4937426d094237f843fb96ae22815cea4185ecbf7befdd056251f3980a197
Nittele Plus,http://tv123.cc.cd/live.php?ch=1812&sid=b503daab0c6f4fc6fa439a2d8244a08c&exp=1785763807&sig=5fa6734b495964a9cfcc325906be5f89007814b22d6eb2844cfb421d24739db7
Channel Ginga,http://tv123.cc.cd/live.php?ch=1813&sid=b503daab0c6f4fc6fa439a2d8244a08c&exp=1785763807&sig=0b3a4d890217ddac7530ded5e41893f543197807dd633e473604e4ecefc7ab6a
Fuji TV ONE,http://tv123.cc.cd/live.php?ch=1814&sid=b503daab0c6f4fc6fa439a2d8244a08c&exp=1785763807&sig=9d0c307b4f09d2b51b12be4ab779c5c4e99e19b55c1b2aea284fe7e5446e6ff7
Fuji TV TWO,http://tv123.cc.cd/live.php?ch=1815&sid=b503daab0c6f4fc6fa439a2d8244a08c&exp=1785763807&sig=c3e661d749d5d98911ad348302d24986a3479dbe770d5652a07862bf6bd778e3
Fuji TV NEXT,http://tv123.cc.cd/live.php?ch=1816&sid=b503daab0c6f4fc6fa439a2d8244a08c&exp=1785763807&sig=c849f17c768129608edb2d2d4b34b3c16d79378468c2db5c24fdf99e5cab2b7b
Action Channel (AXN),http://tv123.cc.cd/live.php?ch=1817&sid=b503daab0c6f4fc6fa439a2d8244a08c&exp=1785763807&sig=cbec6a0deeab94f01b22db5dcbd77386fa2ad4e1cc936ea7f1c1d1e870f8cb69
Dlife,http://tv123.cc.cd/live.php?ch=1818&sid=b503daab0c6f4fc6fa439a2d8244a08c&exp=1785763807&sig=9706da5c37483278c3ddec9041f5416a8b5ba968e60187c703549b978fd109fb
LaLa TV,http://tv123.cc.cd/live.php?ch=1819&sid=b503daab0c6f4fc6fa439a2d8244a08c&exp=1785763807&sig=3a3954f7d15a253343175bdaac7257287d90f1efaecc1c3e74380c3d2330102b
Mystery Channel,http://tv123.cc.cd/live.php?ch=1820&sid=b503daab0c6f4fc6fa439a2d8244a08c&exp=1785763807&sig=aa9a6907a7095666161cb27099c8ae7ee9f08ade31ecee4838071a77af828d92
Disney Channel,http://tv123.cc.cd/live.php?ch=1822&sid=b503daab0c6f4fc6fa439a2d8244a08c&exp=1785763807&sig=bc430cb44eb83dbec6665e85d864f98dc2c8404d286ad1db07d80181aa5f97db
Kids Staton,http://tv123.cc.cd/live.php?ch=1823&sid=b503daab0c6f4fc6fa439a2d8244a08c&exp=1785763807&sig=a059a98b7751aa672ea23c81999d772d87b93aeec5988d449c95bc975d980090
Cartoon Network,http://tv123.cc.cd/live.php?ch=1824&sid=b503daab0c6f4fc6fa439a2d8244a08c&exp=1785763807&sig=1f8ab53071e87c16e1fd5b3ae17889401f8dc5a2231e8ba2313ba3c9216e4d93
AT-X,http://tv123.cc.cd/live.php?ch=1825&sid=b503daab0c6f4fc6fa439a2d8244a08c&exp=1785763807&sig=05071662ecef68cb943d2b09db710e5c15132e42bd58d7f5df8325484b01cc05
Disney Junior,http://tv123.cc.cd/live.php?ch=1826&sid=b503daab0c6f4fc6fa439a2d8244a08c&exp=1785763807&sig=f75757b9e87b72d69f6c911038dbaa635b443aeea096d7c435b8bbd742e6469d
Takarazuka Sky Stage,http://tv123.cc.cd/live.php?ch=1827&sid=b503daab0c6f4fc6fa439a2d8244a08c&exp=1785763807&sig=d020fb1f66d8abbf58fdfb73cde58cb71c0c75c8ba9c756bc62655675fa6c991
Space Shower TV (HD),http://tv123.cc.cd/live.php?ch=1828&sid=b503daab0c6f4fc6fa439a2d8244a08c&exp=1785763807&sig=17f29c07b7d2ca308ab733a021980ba1e0617bbee118875d11e59e51f83b9488
MTV,http://tv123.cc.cd/live.php?ch=1829&sid=b503daab0c6f4fc6fa439a2d8244a08c&exp=1785763807&sig=440e66c8ffdbe586d8668f978f7a54e06a4be5970ad2092825d8cd32a5777d1e
Music Air,http://tv123.cc.cd/live.php?ch=1830&sid=b503daab0c6f4fc6fa439a2d8244a08c&exp=1785763807&sig=fd397067882d1b011a302c274951523f87ffd5726a4a13e8b8ddba4009ea30ce
Music ON TV,http://tv123.cc.cd/live.php?ch=1831&sid=b503daab0c6f4fc6fa439a2d8244a08c&exp=1785763807&sig=39d9d7a76f018e9f16fd06b490d9aa8c43865e9c84542b0983785ac45056fa9e
Kayo Pops,http://tv123.cc.cd/live.php?ch=1832&sid=b503daab0c6f4fc6fa439a2d8244a08c&exp=1785763807&sig=d906326b54abf8ee919f2f01951bd82865f6157f84cb06d4e3ec8002e05bfb97
Music Japan TV,http://tv123.cc.cd/live.php?ch=1833&sid=b503daab0c6f4fc6fa439a2d8244a08c&exp=1785763807&sig=8b2655b02422d2424e81709a74ce68f9852dc1bea20a7a830fcb028776845b5d
Discovery Channel,http://tv123.cc.cd/live.php?ch=1834&sid=b503daab0c6f4fc6fa439a2d8244a08c&exp=1785763807&sig=85119d6c8fa8fe430e67e1b12e3f100a6ac153bd3aaf6b3e8a41f35802fcbaf9
Animal Planet,http://tv123.cc.cd/live.php?ch=1835&sid=b503daab0c6f4fc6fa439a2d8244a08c&exp=1785763807&sig=29c80d7c49c193ad28349256fbf241ec84595fc9e443da7f2239db770b6214eb
History,http://tv123.cc.cd/live.php?ch=1836&sid=b503daab0c6f4fc6fa439a2d8244a08c&exp=1785763807&sig=79d32b2ef2fe6fba5eb20782e028c3dfba4952f4c63aca741791123346f7e27c
National Geographic Japan,http://tv123.cc.cd/live.php?ch=1837&sid=b503daab0c6f4fc6fa439a2d8244a08c&exp=1785763807&sig=3a5e1a064509854d257c4b36b208d2b5f393bd6295da75c3fff3fc2a37ea7eb1
Tabi Channel,http://tv123.cc.cd/live.php?ch=1838&sid=b503daab0c6f4fc6fa439a2d8244a08c&exp=1785763807&sig=49ee839fb67c955a187cdb140b1b095ace12cad808bc908438b310aa186dd883
Tetsudo Channel,http://tv123.cc.cd/live.php?ch=1839&sid=b503daab0c6f4fc6fa439a2d8244a08c&exp=1785763807&sig=d882c174bb171a39d8d09a141554fcf560371f7f8163db72abb6fed7668c3704
Mondo TV,http://tv123.cc.cd/live.php?ch=1840&sid=b503daab0c6f4fc6fa439a2d8244a08c&exp=1785763807&sig=41aa777bc1f38d7d450476d4deb873806b4426d636955849a1892ca9cc0573dc
Me-Tele Next,http://tv123.cc.cd/live.php?ch=1841&sid=b503daab0c6f4fc6fa439a2d8244a08c&exp=1785763807&sig=771d411c1a1518eed7dbc13ad9e1112ce975112f1aca28e1195b89d2b514165f
Shogi Channel,http://tv123.cc.cd/live.php?ch=1842&sid=b503daab0c6f4fc6fa439a2d8244a08c&exp=1785763807&sig=c5c3e02d42f9e26c741cce18cb683b56445d6d0df093888cbfb32be971340433
囲碁・将棋ライト (R),http://tv123.cc.cd/live.php?ch=1843&sid=b503daab0c6f4fc6fa439a2d8244a08c&exp=1785763807&sig=249502248c46fdc1217b12b06f269f2d589cac1b436ced26378f02384739f4bb
Mnet,http://tv123.cc.cd/live.php?ch=1844&sid=b503daab0c6f4fc6fa439a2d8244a08c&exp=1785763807&sig=1fee6252b6a711af7e51d32f37698e5fc00cb83d96058d98678c0d4e149489d3
KNTV,http://tv123.cc.cd/live.php?ch=1846&sid=b503daab0c6f4fc6fa439a2d8244a08c&exp=1785763807&sig=5c696055b19808b805d969eae61cb687d6e09b6fe5ce7deacb810f3c39619786
ショップチャンネル,http://tv123.cc.cd/live.php?ch=1847&sid=b503daab0c6f4fc6fa439a2d8244a08c&exp=1785763807&sig=f738549300c075c38ed7cacead7898f073ec2f2e03290c5599190099b684a9ac
V Paradise,http://tv123.cc.cd/live.php?ch=1848&sid=b503daab0c6f4fc6fa439a2d8244a08c&exp=1785763807&sig=95dc08123c2d45d3a604b2333099e95f4bbcf03c1199e42918b48ad2c783daa4
Pigoo,http://tv123.cc.cd/live.php?ch=1849&sid=b503daab0c6f4fc6fa439a2d8244a08c&exp=1785763807&sig=bb494e13cd7a0539a9362382e0b995dbd394ee0b01ebf520d023d4cdc243570f
FOX 4K (Not 24/7) 01,http://tv123.cc.cd/live.php?ch=1850&sid=b503daab0c6f4fc6fa439a2d8244a08c&exp=1785763807&sig=67715cae7d1ebe0e058cecf79ef1841c6e2d0d1f109430adfa983bd07c477b84
愛爾達體育3台,http://tv123.cc.cd/live.php?ch=1851&sid=b503daab0c6f4fc6fa439a2d8244a08c&exp=1785763807&sig=e6a40611aadcc8499dae8be1ec729949af856aea9894c6e85655b84bfedd7206
愛爾達體育2台,http://tv123.cc.cd/live.php?ch=1852&sid=b503daab0c6f4fc6fa439a2d8244a08c&exp=1785763807&sig=01123c9c6271f94d8ca029220251167ce1db08fe5563f7a67697b820814753b4
愛爾達體育1台,http://tv123.cc.cd/live.php?ch=1853&sid=b503daab0c6f4fc6fa439a2d8244a08c&exp=1785763807&sig=b2c72d9337015a9b67404041e2a74ad29cf731ec29c30de95b682d9c59358c84
纬来日本台,http://tv123.cc.cd/live.php?ch=1854&sid=b503daab0c6f4fc6fa439a2d8244a08c&exp=1785763807&sig=8e35bd29f4bcfd8f82126f42b877766c411a5e788141fd629ee04a824f89bbfd
博斯魅力台,http://tv123.cc.cd/live.php?ch=1857&sid=b503daab0c6f4fc6fa439a2d8244a08c&exp=1785763807&sig=0fa3c05c99795b96fa4cb87de5c55f14b8fe54de772badb23e107395e087ac8b
博斯網球台,http://tv123.cc.cd/live.php?ch=1858&sid=b503daab0c6f4fc6fa439a2d8244a08c&exp=1785763807&sig=5b7bb636b685eccea0b0e8c81fab754ba006af2e878f2c7e387117e2017b5a25
博斯無限二台,http://tv123.cc.cd/live.php?ch=1859&sid=b503daab0c6f4fc6fa439a2d8244a08c&exp=1785763807&sig=3cb395752526a37fcb987b1450f5b28655ddaa0ef1ec578ad7eea99a38f6a0dc
博斯無限台,http://tv123.cc.cd/live.php?ch=1860&sid=b503daab0c6f4fc6fa439a2d8244a08c&exp=1785763807&sig=1600b426146606b55ca949f1740350915cfa7a6f78d715e8d4291887765c6adf
博斯運動二台,http://tv123.cc.cd/live.php?ch=1861&sid=b503daab0c6f4fc6fa439a2d8244a08c&exp=1785763807&sig=ab46bb8c1d08e82a35c6e13a6d7b30903392f4cb6f13c439f17d911d2d1c2c8b
博斯運動一台,http://tv123.cc.cd/live.php?ch=1862&sid=b503daab0c6f4fc6fa439a2d8244a08c&exp=1785763807&sig=2c967bc18f4e1fcf5e06512bdf869eed110648bfec835b87b020ef2fc49c2433
博斯高球二台,http://tv123.cc.cd/live.php?ch=1863&sid=b503daab0c6f4fc6fa439a2d8244a08c&exp=1785763807&sig=d38a7057a5b379aa0a5ce45b337156475f1cbe0eecb32df1fd8bb8723950ec1b
博斯高球台,http://tv123.cc.cd/live.php?ch=1864&sid=b503daab0c6f4fc6fa439a2d8244a08c&exp=1785763807&sig=ea5bceb2258d376c80d759ba310b3abef53d9d2fc0b6dddcb7b6023e443ff9c8
靖洋戲劇台,http://tv123.cc.cd/live.php?ch=1866&sid=b503daab0c6f4fc6fa439a2d8244a08c&exp=1785763807&sig=de9363d0b87308d1b6a5e210a640259f6c092d98f424ca3015eac6497a7317c9
靖天戲劇台,http://tv123.cc.cd/live.php?ch=1867&sid=b503daab0c6f4fc6fa439a2d8244a08c&exp=1785763807&sig=d96b033e75b73290fc80df63a1c163df934ea31d58300640e6d81ab8e5614773
采昌影劇台,http://tv123.cc.cd/live.php?ch=1871&sid=b503daab0c6f4fc6fa439a2d8244a08c&exp=1785763807&sig=8ffea291876942205b70e81f65096402c04116b2c5f8d804224bd14693634b68
金光布袋戲,http://tv123.cc.cd/live.php?ch=1873&sid=b503daab0c6f4fc6fa439a2d8244a08c&exp=1785763807&sig=740b72ca1f0d15199d749cc142a79e1f1fffcf7331feb492896cc38789731c70
HITS頻道,http://tv123.cc.cd/live.php?ch=1875&sid=b503daab0c6f4fc6fa439a2d8244a08c&exp=1785763807&sig=1a5e5dd303438f84b8e1083cd424186cd16f1c5fb6895963b4d07d0ce7f275ef
亞洲旅遊台,http://tv123.cc.cd/live.php?ch=1876&sid=b503daab0c6f4fc6fa439a2d8244a08c&exp=1785763807&sig=873da9c3ffe7e016b194fcfe567f07bbb88d3e31712c3cd0156431f7ae0ccbe1
豬哥亮歌廳秀,http://tv123.cc.cd/live.php?ch=1878&sid=b503daab0c6f4fc6fa439a2d8244a08c&exp=1785763807&sig=c2b1a3aeddb8e82a5969b3b20699ab32852f67d1fe3d94081928269257f992ad
愛爾達寵物運動台,http://tv123.cc.cd/live.php?ch=1882&sid=b503daab0c6f4fc6fa439a2d8244a08c&exp=1785763807&sig=70240a69c3d49344f411f270ca535dc6eac67f50d5f79c58eb9bde700c7b88cf
公視戲劇,http://tv123.cc.cd/live.php?ch=1883&sid=b503daab0c6f4fc6fa439a2d8244a08c&exp=1785763807&sig=d863771602c0e15652ddf0de0256b2a1dc1f99494268d87d6e06e2c6c7846eba
中天新聞台,http://tv123.cc.cd/live.php?ch=1892&sid=b503daab0c6f4fc6fa439a2d8244a08c&exp=1785763807&sig=d1db889ad89b8e876b0427bf0bac9e9c9428937110d3f686c4b7a80dedf29653
龍華電影台,http://tv123.cc.cd/live.php?ch=1901&sid=b503daab0c6f4fc6fa439a2d8244a08c&exp=1785763807&sig=fdef2fd2245c30de1f5f47606d2ed98366db0455428b56bcd28a91d94a49aa20
龍華偶像台,http://tv123.cc.cd/live.php?ch=1903&sid=b503daab0c6f4fc6fa439a2d8244a08c&exp=1785763807&sig=44949d0f07330aa0697e50adbe18bab48529c1ae6d938a25eacc96998931ce50
龍華戲劇台,http://tv123.cc.cd/live.php?ch=1905&sid=b503daab0c6f4fc6fa439a2d8244a08c&exp=1785763807&sig=bb1d50416a79b21806dd5b694c0cac31c71158e3d495ac099730b898032eede9
龍華洋片台,http://tv123.cc.cd/live.php?ch=1906&sid=b503daab0c6f4fc6fa439a2d8244a08c&exp=1785763807&sig=d1f1c43a1b53cc0c7175770f12e3f1d79a83ef72acd5e2995a9d1cf32c1786be
龍華卡通台,http://tv123.cc.cd/live.php?ch=1907&sid=b503daab0c6f4fc6fa439a2d8244a08c&exp=1785763807&sig=0212b1d6e994d6eab9a73553930f4ad725ef919171f42394f9cae093abb4fb6a
Now Sports 精選,http://tv123.cc.cd/live.php?ch=1911&sid=b503daab0c6f4fc6fa439a2d8244a08c&exp=1785763807&sig=4f4022d279a82c1f40af150ecc21d7f756ae87bc6f4ad556a814753675860bba
Now直播台,http://tv123.cc.cd/live.php?ch=1914&sid=b503daab0c6f4fc6fa439a2d8244a08c&exp=1785763807&sig=f4ee892cbbbc3e8fa6e6a1319906cd9c499f76a18b712b26b1bfa2adc71e69c2
Now Sports 618,http://tv123.cc.cd/live.php?ch=1934&sid=b503daab0c6f4fc6fa439a2d8244a08c&exp=1785763807&sig=7303a80b870622f1c592788872645456ec97f787a7651741c5bdace4abc18287
Viu TV（地面波）,http://tv123.cc.cd/live.php?ch=1935&sid=b503daab0c6f4fc6fa439a2d8244a08c&exp=1785763807&sig=4e866950df985869b6b1be553484cc73b0d6b25174f8e35d195cc287c1310587
澳门体育,http://tv123.cc.cd/live.php?ch=1941&sid=b503daab0c6f4fc6fa439a2d8244a08c&exp=1785763807&sig=696898e125170160e5dab2f9f06a34a13ca761d037319dabc33a19d5010a209c
鳳凰衛視·中文「回看」,http://tv123.cc.cd/live.php?ch=1968&sid=b503daab0c6f4fc6fa439a2d8244a08c&exp=1785763807&sig=535964b40e36e120d71f4ad47fae7954f5a044d74439f2c52842e5a9121f10a5
鳳凰衛視·資訊「回看」,http://tv123.cc.cd/live.php?ch=1969&sid=b503daab0c6f4fc6fa439a2d8244a08c&exp=1785763807&sig=d2a37a9961baa96d917511e33d0ac38a50792aea753164d160c08b48479a2741
鳳凰衛視·香港「回看」,http://tv123.cc.cd/live.php?ch=1970&sid=b503daab0c6f4fc6fa439a2d8244a08c&exp=1785763807&sig=0ea7d32bdf6a6a3b41cf886cadfe8ce40665efa729f7457cf35367cc90906da0
Now直播台,http://tv123.cc.cd/live.php?ch=1973&sid=b503daab0c6f4fc6fa439a2d8244a08c&exp=1785763807&sig=616f96f2161280d5ba474015168551badfd3454fd46b8c185c5f94817df5c2ad
Now Sports 精選,http://tv123.cc.cd/live.php?ch=1976&sid=b503daab0c6f4fc6fa439a2d8244a08c&exp=1785763807&sig=ab72e15af47f96586dc1cc35f2b687cfda2898bbf9538be04b069eddfc2f6ae7
Now Sports 617,http://tv123.cc.cd/live.php?ch=1977&sid=b503daab0c6f4fc6fa439a2d8244a08c&exp=1785763807&sig=5403b4bd1cbeb73566b073220196d639533919782c341e91a132189ca41bc123
Now Sports 618,http://tv123.cc.cd/live.php?ch=1978&sid=b503daab0c6f4fc6fa439a2d8244a08c&exp=1785763807&sig=e24868e981fe7e385884b94f4b6cd1aac5f69b585d1e837908c3a8f132a4a813
電台·雷霆881,http://tv123.cc.cd/live.php?ch=1979&sid=b503daab0c6f4fc6fa439a2d8244a08c&exp=1785763807&sig=66db7beeb2fe3563fdf1fee2d156a630943a21a58ade3b27fed892fe62e39fea
電台·叱咤903,http://tv123.cc.cd/live.php?ch=1980&sid=b503daab0c6f4fc6fa439a2d8244a08c&exp=1785763807&sig=479ae02f87ae20cdcf20f30c6cf1a989663fd0282f9d79d3af11ece767a470dd
電台·AM864,http://tv123.cc.cd/live.php?ch=1981&sid=b503daab0c6f4fc6fa439a2d8244a08c&exp=1785763807&sig=76d97e040e676505ba2fb4c95688e5c0e4a9849ba43e38984ccfda2419204309
HOY 國際財經台,http://tv123.cc.cd/live.php?ch=1982&sid=b503daab0c6f4fc6fa439a2d8244a08c&exp=1785763807&sig=12f0c165ecb6ae784c2eecf9d342fcbd03d0ac22d1257e12fb3adb252e31c5d2
HOY 資訊台,http://tv123.cc.cd/live.php?ch=1984&sid=b503daab0c6f4fc6fa439a2d8244a08c&exp=1785763807&sig=bb431edc4f285b327b451e04e30c1b24ca7496d413cf3226e0c286710393c4d5
澳門葡文,http://tv123.cc.cd/live.php?ch=1991&sid=b503daab0c6f4fc6fa439a2d8244a08c&exp=1785763807&sig=5c09e29adcf2ae44989a9f5870bf46d30195eec8abf82e3682dd2ed58b122869
澳視澳門,http://tv123.cc.cd/live.php?ch=1992&sid=b503daab0c6f4fc6fa439a2d8244a08c&exp=1785763807&sig=cea27425639761b123cc1842cefebe32143ed395f472eed678e51319fb0ffe99
澳門資訊,http://tv123.cc.cd/live.php?ch=1993&sid=b503daab0c6f4fc6fa439a2d8244a08c&exp=1785763807&sig=40c342b2ab5a1bd581e16e55a3d425a5307113d8e5c336b5395c1057da58d8d3
澳門體育,http://tv123.cc.cd/live.php?ch=1994&sid=b503daab0c6f4fc6fa439a2d8244a08c&exp=1785763807&sig=053749daa850c4f83cc54c96c9af360ab6cb9b0e6b9c15947f4f8a3004a4af03
澳門綜藝,http://tv123.cc.cd/live.php?ch=1995&sid=b503daab0c6f4fc6fa439a2d8244a08c&exp=1785763807&sig=3612e968f495273440defe82eb3c57f6e599694cd81ead6686aebb3f7a5b3707
東方衛視,http://tv123.cc.cd/live.php?ch=2015&sid=b503daab0c6f4fc6fa439a2d8244a08c&exp=1785763807&sig=1e9838df149627b8ffb9c42210049d5d5c5fb250148b17c086c20889850e40f4
廣東衛視,http://tv123.cc.cd/live.php?ch=2016&sid=b503daab0c6f4fc6fa439a2d8244a08c&exp=1785763807&sig=372754504dd2e1db7f49aaf764fb7f87de7f401abe427354acb0e23b3578f706
浙江衛視,http://tv123.cc.cd/live.php?ch=2017&sid=b503daab0c6f4fc6fa439a2d8244a08c&exp=1785763807&sig=f8d334dbe5e90436de96cbf0239afc12cbe2a3b7d9f9ad4d81263d812622ef57
江蘇衛視,http://tv123.cc.cd/live.php?ch=2018&sid=b503daab0c6f4fc6fa439a2d8244a08c&exp=1785763807&sig=0cfb618bebcb84af6a4014974a2b5facd9f624c1159dbca55e3404b82a507158
緯來日本,http://tv123.cc.cd/live.php?ch=2021&sid=b503daab0c6f4fc6fa439a2d8244a08c&exp=1785763807&sig=e24014f67a7f85e965bb927f5d2510ff05b3c9815c08b36f4a94c86f848d78fe
緯來綜合,http://tv123.cc.cd/live.php?ch=2024&sid=b503daab0c6f4fc6fa439a2d8244a08c&exp=1785763807&sig=92a90a09b3c48fcb78426c77081adbf01a9033117a4c6dfbc3cf4e0fe0f2e218
緯來育樂,http://tv123.cc.cd/live.php?ch=2026&sid=b503daab0c6f4fc6fa439a2d8244a08c&exp=1785763807&sig=cb2fceb2470ef63c8ea6fed6d8c1a1d9605cdcc4552297d0ab9a823a0c0f2fe5
動物星球,http://tv123.cc.cd/live.php?ch=2037&sid=b503daab0c6f4fc6fa439a2d8244a08c&exp=1785763807&sig=c0399a3427c4930b2bfe06d7887ca35feab7f4b01c29a635f6e6981162cb0ad9
CATCHPLAY 電影,http://tv123.cc.cd/live.php?ch=2038&sid=b503daab0c6f4fc6fa439a2d8244a08c&exp=1785763807&sig=e0ab0c9aa0a79407b9eb3ab8628d8c55a03ea0d3611f16221df091e1e26abcea
好萊塢電影,http://tv123.cc.cd/live.php?ch=2041&sid=b503daab0c6f4fc6fa439a2d8244a08c&exp=1785763807&sig=ae0261fda846dfced6c96242a7962e298402cc07e2928a57e656610b42220549
MTV Live,http://tv123.cc.cd/live.php?ch=2042&sid=b503daab0c6f4fc6fa439a2d8244a08c&exp=1785763807&sig=f51e9bf8ee2a1f3d0ac17a712c99615b85322d0e59f69300d64fe16a8ca50c52
博斯運動 一,http://tv123.cc.cd/live.php?ch=2043&sid=b503daab0c6f4fc6fa439a2d8244a08c&exp=1785763807&sig=00c4bb7becd49bb39e4ea9a921f5a71b333ce506acac077e7d257b0857b0bd32
博斯運動 二,http://tv123.cc.cd/live.php?ch=2044&sid=b503daab0c6f4fc6fa439a2d8244a08c&exp=1785763807&sig=e2521b1e25db90a2ed0b457157362bea4638391921f948e49dd266793359fec4
博斯無限 一,http://tv123.cc.cd/live.php?ch=2045&sid=b503daab0c6f4fc6fa439a2d8244a08c&exp=1785763807&sig=5d86c101243a467796caf9212af7a406460c50a57d9d357755cc755924aee03c
博斯無限 二,http://tv123.cc.cd/live.php?ch=2046&sid=b503daab0c6f4fc6fa439a2d8244a08c&exp=1785763807&sig=9fd61008f9c1682357ba179982933e858e7b766a8d1cf8a56520b4f300040fe2
博斯高球 一,http://tv123.cc.cd/live.php?ch=2047&sid=b503daab0c6f4fc6fa439a2d8244a08c&exp=1785763807&sig=329db93d44fd1cc805467eae4b9519f8a31d308d1e95cf33bae33cd6d90b6847
博斯高球 二,http://tv123.cc.cd/live.php?ch=2048&sid=b503daab0c6f4fc6fa439a2d8244a08c&exp=1785763807&sig=e9cf1d83951ae265cac975bff686bb8fa6e10d6d4e1567a73475edc7da1fd76a
博斯網球,http://tv123.cc.cd/live.php?ch=2049&sid=b503daab0c6f4fc6fa439a2d8244a08c&exp=1785763807&sig=44f664be37807d2eb41120b5ae18b763476846505e669ff15796db2c4ee943ee
博斯魅力,http://tv123.cc.cd/live.php?ch=2050&sid=b503daab0c6f4fc6fa439a2d8244a08c&exp=1785763807&sig=a01c087938f8a918896ab156b05f35624b3b6b12be48a0a4df7c0f15610fe4f6
中天新聞,http://tv123.cc.cd/live.php?ch=2051&sid=b503daab0c6f4fc6fa439a2d8244a08c&exp=1785763807&sig=8f56bb7bb575efcedcc845b4d5c4c425d9fe4db6827c2592e77f09d4685d1008
東森財經,http://tv123.cc.cd/live.php?ch=2055&sid=b503daab0c6f4fc6fa439a2d8244a08c&exp=1785763807&sig=722780b1dd4bada1e7920d9d7728068cf9e9d6503af70bbe0022537b1039c2f0
TVBS 精采,http://tv123.cc.cd/live.php?ch=2059&sid=b503daab0c6f4fc6fa439a2d8244a08c&exp=1785763807&sig=efcf44e1c174747328261a728aca2628d4234172638d60eee11482ec7fe3ffff
靖天國際,http://tv123.cc.cd/live.php?ch=2060&sid=b503daab0c6f4fc6fa439a2d8244a08c&exp=1785763807&sig=e06740c5b5f931fe36f1de478de8dced7bd269a985eff47380c976caf1d5669a
靖天歡樂,http://tv123.cc.cd/live.php?ch=2061&sid=b503daab0c6f4fc6fa439a2d8244a08c&exp=1785763807&sig=4c0c54a90625d610a0fe7cfd397f4e7c32c3e9926fbf619db88e2214f51d5804
靖天戲劇,http://tv123.cc.cd/live.php?ch=2063&sid=b503daab0c6f4fc6fa439a2d8244a08c&exp=1785763807&sig=cba291b7f4f34dfcb153d3608ce1350d90785b24af8d82c32756898664c705df
靖天日本,http://tv123.cc.cd/live.php?ch=2064&sid=b503daab0c6f4fc6fa439a2d8244a08c&exp=1785763807&sig=69403926fab8c9d81a006b29b854ac067ed89144496533d512a791dfd926d64c
靖天綜合,http://tv123.cc.cd/live.php?ch=2065&sid=b503daab0c6f4fc6fa439a2d8244a08c&exp=1785763807&sig=06931105f853f5eba93743d9c311cfbe0891afd58bbe0cb9b04e6913f5624c37
靖天育樂,http://tv123.cc.cd/live.php?ch=2066&sid=b503daab0c6f4fc6fa439a2d8244a08c&exp=1785763807&sig=d66b123c17bbe21e415b0d2c6b68b8cf26b699655164400cf414d9442102c09e
靖天資訊,http://tv123.cc.cd/live.php?ch=2067&sid=b503daab0c6f4fc6fa439a2d8244a08c&exp=1785763807&sig=6e94fcff490791e5a524678e1505fa43432f89e290cab15be12d419fab89b9ca
靖天卡通,http://tv123.cc.cd/live.php?ch=2069&sid=b503daab0c6f4fc6fa439a2d8244a08c&exp=1785763807&sig=ef95395de02743765c29510b0418a23d50cc0568297ab18a7f819463eb83009b
靖洋卡通,http://tv123.cc.cd/live.php?ch=2070&sid=b503daab0c6f4fc6fa439a2d8244a08c&exp=1785763807&sig=581ba391da6ba83aa5349d9488b47ee87396ba618bd6351b8cb02bc3a2743a62
靖洋戲劇,http://tv123.cc.cd/live.php?ch=2071&sid=b503daab0c6f4fc6fa439a2d8244a08c&exp=1785763807&sig=2cb6bf363ec095a2c857b1cce22117dc51295eec64d07bd35b53cd4c67222d94
公視戲劇,http://tv123.cc.cd/live.php?ch=2074&sid=b503daab0c6f4fc6fa439a2d8244a08c&exp=1785763807&sig=2c34838cbfc7ce6e627167ca4c0632f38bb7a27dea74c61dde2b0c4053c4853f
民視綜藝,http://tv123.cc.cd/live.php?ch=2085&sid=b503daab0c6f4fc6fa439a2d8244a08c&exp=1785763807&sig=d2a0e0277531340593741a9fd52d92280dc8d6d168c42bb81076cb105da42e9d
INULTRA,http://tv123.cc.cd/live.php?ch=2088&sid=b503daab0c6f4fc6fa439a2d8244a08c&exp=1785763807&sig=8fdce8bb7929bd667596696f68618a080e08c593610e25e5c7d639e2341b6879
愛爾達生活旅遊,http://tv123.cc.cd/live.php?ch=2089&sid=b503daab0c6f4fc6fa439a2d8244a08c&exp=1785763807&sig=f84c5465acc892d50eba3944e36fbfcec50718d055824694e305442767fb64ae
DW德國之聲,http://tv123.cc.cd/live.php?ch=2092&sid=b503daab0c6f4fc6fa439a2d8244a08c&exp=1785763807&sig=516a68ee916af9d44e7cbac30ebc6ff6ac5215cb87cb28e3afdad86816e5e00e
NHK 新聞資訊,http://tv123.cc.cd/live.php?ch=2094&sid=b503daab0c6f4fc6fa439a2d8244a08c&exp=1785763807&sig=d0acfd9cf6efa40a2b739aac969bb316a42959df30e233cb28514550bd1e446c
CNBC Asia 財經,http://tv123.cc.cd/live.php?ch=2095&sid=b503daab0c6f4fc6fa439a2d8244a08c&exp=1785763807&sig=e0a17d45afdfd29180ab69996841742c250a83435b4415e0d3fd3eb0b107d8c2
SBN 全球財經,http://tv123.cc.cd/live.php?ch=2096&sid=b503daab0c6f4fc6fa439a2d8244a08c&exp=1785763807&sig=d28570115c17633348b9fe90f41ae6278346cb6d8d2a7e0830bf2c07fcb01d40
Bloomberg TV,http://tv123.cc.cd/live.php?ch=2097&sid=b503daab0c6f4fc6fa439a2d8244a08c&exp=1785763807&sig=98ba0eee2528e791bf579635397c305ecf2587871a33da2cc057a4e3af6bf976
亞洲旅遊,http://tv123.cc.cd/live.php?ch=2098&sid=b503daab0c6f4fc6fa439a2d8244a08c&exp=1785763807&sig=419c2a7c1b7f0a0ffb29b1ef8fb2224026dd2cf6d52335043903ea5f0577d7b8
時尚運動X,http://tv123.cc.cd/live.php?ch=2099&sid=b503daab0c6f4fc6fa439a2d8244a08c&exp=1785763807&sig=e824da20b8e3049556c724c8089c912d4d6ae2db2177edb8541c5f6ee3f175de
MCE 我的歐洲電影,http://tv123.cc.cd/live.php?ch=2102&sid=b503daab0c6f4fc6fa439a2d8244a08c&exp=1785763807&sig=015ec7ce76a7665055317ff3c7d646de068604c57c1d4416e58d269a66f080c8
影迷數位電影,http://tv123.cc.cd/live.php?ch=2103&sid=b503daab0c6f4fc6fa439a2d8244a08c&exp=1785763807&sig=ad008ff9347e1539d5557c544c0b5506f311645e57ad37ece5d04460f9414ce3
影迷數位紀實,http://tv123.cc.cd/live.php?ch=2104&sid=b503daab0c6f4fc6fa439a2d8244a08c&exp=1785763807&sig=18ccf785d14012adee67eb896bd0b540212f40b700fb54c27f4186f868321424
經典電影,http://tv123.cc.cd/live.php?ch=2106&sid=b503daab0c6f4fc6fa439a2d8244a08c&exp=1785763807&sig=a2f021f611f8428e075fb0faed17e91df126537bfc35ec73b5dfb12c5c340670
視納華仁紀實頻道,http://tv123.cc.cd/live.php?ch=2108&sid=b503daab0c6f4fc6fa439a2d8244a08c&exp=1785763807&sig=aa07d3f5bf35d1cbb3bc5006d540b5c7f569bc034c712680070453ed3f7c50dc
History 歷史頻道,http://tv123.cc.cd/live.php?ch=2110&sid=b503daab0c6f4fc6fa439a2d8244a08c&exp=1785763807&sig=a992860924266db0db4e5e818487742d550e2ca577708f9afb9d7db6542b60b7
ROCK Xstream,http://tv123.cc.cd/live.php?ch=2113&sid=b503daab0c6f4fc6fa439a2d8244a08c&exp=1785763807&sig=2dffd4eb5ded0dd51a3d3c4126d4b7208b62e7b6f35444b7416e5380cc1e206b
Arirang TV,http://tv123.cc.cd/live.php?ch=2114&sid=b503daab0c6f4fc6fa439a2d8244a08c&exp=1785763807&sig=dfe78997270024f1177a2c03779489ef3146c20d4b649b12342de37059fd913e
韓國娛樂台 KMTV,http://tv123.cc.cd/live.php?ch=2115&sid=b503daab0c6f4fc6fa439a2d8244a08c&exp=1785763807&sig=920c6051253da322e4fd0ad6fccf6f51fac80356db9fdc99102fd0fe4cb9b0f3
fun探索娛樂,http://tv123.cc.cd/live.php?ch=2117&sid=b503daab0c6f4fc6fa439a2d8244a08c&exp=1785763807&sig=62edc2931d992f5d407387ebddc06d09c636fb45c2940672ef004028012ec22b
HITS頻道,http://tv123.cc.cd/live.php?ch=2118&sid=b503daab0c6f4fc6fa439a2d8244a08c&exp=1785763807&sig=54fc39a3cc7709592891fd2de15d19785fc830d23f72afa4719fc4ebc750f6ac
豬哥亮歌廳秀,http://tv123.cc.cd/live.php?ch=2119&sid=b503daab0c6f4fc6fa439a2d8244a08c&exp=1785763807&sig=d87ce1406bb3070f486703f0da56414f8b4f3f6974553ad1a910531f11a718d5
采昌影劇,http://tv123.cc.cd/live.php?ch=2120&sid=b503daab0c6f4fc6fa439a2d8244a08c&exp=1785763807&sig=cf9f878760e48e20cb6fc8ef692de1f65a04416ba03ecfc161e2ac080c4128e7
CLASSICA 古典樂,http://tv123.cc.cd/live.php?ch=2121&sid=b503daab0c6f4fc6fa439a2d8244a08c&exp=1785763807&sig=3f75d1c515f79900d11b2eb564c9ac865ade68fe238fcd5b7be355b849ad7cc6
Mezzo Live,http://tv123.cc.cd/live.php?ch=2122&sid=b503daab0c6f4fc6fa439a2d8244a08c&exp=1785763807&sig=a9eac7dc96dcee27da29a9ac5e0f85bf293a9c2f1a2861a41d0eb6aaad656208
電影原聲 CMusic,http://tv123.cc.cd/live.php?ch=2123&sid=b503daab0c6f4fc6fa439a2d8244a08c&exp=1785763807&sig=0e2d34df59a5abfdbd868a4e96f6a8ea3062597110509adee73f6d2e8af9e735
TRACE Sport Stars,http://tv123.cc.cd/live.php?ch=2125&sid=b503daab0c6f4fc6fa439a2d8244a08c&exp=1785763807&sig=e70be1c861bfd7e238b2968066e0457479903d222ec6190261f7b62ebead2712
GINX Esports TV,http://tv123.cc.cd/live.php?ch=2126&sid=b503daab0c6f4fc6fa439a2d8244a08c&exp=1785763807&sig=216c5eba3d1a371acaa709f1aae9210bd467bbac4c14fc6c203611727b52011d
精選動漫,http://tv123.cc.cd/live.php?ch=2128&sid=b503daab0c6f4fc6fa439a2d8244a08c&exp=1785763807&sig=d1af7495aefa59d1275eb72be75414b98df0c1a0e5a7851a9dcff23ebe159e77
經典卡通,http://tv123.cc.cd/live.php?ch=2129&sid=b503daab0c6f4fc6fa439a2d8244a08c&exp=1785763807&sig=3d847e586396991fb5c036a2c805ba06e4773ecada586cb3e8c8d1eff1acf7ac
MOMO親子,http://tv123.cc.cd/live.php?ch=2130&sid=b503daab0c6f4fc6fa439a2d8244a08c&exp=1785763807&sig=e03d8c1416c72822cee9864dcdda1d271b963ecf6f659e93987f2f79f9fe52dc
Pet Club TV,http://tv123.cc.cd/live.php?ch=2133&sid=b503daab0c6f4fc6fa439a2d8244a08c&exp=1785763807&sig=2b94dc709de2253b6fdc48978a46d19b0233f0673d9cb569572af3bd251205a1
LiveABC互動英語頻道,http://tv123.cc.cd/live.php?ch=2134&sid=b503daab0c6f4fc6fa439a2d8244a08c&exp=1785763807&sig=7b99a5121f74f1e358e9d9d6680ae614eb809959b4ef2ebc4b7cf623e404a6f4
ELTA生活英語,http://tv123.cc.cd/live.php?ch=2135&sid=b503daab0c6f4fc6fa439a2d8244a08c&exp=1785763807&sig=36bc998b5bbefc3568ad5b92481b3063345df7d54686f84ed97400d16ad18506
達文西頻道,http://tv123.cc.cd/live.php?ch=2136&sid=b503daab0c6f4fc6fa439a2d8244a08c&exp=1785763807&sig=42ad889964f662917a3ef8496d6cf915898f708ded414900977214ef83cb02db
滾動力rollor,http://tv123.cc.cd/live.php?ch=2137&sid=b503daab0c6f4fc6fa439a2d8244a08c&exp=1785763807&sig=fc1a4e358806bf9403fee09e3563a856b5171e4249db20f2feee4e48d030300c
Global Trekker,http://tv123.cc.cd/live.php?ch=2138&sid=b503daab0c6f4fc6fa439a2d8244a08c&exp=1785763807&sig=47cd5ac578d76e7e3b8f200cd3270070ac0c083a58851f723b5d1bbf88429355
LUXE TV Channel,http://tv123.cc.cd/live.php?ch=2139&sid=b503daab0c6f4fc6fa439a2d8244a08c&exp=1785763807&sig=9c6789e783c9da354b9f6fbb4de1423d5ed0ae78443d2f063bd9deb29512ed95
TV5MONDE STYLE 生活時尚,http://tv123.cc.cd/live.php?ch=2140&sid=b503daab0c6f4fc6fa439a2d8244a08c&exp=1785763807&sig=7eec00f320f9b6967382ea4abaad0ca8a4c2a153662b8a9e01484e5739bb1a6a
幸福空間居家,http://tv123.cc.cd/live.php?ch=2141&sid=b503daab0c6f4fc6fa439a2d8244a08c&exp=1785763807&sig=eebe33c5b0c2b7bb22a0a9629618036643838fe7acf45f5546753977057fdb8a
車迷 TV,http://tv123.cc.cd/live.php?ch=2142&sid=b503daab0c6f4fc6fa439a2d8244a08c&exp=1785763807&sig=2b61efc73afc6468003581449d0bdb0e6940c5f565beab4d9f713d99cad07554
金光布袋戲,http://tv123.cc.cd/live.php?ch=2143&sid=b503daab0c6f4fc6fa439a2d8244a08c&exp=1785763807&sig=b482587399b8ef0944123808290b71e92c854e697ad21c17c32233e710866472
原住民族電視,http://tv123.cc.cd/live.php?ch=2144&sid=b503daab0c6f4fc6fa439a2d8244a08c&exp=1785763807&sig=3957b576da4578669bf6a2a40dc7b208079296a71113a7af10294ef1f66a1eae
客家電視,http://tv123.cc.cd/live.php?ch=2145&sid=b503daab0c6f4fc6fa439a2d8244a08c&exp=1785763807&sig=3f296b5b4411aa11f2fbaf19bc61bd4ac956b809ad382c6f43a3d87f074cb65c
人間衛視,http://tv123.cc.cd/live.php?ch=2146&sid=b503daab0c6f4fc6fa439a2d8244a08c&exp=1785763807&sig=dfa4c8c48d9f1f851407005a03e9bb98a24743c76d69842fa1668b92f8faeb4a
大愛電視,http://tv123.cc.cd/live.php?ch=2147&sid=b503daab0c6f4fc6fa439a2d8244a08c&exp=1785763807&sig=e848b8b28c93e0b133c77613fd9dc0ec0ec22b83c7bbf2b0a600a2959887e57c
大愛電視 2,http://tv123.cc.cd/live.php?ch=2148&sid=b503daab0c6f4fc6fa439a2d8244a08c&exp=1785763807&sig=46241124da44c375e03a7f179e847dcb07712c0a8d9d879fbb103fb476bd7f6c
好消息 1,http://tv123.cc.cd/live.php?ch=2149&sid=b503daab0c6f4fc6fa439a2d8244a08c&exp=1785763807&sig=41e636d46e31c8f5648cd3d8a3bf2d57111f309a85b7b5b4aaad80607d2c8667
好消息 2,http://tv123.cc.cd/live.php?ch=2150&sid=b503daab0c6f4fc6fa439a2d8244a08c&exp=1785763807&sig=cf21a6bdb9fd98168c3c2270282d17089fbb731b03763ffc846d61cd73e1e532
國會頻道 1,http://tv123.cc.cd/live.php?ch=2151&sid=b503daab0c6f4fc6fa439a2d8244a08c&exp=1785763807&sig=3c4e43f8ff47947ccff3457596cf4181d80059beedbfac390787b7df6e833808
國會頻道 2,http://tv123.cc.cd/live.php?ch=2152&sid=b503daab0c6f4fc6fa439a2d8244a08c&exp=1785763807&sig=faa7f993a43e58078e529e3b2732b3a8f1417af1fee55bbc26da3c1ec9f62779
東森購物 一,http://tv123.cc.cd/live.php?ch=2153&sid=b503daab0c6f4fc6fa439a2d8244a08c&exp=1785763807&sig=c7a9f1a0cd873d96f42bf59f5a6f8e556869f20a86f669d251e1bdc158ebfe7b
東森購物 二,http://tv123.cc.cd/live.php?ch=2154&sid=b503daab0c6f4fc6fa439a2d8244a08c&exp=1785763807&sig=563d2c72185af9a3c1041f8186617e4f904800b20c360f6c0b1c81d0108ddfd8
東森購物 三,http://tv123.cc.cd/live.php?ch=2155&sid=b503daab0c6f4fc6fa439a2d8244a08c&exp=1785763807&sig=8ce6c9ab03f406392b8e209a297519d831ef0ed9f57e4c359f4b78e7ffb2fedb
東森購物 四,http://tv123.cc.cd/live.php?ch=2156&sid=b503daab0c6f4fc6fa439a2d8244a08c&exp=1785763807&sig=2dee47c8fca51b2e91c0ced00f51757c82c502ea820e54f52e8aed51aeb9f951
新唐人亞太,http://tv123.cc.cd/live.php?ch=2157&sid=b503daab0c6f4fc6fa439a2d8244a08c&exp=1785763807&sig=e596052d02e4448170a5f9df22a141f8252bbc05dc4057ce6f411ad7d92dadf3
Getwin Sports運動,http://tv123.cc.cd/live.php?ch=2158&sid=b503daab0c6f4fc6fa439a2d8244a08c&exp=1785763807&sig=5ecd2c5d7314b80321611e304f76502465ae840619327a0b6c2a1b92c3c48da9
ABC Australia 澳洲公廣,http://tv123.cc.cd/live.php?ch=2159&sid=b503daab0c6f4fc6fa439a2d8244a08c&exp=1785763807&sig=3b8c144116dc4f84bd783d55ef663fe24793e424f624ddb0a43e264c400f7de5
龍華偶像,http://tv123.cc.cd/live.php?ch=2160&sid=b503daab0c6f4fc6fa439a2d8244a08c&exp=1785763807&sig=f78aa459349b6598b14671719ba1a22b67f39725bc6dd8bcfc3e75c2ac24ac32
龍華卡通,http://tv123.cc.cd/live.php?ch=2161&sid=b503daab0c6f4fc6fa439a2d8244a08c&exp=1785763807&sig=2000d47575d500964af042a7bee2499fd211c17f62198cc31178560c8f29c8d8
龍華戲劇,http://tv123.cc.cd/live.php?ch=2162&sid=b503daab0c6f4fc6fa439a2d8244a08c&exp=1785763807&sig=51a9c9e32816ae43486cc79a0e74458e3df70aebfe7589c191f19b9de46870c1
龍華洋片,http://tv123.cc.cd/live.php?ch=2164&sid=b503daab0c6f4fc6fa439a2d8244a08c&exp=1785763807&sig=ca95adac94661ea42174ecaa19695cf97fa8d417718541f4bcb0c851861bca26
龍華經典,http://tv123.cc.cd/live.php?ch=2165&sid=b503daab0c6f4fc6fa439a2d8244a08c&exp=1785763807&sig=bf66e0822ec23cd0b2a093aebc97325bf2b6d38ab3d40e7863b467b25a758044
台灣戲劇,http://tv123.cc.cd/live.php?ch=2168&sid=b503daab0c6f4fc6fa439a2d8244a08c&exp=1785763807&sig=cee7d05b8dbaa7435c479e8605a980f66e887cd13cd194838249adf2c47c2135
寰宇財經,http://tv123.cc.cd/live.php?ch=2169&sid=b503daab0c6f4fc6fa439a2d8244a08c&exp=1785763807&sig=33fe3ac96981dab291d8dad3ac0100958403acabf3d311b7ec9c3b21da07d4b9
DayStar,http://tv123.cc.cd/live.php?ch=2170&sid=b503daab0c6f4fc6fa439a2d8244a08c&exp=1785763807&sig=29fb48084f20e2831a1d6cb89ceacbf59e2c9b16b3518f90251656a7683f30be
第1商業,http://tv123.cc.cd/live.php?ch=2171&sid=b503daab0c6f4fc6fa439a2d8244a08c&exp=1785763807&sig=1fc00d26f4a70dfceeb347dabd31afd65ada5f99503af2a67160e577c38d0c3e
Smart知識,http://tv123.cc.cd/live.php?ch=2172&sid=b503daab0c6f4fc6fa439a2d8244a08c&exp=1785763807&sig=e967ae086a9f76aafb41f4ecc3b6855f9266481f10c101d4c0a827c5cbd7f9ee
TNT Sport 1,http://tv123.cc.cd/live.php?ch=2173&sid=b503daab0c6f4fc6fa439a2d8244a08c&exp=1785763807&sig=607d024f36567bc9c4c1fe255532da14718672bcfd4731d471cf9e45a3991055
TNT Sport 2,http://tv123.cc.cd/live.php?ch=2174&sid=b503daab0c6f4fc6fa439a2d8244a08c&exp=1785763807&sig=74decd051d119ef44adf04f849d2fbad688db29f5394f3960df6e78776f702b1
TNT Sport 3,http://tv123.cc.cd/live.php?ch=2175&sid=b503daab0c6f4fc6fa439a2d8244a08c&exp=1785763807&sig=8f3d2d6b5c6905af02bafc608fec7b49652a2c059c02c98e64e42603ec0ef9ef
TNT Sport 4,http://tv123.cc.cd/live.php?ch=2176&sid=b503daab0c6f4fc6fa439a2d8244a08c&exp=1785763807&sig=d05472a3df08059fe9f0f9bcf92454a256d3f34bd9ff60d6dfd03cb696ebfd18
Eurosport 1,http://tv123.cc.cd/live.php?ch=2177&sid=b503daab0c6f4fc6fa439a2d8244a08c&exp=1785763807&sig=bef146e2340a338b5419b14ca0352aaa7fddcae6c36146b2eab96d67b7350475
Eurosport 2,http://tv123.cc.cd/live.php?ch=2178&sid=b503daab0c6f4fc6fa439a2d8244a08c&exp=1785763807&sig=b0b42e3fa1ab81a83b7d3d11e7e4f4e4af030878587d3bd45bdb0beb406d8cd2
beIN Sports 1,http://tv123.cc.cd/live.php?ch=2179&sid=b503daab0c6f4fc6fa439a2d8244a08c&exp=1785763807&sig=9a6047b3f788fbfc7f01cee1a8055004ee59e46dfdbb29a078f51f21fed8aecb
Spotv 1,http://tv123.cc.cd/live.php?ch=2198&sid=b503daab0c6f4fc6fa439a2d8244a08c&exp=1785763807&sig=9b3b240063488f5d9f56bfa628ee9ff348d9e3e1b95556a10be9c9722e4091c7
Spotv 2,http://tv123.cc.cd/live.php?ch=2199&sid=b503daab0c6f4fc6fa439a2d8244a08c&exp=1785763807&sig=2dd1f03af5cb15abacd0af834caacd7fdcadea0cec7adc9008ea7b5465435e03
BBC Earth,http://tv123.cc.cd/live.php?ch=2201&sid=b503daab0c6f4fc6fa439a2d8244a08c&exp=1785763807&sig=05469638c7615d5b6f5f96150063bffb4df0b40f0e11c60007508da16d48bef7
HBO Hits,http://tv123.cc.cd/live.php?ch=2205&sid=b503daab0c6f4fc6fa439a2d8244a08c&exp=1785763807&sig=3b778d198d109bba1c8702938442c67a3fc19e48d11ac008419c63094dd4750e
HBO Family,http://tv123.cc.cd/live.php?ch=2206&sid=b503daab0c6f4fc6fa439a2d8244a08c&exp=1785763807&sig=474b1ce0f2e1d4dff6a98229ebb4374db930b2ed3ab59ece5df5fee5432251fb
HBO Signature,http://tv123.cc.cd/live.php?ch=2207&sid=b503daab0c6f4fc6fa439a2d8244a08c&exp=1785763807&sig=c742dc2283c97ff59107ca634e6154616d332bae73834d764e5e66c538aa39bb
Channel 5,http://tv123.cc.cd/live.php?ch=2208&sid=b503daab0c6f4fc6fa439a2d8244a08c&exp=1785763807&sig=3b74be6ab1c1c43133261a4a725380012e9258a20889ab44f1c5a3c34fe9ce66
Channel 8,http://tv123.cc.cd/live.php?ch=2209&sid=b503daab0c6f4fc6fa439a2d8244a08c&exp=1785763807&sig=4c8abd6f322b2b1d3ab75c4abe5e3c5ce98db80d289dd2fb3a7690f76a4d661e
Channel U,http://tv123.cc.cd/live.php?ch=2210&sid=b503daab0c6f4fc6fa439a2d8244a08c&exp=1785763807&sig=72fda3d29f84f52840e61e62ea0eb43e753aafdf972ac4dd4d1f2760fb7e41a4
澳门体育,http://tv123.cc.cd/live.php?ch=2228&sid=b503daab0c6f4fc6fa439a2d8244a08c&exp=1785763807&sig=bfc146c2808bc2987ba03f796d326fccc9ea6d6e7cbbfde636486290835b2fe3
重温经典,http://tv123.cc.cd/live.php?ch=2231&sid=b503daab0c6f4fc6fa439a2d8244a08c&exp=1785763807&sig=8d57c339d5bbe479124cd3db8f73960481d98baa08cb31f3e8da391c1bbf72e8
CH5,http://tv123.cc.cd/live.php?ch=2244&sid=b503daab0c6f4fc6fa439a2d8244a08c&exp=1785763807&sig=1b074663fa38d8f925677dd2755fbe91736c75010477de6ca70f52b8b34da958
CH8,http://tv123.cc.cd/live.php?ch=2245&sid=b503daab0c6f4fc6fa439a2d8244a08c&exp=1785763807&sig=fa5ac78c4f64003541ed10416f0566d7de3825227f3d674d0819dd7107ae149e
CHU,http://tv123.cc.cd/live.php?ch=2246&sid=b503daab0c6f4fc6fa439a2d8244a08c&exp=1785763807&sig=b46a75b913894eba846c17f6221a76db32d5a5e466001f6b613157a2e3888cad
龙华电影,http://tv123.cc.cd/live.php?ch=2247&sid=b503daab0c6f4fc6fa439a2d8244a08c&exp=1785763807&sig=16ee3801cc785fd0a36c98a075e8192e1d5ff82a495fa231f9b1a9f5e2c8e8ea
龙华经典,http://tv123.cc.cd/live.php?ch=2248&sid=b503daab0c6f4fc6fa439a2d8244a08c&exp=1785763807&sig=598a483a2024fe387e02d5c72bd553da5f5fdcef6173cb918aa5a7b32fff0563
龙华洋片,http://tv123.cc.cd/live.php?ch=2252&sid=b503daab0c6f4fc6fa439a2d8244a08c&exp=1785763807&sig=69308cef4f01c7faea846be02c37bab7201dec2068fb4c86a51a1ffff8945266
Astro QJ,http://tv123.cc.cd/live.php?ch=2270&sid=b503daab0c6f4fc6fa439a2d8244a08c&exp=1785763807&sig=96c86e91bb3a8bbe7f14ccc5da1d069403529fe959cf1c4c488f37ec0bf6304f
重温经典,http://tv123.cc.cd/live.php?ch=2302&sid=b503daab0c6f4fc6fa439a2d8244a08c&exp=1785763807&sig=311c69b396c1a6dfd569b46ab6fcc336338a0b93dfe36086081d75f498f278f6
广州南国都市,http://tv123.cc.cd/live.php?ch=2305&sid=b503daab0c6f4fc6fa439a2d8244a08c&exp=1785763807&sig=61c456051b34bc87194609158ddcd4cab00cfa9cf048ca5fc9696b24732e0d68
公视戏剧,http://tv123.cc.cd/live.php?ch=2308&sid=b503daab0c6f4fc6fa439a2d8244a08c&exp=1785763807&sig=4ef4db6884154beeb9c77c2e7ae851de75c014c326445c4c497f2fbeec8391a9
靖天戏剧台,http://tv123.cc.cd/live.php?ch=2311&sid=b503daab0c6f4fc6fa439a2d8244a08c&exp=1785763807&sig=f5ecc77442ca2a8c72730c55a5e2494a9d1b741662fe303fe84d8c41efa25699
靖洋戏剧台,http://tv123.cc.cd/live.php?ch=2313&sid=b503daab0c6f4fc6fa439a2d8244a08c&exp=1785763807&sig=09d128a3f5f12c8b117c144a46e84811423cee45b92b62bb304ecbb0c43f4605
影迷数位电影台,http://tv123.cc.cd/live.php?ch=2314&sid=b503daab0c6f4fc6fa439a2d8244a08c&exp=1785763807&sig=ebf6613d1496be9094865f74a454c75d302c7476a4936c378a2934a19a37d5ce
My Cinema Europe,http://tv123.cc.cd/live.php?ch=2317&sid=b503daab0c6f4fc6fa439a2d8244a08c&exp=1785763807&sig=04ccf0bffa7655b6f8aaab8b3d87c6bb3d22915e15b0a4a48614e95190f19092
经典电影台,http://tv123.cc.cd/live.php?ch=2318&sid=b503daab0c6f4fc6fa439a2d8244a08c&exp=1785763807&sig=626fa84897bc2eae6e0efd60b405fdcafafe1a43f71397818cf34239c2c806f4
CMusic,http://tv123.cc.cd/live.php?ch=2319&sid=b503daab0c6f4fc6fa439a2d8244a08c&exp=1785763807&sig=9de468170037e428d28136c8e70f7439e50caca7196522217abe5dcdc2cfc0c7
精选动漫台,http://tv123.cc.cd/live.php?ch=2321&sid=b503daab0c6f4fc6fa439a2d8244a08c&exp=1785763807&sig=4cbe63ff1fe50025138ec43f1559c03b3e614ea9ad5cf1e279a9d68946dce232
客家好劇-FastTV飛速看,http://tv123.cc.cd/live.php?ch=2323&sid=b503daab0c6f4fc6fa439a2d8244a08c&exp=1785763807&sig=1a45e620563ba524c0eddcf67e6350f686a995b13d11c402301fec42c952338f
懷舊經典電影-FastTV飛速看,http://tv123.cc.cd/live.php?ch=2324&sid=b503daab0c6f4fc6fa439a2d8244a08c&exp=1785763807&sig=a50cf275e50d6e39169aed8993e0d34c065eec711a01d15235201fd538a92bcb
精選華語電影-FastTV飛速看,http://tv123.cc.cd/live.php?ch=2325&sid=b503daab0c6f4fc6fa439a2d8244a08c&exp=1785763807&sig=38f1624553b1c0ceba83e2dc1d58adba402bd32a953debb2fd7fb4e2e3c55473
國外電影精選-FastTV飛速看,http://tv123.cc.cd/live.php?ch=2326&sid=b503daab0c6f4fc6fa439a2d8244a08c&exp=1785763807&sig=5b5b4a6ddd09695b32571fdae12c42ca689beda932c4e0cb486feaeac7556c99
日韓電影大賞-FastTV飛速看,http://tv123.cc.cd/live.php?ch=2327&sid=b503daab0c6f4fc6fa439a2d8244a08c&exp=1785763807&sig=dbee767ddadf768bd17ed4783febb42714e1f7d17d9fd963bbdc6d3221ac71c4
台灣傳奇-FastTV飛速看,http://tv123.cc.cd/live.php?ch=2328&sid=b503daab0c6f4fc6fa439a2d8244a08c&exp=1785763807&sig=edfee416b09aab562abe156f2a65614be6ec5d02f67d36e38d7d81ab8b681b97
精彩陸劇1台-FastTV飛速看,http://tv123.cc.cd/live.php?ch=2329&sid=b503daab0c6f4fc6fa439a2d8244a08c&exp=1785763807&sig=63cdbf2f800f507d940c0263d3f74a47ffd3b1d11480d21681b4149a3fe47eb4
精彩陸劇2台-FastTV飛速看,http://tv123.cc.cd/live.php?ch=2330&sid=b503daab0c6f4fc6fa439a2d8244a08c&exp=1785763807&sig=b062c88b181fb816d0fcbb447725f9379d88eba1b38d79e0ab6271c80eee6f64
金光布袋戲-FastTV飛速看,http://tv123.cc.cd/live.php?ch=2331&sid=b503daab0c6f4fc6fa439a2d8244a08c&exp=1785763807&sig=afa1f912570e01bbfc60bfc2139b7f77c69894e0eedf06e4b866dbc4143dbbf4
哆啦A夢-FastTV飛速看,http://tv123.cc.cd/live.php?ch=2332&sid=b503daab0c6f4fc6fa439a2d8244a08c&exp=1785763807&sig=04cccdb8e7104f13d36a93771c0cf9e34e9a594a4c704e19985507a4c50f4d3c
經典卡通-FastTV飛速看,http://tv123.cc.cd/live.php?ch=2333&sid=b503daab0c6f4fc6fa439a2d8244a08c&exp=1785763807&sig=90b62bb296aa7b7e09c2a8e8d2a68ea11dc499689959b737c066290f862e00dc
經典迪士尼-FastTV飛速看,http://tv123.cc.cd/live.php?ch=2334&sid=b503daab0c6f4fc6fa439a2d8244a08c&exp=1785763807&sig=cd67a547e0419b39a7053cff9f34bb6b01ca7abbbc36b34ba0434af36e36a852
東離劍遊紀-FastTV飛速看,http://tv123.cc.cd/live.php?ch=2335&sid=b503daab0c6f4fc6fa439a2d8244a08c&exp=1785763807&sig=7c30468097658141c71d3689c6c5eba0f78a93402d62871c28830c43836d0e20
咪咕4K(限移动网络),http://tv123.cc.cd/live.php?ch=2344&sid=b503daab0c6f4fc6fa439a2d8244a08c&exp=1785763807&sig=d16eef087cf26c28494ad9c47dd83747e9f414b2ee3ce3390cb60fca6a6374f8
咪咕4K-2(限移动网络),http://tv123.cc.cd/live.php?ch=2345&sid=b503daab0c6f4fc6fa439a2d8244a08c&exp=1785763807&sig=0453aac6f6a34e8c344690683c9ef8217f19463d7bb1b033717955128feb6a9a
CCTV4欧洲,http://tv123.cc.cd/live.php?ch=2363&sid=b503daab0c6f4fc6fa439a2d8244a08c&exp=1785763807&sig=c32cc5484a0b2d53a2e2696fcb1e9ed42f78e2dc20bd336d5053652d789f30ce
CCTV4美洲,http://tv123.cc.cd/live.php?ch=2364&sid=b503daab0c6f4fc6fa439a2d8244a08c&exp=1785763807&sig=2835a7eb7ceacb036353637cdec3a7ed0729b7fb6fb7ce9f4d29ff694a732135
CGTN外语纪录,http://tv123.cc.cd/live.php?ch=2365&sid=b503daab0c6f4fc6fa439a2d8244a08c&exp=1785763807&sig=88ccf4160be119f39c32003438fbdd54876e9433778643a6dd07b98e462e9f62
CGTN阿拉伯语,http://tv123.cc.cd/live.php?ch=2366&sid=b503daab0c6f4fc6fa439a2d8244a08c&exp=1785763807&sig=1e01e7a659793a9604180564191fe612f05ab14e8f02b48e0330bfa3962247ed
CGTN西班牙语,http://tv123.cc.cd/live.php?ch=2367&sid=b503daab0c6f4fc6fa439a2d8244a08c&exp=1785763807&sig=ab069f62340179f86558a56aa429dd0a709a87b121e4e84ab1037cb3ed4b6c06
CGTN法语,http://tv123.cc.cd/live.php?ch=2368&sid=b503daab0c6f4fc6fa439a2d8244a08c&exp=1785763807&sig=37115854865ed1e69d04eaab6ca39bea4d8e18d3e2b6b8449cc7c0d284391608
CGTN俄语,http://tv123.cc.cd/live.php?ch=2369&sid=b503daab0c6f4fc6fa439a2d8244a08c&exp=1785763807&sig=505010a6718402d7ae021a1a6c6a73c8b6adcf7f0ffe7467a37ba7e12fd688ac
老故事,http://tv123.cc.cd/live.php?ch=2370&sid=b503daab0c6f4fc6fa439a2d8244a08c&exp=1785763807&sig=47ccd272e70a60a9afabf60be03303829ad4ae8fc85f9ea01b308c92d6477924
发现之旅,http://tv123.cc.cd/live.php?ch=2371&sid=b503daab0c6f4fc6fa439a2d8244a08c&exp=1785763807&sig=9439a1dc584d4315db8e75a9666b22761d63798a807132b445014daa8b9c72cf
中学生,http://tv123.cc.cd/live.php?ch=2372&sid=b503daab0c6f4fc6fa439a2d8244a08c&exp=1785763807&sig=b62759e7c1e2896cce0b8e315b4ebb52148d1f055b69616d0f67a2c14e544479
CGTN,http://tv123.cc.cd/live.php?ch=2373&sid=b503daab0c6f4fc6fa439a2d8244a08c&exp=1785763807&sig=8ce0b6b42b72766452cb28ff2ea9560d982a3af84242ddf116eb60a9fef74859
中国农林卫视,http://tv123.cc.cd/live.php?ch=2390&sid=b503daab0c6f4fc6fa439a2d8244a08c&exp=1785763807&sig=d12c1073fa15bacbf29341933ad889a4e26186632648075fb5f370d0cebb4602
上视东方影视,http://tv123.cc.cd/live.php?ch=2396&sid=b503daab0c6f4fc6fa439a2d8244a08c&exp=1785763807&sig=be11c446cc2981aaddc142bb291f6f2b82b4c190f1db6f1e1916614b34121259
南京新闻综合频道,http://tv123.cc.cd/live.php?ch=2398&sid=b503daab0c6f4fc6fa439a2d8244a08c&exp=1785763807&sig=28a31942b7f83d1813a01e3579f57c3c0cc2a58a1184cd6e52288c7813a0a7ca
南京教科频道,http://tv123.cc.cd/live.php?ch=2399&sid=b503daab0c6f4fc6fa439a2d8244a08c&exp=1785763807&sig=71e2db676645bb423d3821c5a9710fe7179eb377f85d7bb959bb358c14ff6f3d
南京十八频道,http://tv123.cc.cd/live.php?ch=2400&sid=b503daab0c6f4fc6fa439a2d8244a08c&exp=1785763807&sig=64a13ff134942f92cbe4bb2fa372519704e73fca24f7f3b2183a78bfd1283493
体育休闲频道,http://tv123.cc.cd/live.php?ch=2401&sid=b503daab0c6f4fc6fa439a2d8244a08c&exp=1785763807&sig=2bcf097f960f46ee1d60112e042b22b5075dce660c45723fca1df20bd41d33f7
江苏城市频道,http://tv123.cc.cd/live.php?ch=2402&sid=b503daab0c6f4fc6fa439a2d8244a08c&exp=1785763807&sig=2ffb6c8a6ba077d30dcdfc58189c0dea8d42340a12b16259541d88ab6e9cecfb
江苏国际,http://tv123.cc.cd/live.php?ch=2403&sid=b503daab0c6f4fc6fa439a2d8244a08c&exp=1785763807&sig=bce7832269e65b7aed70b3080954e26a5890fa66c7ae21b18e18fec5d7d2ee60
江苏影视频道,http://tv123.cc.cd/live.php?ch=2405&sid=b503daab0c6f4fc6fa439a2d8244a08c&exp=1785763807&sig=f4d985c0706cc0e398678f473255055c7acd4e8e40ae068f9607a89c148f11e6
江苏综艺频道,http://tv123.cc.cd/live.php?ch=2406&sid=b503daab0c6f4fc6fa439a2d8244a08c&exp=1785763807&sig=255d184d07ef9d7cba68704e9c04d7e664634c40d89565a4d1ff5443d71ff96e
公共新闻频道,http://tv123.cc.cd/live.php?ch=2407&sid=b503daab0c6f4fc6fa439a2d8244a08c&exp=1785763807&sig=fc757e5888478b8082935ab22bf50c520140fb1083a4ddaec0bd52149bcac40c
盐城新闻综合,http://tv123.cc.cd/live.php?ch=2408&sid=b503daab0c6f4fc6fa439a2d8244a08c&exp=1785763807&sig=f63796152929daeee21ddf210f91d84de0561e3b84673eb00c256fc4d076580a
泰州新闻综合,http://tv123.cc.cd/live.php?ch=2410&sid=b503daab0c6f4fc6fa439a2d8244a08c&exp=1785763807&sig=4e1152b8676a96c76236a2009deaa41e6a74f5d5cc2d7c2c1af0d9e09d4e0a71
宿迁新闻综合,http://tv123.cc.cd/live.php?ch=2412&sid=b503daab0c6f4fc6fa439a2d8244a08c&exp=1785763807&sig=3d13667537b3c79cbba69d594276558cc16060d34668ed534a7945d7a1f7e22e
徐州新闻综合,http://tv123.cc.cd/live.php?ch=2413&sid=b503daab0c6f4fc6fa439a2d8244a08c&exp=1785763807&sig=e1be8b8afb75ea3235a33080115e840faf0d1db8535f512133c58bf0b26200ca
江阴新闻综合,http://tv123.cc.cd/live.php?ch=2415&sid=b503daab0c6f4fc6fa439a2d8244a08c&exp=1785763807&sig=95c2f15a1fb865aa817d5bbde1f19f20b0fb98884117fbe5bab6a03f56ccf6ac
宜兴新闻综合,http://tv123.cc.cd/live.php?ch=2417&sid=b503daab0c6f4fc6fa439a2d8244a08c&exp=1785763807&sig=08f62711186220c6da3eddd20acd0a2f9292c30eadca76d9f65f1b53fefc222c
陕西银龄频道,http://tv123.cc.cd/live.php?ch=2419&sid=b503daab0c6f4fc6fa439a2d8244a08c&exp=1785763807&sig=e4ff27f0d9c0ac0f75d3cf294c2ec2347baa7c5d6c84f1c9f7594280ca5cf6cb
陕西都市青春频道,http://tv123.cc.cd/live.php?ch=2420&sid=b503daab0c6f4fc6fa439a2d8244a08c&exp=1785763807&sig=42574763020120f96ff3dc53e435c87bf6d967d8bc429818511ff4a382bb46c4
陕西秦腔频道,http://tv123.cc.cd/live.php?ch=2421&sid=b503daab0c6f4fc6fa439a2d8244a08c&exp=1785763807&sig=b1de9a02caf6c817a7b5acdb8244734a1079726e6ba60050c90124bb7d54470e
陕西新闻资讯频道,http://tv123.cc.cd/live.php?ch=2422&sid=b503daab0c6f4fc6fa439a2d8244a08c&exp=1785763807&sig=289cbb76ade3e773f5e4aa0d170de87e38c7cb13d13eb8b7e9e67a43bfdf6075
财富天下,http://tv123.cc.cd/live.php?ch=2423&sid=b503daab0c6f4fc6fa439a2d8244a08c&exp=1785763807&sig=80425785892bac8b85df793585c69b748a6fcdd2b02e2295d748674afcda9889
海南广播电视总台新闻频道,http://tv123.cc.cd/live.php?ch=2425&sid=b503daab0c6f4fc6fa439a2d8244a08c&exp=1785763807&sig=592aa511b2e7fcb9c34429063bbfb2f7c99a71405dc8ead9b5d650d85d6474b7
海南广播电视总台自贸频道,http://tv123.cc.cd/live.php?ch=2426&sid=b503daab0c6f4fc6fa439a2d8244a08c&exp=1785763807&sig=1806b2b4cf5ccd53f16c1a40da8c857abc332e1ac25f379954b08bf9929cc510
海南广播电视总台社会与法频道,http://tv123.cc.cd/live.php?ch=2427&sid=b503daab0c6f4fc6fa439a2d8244a08c&exp=1785763807&sig=ea1c5167fb5f6fa819e894c35669cbe5f3e3ae6cf9666ddbe4cb6d602196ccf6
海南广播电视总台文旅频道,http://tv123.cc.cd/live.php?ch=2428&sid=b503daab0c6f4fc6fa439a2d8244a08c&exp=1785763807&sig=6cf4643fce24644534b3d52a362beaf8dd1ee64a4ec7c7b41af02711041156d0
海南广播电视总台少儿频道,http://tv123.cc.cd/live.php?ch=2429&sid=b503daab0c6f4fc6fa439a2d8244a08c&exp=1785763807&sig=ba0e99dd3bb2be27a4ad24779948f36ed3be9aa1addd594fa29a47152452ae4e
赛事最经典,http://tv123.cc.cd/live.php?ch=2430&sid=b503daab0c6f4fc6fa439a2d8244a08c&exp=1785763807&sig=1800adc507ba11231717b8ffd750e6b064a5e06da47a7a1736bac9969598ba68
体坛名栏汇,http://tv123.cc.cd/live.php?ch=2431&sid=b503daab0c6f4fc6fa439a2d8244a08c&exp=1785763807&sig=9ddbb203f0fec9b2f37793d6ab25a6bb2880d58aad76d6ae9aec17e7044131bf
四海钓鱼,http://tv123.cc.cd/live.php?ch=2432&sid=b503daab0c6f4fc6fa439a2d8244a08c&exp=1785763807&sig=b65f6342e56f58ebd613f6908036f979b0878a3dd0f9cac97f242362327101d1
陕西体育休闲频道,http://tv123.cc.cd/live.php?ch=2433&sid=b503daab0c6f4fc6fa439a2d8244a08c&exp=1785763807&sig=144a32ed4d43a9157d0aa3a4d28b2a9f25f47dcaa988fb071e2a1b2dbf669f27
24小时城市联赛轮播台,http://tv123.cc.cd/live.php?ch=2434&sid=b503daab0c6f4fc6fa439a2d8244a08c&exp=1785763807&sig=2706f128dcf61ace25fef6bc08a34a0cebc4b685fcc8145ed3219e472ff4aa9e
武术世界,http://tv123.cc.cd/live.php?ch=2435&sid=b503daab0c6f4fc6fa439a2d8244a08c&exp=1785763807&sig=a937d934dc7f4521c1b4684a3b584695024122c7be93caa889b6ef277fa2c51f
快乐垂钓,http://tv123.cc.cd/live.php?ch=2436&sid=b503daab0c6f4fc6fa439a2d8244a08c&exp=1785763807&sig=390e0826beae524e45c7bee49f46aa6f934ccfb84e563c4eaaae91f9552df49a
经典香港电影,http://tv123.cc.cd/live.php?ch=2437&sid=b503daab0c6f4fc6fa439a2d8244a08c&exp=1785763807&sig=3ccaa9848e80a1b42b8a24d8c3db3abd7c189604cc500b3e42d9b8828b8548d4
抗战经典影片,http://tv123.cc.cd/live.php?ch=2438&sid=b503daab0c6f4fc6fa439a2d8244a08c&exp=1785763807&sig=4cbdf9860d2c23a7c417484dae4ca4c273061646b2c5d86e137ec229e6eb4936
新片放映厅,http://tv123.cc.cd/live.php?ch=2439&sid=b503daab0c6f4fc6fa439a2d8244a08c&exp=1785763807&sig=ea5f2142d2291946fe2c9ccaf7977e34dd99317d695a9d21e6c435942ed07aec
和美乡途轮播台,http://tv123.cc.cd/live.php?ch=2443&sid=b503daab0c6f4fc6fa439a2d8244a08c&exp=1785763807&sig=4adb6f4023856e12704a4a4a151f165a01148036984638eda79bf9aeddf65468
南方影视,http://tv123.cc.cd/live.php?ch=2444&sid=b503daab0c6f4fc6fa439a2d8244a08c&exp=1785763807&sig=3b451bb86f488fe4d0d8846334cd0bae7832eb561da9ecc4f3ab3088508e4713
中国航天“逆袭”之路,http://tv123.cc.cd/live.php?ch=2445&sid=b503daab0c6f4fc6fa439a2d8244a08c&exp=1785763807&sig=90cd16d42ea389e732cdd52c470b810a8b061463270df37bfe35574921ea3127
中国天气,http://tv123.cc.cd/live.php?ch=2446&sid=b503daab0c6f4fc6fa439a2d8244a08c&exp=1785763807&sig=7c9656d67afc0fd128864188a11ccb7f755825b8888bf8e6198c99f50bfe279f
熊猫频道01高清,http://tv123.cc.cd/live.php?ch=2451&sid=b503daab0c6f4fc6fa439a2d8244a08c&exp=1785763807&sig=f3955d06c7082c1cbb7328fbf5713dc6324b7a156d6cdd4e842bf7fd5b03832e
熊猫频道1,http://tv123.cc.cd/live.php?ch=2452&sid=b503daab0c6f4fc6fa439a2d8244a08c&exp=1785763807&sig=e227e2163f91e094738901f828f4e5021c03470ead47c4a1e6577652fe44d1b1
熊猫频道2,http://tv123.cc.cd/live.php?ch=2453&sid=b503daab0c6f4fc6fa439a2d8244a08c&exp=1785763807&sig=00d7f0f49ddc123bb6027c63149720f59365187d7c2de59ea56eea6051fa24af
熊猫频道3,http://tv123.cc.cd/live.php?ch=2454&sid=b503daab0c6f4fc6fa439a2d8244a08c&exp=1785763807&sig=fdb2a291b762d9a3f9bab9a85028805cb8e482d87951856d52730b18bec5bd53
熊猫频道4,http://tv123.cc.cd/live.php?ch=2455&sid=b503daab0c6f4fc6fa439a2d8244a08c&exp=1785763807&sig=a92795027417ba8996260936e56aee356286f46293154734e4514296e698f6a7
熊猫频道5,http://tv123.cc.cd/live.php?ch=2456&sid=b503daab0c6f4fc6fa439a2d8244a08c&exp=1785763807&sig=623b1f09e152b0bac1b5ea968d69de65c2ac1859f6bb1418a250c3302155459e
熊猫频道6,http://tv123.cc.cd/live.php?ch=2457&sid=b503daab0c6f4fc6fa439a2d8244a08c&exp=1785763807&sig=b7bc751ba4d63346e1ee31e138ba3ae04df0c69d07e3ce48c38f651eca1ba4aa
熊猫频道7,http://tv123.cc.cd/live.php?ch=2458&sid=b503daab0c6f4fc6fa439a2d8244a08c&exp=1785763807&sig=e4999e873a6e12c3b5d31f7a02417b9ebe754b57ee75b891fb9bd95914404b67
熊猫频道8,http://tv123.cc.cd/live.php?ch=2459&sid=b503daab0c6f4fc6fa439a2d8244a08c&exp=1785763807&sig=b1d2bd5fa057cd4535dee388f8fd450e1094aee8a8819f67e5e18e49334bd67a
熊猫频道9,http://tv123.cc.cd/live.php?ch=2460&sid=b503daab0c6f4fc6fa439a2d8244a08c&exp=1785763807&sig=95975cc11fec6aaee14dde10312b55232d350b0ff586826e7dfe4f55354422a2
熊猫频道10,http://tv123.cc.cd/live.php?ch=2461&sid=b503daab0c6f4fc6fa439a2d8244a08c&exp=1785763807&sig=53dfe259e909d20c8d41b4691bffc0dc310396f8086f361a64150baa6b57fbbc
最强综艺趴,http://tv123.cc.cd/live.php?ch=2462&sid=b503daab0c6f4fc6fa439a2d8244a08c&exp=1785763807&sig=cb8aa20fdf63d9ca4b63233e4c591409576175f54f0be6c709d8f8b6d1e74ca4
经典动画大集合,http://tv123.cc.cd/live.php?ch=2464&sid=b503daab0c6f4fc6fa439a2d8244a08c&exp=1785763807&sig=20e2ddf4043b63e0f2e41056d732db47a4e3fb59443a80e11b04b2b611b6db2f
新动力量创一流,http://tv123.cc.cd/live.php?ch=2466&sid=b503daab0c6f4fc6fa439a2d8244a08c&exp=1785763807&sig=a8f936527242fcfef7c8654733cc2c02d51517a2367e4cd3eaa3999de8e7e466
中华特产,http://tv123.cc.cd/live.php?ch=2467&sid=b503daab0c6f4fc6fa439a2d8244a08c&exp=1785763807&sig=eae67c99ecb5501c267f5fb929822677b2f75c624d88ea73b5377384f66c6272
环球旅游,http://tv123.cc.cd/live.php?ch=2468&sid=b503daab0c6f4fc6fa439a2d8244a08c&exp=1785763807&sig=6647c263cb50e6af0450867761be298b2801eb72c515a4c31c0da86c9f6a07f7
梨园频道,http://tv123.cc.cd/live.php?ch=2469&sid=b503daab0c6f4fc6fa439a2d8244a08c&exp=1785763807&sig=ef2fac9499fa3ec9972f1a6586bbe753f472b294844129271b0003599112ef9a
大愛電視,http://tv123.cc.cd/live.php?ch=2473&sid=b503daab0c6f4fc6fa439a2d8244a08c&exp=1785763807&sig=ed4e103023af14753f0528fe676bfbbcf09e56f2dec7f6b3e09b0d0668056284
客家電視台,http://tv123.cc.cd/live.php?ch=2477&sid=b503daab0c6f4fc6fa439a2d8244a08c&exp=1785763807&sig=725a6ef07ba81b447662b386498ff6b02c44cb900e384178636d75013b74f4a0
靖天綜合台,http://tv123.cc.cd/live.php?ch=2480&sid=b503daab0c6f4fc6fa439a2d8244a08c&exp=1785763807&sig=b451b9716fe85f3eee665ed2f53207acf240818f31bd4cc4b2950ffa157ef1ea
靖天日本台,http://tv123.cc.cd/live.php?ch=2481&sid=b503daab0c6f4fc6fa439a2d8244a08c&exp=1785763807&sig=c3e808b927e81923dd6e0cf0cae06ad749f770c36e9ec2d1785734f551785337
原住民族電視台,http://tv123.cc.cd/live.php?ch=2482&sid=b503daab0c6f4fc6fa439a2d8244a08c&exp=1785763807&sig=46cc4a48647b94bca0420656217466653247437d7328f9c237ad140ae61dc6fa
LiveABC互動英語頻道,http://tv123.cc.cd/live.php?ch=2483&sid=b503daab0c6f4fc6fa439a2d8244a08c&exp=1785763807&sig=9e181e0de3a654a06b2533c8080edec1f510f6b2d31759917dd57e486e2a5f91
達文西頻道,http://tv123.cc.cd/live.php?ch=2484&sid=b503daab0c6f4fc6fa439a2d8244a08c&exp=1785763807&sig=0ed9806752e66cd27b47aa152386c41628329428866d467ae5fcbd0063381f3b
靖天卡通台,http://tv123.cc.cd/live.php?ch=2488&sid=b503daab0c6f4fc6fa439a2d8244a08c&exp=1785763807&sig=9c990f47aa31170c098ecfa5f62b20f8228c8571046724998de357bc1172ea2a
靖洋卡通Nice Bingo,http://tv123.cc.cd/live.php?ch=2489&sid=b503daab0c6f4fc6fa439a2d8244a08c&exp=1785763807&sig=6125532da61e44cdd7670ebe533ee643a3d060c13af4bbfd70c152cadda1d300
中天新聞台,http://tv123.cc.cd/live.php?ch=2499&sid=b503daab0c6f4fc6fa439a2d8244a08c&exp=1785763807&sig=5157d33edb76e8c72c75bd6ca3a5365d77c09a4dabeb9ddd1f46e59808c86f7f
豬哥亮歌廳秀,http://tv123.cc.cd/live.php?ch=2504&sid=b503daab0c6f4fc6fa439a2d8244a08c&exp=1785763807&sig=7baeda28f20242a92ebe42209f3dd784b9fefa56141c2def46d76384fe8afff4
靖天育樂台,http://tv123.cc.cd/live.php?ch=2505&sid=b503daab0c6f4fc6fa439a2d8244a08c&exp=1785763807&sig=39d68206ee26e153cd4d65a0c2ff5aa3c23f8f79208a79075cfecaa7e3d9b98b
Nice TV 靖天歡樂台,http://tv123.cc.cd/live.php?ch=2507&sid=b503daab0c6f4fc6fa439a2d8244a08c&exp=1785763807&sig=1f41ae1699cc90cbda7ee48e13fd16c98295aeff22c8658bc1448eb6ae5affe4
靖天資訊台,http://tv123.cc.cd/live.php?ch=2508&sid=b503daab0c6f4fc6fa439a2d8244a08c&exp=1785763807&sig=a4260807a37883adb11a3e553dc1ce82d6ace5280921c0a2fe487b4e18c546e0
公視戲劇,http://tv123.cc.cd/live.php?ch=2510&sid=b503daab0c6f4fc6fa439a2d8244a08c&exp=1785763807&sig=48689af3b75845406334942f9d2cbf445b27296467a6104122cc9706cd61d461
靖天戲劇台,http://tv123.cc.cd/live.php?ch=2512&sid=b503daab0c6f4fc6fa439a2d8244a08c&exp=1785763807&sig=eff67db2c2a3db7a22062060e4434ffeeb7d5ea2bc366e57eb3bfbe96bc9d5e2
靖洋戲劇台,http://tv123.cc.cd/live.php?ch=2513&sid=b503daab0c6f4fc6fa439a2d8244a08c&exp=1785763807&sig=5c1eb95fbceb8ea0c558f3713753c3c555a012cac0f0e3ad955459b392aaec37
金光布袋戲,http://tv123.cc.cd/live.php?ch=2514&sid=b503daab0c6f4fc6fa439a2d8244a08c&exp=1785763807&sig=43f46163c31c9694219a6a010a9dc21d8d791f196bf46a03bddd1ef0ea8046ef
采昌影劇台,http://tv123.cc.cd/live.php?ch=2516&sid=b503daab0c6f4fc6fa439a2d8244a08c&exp=1785763807&sig=d6ac1a1160ea5ae7774b2fa192032c336cffd63e9a97eb1ebab73f331c90783d
大愛二台,http://tv123.cc.cd/live.php?ch=2522&sid=b503daab0c6f4fc6fa439a2d8244a08c&exp=1785763807&sig=02a9c80cb6d884de527b9182f5605feec10523643339352bca2142c57c7f8863
人間衛視,http://tv123.cc.cd/live.php?ch=2523&sid=b503daab0c6f4fc6fa439a2d8244a08c&exp=1785763807&sig=4892d2189163288f3a393fa00808f9a6bf422ef1fc35f8038989fcb38e8d59a1
經典電影台,http://tv123.cc.cd/live.php?ch=2526&sid=b503daab0c6f4fc6fa439a2d8244a08c&exp=1785763807&sig=ec5a29ff82a0bd21370490410a7d6d6aacfa678f62587a24a3b41720ae499e2b
經典卡通台,http://tv123.cc.cd/live.php?ch=2527&sid=b503daab0c6f4fc6fa439a2d8244a08c&exp=1785763807&sig=646533e12a9c42afc90d01daa2c988b2b139745c6eb5027b0cb6f0b6d6460dc8
精選動漫台,http://tv123.cc.cd/live.php?ch=2528&sid=b503daab0c6f4fc6fa439a2d8244a08c&exp=1785763807&sig=f37cf75e6b6f0df10eb62f56c01e8753a8660957cede607111123cc2d7a727a4
客家好劇-FastTV飛速看,http://tv123.cc.cd/live.php?ch=2529&sid=b503daab0c6f4fc6fa439a2d8244a08c&exp=1785763807&sig=61eb4a24de465a476752c64a3775a49f2640e8e34957133d90ebe07b26c3f783
懷舊經典電影-FastTV飛速看,http://tv123.cc.cd/live.php?ch=2530&sid=b503daab0c6f4fc6fa439a2d8244a08c&exp=1785763807&sig=97e130f89c6a7e2307ebd3108c6b9e150c555a53f3e897d360eb4dc6db0c630b
精選華語電影-FastTV飛速看,http://tv123.cc.cd/live.php?ch=2531&sid=b503daab0c6f4fc6fa439a2d8244a08c&exp=1785763807&sig=7509ae09497d682f5f036f3fa1856aa5f2283f2cc7bed0a6f33c90b01c2ae30b
國外電影精選-FastTV飛速看,http://tv123.cc.cd/live.php?ch=2532&sid=b503daab0c6f4fc6fa439a2d8244a08c&exp=1785763807&sig=4eb84f414a1c80a6212a72b22f16550c6b2378ac52402b62bb9b173ddd120b86
日韓電影大賞-FastTV飛速看,http://tv123.cc.cd/live.php?ch=2533&sid=b503daab0c6f4fc6fa439a2d8244a08c&exp=1785763807&sig=9042ed94740538ef7d566e9d1a7147feaa4860ecac9efe11e57b328ede68ba81
台灣傳奇-FastTV飛速看,http://tv123.cc.cd/live.php?ch=2534&sid=b503daab0c6f4fc6fa439a2d8244a08c&exp=1785763807&sig=6f43bdd26e67ee40841a71918dab5458bf69bd76a185ecec1d326488ceff4d0a
精彩陸劇1台-FastTV飛速看,http://tv123.cc.cd/live.php?ch=2535&sid=b503daab0c6f4fc6fa439a2d8244a08c&exp=1785763807&sig=9c7c083400290ec39c39097481e29c9f9f4574bd0c7e53d4d842cba772c7d64c
精彩陸劇2台-FastTV飛速看,http://tv123.cc.cd/live.php?ch=2536&sid=b503daab0c6f4fc6fa439a2d8244a08c&exp=1785763807&sig=32eb26a6d535ac518e38a841c1378831ec1a8fc0f4f70b3767ab957bef41f0ad
金光布袋戲-FastTV飛速看,http://tv123.cc.cd/live.php?ch=2537&sid=b503daab0c6f4fc6fa439a2d8244a08c&exp=1785763807&sig=2cb809d38bca02bec532f0c10fabdc3a4b4767f5f362ab0834306165c6071102
哆啦A夢-FastTV飛速看,http://tv123.cc.cd/live.php?ch=2538&sid=b503daab0c6f4fc6fa439a2d8244a08c&exp=1785763807&sig=b575b7af48ca412549614a83f328c310aca815961a5e8b1d8c9cc4933fb0c112
經典卡通-FastTV飛速看,http://tv123.cc.cd/live.php?ch=2539&sid=b503daab0c6f4fc6fa439a2d8244a08c&exp=1785763807&sig=f8e550fcf5f8a1acacd9e867c2a563d7ba1b03df936a9b219ca25f07bb0921f0
經典迪士尼-FastTV飛速看,http://tv123.cc.cd/live.php?ch=2540&sid=b503daab0c6f4fc6fa439a2d8244a08c&exp=1785763807&sig=a057093d0c994d38fcce55593e3af9d8c2e3213b2a67f5382846e547f61c3091
東離劍遊紀-FastTV飛速看,http://tv123.cc.cd/live.php?ch=2541&sid=b503daab0c6f4fc6fa439a2d8244a08c&exp=1785763807&sig=c46b43bde5c0228bc4385ef11f30513b13b4e3bbd5c2c455fd59e2553b59da76
大愛電視,#EXTGRP:綜合
客家電視台,#EXTGRP:綜合
靖天綜合台,#EXTGRP:綜合
靖天日本台,#EXTGRP:音樂綜藝
原住民族電視台,#EXTGRP:綜合
LiveABC互動英語頻道,#EXTGRP:兒童與青少年
達文西頻道,#EXTGRP:兒童與青少年
靖天卡通台,#EXTGRP:兒童與青少年
靖洋卡通Nice Bingo,#EXTGRP:兒童與青少年
